source_key,award_slug,season,club,player,player_id,link_status,candidate_count,votes,note,source_citation
bf-adelaide:1991:1017,bf-adelaide,1991,Adelaide,Mark Mickan,1308,resolved,1,,Recruited from Renmark / West Adelaide,draftguru
bf-adelaide:1992:1018,bf-adelaide,1992,Adelaide,Chris McDermott,17,resolved,1,,Recruited from Brighton HS (SA) / Glenelg,draftguru
bf-adelaide:1993:1019,bf-adelaide,1993,Adelaide,Tony McGuinness,18,resolved,1,,Recruited from Brighton HS (SA) / Glenelg,draftguru
bf-adelaide:1994:1020,bf-adelaide,1994,Adelaide,Shaun Rehn,16,resolved,1,,Recruited from Arno Bay / Immanuel College / West Adelaide,draftguru
bf-adelaide:1995:1021,bf-adelaide,1995,Adelaide,Matthew Connell,19,resolved,1,,Recruited from Subiaco,draftguru
bf-adelaide:1996:1022,bf-adelaide,1996,Adelaide,Matthew Liptak,29,resolved,1,,Recruited from Sacred Heart College / Glenelg,draftguru
bf-adelaide:1997:1023,bf-adelaide,1997,Adelaide,Andrew McLeod,30,resolved,1,,Recruited from Darwin FC / Port Adelaide (SANFL),draftguru
bf-adelaide:1998:1024,bf-adelaide,1998,Adelaide,Mark Ricciuto,4,resolved,1,,Recruited from Waikerie / West Adelaide,draftguru
bf-adelaide:1999:1025,bf-adelaide,1999,Adelaide,Ben Hart,22,resolved,1,,Recruited from Rostrevor College / North Adelaide,draftguru
bf-adelaide:2000:1026,bf-adelaide,2000,Adelaide,Simon Goodwin,51,resolved,1,,Recruited from Unley HS / South Adelaide,draftguru
bf-adelaide:2001:1027,bf-adelaide,2001,Adelaide,Andrew McLeod,30,resolved,1,,Recruited from Darwin FC / Port Adelaide (SANFL),draftguru
bf-adelaide:2002:1028,bf-adelaide,2002,Adelaide,Ben Hart,22,resolved,1,,Recruited from Rostrevor College / North Adelaide,draftguru
bf-adelaide:2003:1029,bf-adelaide,2003,Adelaide,Mark Ricciuto,4,resolved,1,,Recruited from Waikerie / West Adelaide,draftguru
bf-adelaide:2003:1030,bf-adelaide,2003,Adelaide,Tyson Edwards,34,resolved,1,,Recruited from West Adelaide,draftguru
bf-adelaide:2004:1031,bf-adelaide,2004,Adelaide,Mark Ricciuto,4,resolved,1,,Recruited from Waikerie / West Adelaide,draftguru
bf-adelaide:2005:1032,bf-adelaide,2005,Adelaide,Simon Goodwin,51,resolved,1,,Recruited from Unley HS / South Adelaide,draftguru
bf-adelaide:2006:1033,bf-adelaide,2006,Adelaide,Simon Goodwin,51,resolved,1,,Recruited from Unley HS / South Adelaide,draftguru
bf-adelaide:2007:1034,bf-adelaide,2007,Adelaide,Andrew McLeod,30,resolved,1,,Recruited from Darwin FC / Port Adelaide (SANFL),draftguru
bf-adelaide:2008:1035,bf-adelaide,2008,Adelaide,Nathan Bock,3968,resolved,1,,Recruited from Woodville-West Torrens,draftguru
bf-adelaide:2009:1036,bf-adelaide,2009,Adelaide,Bernie Vince,4151,resolved,1,,Recruited from CMS Crows / Prince Alfred College / Border Districts / Woodville-West Torrens,draftguru
bf-adelaide:2010:1037,bf-adelaide,2010,Adelaide,Richard Douglas,2381,resolved,1,,Recruited from Broadford / Assumption College / Calder U18,draftguru
bf-adelaide:2011:1038,bf-adelaide,2011,Adelaide,Scott Thompson,755,resolved,2,,Recruited from North Haven / St Michael's College (SA) / Port Adelaide (SANFL),draftguru
bf-adelaide:2012:1039,bf-adelaide,2012,Adelaide,Scott Thompson,755,resolved,2,,Recruited from North Haven / St Michael's College (SA) / Port Adelaide (SANFL),draftguru
bf-adelaide:2013:1040,bf-adelaide,2013,Adelaide,Rory Sloane,11792,resolved,1,,Recruited from Upwey-Tecoma / Eastern U18,draftguru
bf-adelaide:2014:1041,bf-adelaide,2014,Adelaide,Daniel Talia,11989,resolved,1,,Recruited from Greenvale / Assumption College / Calder U18,draftguru
bf-adelaide:2015:1042,bf-adelaide,2015,Adelaide,Patrick Dangerfield,11700,resolved,1,,Recruited from Anglesea / Geelong U18,draftguru
bf-adelaide:2016:1043,bf-adelaide,2016,Adelaide,Rory Sloane,11792,resolved,1,,Recruited from Upwey-Tecoma / Eastern U18,draftguru
bf-adelaide:2017:1044,bf-adelaide,2017,Adelaide,Matt Crouch,12258,resolved,1,,Recruited from Beaufort / St Patrick's College / North Ballarat U18 / North Ballarat,draftguru
bf-adelaide:2018:1045,bf-adelaide,2018,Adelaide,Rory Laird,12165,resolved,1,,Recruited from Kenilworth / Scotch College (SA) / West Adelaide,draftguru
bf-adelaide:2019:1046,bf-adelaide,2019,Adelaide,Brad Crouch,12156,resolved,1,,Recruited from Beaufort / St Patrick's College / North Ballarat U18,draftguru
bf-adelaide:2020:1047,bf-adelaide,2020,Adelaide,Reilly O'Brien,12473,resolved,0,,Recruited from Moonee Valley / Calder U18 / Coburg,draftguru
bf-adelaide:2021:1048,bf-adelaide,2021,Adelaide,Rory Laird,12165,resolved,1,,Recruited from Kenilworth / Scotch College (SA) / West Adelaide,draftguru
bf-adelaide:2022:1049,bf-adelaide,2022,Adelaide,Rory Laird,12165,resolved,1,,Recruited from Kenilworth / Scotch College (SA) / West Adelaide,draftguru
bf-adelaide:2023:1050,bf-adelaide,2023,Adelaide,Jordan Dawson,12516,resolved,1,,Recruited from Robe / Scotch College (SA) / Sturt,draftguru
bf-adelaide:2024:1051,bf-adelaide,2024,Adelaide,Ben Keays,12434,resolved,1,,Recruited from St Joseph's College (Terrace) / Morningside / Queensland U18 / Redland / Brisbane (NEAFL),draftguru
bf-adelaide:2024:1052,bf-adelaide,2024,Adelaide,Jordan Dawson,12516,resolved,1,,Recruited from Robe / Scotch College (SA) / Sturt,draftguru
bf-adelaide:2025:1053,bf-adelaide,2025,Adelaide,Jordan Dawson,12516,resolved,1,,Recruited from Robe / Scotch College (SA) / Sturt,draftguru
bf-brisbane:1987:1054,bf-brisbane,1987,Brisbane,Phil Walsh,2251,unique,1,,Recruited from Monivae College / Hamilton FC,draftguru
bf-brisbane:1988:1055,bf-brisbane,1988,Brisbane,Mark Withers,1342,unique,1,,,draftguru
bf-brisbane:1989:1056,bf-brisbane,1989,Brisbane,John Gastev,1180,resolved,1,,,draftguru
bf-brisbane:1990:1057,bf-brisbane,1990,Brisbane,David Bain,1172,resolved,1,,Recruited from East Perth,draftguru
bf-brisbane:1990:1058,bf-brisbane,1990,Brisbane,Martin Leslie,124,resolved,1,,Recruited from Ethelton / Port Adelaide (SANFL),draftguru
bf-brisbane:1991:1059,bf-brisbane,1991,Brisbane,Michael McLean,99,resolved,1,,Recruited from Nightcliff,draftguru
bf-brisbane:1992:1060,bf-brisbane,1992,Brisbane,John Gastev,1180,resolved,1,,,draftguru
bf-brisbane:1993:1061,bf-brisbane,1993,Brisbane,Michael McLean,99,resolved,1,,Recruited from Nightcliff,draftguru
bf-brisbane:1994:1062,bf-brisbane,1994,Brisbane,Craig Lambert,123,resolved,1,,Recruited from North Dandenong,draftguru
bf-brisbane:1995:1063,bf-brisbane,1995,Brisbane,Michael Voss,102,unique,1,,Recruited from Morningside,draftguru
bf-brisbane:1996:1064,bf-brisbane,1996,Brisbane,Michael Voss,102,unique,1,,Recruited from Morningside,draftguru
bf-brisbane:1997:1065,bf-brisbane,1997,Brisbane,Matthew Clarke,78,resolved,1,,Recruited from West Gambier / Richmond U19s,draftguru
bf-brisbane:1998:1066,bf-brisbane,1998,Brisbane,Chris Scott,97,resolved,1,,Recruited from St Kevin's College / East Camberwell / Eastern U18,draftguru
bf-brisbane:1999:1067,bf-brisbane,1999,Brisbane,Jason Akermanis,119,resolved,1,,Recruited from Mayne,draftguru
bf-brisbane:1999:1068,bf-brisbane,1999,Brisbane,Justin Leppitsch,98,resolved,1,,Recruited from Springvale / Dandenong U18,draftguru
bf-brisbane:2000:1069,bf-brisbane,2000,Brisbane,Michael Voss,102,unique,1,,Recruited from Morningside,draftguru
bf-brisbane:2001:1070,bf-brisbane,2001,Brisbane,Michael Voss,102,unique,1,,Recruited from Morningside,draftguru
bf-brisbane:2001:1071,bf-brisbane,2001,Brisbane,Simon Black,1083,resolved,1,,Recruited from East Fremantle,draftguru
bf-brisbane:2002:1072,bf-brisbane,2002,Brisbane,Simon Black,1083,resolved,1,,Recruited from East Fremantle,draftguru
bf-brisbane:2003:1073,bf-brisbane,2003,Brisbane,Michael Voss,102,unique,1,,Recruited from Morningside,draftguru
bf-brisbane:2004:1074,bf-brisbane,2004,Brisbane,Nigel Lappin,100,resolved,1,,Recruited from Chiltern,draftguru
bf-brisbane:2005:1075,bf-brisbane,2005,Brisbane,Jason Akermanis,119,resolved,1,,Recruited from Mayne,draftguru
bf-brisbane:2006:1076,bf-brisbane,2006,Brisbane,Simon Black,1083,resolved,1,,Recruited from East Fremantle,draftguru
bf-brisbane:2007:1077,bf-brisbane,2007,Brisbane,Jonathan Brown,1092,resolved,1,,Recruited from Emmanuel Hawks JFC / Emmanuel College (Warrnambool) / South Warrnambool / Geelong U18,draftguru
bf-brisbane:2008:1078,bf-brisbane,2008,Brisbane,Jonathan Brown,1092,resolved,1,,Recruited from Emmanuel Hawks JFC / Emmanuel College (Warrnambool) / South Warrnambool / Geelong U18,draftguru
bf-brisbane:2009:1079,bf-brisbane,2009,Brisbane,Jonathan Brown,1092,resolved,1,,Recruited from Emmanuel Hawks JFC / Emmanuel College (Warrnambool) / South Warrnambool / Geelong U18,draftguru
bf-brisbane:2010:1080,bf-brisbane,2010,Brisbane,Michael Rischitelli,4047,resolved,1,,Recruited from Keilor / Western U18,draftguru
bf-brisbane:2011:1081,bf-brisbane,2011,Brisbane,Tom Rockliff,11787,resolved,1,,Recruited from Benalla / Murray U18,draftguru
bf-brisbane:2012:1082,bf-brisbane,2012,Brisbane,Joel Patfull,4179,resolved,1,,Recruited from Payneham Norwood Union / Norwood Morialta HS / Norwood,draftguru
bf-brisbane:2013:1083,bf-brisbane,2013,Brisbane,Joel Patfull,4179,resolved,1,,Recruited from Payneham Norwood Union / Norwood Morialta HS / Norwood,draftguru
bf-brisbane:2014:1084,bf-brisbane,2014,Brisbane,Tom Rockliff,11787,resolved,1,,Recruited from Benalla / Murray U18,draftguru
bf-brisbane:2015:1085,bf-brisbane,2015,Brisbane,Dayne Beams,11728,resolved,1,,Recruited from Carrara / Southport,draftguru
bf-brisbane:2015:1086,bf-brisbane,2015,Brisbane,Dayne Zorko,12076,resolved,1,,Recruited from Surfers Paradise / Broadbeach,draftguru
bf-brisbane:2015:1087,bf-brisbane,2015,Brisbane,Mitch Robinson,11710,resolved,1,,Recruited from Lauderdale / Tasmania U18 / Tasmania (VFL),draftguru
bf-brisbane:2015:1088,bf-brisbane,2015,Brisbane,Stefan Martin,11684,resolved,1,,Recruited from Haileybury College / Old Haileybury / Sandringham,draftguru
bf-brisbane:2016:1089,bf-brisbane,2016,Brisbane,Dayne Zorko,12076,resolved,1,,Recruited from Surfers Paradise / Broadbeach,draftguru
bf-brisbane:2017:1090,bf-brisbane,2017,Brisbane,Dayne Zorko,12076,resolved,1,,Recruited from Surfers Paradise / Broadbeach,draftguru
bf-brisbane:2018:1091,bf-brisbane,2018,Brisbane,Dayne Zorko,12076,resolved,1,,Recruited from Surfers Paradise / Broadbeach,draftguru
bf-brisbane:2019:1092,bf-brisbane,2019,Brisbane,Lachie Neale,12055,resolved,1,,Recruited from Kybybolite / St Peter's College (SA) / Glenelg,draftguru
bf-brisbane:2020:1093,bf-brisbane,2020,Brisbane,Lachie Neale,12055,resolved,1,,Recruited from Kybybolite / St Peter's College (SA) / Glenelg,draftguru
bf-brisbane:2021:1094,bf-brisbane,2021,Brisbane,Dayne Zorko,12076,resolved,1,,Recruited from Surfers Paradise / Broadbeach,draftguru
bf-brisbane:2022:1095,bf-brisbane,2022,Brisbane,Lachie Neale,12055,resolved,1,,Recruited from Kybybolite / St Peter's College (SA) / Glenelg,draftguru
bf-brisbane:2023:1096,bf-brisbane,2023,Brisbane,Harris Andrews,12340,resolved,1,,Recruited from Padua College (Qld) / Queensland U18 / Aspley / Brisbane (NEAFL),draftguru
bf-brisbane:2024:1097,bf-brisbane,2024,Brisbane,Lachie Neale,12055,resolved,1,,Recruited from Kybybolite / St Peter's College (SA) / Glenelg,draftguru
bf-brisbane:2025:1098,bf-brisbane,2025,Brisbane,Josh Dunkley,12408,resolved,1,,Recruited from Sale / Gippsland U18 / Richmond (VFL),draftguru
bf-carlton:1980:1099,bf-carlton,1980,Carlton,Bruce Doull,1680,unique,1,,,draftguru
bf-carlton:1981:1100,bf-carlton,1981,Carlton,Ken Hunter,1826,resolved,1,,,draftguru
bf-carlton:1982:1101,bf-carlton,1982,Carlton,Jim Buckley,1564,unique,1,,,draftguru
bf-carlton:1983:1102,bf-carlton,1983,Carlton,Wayne Johnston,1849,unique,1,,Recruited from Wandin / Prahran,draftguru
bf-carlton:1984:1103,bf-carlton,1984,Carlton,Bruce Doull,1680,unique,1,,,draftguru
bf-carlton:1985:1104,bf-carlton,1985,Carlton,Justin Madden,150,unique,1,,Recruited from Airport West / St Bernard's College,draftguru
bf-carlton:1986:1105,bf-carlton,1986,Carlton,Craig Bradley,151,resolved,1,,Recruited from Port Adelaide (SANFL),draftguru
bf-carlton:1986:1106,bf-carlton,1986,Carlton,Wayne Johnston,1849,unique,1,,Recruited from Wandin / Prahran,draftguru
bf-carlton:1987:1107,bf-carlton,1987,Carlton,Stephen Kernahan,148,unique,1,,Recruited from Glenelg,draftguru
bf-carlton:1988:1108,bf-carlton,1988,Carlton,Craig Bradley,151,resolved,1,,Recruited from Port Adelaide (SANFL),draftguru
bf-carlton:1989:1109,bf-carlton,1989,Carlton,Stephen Kernahan,148,unique,1,,Recruited from Glenelg,draftguru
bf-carlton:1990:1110,bf-carlton,1990,Carlton,Stephen Silvagni,136,unique,1,,Recruited from Marcellin College,draftguru
bf-carlton:1991:1111,bf-carlton,1991,Carlton,Justin Madden,150,unique,1,,Recruited from Airport West / St Bernard's College,draftguru
bf-carlton:1992:1112,bf-carlton,1992,Carlton,Stephen Kernahan,148,unique,1,,Recruited from Glenelg,draftguru
bf-carlton:1993:1113,bf-carlton,1993,Carlton,Craig Bradley,151,resolved,1,,Recruited from Port Adelaide (SANFL),draftguru
bf-carlton:1994:1114,bf-carlton,1994,Carlton,Greg Williams,142,resolved,1,,Recruited from Golden Square,draftguru
bf-carlton:1995:1115,bf-carlton,1995,Carlton,Brett Ratten,135,unique,1,,Recruited from Yarra Glen,draftguru
bf-carlton:1996:1116,bf-carlton,1996,Carlton,Stephen Silvagni,136,unique,1,,Recruited from Marcellin College,draftguru
bf-carlton:1997:1117,bf-carlton,1997,Carlton,Brett Ratten,135,unique,1,,Recruited from Yarra Glen,draftguru
bf-carlton:1998:1118,bf-carlton,1998,Carlton,Fraser Brown,147,unique,1,,Recruited from Lilydale,draftguru
bf-carlton:1999:1119,bf-carlton,1999,Carlton,Matthew Allan,153,resolved,1,,Recruited from Olinda-Ferny Creek / Chirnside Park / North Ringwood,draftguru
bf-carlton:2000:1120,bf-carlton,2000,Carlton,Brett Ratten,135,unique,1,,Recruited from Yarra Glen,draftguru
bf-carlton:2000:1121,bf-carlton,2000,Carlton,Scott Camporeale,143,resolved,1,,Recruited from St Michael's College (SA) / Woodville-West Torrens,draftguru
bf-carlton:2001:1122,bf-carlton,2001,Carlton,Anthony Koutoufides,144,unique,1,,Recruited from Lalor,draftguru
bf-carlton:2002:1123,bf-carlton,2002,Carlton,Corey McKernan,775,resolved,1,,Recruited from Gladstone Park SC / Westmeadows,draftguru
bf-carlton:2003:1124,bf-carlton,2003,Carlton,Andrew McKay,140,resolved,1,,Recruited from Lucindale / Glenelg,draftguru
bf-carlton:2004:1125,bf-carlton,2004,Carlton,David Teague,812,resolved,1,,Recruited from Katandra / Corowa-Rutherglen / Notre Dame College (Shepparton) / Murray U18,draftguru
bf-carlton:2005:1126,bf-carlton,2005,Carlton,Anthony Koutoufides,144,unique,1,,Recruited from Lalor,draftguru
bf-carlton:2006:1127,bf-carlton,2006,Carlton,Lance Whitnall,173,resolved,1,,Recruited from Lalor / Northern U18,draftguru
bf-carlton:2007:1128,bf-carlton,2007,Carlton,Andrew Carrazzo,4056,resolved,1,,Recruited from St Simons / Knox Eagles / De La Salle College / Oakleigh U18,draftguru
bf-carlton:2008:1129,bf-carlton,2008,Carlton,Chris Judd,1122,resolved,1,,Recruited from East Sandringham / Caulfield Grammar / Sandringham U18,draftguru
bf-carlton:2009:1130,bf-carlton,2009,Carlton,Chris Judd,1122,resolved,1,,Recruited from East Sandringham / Caulfield Grammar / Sandringham U18,draftguru
bf-carlton:2010:1131,bf-carlton,2010,Carlton,Chris Judd,1122,resolved,1,,Recruited from East Sandringham / Caulfield Grammar / Sandringham U18,draftguru
bf-carlton:2011:1132,bf-carlton,2011,Carlton,Marc Murphy,4148,resolved,1,,Recruited from Beverley Hills / Doncaster / Whitefriars College / Oakleigh U18,draftguru
bf-carlton:2012:1133,bf-carlton,2012,Carlton,Heath Scotland,280,resolved,1,,Recruited from Darley / Western U18,draftguru
bf-carlton:2013:1134,bf-carlton,2013,Carlton,Kade Simpson,1456,resolved,1,,Recruited from Emerald / Eastern U18,draftguru
bf-carlton:2014:1135,bf-carlton,2014,Carlton,Bryce Gibbs,11535,resolved,1,,Recruited from Plympton / Glenelg,draftguru
bf-carlton:2015:1136,bf-carlton,2015,Carlton,Patrick Cripps,12261,resolved,1,,Recruited from Northampton / East Fremantle,draftguru
bf-carlton:2016:1137,bf-carlton,2016,Carlton,Sam Docherty,12170,resolved,1,,Recruited from Phillip Island / Gippsland U18,draftguru
bf-carlton:2017:1138,bf-carlton,2017,Carlton,Marc Murphy,4148,resolved,1,,Recruited from Beverley Hills / Doncaster / Whitefriars College / Oakleigh U18,draftguru
bf-carlton:2018:1139,bf-carlton,2018,Carlton,Patrick Cripps,12261,resolved,1,,Recruited from Northampton / East Fremantle,draftguru
bf-carlton:2019:1140,bf-carlton,2019,Carlton,Patrick Cripps,12261,resolved,1,,Recruited from Northampton / East Fremantle,draftguru
bf-carlton:2020:1141,bf-carlton,2020,Carlton,Jacob Weitering,12402,resolved,1,,Recruited from Mount Martha / Mount Eliza / Peninsula Grammar / Dandenong U18,draftguru
bf-carlton:2021:1142,bf-carlton,2021,Carlton,Sam Walsh,12684,resolved,1,,Recruited from St Joseph's / Geelong U18,draftguru
bf-carlton:2022:1143,bf-carlton,2022,Carlton,Patrick Cripps,12261,resolved,1,,Recruited from Northampton / East Fremantle,draftguru
bf-carlton:2023:1144,bf-carlton,2023,Carlton,Jacob Weitering,12402,resolved,1,,Recruited from Mount Martha / Mount Eliza / Peninsula Grammar / Dandenong U18,draftguru
bf-carlton:2024:1145,bf-carlton,2024,Carlton,Patrick Cripps,12261,resolved,1,,Recruited from Northampton / East Fremantle,draftguru
bf-carlton:2025:1146,bf-carlton,2025,Carlton,George Hewett,12411,resolved,1,,Recruited from Prince Alfred College / North Adelaide,draftguru
bf-collingwood:1980:1147,bf-collingwood,1980,Collingwood,Peter Moore,2000,unique,1,,,draftguru
bf-collingwood:1981:1148,bf-collingwood,1981,Collingwood,Mark Williams,2281,resolved,4,,Recruited from Immanuel College / West Adelaide,draftguru
bf-collingwood:1982:1149,bf-collingwood,1982,Collingwood,Peter Daicos,1253,unique,1,,,draftguru
bf-collingwood:1983:1150,bf-collingwood,1983,Collingwood,Bill Picken,2076,unique,1,,Recruited from Hamilton FC / Monivae College,draftguru
bf-collingwood:1984:1151,bf-collingwood,1984,Collingwood,Tony Shaw,1166,unique,1,,Recruited from Reservoir Lakeside,draftguru
bf-collingwood:1985:1152,bf-collingwood,1985,Collingwood,Mark Williams,2281,resolved,4,,Recruited from Immanuel College / West Adelaide,draftguru
bf-collingwood:1986:1153,bf-collingwood,1986,Collingwood,Wes Fellowes,1715,unique,1,,,draftguru
bf-collingwood:1987:1154,bf-collingwood,1987,Collingwood,Darren Millane,1292,unique,1,,,draftguru
bf-collingwood:1988:1155,bf-collingwood,1988,Collingwood,Peter Daicos,1253,unique,1,,,draftguru
bf-collingwood:1989:1156,bf-collingwood,1989,Collingwood,Gavin Brown,216,unique,1,,Recruited from Templestowe / Marcellin College,draftguru
bf-collingwood:1990:1157,bf-collingwood,1990,Collingwood,Tony Shaw,1166,unique,1,,Recruited from Reservoir Lakeside,draftguru
bf-collingwood:1991:1158,bf-collingwood,1991,Collingwood,Tony Francis,238,resolved,1,,Recruited from Campbelltown HS / Norwood,draftguru
bf-collingwood:1992:1159,bf-collingwood,1992,Collingwood,Mick McGuane,174,resolved,1,,Recruited from Sebastopol / St Patrick's College,draftguru
bf-collingwood:1993:1160,bf-collingwood,1993,Collingwood,Mick McGuane,174,resolved,1,,Recruited from Sebastopol / St Patrick's College,draftguru
bf-collingwood:1994:1161,bf-collingwood,1994,Collingwood,Gavin Brown,216,unique,1,,Recruited from Templestowe / Marcellin College,draftguru
bf-collingwood:1994:1162,bf-collingwood,1994,Collingwood,Nathan Buckley,217,resolved,1,,Recruited from Southern Districts / Ainslie / Port Adelaide (SANFL),draftguru
bf-collingwood:1995:1163,bf-collingwood,1995,Collingwood,Saverio Rocca,,implausible,1,,Recruited from Reservoir Lakeside,draftguru
bf-collingwood:1996:1164,bf-collingwood,1996,Collingwood,Nathan Buckley,217,resolved,1,,Recruited from Southern Districts / Ainslie / Port Adelaide (SANFL),draftguru
bf-collingwood:1997:1165,bf-collingwood,1997,Collingwood,Gavin Brown,216,unique,1,,Recruited from Templestowe / Marcellin College,draftguru
bf-collingwood:1998:1166,bf-collingwood,1998,Collingwood,Nathan Buckley,217,resolved,1,,Recruited from Southern Districts / Ainslie / Port Adelaide (SANFL),draftguru
bf-collingwood:1999:1167,bf-collingwood,1999,Collingwood,Nathan Buckley,217,resolved,1,,Recruited from Southern Districts / Ainslie / Port Adelaide (SANFL),draftguru
bf-collingwood:2000:1168,bf-collingwood,2000,Collingwood,Nathan Buckley,217,resolved,1,,Recruited from Southern Districts / Ainslie / Port Adelaide (SANFL),draftguru
bf-collingwood:2001:1169,bf-collingwood,2001,Collingwood,Paul Licuria,275,resolved,1,,Recruited from Keon Park / Parade College / Northern U18,draftguru
bf-collingwood:2002:1170,bf-collingwood,2002,Collingwood,Paul Licuria,275,resolved,1,,Recruited from Keon Park / Parade College / Northern U18,draftguru
bf-collingwood:2003:1171,bf-collingwood,2003,Collingwood,Nathan Buckley,217,resolved,1,,Recruited from Southern Districts / Ainslie / Port Adelaide (SANFL),draftguru
bf-collingwood:2004:1172,bf-collingwood,2004,Collingwood,James Clement,299,resolved,1,,Recruited from South Fremantle,draftguru
bf-collingwood:2005:1173,bf-collingwood,2005,Collingwood,James Clement,299,resolved,1,,Recruited from South Fremantle,draftguru
bf-collingwood:2006:1174,bf-collingwood,2006,Collingwood,Alan Didak,301,resolved,1,,Recruited from Blackfriars / Port Adelaide (SANFL),draftguru
bf-collingwood:2007:1175,bf-collingwood,2007,Collingwood,Travis Cloke,4086,resolved,1,,Recruited from Park Orchards / Yarra Valley Grammar / Eastern U18,draftguru
bf-collingwood:2008:1176,bf-collingwood,2008,Collingwood,Dane Swan,1460,resolved,1,,Recruited from Westmeadows / St Bernard's College / Calder U18,draftguru
bf-collingwood:2009:1177,bf-collingwood,2009,Collingwood,Dane Swan,1460,resolved,1,,Recruited from Westmeadows / St Bernard's College / Calder U18,draftguru
bf-collingwood:2010:1178,bf-collingwood,2010,Collingwood,Dane Swan,1460,resolved,1,,Recruited from Westmeadows / St Bernard's College / Calder U18,draftguru
bf-collingwood:2011:1179,bf-collingwood,2011,Collingwood,Scott Pendlebury,4182,resolved,1,,Recruited from Sale / Gippsland U18,draftguru
bf-collingwood:2012:1180,bf-collingwood,2012,Collingwood,Dayne Beams,11728,resolved,1,,Recruited from Carrara / Southport,draftguru
bf-collingwood:2013:1181,bf-collingwood,2013,Collingwood,Scott Pendlebury,4182,resolved,1,,Recruited from Sale / Gippsland U18,draftguru
bf-collingwood:2014:1182,bf-collingwood,2014,Collingwood,Scott Pendlebury,4182,resolved,1,,Recruited from Sale / Gippsland U18,draftguru
bf-collingwood:2015:1183,bf-collingwood,2015,Collingwood,Scott Pendlebury,4182,resolved,1,,Recruited from Sale / Gippsland U18,draftguru
bf-collingwood:2016:1184,bf-collingwood,2016,Collingwood,Scott Pendlebury,4182,resolved,1,,Recruited from Sale / Gippsland U18,draftguru
bf-collingwood:2017:1185,bf-collingwood,2017,Collingwood,Steele Sidebottom,11751,resolved,1,,Recruited from Congupna / Murray U18,draftguru
bf-collingwood:2018:1186,bf-collingwood,2018,Collingwood,Brodie Grundy,12217,resolved,1,,Recruited from Unley / Cabra Dominican / Sturt,draftguru
bf-collingwood:2018:1187,bf-collingwood,2018,Collingwood,Steele Sidebottom,11751,resolved,1,,Recruited from Congupna / Murray U18,draftguru
bf-collingwood:2019:1188,bf-collingwood,2019,Collingwood,Brodie Grundy,12217,resolved,1,,Recruited from Unley / Cabra Dominican / Sturt,draftguru
bf-collingwood:2020:1189,bf-collingwood,2020,Collingwood,Taylor Adams,12066,resolved,1,,Recruited from St Joseph's / St Joseph's College / Geelong U18,draftguru
bf-collingwood:2021:1190,bf-collingwood,2021,Collingwood,Jack Crisp,12061,resolved,1,,Recruited from Myrtleford / Murray U18,draftguru
bf-collingwood:2022:1191,bf-collingwood,2022,Collingwood,Jack Crisp,12061,resolved,1,,Recruited from Myrtleford / Murray U18,draftguru
bf-collingwood:2023:1192,bf-collingwood,2023,Collingwood,Josh Daicos,12573,resolved,1,,Recruited from Camberwell Grammar / Bulleen-Templestowe / Oakleigh U18,draftguru
bf-collingwood:2024:1193,bf-collingwood,2024,Collingwood,Nick Daicos,12943,resolved,1,,Recruited from Balwyn Greythorn / Kew Rovers / Carey Grammar / Oakleigh U18,draftguru
bf-collingwood:2025:1194,bf-collingwood,2025,Collingwood,Darcy Cameron,12660,resolved,1,,Recruited from North Albany / Hale School / Claremont,draftguru
bf-essendon:1980:1195,bf-essendon,1980,Essendon,Tim Watson,1162,resolved,1,,Recruited from Dimboola,draftguru
bf-essendon:1981:1196,bf-essendon,1981,Essendon,Neale Daniher,1646,unique,1,,Recruited from St Patrick's College (NSW) / Assumption College / Ungarie,draftguru
bf-essendon:1982:1197,bf-essendon,1982,Essendon,Terry Daniher,1311,unique,1,,,draftguru
bf-essendon:1983:1198,bf-essendon,1983,Essendon,Simon Madden,1302,unique,1,,Recruited from St Bernard's College,draftguru
bf-essendon:1984:1199,bf-essendon,1984,Essendon,Simon Madden,1302,unique,1,,Recruited from St Bernard's College,draftguru
bf-essendon:1985:1200,bf-essendon,1985,Essendon,Tim Watson,1162,resolved,1,,Recruited from Dimboola,draftguru
bf-essendon:1986:1201,bf-essendon,1986,Essendon,Glenn Hawker,1355,resolved,1,,Recruited from Kaniva,draftguru
bf-essendon:1987:1202,bf-essendon,1987,Essendon,Mark Thompson,326,unique,1,,Recruited from Airport West,draftguru
bf-essendon:1988:1203,bf-essendon,1988,Essendon,Tim Watson,1162,resolved,1,,Recruited from Dimboola,draftguru
bf-essendon:1989:1204,bf-essendon,1989,Essendon,Tim Watson,1162,resolved,1,,Recruited from Dimboola,draftguru
bf-essendon:1990:1205,bf-essendon,1990,Essendon,Mark Thompson,326,unique,1,,Recruited from Airport West,draftguru
bf-essendon:1991:1206,bf-essendon,1991,Essendon,Alan Ezard,1301,unique,1,,,draftguru
bf-essendon:1992:1207,bf-essendon,1992,Essendon,Mark Harvey,321,unique,1,,Recruited from Keilor,draftguru
bf-essendon:1993:1208,bf-essendon,1993,Essendon,Gary O'Donnell,318,resolved,0,,Recruited from North Ringwood,draftguru
bf-essendon:1994:1209,bf-essendon,1994,Essendon,James Hird,312,resolved,1,,Recruited from Ainslie,draftguru
bf-essendon:1995:1210,bf-essendon,1995,Essendon,James Hird,312,resolved,1,,Recruited from Ainslie,draftguru
bf-essendon:1996:1211,bf-essendon,1996,Essendon,James Hird,312,resolved,1,,Recruited from Ainslie,draftguru
bf-essendon:1997:1212,bf-essendon,1997,Essendon,Sean Denham,319,resolved,1,,Recruited from Melton South,draftguru
bf-essendon:1998:1213,bf-essendon,1998,Essendon,Damien Hardwick,324,resolved,1,,Recruited from Upwey-Tecoma / Springvale / St Joseph's College (Ferntree Gully) / North Melbourne U19s,draftguru
bf-essendon:1999:1214,bf-essendon,1999,Essendon,Mark Mercuri,310,unique,1,,Recruited from Keilor Park,draftguru
bf-essendon:2000:1215,bf-essendon,2000,Essendon,Dustin Fletcher,304,resolved,1,,Recruited from PEGS / Western U18,draftguru
bf-essendon:2001:1216,bf-essendon,2001,Essendon,Jason Johnson,346,resolved,1,,Recruited from Kilmore / Assumption College / Calder U18,draftguru
bf-essendon:2002:1217,bf-essendon,2002,Essendon,Mark Johnson,354,resolved,1,,Recruited from Calder U18,draftguru
bf-essendon:2003:1218,bf-essendon,2003,Essendon,James Hird,312,resolved,1,,Recruited from Ainslie,draftguru
bf-essendon:2003:1219,bf-essendon,2003,Essendon,Scott Lucas,339,resolved,1,,Recruited from Camperdown / Mercy Regional College / St Bernard's College / Geelong U18,draftguru
bf-essendon:2004:1220,bf-essendon,2004,Essendon,Adam McPhee,551,resolved,1,,Recruited from Dandenong U18,draftguru
bf-essendon:2005:1221,bf-essendon,2005,Essendon,Jason Johnson,346,resolved,1,,Recruited from Kilmore / Assumption College / Calder U18,draftguru
bf-essendon:2006:1222,bf-essendon,2006,Essendon,Scott Lucas,339,resolved,1,,Recruited from Camperdown / Mercy Regional College / St Bernard's College / Geelong U18,draftguru
bf-essendon:2007:1223,bf-essendon,2007,Essendon,James Hird,312,resolved,1,,Recruited from Ainslie,draftguru
bf-essendon:2008:1224,bf-essendon,2008,Essendon,David Hille,365,resolved,1,,Recruited from Peninsula Grammar / Dandenong U18,draftguru
bf-essendon:2009:1225,bf-essendon,2009,Essendon,Jobe Watson,1461,resolved,1,,Recruited from East Sandringham / Xavier College / Sandringham U18,draftguru
bf-essendon:2010:1226,bf-essendon,2010,Essendon,Jobe Watson,1461,resolved,1,,Recruited from East Sandringham / Xavier College / Sandringham U18,draftguru
bf-essendon:2011:1227,bf-essendon,2011,Essendon,David Zaharakis,11729,resolved,1,,Recruited from Eltham / Marcellin College / Northern U18,draftguru
bf-essendon:2012:1228,bf-essendon,2012,Essendon,Jobe Watson,1461,resolved,1,,Recruited from East Sandringham / Xavier College / Sandringham U18,draftguru
bf-essendon:2013:1229,bf-essendon,2013,Essendon,Brendon Goddard,1443,resolved,1,,Recruited from Traralgon / Caulfield Grammar / Gippsland U18,draftguru
bf-essendon:2014:1230,bf-essendon,2014,Essendon,Dyson Heppell,11896,resolved,1,,Recruited from Leongatha / Gippsland U18,draftguru
bf-essendon:2015:1231,bf-essendon,2015,Essendon,Cale Hooker,11702,resolved,1,,Recruited from Melville / East Fremantle,draftguru
bf-essendon:2016:1232,bf-essendon,2016,Essendon,Zach Merrett,12241,resolved,1,,Recruited from Cobden / Melbourne Grammar / Sandringham U18,draftguru
bf-essendon:2017:1233,bf-essendon,2017,Essendon,Joe Daniher,12199,resolved,1,,Recruited from Aberfeldie / St Bernard's College / Calder U18,draftguru
bf-essendon:2018:1234,bf-essendon,2018,Essendon,Devon Smith,12029,resolved,1,,Recruited from Lara / Geelong Grammar / Geelong U18,draftguru
bf-essendon:2019:1235,bf-essendon,2019,Essendon,Zach Merrett,12241,resolved,1,,Recruited from Cobden / Melbourne Grammar / Sandringham U18,draftguru
bf-essendon:2020:1236,bf-essendon,2020,Essendon,Jordan Ridley,12631,resolved,1,,Recruited from Knox / Box Hill HS / Oakleigh U18,draftguru
bf-essendon:2021:1237,bf-essendon,2021,Essendon,Zach Merrett,12241,resolved,1,,Recruited from Cobden / Melbourne Grammar / Sandringham U18,draftguru
bf-essendon:2022:1238,bf-essendon,2022,Essendon,Peter Wright,12366,resolved,1,,Recruited from Moonee Valley / Calder U18,draftguru
bf-essendon:2023:1239,bf-essendon,2023,Essendon,Zach Merrett,12241,resolved,1,,Recruited from Cobden / Melbourne Grammar / Sandringham U18,draftguru
bf-essendon:2024:1240,bf-essendon,2024,Essendon,Zach Merrett,12241,resolved,1,,Recruited from Cobden / Melbourne Grammar / Sandringham U18,draftguru
bf-essendon:2025:1241,bf-essendon,2025,Essendon,Zach Merrett,12241,resolved,1,,Recruited from Cobden / Melbourne Grammar / Sandringham U18,draftguru
bf-fitzroy:1980:1242,bf-fitzroy,1980,Fitzroy,Garry Wilson,2274,unique,1,,Recruited from Preston Swimmers JFC / Northcote HS,draftguru
bf-fitzroy:1981:1243,bf-fitzroy,1981,Fitzroy,Ron Alexander,1480,unique,1,,,draftguru
bf-fitzroy:1982:1244,bf-fitzroy,1982,Fitzroy,Matt Rendell,1347,resolved,0,,Recruited from West Torrens,draftguru
bf-fitzroy:1983:1245,bf-fitzroy,1983,Fitzroy,Matt Rendell,1347,resolved,0,,Recruited from West Torrens,draftguru
bf-fitzroy:1984:1246,bf-fitzroy,1984,Fitzroy,Ross Thornton,2219,unique,1,,,draftguru
bf-fitzroy:1985:1247,bf-fitzroy,1985,Fitzroy,Paul Roos,985,resolved,1,,Recruited from Beverley Hills,draftguru
bf-fitzroy:1986:1248,bf-fitzroy,1986,Fitzroy,Paul Roos,985,resolved,1,,Recruited from Beverley Hills,draftguru
bf-fitzroy:1987:1249,bf-fitzroy,1987,Fitzroy,Scott McIvor,108,unique,1,,Recruited from Wilston Grange,draftguru
bf-fitzroy:1988:1250,bf-fitzroy,1988,Fitzroy,Darren Kappler,650,resolved,1,,Recruited from South Adelaide,draftguru
bf-fitzroy:1989:1251,bf-fitzroy,1989,Fitzroy,Gary Pert,210,resolved,1,,Recruited from Bulleen-Templestowe,draftguru
bf-fitzroy:1990:1252,bf-fitzroy,1990,Fitzroy,Scott Clayton,1357,unique,1,,,draftguru
bf-fitzroy:1991:1253,bf-fitzroy,1991,Fitzroy,Paul Roos,985,resolved,1,,Recruited from Beverley Hills,draftguru
bf-fitzroy:1992:1254,bf-fitzroy,1992,Fitzroy,Paul Roos,985,resolved,1,,Recruited from Beverley Hills,draftguru
bf-fitzroy:1993:1255,bf-fitzroy,1993,Fitzroy,Alastair Lynch,104,resolved,1,,Recruited from Hobart FC,draftguru
bf-fitzroy:1994:1256,bf-fitzroy,1994,Fitzroy,Paul Roos,985,resolved,1,,Recruited from Beverley Hills,draftguru
bf-fitzroy:1995:1257,bf-fitzroy,1995,Fitzroy,Brad Boyd,374,resolved,1,,Recruited from Parade College / Bundoora / Collingwood U19s,draftguru
bf-fitzroy:1996:1258,bf-fitzroy,1996,Fitzroy,Martin Pike,373,resolved,1,,Recruited from Ingle Farm / Gepps Cross / Norwood,draftguru
bf-fremantle:1995:1259,bf-fremantle,1995,Fremantle,Peter Mann,478,resolved,1,,Recruited from Claremont,draftguru
bf-fremantle:1996:1260,bf-fremantle,1996,Fremantle,Stephen O'Reilly,,unmatched,0,,Recruited from Aquinas College (WA) / Swan Districts,draftguru
bf-fremantle:1997:1261,bf-fremantle,1997,Fremantle,Dale Kickett,477,resolved,1,,Recruited from Claremont,draftguru
bf-fremantle:1998:1262,bf-fremantle,1998,Fremantle,Jason Norrish,475,resolved,1,,Recruited from Hale School / Claremont,draftguru
bf-fremantle:1999:1263,bf-fremantle,1999,Fremantle,Adrian Fletcher,101,resolved,1,,Recruited from Glenorchy,draftguru
bf-fremantle:2000:1264,bf-fremantle,2000,Fremantle,Troy Cook,540,resolved,1,,Recruited from Perth,draftguru
bf-fremantle:2001:1265,bf-fremantle,2001,Fremantle,Peter Bell,486,resolved,2,,Recruited from Kojonup / Aquinas College (WA) / South Fremantle,draftguru
bf-fremantle:2002:1266,bf-fremantle,2002,Fremantle,Matthew Pavlich,544,resolved,1,,Recruited from Sacred Heart College / Woodville-West Torrens,draftguru
bf-fremantle:2003:1267,bf-fremantle,2003,Fremantle,Peter Bell,486,resolved,2,,Recruited from Kojonup / Aquinas College (WA) / South Fremantle,draftguru
bf-fremantle:2004:1268,bf-fremantle,2004,Fremantle,Peter Bell,486,resolved,2,,Recruited from Kojonup / Aquinas College (WA) / South Fremantle,draftguru
bf-fremantle:2005:1269,bf-fremantle,2005,Fremantle,Matthew Pavlich,544,resolved,1,,Recruited from Sacred Heart College / Woodville-West Torrens,draftguru
bf-fremantle:2006:1270,bf-fremantle,2006,Fremantle,Matthew Pavlich,544,resolved,1,,Recruited from Sacred Heart College / Woodville-West Torrens,draftguru
bf-fremantle:2007:1271,bf-fremantle,2007,Fremantle,Matthew Pavlich,544,resolved,1,,Recruited from Sacred Heart College / Woodville-West Torrens,draftguru
bf-fremantle:2008:1272,bf-fremantle,2008,Fremantle,Matthew Pavlich,544,resolved,1,,Recruited from Sacred Heart College / Woodville-West Torrens,draftguru
bf-fremantle:2009:1273,bf-fremantle,2009,Fremantle,Aaron Sandilands,1421,resolved,1,,Recruited from Mt Barker (WA) / East Fremantle,draftguru
bf-fremantle:2010:1274,bf-fremantle,2010,Fremantle,David Mundy,4088,resolved,1,,Recruited from Seymour / Murray U18,draftguru
bf-fremantle:2011:1275,bf-fremantle,2011,Fremantle,Matthew Pavlich,544,resolved,1,,Recruited from Sacred Heart College / Woodville-West Torrens,draftguru
bf-fremantle:2012:1276,bf-fremantle,2012,Fremantle,Ryan Crowley,4115,resolved,1,,Recruited from Gisborne / Calder U18,draftguru
bf-fremantle:2013:1277,bf-fremantle,2013,Fremantle,Nathan Fyfe,11834,resolved,0,,Recruited from Lake Grace-Pingrup / Aquinas College (WA) / Claremont,draftguru
bf-fremantle:2014:1278,bf-fremantle,2014,Fremantle,Nathan Fyfe,11834,resolved,0,,Recruited from Lake Grace-Pingrup / Aquinas College (WA) / Claremont,draftguru
bf-fremantle:2015:1279,bf-fremantle,2015,Fremantle,Aaron Sandilands,1421,resolved,1,,Recruited from Mt Barker (WA) / East Fremantle,draftguru
bf-fremantle:2016:1280,bf-fremantle,2016,Fremantle,Lachie Neale,12055,resolved,1,,Recruited from Kybybolite / St Peter's College (SA) / Glenelg,draftguru
bf-fremantle:2017:1281,bf-fremantle,2017,Fremantle,Brad Hill,12060,resolved,0,,Recruited from Quinns Districts / West Perth,draftguru
bf-fremantle:2018:1282,bf-fremantle,2018,Fremantle,Lachie Neale,12055,resolved,1,,Recruited from Kybybolite / St Peter's College (SA) / Glenelg,draftguru
bf-fremantle:2019:1283,bf-fremantle,2019,Fremantle,Nathan Fyfe,11834,resolved,0,,Recruited from Lake Grace-Pingrup / Aquinas College (WA) / Claremont,draftguru
bf-fremantle:2020:1284,bf-fremantle,2020,Fremantle,Luke Ryan,12542,resolved,1,,Recruited from Moonee Valley / Calder U18 / Maribyrnong Park / Coburg,draftguru
bf-fremantle:2021:1285,bf-fremantle,2021,Fremantle,Sean Darcy,12547,resolved,1,,Recruited from Cobden / Mercy Regional College / Xavier College / Geelong U18,draftguru
bf-fremantle:2022:1286,bf-fremantle,2022,Fremantle,Andrew Brayshaw,12589,resolved,1,,Recruited from Hampton Rovers / Haileybury College / Sandringham U18,draftguru
bf-fremantle:2023:1287,bf-fremantle,2023,Fremantle,Caleb Serong,12786,resolved,1,,Recruited from Warragul / Geelong Grammar / Gippsland U18,draftguru
bf-fremantle:2024:1288,bf-fremantle,2024,Fremantle,Caleb Serong,12786,resolved,1,,Recruited from Warragul / Geelong Grammar / Gippsland U18,draftguru
bf-fremantle:2025:1289,bf-fremantle,2025,Fremantle,Caleb Serong,12786,resolved,1,,Recruited from Warragul / Geelong Grammar / Gippsland U18,draftguru
bf-geelong:1980:1290,bf-geelong,1980,Geelong,Rod Blake,1533,unique,1,,,draftguru
bf-geelong:1981:1291,bf-geelong,1981,Geelong,Peter Featherby,1714,unique,1,,,draftguru
bf-geelong:1982:1292,bf-geelong,1982,Geelong,John Mossop,2008,unique,1,,Recruited from Penola / Prince Alfred College,draftguru
bf-geelong:1983:1293,bf-geelong,1983,Geelong,Ray Card,1588,unique,1,,,draftguru
bf-geelong:1984:1294,bf-geelong,1984,Geelong,Gary Ablett,567,resolved,2,,Recruited from Drouin,draftguru
bf-geelong:1985:1295,bf-geelong,1985,Geelong,Greg Williams,142,resolved,1,,Recruited from Golden Square,draftguru
bf-geelong:1986:1296,bf-geelong,1986,Geelong,Paul Couch,565,unique,1,,Recruited from Warrnambool FC,draftguru
bf-geelong:1987:1297,bf-geelong,1987,Geelong,Mark Bos,1537,unique,1,,,draftguru
bf-geelong:1988:1298,bf-geelong,1988,Geelong,Mark Bos,1537,unique,1,,,draftguru
bf-geelong:1989:1299,bf-geelong,1989,Geelong,Paul Couch,565,unique,1,,Recruited from Warrnambool FC,draftguru
bf-geelong:1990:1300,bf-geelong,1990,Geelong,Barry Stoneham,584,unique,1,,Recruited from St Joseph's College / St Joseph's,draftguru
bf-geelong:1991:1301,bf-geelong,1991,Geelong,Garry Hocking,577,unique,1,,Recruited from Cobram,draftguru
bf-geelong:1992:1302,bf-geelong,1992,Geelong,Ken Hinkley,559,resolved,1,,Recruited from Camperdown / Mercy Regional College,draftguru
bf-geelong:1993:1303,bf-geelong,1993,Geelong,Garry Hocking,577,unique,1,,Recruited from Cobram,draftguru
bf-geelong:1994:1304,bf-geelong,1994,Geelong,Garry Hocking,577,unique,1,,Recruited from Cobram,draftguru
bf-geelong:1995:1305,bf-geelong,1995,Geelong,Paul Couch,565,unique,1,,Recruited from Warrnambool FC,draftguru
bf-geelong:1996:1306,bf-geelong,1996,Geelong,Garry Hocking,577,unique,1,,Recruited from Cobram,draftguru
bf-geelong:1997:1307,bf-geelong,1997,Geelong,Liam Pickering,561,resolved,1,,Recruited from Stawell,draftguru
bf-geelong:1998:1308,bf-geelong,1998,Geelong,Peter Riccardi,560,unique,1,,Recruited from Bannockburn / Geelong West St Peter's,draftguru
bf-geelong:1999:1309,bf-geelong,1999,Geelong,Ben Graham,556,resolved,1,,Recruited from Leopold,draftguru
bf-geelong:2000:1310,bf-geelong,2000,Geelong,Steven King,587,resolved,1,,Recruited from Shepparton FC / Murray U18,draftguru
bf-geelong:2001:1311,bf-geelong,2001,Geelong,Brenton Sanderson,562,resolved,1,,Recruited from Sturt,draftguru
bf-geelong:2002:1312,bf-geelong,2002,Geelong,Steven King,587,resolved,1,,Recruited from Shepparton FC / Murray U18,draftguru
bf-geelong:2003:1313,bf-geelong,2003,Geelong,Matthew Scarlett,604,resolved,1,,Recruited from St Joseph's / St Joseph's College / Geelong U18,draftguru
bf-geelong:2004:1314,bf-geelong,2004,Geelong,Cameron Ling,617,resolved,1,,Recruited from St Joseph's College / Geelong U18,draftguru
bf-geelong:2005:1315,bf-geelong,2005,Geelong,Joel Corey,616,resolved,1,,Recruited from East Perth,draftguru
bf-geelong:2006:1316,bf-geelong,2006,Geelong,Paul Chapman,614,resolved,1,,Recruited from North Coburg / Calder U18,draftguru
bf-geelong:2007:1317,bf-geelong,2007,Geelong,Gary Ablett,1105,resolved,2,,Recruited from Modewarre / Geelong U18,draftguru
bf-geelong:2008:1318,bf-geelong,2008,Geelong,Joel Corey,616,resolved,1,,Recruited from East Perth,draftguru
bf-geelong:2009:1319,bf-geelong,2009,Geelong,Corey Enright,621,resolved,1,,Recruited from Kimba / Port Adelaide (SANFL),draftguru
bf-geelong:2009:1320,bf-geelong,2009,Geelong,Gary Ablett,1105,resolved,2,,Recruited from Modewarre / Geelong U18,draftguru
bf-geelong:2010:1321,bf-geelong,2010,Geelong,Joel Selwood,11538,resolved,1,,Recruited from Sandhurst / Catholic College Bendigo / Bendigo U18,draftguru
bf-geelong:2011:1322,bf-geelong,2011,Geelong,Corey Enright,621,resolved,1,,Recruited from Kimba / Port Adelaide (SANFL),draftguru
bf-geelong:2012:1323,bf-geelong,2012,Geelong,Tom Hawkins,11548,resolved,1,,Recruited from Finley / Melbourne Grammar / Sandringham U18,draftguru
bf-geelong:2013:1324,bf-geelong,2013,Geelong,Joel Selwood,11538,resolved,1,,Recruited from Sandhurst / Catholic College Bendigo / Bendigo U18,draftguru
bf-geelong:2014:1325,bf-geelong,2014,Geelong,Joel Selwood,11538,resolved,1,,Recruited from Sandhurst / Catholic College Bendigo / Bendigo U18,draftguru
bf-geelong:2015:1326,bf-geelong,2015,Geelong,Mark Blicavs,12153,resolved,1,,Recruited from Sunbury FC / Athletics,draftguru
bf-geelong:2016:1327,bf-geelong,2016,Geelong,Patrick Dangerfield,11700,resolved,1,,Recruited from Anglesea / Geelong U18,draftguru
bf-geelong:2017:1328,bf-geelong,2017,Geelong,Patrick Dangerfield,11700,resolved,1,,Recruited from Anglesea / Geelong U18,draftguru
bf-geelong:2018:1329,bf-geelong,2018,Geelong,Mark Blicavs,12153,resolved,1,,Recruited from Sunbury FC / Athletics,draftguru
bf-geelong:2019:1330,bf-geelong,2019,Geelong,Patrick Dangerfield,11700,resolved,1,,Recruited from Anglesea / Geelong U18,draftguru
bf-geelong:2020:1331,bf-geelong,2020,Geelong,Cameron Guthrie,11884,resolved,1,,Recruited from Sunbury FC / Calder U18,draftguru
bf-geelong:2021:1332,bf-geelong,2021,Geelong,Tom Stewart,12505,resolved,1,,Recruited from South Barwon / Geelong U18 / Geelong (VFL),draftguru
bf-geelong:2022:1333,bf-geelong,2022,Geelong,Cameron Guthrie,11884,resolved,1,,Recruited from Sunbury FC / Calder U18,draftguru
bf-geelong:2022:1334,bf-geelong,2022,Geelong,Jeremy Cameron,12017,resolved,1,,Recruited from Dartmoor / North Ballarat U18,draftguru
bf-geelong:2023:1335,bf-geelong,2023,Geelong,Tom Stewart,12505,resolved,1,,Recruited from South Barwon / Geelong U18 / Geelong (VFL),draftguru
bf-geelong:2024:1336,bf-geelong,2024,Geelong,Max Holmes,12881,resolved,1,,Recruited from East Malvern / Melbourne Grammar / Sandringham U18,draftguru
bf-geelong:2025:1337,bf-geelong,2025,Geelong,Max Holmes,12881,resolved,1,,Recruited from East Malvern / Melbourne Grammar / Sandringham U18,draftguru
bf-gold-coast:2011:1338,bf-gold-coast,2011,Gold Coast,Gary Ablett,1105,resolved,2,,Recruited from Modewarre / Geelong U18,draftguru
bf-gold-coast:2012:1339,bf-gold-coast,2012,Gold Coast,Gary Ablett,1105,resolved,2,,Recruited from Modewarre / Geelong U18,draftguru
bf-gold-coast:2013:1340,bf-gold-coast,2013,Gold Coast,Gary Ablett,1105,resolved,2,,Recruited from Modewarre / Geelong U18,draftguru
bf-gold-coast:2014:1341,bf-gold-coast,2014,Gold Coast,David Swallow,11919,resolved,1,,Recruited from Rossmoyne JFC / East Fremantle,draftguru
bf-gold-coast:2015:1342,bf-gold-coast,2015,Gold Coast,Tom Lynch,11948,resolved,2,,Recruited from Sorrento / Padua College / Dandenong U18,draftguru
bf-gold-coast:2016:1343,bf-gold-coast,2016,Gold Coast,Tom Lynch,11948,resolved,2,,Recruited from Sorrento / Padua College / Dandenong U18,draftguru
bf-gold-coast:2017:1344,bf-gold-coast,2017,Gold Coast,Gary Ablett,1105,resolved,2,,Recruited from Modewarre / Geelong U18,draftguru
bf-gold-coast:2018:1345,bf-gold-coast,2018,Gold Coast,Jarrod Harbrow,11555,resolved,1,,Recruited from South Cairns / Mooroopna / Murray U18,draftguru
bf-gold-coast:2019:1346,bf-gold-coast,2019,Gold Coast,Jarrod Witts,12177,resolved,1,,Recruited from St Ives / Sydney University / NSW-ACT U18 / Collingwood (VFL),draftguru
bf-gold-coast:2020:1347,bf-gold-coast,2020,Gold Coast,Sam Collins,12444,resolved,1,,Recruited from Donvale / Oakleigh U18 / Box Hill,draftguru
bf-gold-coast:2021:1348,bf-gold-coast,2021,Gold Coast,Touk Miller,12331,resolved,1,,Recruited from Maribyrnong Park / St Kevin's College / Calder U18,draftguru
bf-gold-coast:2022:1349,bf-gold-coast,2022,Gold Coast,Touk Miller,12331,resolved,1,,Recruited from Maribyrnong Park / St Kevin's College / Calder U18,draftguru
bf-gold-coast:2023:1350,bf-gold-coast,2023,Gold Coast,Noah Anderson,12767,resolved,1,,Recruited from Boroondara Hawks JFC / Hawthorn Citizens / Carey Grammar / Oakleigh U18,draftguru
bf-gold-coast:2024:1351,bf-gold-coast,2024,Gold Coast,Sam Collins,12444,resolved,1,,Recruited from Donvale / Oakleigh U18 / Box Hill,draftguru
bf-gold-coast:2025:1352,bf-gold-coast,2025,Gold Coast,Matt Rowell,12768,resolved,1,,Recruited from Boroondara Hawks JFC / Canterbury / Carey Grammar / Oakleigh U18,draftguru
bf-greater-western-sydney:2012:1353,bf-greater-western-sydney,2012,GWS,Callan Ward,11677,resolved,1,,Recruited from Spotswood / Western U18,draftguru
bf-greater-western-sydney:2013:1354,bf-greater-western-sydney,2013,GWS,Jeremy Cameron,12017,resolved,1,,Recruited from Dartmoor / North Ballarat U18,draftguru
bf-greater-western-sydney:2014:1355,bf-greater-western-sydney,2014,GWS,Shane Mumford,11656,resolved,1,,Recruited from Bunyip / Geelong (VFL),draftguru
bf-greater-western-sydney:2015:1356,bf-greater-western-sydney,2015,GWS,Heath Shaw,4132,resolved,1,,Recruited from Diamond Creek / Loyola College / Northern U18,draftguru
bf-greater-western-sydney:2016:1357,bf-greater-western-sydney,2016,GWS,Toby Greene,12025,resolved,1,,Recruited from Ashburton / Wesley College / Oakleigh U18,draftguru
bf-greater-western-sydney:2017:1358,bf-greater-western-sydney,2017,GWS,Josh Kelly,12255,resolved,1,,Recruited from East Brighton / Brighton Grammar / Sandringham U18,draftguru
bf-greater-western-sydney:2018:1359,bf-greater-western-sydney,2018,GWS,Lachie Whitfield,12143,resolved,1,,Recruited from Mornington / Mount Martha / Peninsula Grammar / Dandenong U18,draftguru
bf-greater-western-sydney:2019:1360,bf-greater-western-sydney,2019,GWS,Tim Taranto,12504,resolved,1,,Recruited from St Kevin's College / Parkdale / Sandringham U18,draftguru
bf-greater-western-sydney:2020:1361,bf-greater-western-sydney,2020,GWS,Lachie Whitfield,12143,resolved,1,,Recruited from Mornington / Mount Martha / Peninsula Grammar / Dandenong U18,draftguru
bf-greater-western-sydney:2020:1362,bf-greater-western-sydney,2020,GWS,Nick Haynes,12091,resolved,1,,Recruited from Frankston Bombers / Dandenong U18,draftguru
bf-greater-western-sydney:2021:1363,bf-greater-western-sydney,2021,GWS,Josh Kelly,12255,resolved,1,,Recruited from East Brighton / Brighton Grammar / Sandringham U18,draftguru
bf-greater-western-sydney:2022:1364,bf-greater-western-sydney,2022,GWS,Sam Taylor,12644,resolved,1,,Recruited from Guildford Grammar / Swan Districts,draftguru
bf-greater-western-sydney:2023:1365,bf-greater-western-sydney,2023,GWS,Toby Greene,12025,resolved,1,,Recruited from Ashburton / Wesley College / Oakleigh U18,draftguru
bf-greater-western-sydney:2024:1366,bf-greater-western-sydney,2024,GWS,Jesse Hogan,12321,resolved,1,,Recruited from Marist JFC / Newman College / Claremont,draftguru
bf-greater-western-sydney:2025:1367,bf-greater-western-sydney,2025,GWS,Tom Green,12770,resolved,2,,Recruited from Eastlake / Marist College (ACT) / Greater Western Sydney (NEAFL),draftguru
bf-hawthorn:1980:1368,bf-hawthorn,1980,Hawthorn,Leigh Matthews,1949,unique,1,,,draftguru
bf-hawthorn:1981:1369,bf-hawthorn,1981,Hawthorn,Terry Wallace,1371,unique,1,,,draftguru
bf-hawthorn:1982:1370,bf-hawthorn,1982,Hawthorn,Leigh Matthews,1949,unique,1,,,draftguru
bf-hawthorn:1983:1371,bf-hawthorn,1983,Hawthorn,Terry Wallace,1371,unique,1,,,draftguru
bf-hawthorn:1984:1372,bf-hawthorn,1984,Hawthorn,Russell Greene,1767,unique,1,,,draftguru
bf-hawthorn:1985:1373,bf-hawthorn,1985,Hawthorn,Dermott Brereton,234,resolved,1,,Recruited from Frankston Rovers,draftguru
bf-hawthorn:1986:1374,bf-hawthorn,1986,Hawthorn,Gary Ayres,1257,unique,1,,,draftguru
bf-hawthorn:1987:1375,bf-hawthorn,1987,Hawthorn,John Platten,636,resolved,1,,Recruited from Elizabeth / Central District,draftguru
bf-hawthorn:1988:1376,bf-hawthorn,1988,Hawthorn,Jason Dunstall,632,unique,1,,Recruited from Anglican Church Grammar / Coorparoo,draftguru
bf-hawthorn:1989:1377,bf-hawthorn,1989,Hawthorn,Jason Dunstall,632,unique,1,,Recruited from Anglican Church Grammar / Coorparoo,draftguru
bf-hawthorn:1990:1378,bf-hawthorn,1990,Hawthorn,Andrew Collins,625,resolved,2,,Recruited from Doncaster Heights / Sandringham,draftguru
bf-hawthorn:1991:1379,bf-hawthorn,1991,Hawthorn,Ben Allan,481,resolved,1,,Recruited from Aquinas College (WA) / Claremont,draftguru
bf-hawthorn:1992:1380,bf-hawthorn,1992,Hawthorn,Jason Dunstall,632,unique,1,,Recruited from Anglican Church Grammar / Coorparoo,draftguru
bf-hawthorn:1993:1381,bf-hawthorn,1993,Hawthorn,Jason Dunstall,632,unique,1,,Recruited from Anglican Church Grammar / Coorparoo,draftguru
bf-hawthorn:1994:1382,bf-hawthorn,1994,Hawthorn,John Platten,636,resolved,1,,Recruited from Elizabeth / Central District,draftguru
bf-hawthorn:1995:1383,bf-hawthorn,1995,Hawthorn,Darren Jarman,36,resolved,1,,Recruited from Gaza / North Adelaide,draftguru
bf-hawthorn:1996:1384,bf-hawthorn,1996,Hawthorn,Paul Salmon,314,resolved,1,,Recruited from North Ringwood,draftguru
bf-hawthorn:1997:1385,bf-hawthorn,1997,Hawthorn,Paul Salmon,314,resolved,1,,Recruited from North Ringwood,draftguru
bf-hawthorn:1998:1386,bf-hawthorn,1998,Hawthorn,Shane Crawford,633,resolved,1,,Recruited from Finley / Assumption College,draftguru
bf-hawthorn:1999:1387,bf-hawthorn,1999,Hawthorn,Shane Crawford,633,resolved,1,,Recruited from Finley / Assumption College,draftguru
bf-hawthorn:2000:1388,bf-hawthorn,2000,Hawthorn,Daniel Chick,649,resolved,1,,Recruited from East Fremantle,draftguru
bf-hawthorn:2000:1389,bf-hawthorn,2000,Hawthorn,Nick Holland,637,resolved,1,,Recruited from Blackfriars / Walkerville / North Adelaide,draftguru
bf-hawthorn:2001:1390,bf-hawthorn,2001,Hawthorn,Joel Smith,672,resolved,2,,Recruited from Yarrawonga / Murray U18,draftguru
bf-hawthorn:2002:1391,bf-hawthorn,2002,Hawthorn,Shane Crawford,633,resolved,1,,Recruited from Finley / Assumption College,draftguru
bf-hawthorn:2003:1392,bf-hawthorn,2003,Hawthorn,Shane Crawford,633,resolved,1,,Recruited from Finley / Assumption College,draftguru
bf-hawthorn:2004:1393,bf-hawthorn,2004,Hawthorn,Peter Everitt,922,resolved,1,,Recruited from Hastings,draftguru
bf-hawthorn:2005:1394,bf-hawthorn,2005,Hawthorn,Luke Hodge,1134,resolved,1,,Recruited from Colac / Geelong U18,draftguru
bf-hawthorn:2006:1395,bf-hawthorn,2006,Hawthorn,Sam Mitchell,1135,resolved,1,,Recruited from Mooroolbark / Eastern U18 / Box Hill,draftguru
bf-hawthorn:2007:1396,bf-hawthorn,2007,Hawthorn,Brad Sewell,3959,resolved,1,,Recruited from North Ballarat U18,draftguru
bf-hawthorn:2008:1397,bf-hawthorn,2008,Hawthorn,Lance Franklin,4065,resolved,1,,Recruited from Dowerin / Wesley College (WA) / Perth,draftguru
bf-hawthorn:2009:1398,bf-hawthorn,2009,Hawthorn,Sam Mitchell,1135,resolved,1,,Recruited from Mooroolbark / Eastern U18 / Box Hill,draftguru
bf-hawthorn:2010:1399,bf-hawthorn,2010,Hawthorn,Luke Hodge,1134,resolved,1,,Recruited from Colac / Geelong U18,draftguru
bf-hawthorn:2011:1400,bf-hawthorn,2011,Hawthorn,Sam Mitchell,1135,resolved,1,,Recruited from Mooroolbark / Eastern U18 / Box Hill,draftguru
bf-hawthorn:2012:1401,bf-hawthorn,2012,Hawthorn,Sam Mitchell,1135,resolved,1,,Recruited from Mooroolbark / Eastern U18 / Box Hill,draftguru
bf-hawthorn:2013:1402,bf-hawthorn,2013,Hawthorn,Josh Gibson,4145,resolved,1,,Recruited from East Burwood / Trinity Grammar / Oakleigh U18 / Eastern U18 / Port Melbourne,draftguru
bf-hawthorn:2014:1403,bf-hawthorn,2014,Hawthorn,Jordan Lewis,4077,resolved,1,,Recruited from Warrnambool FC / Emmanuel College (Warrnambool) / Geelong U18,draftguru
bf-hawthorn:2015:1404,bf-hawthorn,2015,Hawthorn,Josh Gibson,4145,resolved,1,,Recruited from East Burwood / Trinity Grammar / Oakleigh U18 / Eastern U18 / Port Melbourne,draftguru
bf-hawthorn:2016:1405,bf-hawthorn,2016,Hawthorn,Sam Mitchell,1135,resolved,1,,Recruited from Mooroolbark / Eastern U18 / Box Hill,draftguru
bf-hawthorn:2017:1406,bf-hawthorn,2017,Hawthorn,Tom Mitchell,12196,resolved,1,,Recruited from Ashburton / Carey Grammar / Hale School / Claremont,draftguru
bf-hawthorn:2018:1407,bf-hawthorn,2018,Hawthorn,Tom Mitchell,12196,resolved,1,,Recruited from Ashburton / Carey Grammar / Hale School / Claremont,draftguru
bf-hawthorn:2019:1408,bf-hawthorn,2019,Hawthorn,James Worpel,12619,resolved,1,,Recruited from Bell Park / Geelong U18,draftguru
bf-hawthorn:2020:1409,bf-hawthorn,2020,Hawthorn,Jack Gunston,11845,resolved,1,,Recruited from Beaumaris / Haileybury College / Sandringham U18,draftguru
bf-hawthorn:2021:1410,bf-hawthorn,2021,Hawthorn,Tom Mitchell,12196,resolved,1,,Recruited from Ashburton / Carey Grammar / Hale School / Claremont,draftguru
bf-hawthorn:2022:1411,bf-hawthorn,2022,Hawthorn,James Sicily,12332,resolved,1,,Recruited from Keilor / Western U18 / Williamstown,draftguru
bf-hawthorn:2023:1412,bf-hawthorn,2023,Hawthorn,Will Day,12794,resolved,1,,Recruited from PHOS Camden / Sacred Heart College / West Adelaide,draftguru
bf-hawthorn:2024:1413,bf-hawthorn,2024,Hawthorn,Jai Newcombe,12915,resolved,1,,Recruited from Poowong / Gippsland U18 / Box Hill,draftguru
bf-hawthorn:2025:1414,bf-hawthorn,2025,Hawthorn,Jack Gunston,11845,resolved,1,,Recruited from Beaumaris / Haileybury College / Sandringham U18,draftguru
bf-melbourne:1980:1415,bf-melbourne,1980,Melbourne,Laurie Fowler,1737,unique,1,,,draftguru
bf-melbourne:1981:1416,bf-melbourne,1981,Melbourne,Steven Smith,2178,unique,1,,,draftguru
bf-melbourne:1982:1417,bf-melbourne,1982,Melbourne,Stephen Icke,1830,unique,1,,,draftguru
bf-melbourne:1983:1418,bf-melbourne,1983,Melbourne,Alan Johnson,1337,resolved,1,,,draftguru
bf-melbourne:1984:1419,bf-melbourne,1984,Melbourne,Gerard Healy,1366,resolved,1,,Recruited from Edithvale-Aspendale / St Bede's College,draftguru
bf-melbourne:1985:1420,bf-melbourne,1985,Melbourne,Danny Hughes,1394,resolved,2,,Recruited from Cummins Ramblers / Port Adelaide (SANFL),draftguru
bf-melbourne:1986:1421,bf-melbourne,1986,Melbourne,Greg Healy,1408,unique,1,,Recruited from Edithvale-Aspendale / St Bede's College / Melbourne U19s,draftguru
bf-melbourne:1987:1422,bf-melbourne,1987,Melbourne,Steven Stretch,392,resolved,1,,Recruited from West Torrens,draftguru
bf-melbourne:1988:1423,bf-melbourne,1988,Melbourne,Steven O'Dwyer,,unmatched,0,,,draftguru
bf-melbourne:1989:1424,bf-melbourne,1989,Melbourne,Alan Johnson,1337,resolved,1,,,draftguru
bf-melbourne:1990:1425,bf-melbourne,1990,Melbourne,Garry Lyon,695,unique,1,,Recruited from Kyabram,draftguru
bf-melbourne:1991:1426,bf-melbourne,1991,Melbourne,Jim Stynes,702,unique,1,,Recruited from County Dublin,draftguru
bf-melbourne:1992:1427,bf-melbourne,1992,Melbourne,Glenn Lovett,692,unique,1,,Recruited from Melbourne HS / MHSOB,draftguru
bf-melbourne:1993:1428,bf-melbourne,1993,Melbourne,Todd Viney,700,unique,1,,Recruited from Pembroke School / Sturt,draftguru
bf-melbourne:1994:1429,bf-melbourne,1994,Melbourne,Garry Lyon,695,unique,1,,Recruited from Kyabram,draftguru
bf-melbourne:1995:1430,bf-melbourne,1995,Melbourne,Jim Stynes,702,unique,1,,Recruited from County Dublin,draftguru
bf-melbourne:1996:1431,bf-melbourne,1996,Melbourne,Jim Stynes,702,unique,1,,Recruited from County Dublin,draftguru
bf-melbourne:1997:1432,bf-melbourne,1997,Melbourne,Jim Stynes,702,unique,1,,Recruited from County Dublin,draftguru
bf-melbourne:1998:1433,bf-melbourne,1998,Melbourne,Todd Viney,700,unique,1,,Recruited from Pembroke School / Sturt,draftguru
bf-melbourne:1999:1434,bf-melbourne,1999,Melbourne,David Schwarz,713,unique,1,,Recruited from Sunbury FC,draftguru
bf-melbourne:2000:1435,bf-melbourne,2000,Melbourne,Shane Woewodin,725,resolved,1,,Recruited from Bullcreek Leeming JFC / East Fremantle,draftguru
bf-melbourne:2001:1436,bf-melbourne,2001,Melbourne,Adem Yze,714,resolved,1,,Recruited from Shepparton United / Murray U18,draftguru
bf-melbourne:2002:1437,bf-melbourne,2002,Melbourne,David Neitz,689,unique,1,,Recruited from Parkmore,draftguru
bf-melbourne:2003:1438,bf-melbourne,2003,Melbourne,Russell Robertson,731,resolved,1,,Recruited from Burnie / Tasmania U18,draftguru
bf-melbourne:2004:1439,bf-melbourne,2004,Melbourne,Jeff White,502,resolved,1,,Recruited from Frankston YCW / Dandenong U18,draftguru
bf-melbourne:2005:1440,bf-melbourne,2005,Melbourne,Travis Johnstone,732,resolved,1,,Recruited from Chelsea / Dandenong U18,draftguru
bf-melbourne:2006:1441,bf-melbourne,2006,Melbourne,James McDonald,730,resolved,1,,Recruited from Damascus College / St Patrick's College / Ballarat YCW / North Ballarat U18 / Old Xavs,draftguru
bf-melbourne:2007:1442,bf-melbourne,2007,Melbourne,James McDonald,730,resolved,1,,Recruited from Damascus College / St Patrick's College / Ballarat YCW / North Ballarat U18 / Old Xavs,draftguru
bf-melbourne:2008:1443,bf-melbourne,2008,Melbourne,Cameron Bruce,747,resolved,1,,Recruited from Beaumaris / MHSOB,draftguru
bf-melbourne:2009:1444,bf-melbourne,2009,Melbourne,Aaron Davey,3943,resolved,1,,Recruited from Port Melbourne,draftguru
bf-melbourne:2010:1445,bf-melbourne,2010,Melbourne,Brad Green,748,resolved,1,,Recruited from North Launceston / Tasmania U18,draftguru
bf-melbourne:2011:1446,bf-melbourne,2011,Melbourne,Brent Moloney,1465,resolved,1,,Recruited from South Warrnambool / Geelong U18,draftguru
bf-melbourne:2012:1447,bf-melbourne,2012,Melbourne,Nathan Jones,2447,resolved,1,,Recruited from Mount Eliza / Peninsula Grammar / Dandenong U18,draftguru
bf-melbourne:2013:1448,bf-melbourne,2013,Melbourne,Nathan Jones,2447,resolved,1,,Recruited from Mount Eliza / Peninsula Grammar / Dandenong U18,draftguru
bf-melbourne:2014:1449,bf-melbourne,2014,Melbourne,Nathan Jones,2447,resolved,1,,Recruited from Mount Eliza / Peninsula Grammar / Dandenong U18,draftguru
bf-melbourne:2015:1450,bf-melbourne,2015,Melbourne,Bernie Vince,4151,resolved,1,,Recruited from CMS Crows / Prince Alfred College / Border Districts / Woodville-West Torrens,draftguru
bf-melbourne:2016:1451,bf-melbourne,2016,Melbourne,Jack Viney,12147,resolved,1,,Recruited from Ashburton / Prince Alfred College / North Adelaide / Carey Grammar / Oakleigh U18 / Casey,draftguru
bf-melbourne:2017:1452,bf-melbourne,2017,Melbourne,Clayton Oliver,12410,resolved,1,,Recruited from Mooroopna / Bendigo U18 / Murray U18 / Richmond (VFL),draftguru
bf-melbourne:2018:1453,bf-melbourne,2018,Melbourne,Max Gawn,11966,resolved,1,,Recruited from Ormond / McKinnon SC / Sandringham U18,draftguru
bf-melbourne:2019:1454,bf-melbourne,2019,Melbourne,Clayton Oliver,12410,resolved,1,,Recruited from Mooroopna / Bendigo U18 / Murray U18 / Richmond (VFL),draftguru
bf-melbourne:2019:1455,bf-melbourne,2019,Melbourne,Max Gawn,11966,resolved,1,,Recruited from Ormond / McKinnon SC / Sandringham U18,draftguru
bf-melbourne:2020:1456,bf-melbourne,2020,Melbourne,Christian Petracca,12430,resolved,1,,Recruited from Park Orchards / Warrandyte / Beverley Hills / Whitefriars College / Eastern U18,draftguru
bf-melbourne:2021:1457,bf-melbourne,2021,Melbourne,Clayton Oliver,12410,resolved,1,,Recruited from Mooroopna / Bendigo U18 / Murray U18 / Richmond (VFL),draftguru
bf-melbourne:2022:1458,bf-melbourne,2022,Melbourne,Clayton Oliver,12410,resolved,1,,Recruited from Mooroopna / Bendigo U18 / Murray U18 / Richmond (VFL),draftguru
bf-melbourne:2023:1459,bf-melbourne,2023,Melbourne,Christian Petracca,12430,resolved,1,,Recruited from Park Orchards / Warrandyte / Beverley Hills / Whitefriars College / Eastern U18,draftguru
bf-melbourne:2024:1460,bf-melbourne,2024,Melbourne,Jack Viney,12147,resolved,1,,Recruited from Ashburton / Prince Alfred College / North Adelaide / Carey Grammar / Oakleigh U18 / Casey,draftguru
bf-melbourne:2025:1461,bf-melbourne,2025,Melbourne,Max Gawn,11966,resolved,1,,Recruited from Ormond / McKinnon SC / Sandringham U18,draftguru
bf-north-melbourne:1980:1462,bf-north-melbourne,1980,North Melbourne,Keith Greig,1765,unique,1,,,draftguru
bf-north-melbourne:1981:1463,bf-north-melbourne,1981,North Melbourne,David Dench,1669,unique,1,,,draftguru
bf-north-melbourne:1982:1464,bf-north-melbourne,1982,North Melbourne,Ross Glendinning,1757,unique,1,,Recruited from Scotch College (WA) / East Perth,draftguru
bf-north-melbourne:1983:1465,bf-north-melbourne,1983,North Melbourne,Ross Glendinning,1757,unique,1,,Recruited from Scotch College (WA) / East Perth,draftguru
bf-north-melbourne:1984:1466,bf-north-melbourne,1984,North Melbourne,Kym Hodgeman,,implausible,1,,,draftguru
bf-north-melbourne:1985:1467,bf-north-melbourne,1985,North Melbourne,Matthew Larkin,1303,unique,1,,Recruited from Boronia / St Joseph's College (Ferntree Gully),draftguru
bf-north-melbourne:1986:1468,bf-north-melbourne,1986,North Melbourne,Jim Krakouer,1389,resolved,1,,,draftguru
bf-north-melbourne:1987:1469,bf-north-melbourne,1987,North Melbourne,Matthew Larkin,1303,unique,1,,Recruited from Boronia / St Joseph's College (Ferntree Gully),draftguru
bf-north-melbourne:1988:1470,bf-north-melbourne,1988,North Melbourne,Matthew Larkin,1303,unique,1,,Recruited from Boronia / St Joseph's College (Ferntree Gully),draftguru
bf-north-melbourne:1989:1471,bf-north-melbourne,1989,North Melbourne,Mick Martyn,,implausible,1,,Recruited from Emmanuel College / Newport,draftguru
bf-north-melbourne:1990:1472,bf-north-melbourne,1990,North Melbourne,John Longmire,760,unique,1,,Recruited from Corowa-Rutherglen,draftguru
bf-north-melbourne:1991:1473,bf-north-melbourne,1991,North Melbourne,Craig Sholl,761,unique,1,,Recruited from Horsham FC,draftguru
bf-north-melbourne:1991:1474,bf-north-melbourne,1991,North Melbourne,Mick Martyn,,implausible,1,,Recruited from Emmanuel College / Newport,draftguru
bf-north-melbourne:1992:1475,bf-north-melbourne,1992,North Melbourne,Wayne Carey,766,resolved,1,,Recruited from Wagga / North Adelaide,draftguru
bf-north-melbourne:1993:1476,bf-north-melbourne,1993,North Melbourne,Wayne Carey,766,resolved,1,,Recruited from Wagga / North Adelaide,draftguru
bf-north-melbourne:1994:1477,bf-north-melbourne,1994,North Melbourne,Wayne Schwass,764,resolved,1,,Recruited from South Warrnambool / Trinity Grammar / North Melbourne U19s,draftguru
bf-north-melbourne:1995:1478,bf-north-melbourne,1995,North Melbourne,Wayne Schwass,764,resolved,1,,Recruited from South Warrnambool / Trinity Grammar / North Melbourne U19s,draftguru
bf-north-melbourne:1996:1479,bf-north-melbourne,1996,North Melbourne,Wayne Carey,766,resolved,1,,Recruited from Wagga / North Adelaide,draftguru
bf-north-melbourne:1997:1480,bf-north-melbourne,1997,North Melbourne,Anthony Stevens,772,resolved,1,,Recruited from Waaia / Shepparton FC,draftguru
bf-north-melbourne:1998:1481,bf-north-melbourne,1998,North Melbourne,Wayne Carey,766,resolved,1,,Recruited from Wagga / North Adelaide,draftguru
bf-north-melbourne:1999:1482,bf-north-melbourne,1999,North Melbourne,Anthony Stevens,772,resolved,1,,Recruited from Waaia / Shepparton FC,draftguru
bf-north-melbourne:2000:1483,bf-north-melbourne,2000,North Melbourne,Peter Bell,486,resolved,2,,Recruited from Kojonup / Aquinas College (WA) / South Fremantle,draftguru
bf-north-melbourne:2001:1484,bf-north-melbourne,2001,North Melbourne,Shannon Grant,794,resolved,1,,Recruited from Flemington / St Joseph's College (North Melbourne) / Western U18,draftguru
bf-north-melbourne:2002:1485,bf-north-melbourne,2002,North Melbourne,Adam Simpson,780,resolved,1,,Recruited from Eltham / Northern U18,draftguru
bf-north-melbourne:2003:1486,bf-north-melbourne,2003,North Melbourne,Brent Harvey,788,resolved,1,,Recruited from Preston RSL / Northern U18,draftguru
bf-north-melbourne:2004:1487,bf-north-melbourne,2004,North Melbourne,Brady Rawlings,799,resolved,1,,Recruited from Devonport / Tasmania U18,draftguru
bf-north-melbourne:2005:1488,bf-north-melbourne,2005,North Melbourne,Brent Harvey,788,resolved,1,,Recruited from Preston RSL / Northern U18,draftguru
bf-north-melbourne:2006:1489,bf-north-melbourne,2006,North Melbourne,Brady Rawlings,799,resolved,1,,Recruited from Devonport / Tasmania U18,draftguru
bf-north-melbourne:2007:1490,bf-north-melbourne,2007,North Melbourne,Brent Harvey,788,resolved,1,,Recruited from Preston RSL / Northern U18,draftguru
bf-north-melbourne:2008:1491,bf-north-melbourne,2008,North Melbourne,Brent Harvey,788,resolved,1,,Recruited from Preston RSL / Northern U18,draftguru
bf-north-melbourne:2009:1492,bf-north-melbourne,2009,North Melbourne,Andrew Swallow,4176,resolved,1,,Recruited from Rossmoyne JFC / East Fremantle,draftguru
bf-north-melbourne:2010:1493,bf-north-melbourne,2010,North Melbourne,Brady Rawlings,799,resolved,1,,Recruited from Devonport / Tasmania U18,draftguru
bf-north-melbourne:2010:1494,bf-north-melbourne,2010,North Melbourne,Brent Harvey,788,resolved,1,,Recruited from Preston RSL / Northern U18,draftguru
bf-north-melbourne:2011:1495,bf-north-melbourne,2011,North Melbourne,Andrew Swallow,4176,resolved,1,,Recruited from Rossmoyne JFC / East Fremantle,draftguru
bf-north-melbourne:2011:1496,bf-north-melbourne,2011,North Melbourne,Daniel Wells,1427,resolved,1,,Recruited from Kwinana / Peel,draftguru
bf-north-melbourne:2012:1497,bf-north-melbourne,2012,North Melbourne,Andrew Swallow,4176,resolved,1,,Recruited from Rossmoyne JFC / East Fremantle,draftguru
bf-north-melbourne:2013:1498,bf-north-melbourne,2013,North Melbourne,Daniel Wells,1427,resolved,1,,Recruited from Kwinana / Peel,draftguru
bf-north-melbourne:2013:1499,bf-north-melbourne,2013,North Melbourne,Scott Thompson,11636,resolved,2,,Recruited from South Barwon / Geelong (VFL),draftguru
bf-north-melbourne:2014:1500,bf-north-melbourne,2014,North Melbourne,Ben Cunnington,11835,resolved,1,,Recruited from Cobden / Geelong U18,draftguru
bf-north-melbourne:2015:1501,bf-north-melbourne,2015,North Melbourne,Todd Goldstein,11686,resolved,1,,Recruited from Trinity Grammar / Oakleigh U18,draftguru
bf-north-melbourne:2016:1502,bf-north-melbourne,2016,North Melbourne,Robbie Tarrant,11859,resolved,1,,Recruited from South Mildura / Xavier College / Bendigo U18,draftguru
bf-north-melbourne:2017:1503,bf-north-melbourne,2017,North Melbourne,Shaun Higgins,4180,resolved,1,,Recruited from Newtown & Chilwell / St Joseph's College / Geelong U18,draftguru
bf-north-melbourne:2018:1504,bf-north-melbourne,2018,North Melbourne,Shaun Higgins,4180,resolved,1,,Recruited from Newtown & Chilwell / St Joseph's College / Geelong U18,draftguru
bf-north-melbourne:2019:1505,bf-north-melbourne,2019,North Melbourne,Ben Cunnington,11835,resolved,1,,Recruited from Cobden / Geelong U18,draftguru
bf-north-melbourne:2020:1506,bf-north-melbourne,2020,North Melbourne,Luke McDonald,12246,resolved,1,,Recruited from Kew Comets / Oakleigh U18 / Werribee,draftguru
bf-north-melbourne:2021:1507,bf-north-melbourne,2021,North Melbourne,Jy Simpkin,12502,resolved,1,,Recruited from Mooroopna / Scotch College / Murray U18,draftguru
bf-north-melbourne:2022:1508,bf-north-melbourne,2022,North Melbourne,Jy Simpkin,12502,resolved,1,,Recruited from Mooroopna / Scotch College / Murray U18,draftguru
bf-north-melbourne:2023:1509,bf-north-melbourne,2023,North Melbourne,Harry Sheezel,13034,resolved,1,,Recruited from Ajax / Sandringham U18,draftguru
bf-north-melbourne:2024:1510,bf-north-melbourne,2024,North Melbourne,Luke Davies-Uniacke,12590,resolved,1,,Recruited from Rye / Haileybury College / Dandenong U18,draftguru
bf-north-melbourne:2025:1511,bf-north-melbourne,2025,North Melbourne,Harry Sheezel,13034,resolved,1,,Recruited from Ajax / Sandringham U18,draftguru
bf-north-melbourne:2025:1512,bf-north-melbourne,2025,North Melbourne,Tristan Xerri,12788,resolved,1,,Recruited from Caroline Springs / Lakeview SC / Western U18 / Werribee,draftguru
bf-port-adelaide:1997:1513,bf-port-adelaide,1997,Port Adelaide,Darren Mead,827,resolved,1,,Recruited from Ceduna / Port Adelaide (SANFL),draftguru
bf-port-adelaide:1998:1514,bf-port-adelaide,1998,Port Adelaide,Adam Kingsley,825,resolved,1,,Recruited from Beverley Hills / Doncaster Heights / Eastern U18 / Essendon Reserves,draftguru
bf-port-adelaide:1999:1515,bf-port-adelaide,1999,Port Adelaide,Stephen Paxman,379,resolved,1,,Recruited from East Doncaster,draftguru
bf-port-adelaide:2000:1516,bf-port-adelaide,2000,Port Adelaide,Brett Montgomery,454,resolved,1,,Recruited from South Croydon / Essendon Reserves / Springvale,draftguru
bf-port-adelaide:2001:1517,bf-port-adelaide,2001,Port Adelaide,Warren Tredrea,831,resolved,1,,Recruited from St Michael's College (SA) / Port Adelaide (SANFL),draftguru
bf-port-adelaide:2002:1518,bf-port-adelaide,2002,Port Adelaide,Matthew Primus,407,resolved,1,,Recruited from Grovedale / Geelong U18 / Norwood,draftguru
bf-port-adelaide:2003:1519,bf-port-adelaide,2003,Port Adelaide,Gavin Wanganeen,303,resolved,1,,Recruited from Salisbury North / Port Adelaide (SANFL),draftguru
bf-port-adelaide:2004:1520,bf-port-adelaide,2004,Port Adelaide,Warren Tredrea,831,resolved,1,,Recruited from St Michael's College (SA) / Port Adelaide (SANFL),draftguru
bf-port-adelaide:2005:1521,bf-port-adelaide,2005,Port Adelaide,Warren Tredrea,831,resolved,1,,Recruited from St Michael's College (SA) / Port Adelaide (SANFL),draftguru
bf-port-adelaide:2006:1522,bf-port-adelaide,2006,Port Adelaide,Brendon Lade,822,resolved,1,,Recruited from South Adelaide,draftguru
bf-port-adelaide:2007:1523,bf-port-adelaide,2007,Port Adelaide,Kane Cornes,857,resolved,1,,Recruited from Brighton Districts & Old Scholars / Sacred Heart College / Glenelg,draftguru
bf-port-adelaide:2008:1524,bf-port-adelaide,2008,Port Adelaide,Kane Cornes,857,resolved,1,,Recruited from Brighton Districts & Old Scholars / Sacred Heart College / Glenelg,draftguru
bf-port-adelaide:2009:1525,bf-port-adelaide,2009,Port Adelaide,Warren Tredrea,831,resolved,1,,Recruited from St Michael's College (SA) / Port Adelaide (SANFL),draftguru
bf-port-adelaide:2010:1526,bf-port-adelaide,2010,Port Adelaide,Kane Cornes,857,resolved,1,,Recruited from Brighton Districts & Old Scholars / Sacred Heart College / Glenelg,draftguru
bf-port-adelaide:2011:1527,bf-port-adelaide,2011,Port Adelaide,Jackson Trengove,11812,resolved,1,,Recruited from Strathmore / PEGS / Calder U18,draftguru
bf-port-adelaide:2011:1528,bf-port-adelaide,2011,Port Adelaide,Travis Boak,11583,resolved,1,,Recruited from Torquay / Geelong U18,draftguru
bf-port-adelaide:2012:1529,bf-port-adelaide,2012,Port Adelaide,Kane Cornes,857,resolved,1,,Recruited from Brighton Districts & Old Scholars / Sacred Heart College / Glenelg,draftguru
bf-port-adelaide:2013:1530,bf-port-adelaide,2013,Port Adelaide,Chad Wingard,12047,resolved,1,,Recruited from Murray Bridge Imperials / Sturt,draftguru
bf-port-adelaide:2014:1531,bf-port-adelaide,2014,Port Adelaide,Robbie Gray,11578,resolved,1,,Recruited from East Burwood / Oakleigh U18,draftguru
bf-port-adelaide:2015:1532,bf-port-adelaide,2015,Port Adelaide,Robbie Gray,11578,resolved,1,,Recruited from East Burwood / Oakleigh U18,draftguru
bf-port-adelaide:2016:1533,bf-port-adelaide,2016,Port Adelaide,Robbie Gray,11578,resolved,1,,Recruited from East Burwood / Oakleigh U18,draftguru
bf-port-adelaide:2017:1534,bf-port-adelaide,2017,Port Adelaide,Paddy Ryder,4144,resolved,1,,Recruited from Geraldton Rovers / East Fremantle,draftguru
bf-port-adelaide:2018:1535,bf-port-adelaide,2018,Port Adelaide,Justin Westhoff,11579,resolved,1,,Recruited from Tanunda / Central District,draftguru
bf-port-adelaide:2019:1536,bf-port-adelaide,2019,Port Adelaide,Travis Boak,11583,resolved,1,,Recruited from Torquay / Geelong U18,draftguru
bf-port-adelaide:2020:1537,bf-port-adelaide,2020,Port Adelaide,Darcy Byrne-Jones,12422,resolved,1,,Recruited from Camberwell / Scotch College / Oakleigh U18,draftguru
bf-port-adelaide:2021:1538,bf-port-adelaide,2021,Port Adelaide,Ollie Wines,12150,resolved,1,,Recruited from Echuca / Bendigo U18,draftguru
bf-port-adelaide:2022:1539,bf-port-adelaide,2022,Port Adelaide,Connor Rozee,12697,resolved,1,,Recruited from South Augusta / North Adelaide,draftguru
bf-port-adelaide:2023:1540,bf-port-adelaide,2023,Port Adelaide,Zak Butters,12698,resolved,1,,Recruited from Darley / Maribyrnong College / Western U18,draftguru
bf-port-adelaide:2024:1541,bf-port-adelaide,2024,Port Adelaide,Zak Butters,12698,resolved,1,,Recruited from Darley / Maribyrnong College / Western U18,draftguru
bf-port-adelaide:2025:1542,bf-port-adelaide,2025,Port Adelaide,Zak Butters,12698,resolved,1,,Recruited from Darley / Maribyrnong College / Western U18,draftguru
bf-richmond:1980:1543,bf-richmond,1980,Richmond,Geoff Raines,2092,unique,1,,,draftguru
bf-richmond:1981:1544,bf-richmond,1981,Richmond,Geoff Raines,2092,unique,1,,,draftguru
bf-richmond:1982:1545,bf-richmond,1982,Richmond,Maurice Rioli,2113,resolved,2,,,draftguru
bf-richmond:1983:1546,bf-richmond,1983,Richmond,Maurice Rioli,2113,resolved,2,,,draftguru
bf-richmond:1984:1547,bf-richmond,1984,Richmond,Mark Lee,1363,unique,1,,,draftguru
bf-richmond:1985:1548,bf-richmond,1985,Richmond,Trevor Poole,1260,resolved,1,,,draftguru
bf-richmond:1986:1549,bf-richmond,1986,Richmond,Dale Weightman,1256,unique,1,,,draftguru
bf-richmond:1987:1550,bf-richmond,1987,Richmond,Dale Weightman,1256,unique,1,,,draftguru
bf-richmond:1988:1551,bf-richmond,1988,Richmond,Michael Pickering,1259,resolved,2,,,draftguru
bf-richmond:1989:1552,bf-richmond,1989,Richmond,Tony Free,858,unique,1,,Recruited from Lalbert,draftguru
bf-richmond:1990:1553,bf-richmond,1990,Richmond,Matthew Knights,865,unique,1,,Recruited from Merbein,draftguru
bf-richmond:1991:1554,bf-richmond,1991,Richmond,Craig Lambert,123,resolved,1,,Recruited from North Dandenong,draftguru
bf-richmond:1992:1555,bf-richmond,1992,Richmond,Matthew Knights,865,unique,1,,Recruited from Merbein,draftguru
bf-richmond:1993:1556,bf-richmond,1993,Richmond,Tony Free,858,unique,1,,Recruited from Lalbert,draftguru
bf-richmond:1994:1557,bf-richmond,1994,Richmond,Chris Bond,525,resolved,1,,Recruited from North Hobart,draftguru
bf-richmond:1995:1558,bf-richmond,1995,Richmond,Wayne Campbell,869,resolved,1,,Recruited from Golden Square,draftguru
bf-richmond:1996:1559,bf-richmond,1996,Richmond,Paul Broderick,872,resolved,1,,Recruited from Camperdown,draftguru
bf-richmond:1997:1560,bf-richmond,1997,Richmond,Wayne Campbell,869,resolved,1,,Recruited from Golden Square,draftguru
bf-richmond:1998:1561,bf-richmond,1998,Richmond,Nick Daffy,873,resolved,1,,Recruited from North Gambier,draftguru
bf-richmond:1999:1562,bf-richmond,1999,Richmond,Wayne Campbell,869,resolved,1,,Recruited from Golden Square,draftguru
bf-richmond:2000:1563,bf-richmond,2000,Richmond,Andrew Kellaway,899,resolved,1,,Recruited from Caulfield Grammar / Sandringham,draftguru
bf-richmond:2001:1564,bf-richmond,2001,Richmond,Darren Gaspar,886,resolved,1,,Recruited from South Fremantle,draftguru
bf-richmond:2002:1565,bf-richmond,2002,Richmond,Wayne Campbell,869,resolved,1,,Recruited from Golden Square,draftguru
bf-richmond:2003:1566,bf-richmond,2003,Richmond,Mark Coughlan,916,resolved,1,,Recruited from Wesley College (WA) / Perth,draftguru
bf-richmond:2004:1567,bf-richmond,2004,Richmond,Joel Bowden,890,resolved,1,,Recruited from West Alice Springs,draftguru
bf-richmond:2005:1568,bf-richmond,2005,Richmond,Joel Bowden,890,resolved,1,,Recruited from West Alice Springs,draftguru
bf-richmond:2006:1569,bf-richmond,2006,Richmond,Kane Johnson,43,resolved,1,,Recruited from Ringwood / Eastern U18,draftguru
bf-richmond:2007:1570,bf-richmond,2007,Richmond,Matthew Richardson,870,resolved,1,,Recruited from Devonport,draftguru
bf-richmond:2008:1571,bf-richmond,2008,Richmond,Brett Deledio,4068,resolved,1,,Recruited from Kyabram / Murray U18,draftguru
bf-richmond:2009:1572,bf-richmond,2009,Richmond,Brett Deledio,4068,resolved,1,,Recruited from Kyabram / Murray U18,draftguru
bf-richmond:2010:1573,bf-richmond,2010,Richmond,Jack Riewoldt,11576,resolved,1,,Recruited from Clarence / Tasmania U18,draftguru
bf-richmond:2011:1574,bf-richmond,2011,Richmond,Trent Cotchin,11666,resolved,1,,Recruited from West Preston / Parade College / PEGS / Northern U18,draftguru
bf-richmond:2012:1575,bf-richmond,2012,Richmond,Trent Cotchin,11666,resolved,1,,Recruited from West Preston / Parade College / PEGS / Northern U18,draftguru
bf-richmond:2013:1576,bf-richmond,2013,Richmond,Daniel Jackson,4044,resolved,1,,Recruited from Carey Grammar / Oakleigh U18,draftguru
bf-richmond:2014:1577,bf-richmond,2014,Richmond,Trent Cotchin,11666,resolved,1,,Recruited from West Preston / Parade College / PEGS / Northern U18,draftguru
bf-richmond:2015:1578,bf-richmond,2015,Richmond,Alex Rance,11733,resolved,1,,Recruited from High Wycombe JFC / Noranda / Guildford Grammar / Swan Districts,draftguru
bf-richmond:2016:1579,bf-richmond,2016,Richmond,Dustin Martin,11794,resolved,1,,Recruited from Castlemaine / Bendigo U18,draftguru
bf-richmond:2017:1580,bf-richmond,2017,Richmond,Dustin Martin,11794,resolved,1,,Recruited from Castlemaine / Bendigo U18,draftguru
bf-richmond:2018:1581,bf-richmond,2018,Richmond,Jack Riewoldt,11576,resolved,1,,Recruited from Clarence / Tasmania U18,draftguru
bf-richmond:2019:1582,bf-richmond,2019,Richmond,Dion Prestia,11917,resolved,1,,Recruited from West Lalor / Assumption College / Calder U18,draftguru
bf-richmond:2020:1583,bf-richmond,2020,Richmond,Jayden Short,12418,resolved,1,,Recruited from Bundoora / Northern U18,draftguru
bf-richmond:2021:1584,bf-richmond,2021,Richmond,Dylan Grimes,11879,resolved,1,,Recruited from Hurstbridge / Loyola College / Northern U18,draftguru
bf-richmond:2022:1585,bf-richmond,2022,Richmond,Tom Lynch,11948,resolved,2,,Recruited from Sorrento / Padua College / Dandenong U18,draftguru
bf-richmond:2023:1586,bf-richmond,2023,Richmond,Tim Taranto,12504,resolved,1,,Recruited from St Kevin's College / Parkdale / Sandringham U18,draftguru
bf-richmond:2024:1587,bf-richmond,2024,Richmond,Daniel Rioli,12403,resolved,1,,Recruited from St Marys / East Point / St Patrick's College / North Ballarat U18,draftguru
bf-richmond:2025:1588,bf-richmond,2025,Richmond,Tim Taranto,12504,resolved,1,,Recruited from St Kevin's College / Parkdale / Sandringham U18,draftguru
bf-st-kilda:1980:1589,bf-st-kilda,1980,St Kilda,Jeff Dunne,1688,unique,1,,,draftguru
bf-st-kilda:1981:1590,bf-st-kilda,1981,St Kilda,Trevor Barker,1511,unique,1,,,draftguru
bf-st-kilda:1982:1591,bf-st-kilda,1982,St Kilda,Peter Kiel,1877,unique,1,,,draftguru
bf-st-kilda:1983:1592,bf-st-kilda,1983,St Kilda,Max Crow,1638,unique,1,,,draftguru
bf-st-kilda:1984:1593,bf-st-kilda,1984,St Kilda,Greg Burns,1570,unique,1,,,draftguru
bf-st-kilda:1985:1594,bf-st-kilda,1985,St Kilda,Paul Morwood,2006,unique,1,,,draftguru
bf-st-kilda:1986:1595,bf-st-kilda,1986,St Kilda,Greg Burns,1570,unique,1,,,draftguru
bf-st-kilda:1987:1596,bf-st-kilda,1987,St Kilda,Tony Lockett,990,resolved,1,,Recruited from Ballarat Grammar / North Ballarat,draftguru
bf-st-kilda:1988:1597,bf-st-kilda,1988,St Kilda,Danny Frawley,918,unique,1,,Recruited from Bungaree / St Patrick's College / East Ballarat,draftguru
bf-st-kilda:1989:1598,bf-st-kilda,1989,St Kilda,Nicky Winmar,461,resolved,1,,Recruited from Pingelly / South Fremantle,draftguru
bf-st-kilda:1990:1599,bf-st-kilda,1990,St Kilda,Stewart Loewe,927,unique,1,,Recruited from Frankston P&C / Peninsula Grammar / Haileybury College / Mount Eliza,draftguru
bf-st-kilda:1991:1600,bf-st-kilda,1991,St Kilda,Tony Lockett,990,resolved,1,,Recruited from Ballarat Grammar / North Ballarat,draftguru
bf-st-kilda:1992:1601,bf-st-kilda,1992,St Kilda,Robert Harvey,930,unique,1,,Recruited from Seaford,draftguru
bf-st-kilda:1993:1602,bf-st-kilda,1993,St Kilda,Nathan Burke,919,unique,1,,Recruited from Pines,draftguru
bf-st-kilda:1994:1603,bf-st-kilda,1994,St Kilda,Robert Harvey,930,unique,1,,Recruited from Seaford,draftguru
bf-st-kilda:1995:1604,bf-st-kilda,1995,St Kilda,Nicky Winmar,461,resolved,1,,Recruited from Pingelly / South Fremantle,draftguru
bf-st-kilda:1996:1605,bf-st-kilda,1996,St Kilda,Nathan Burke,919,unique,1,,Recruited from Pines,draftguru
bf-st-kilda:1997:1606,bf-st-kilda,1997,St Kilda,Robert Harvey,930,unique,1,,Recruited from Seaford,draftguru
bf-st-kilda:1998:1607,bf-st-kilda,1998,St Kilda,Robert Harvey,930,unique,1,,Recruited from Seaford,draftguru
bf-st-kilda:1999:1608,bf-st-kilda,1999,St Kilda,Nathan Burke,919,unique,1,,Recruited from Pines,draftguru
bf-st-kilda:2000:1609,bf-st-kilda,2000,St Kilda,Andrew Thompson,957,resolved,1,,Recruited from Melbourne Grammar / Old Melburnians,draftguru
bf-st-kilda:2001:1610,bf-st-kilda,2001,St Kilda,Peter Everitt,922,resolved,1,,Recruited from Hastings,draftguru
bf-st-kilda:2002:1611,bf-st-kilda,2002,St Kilda,Nick Riewoldt,981,resolved,1,,Recruited from Broadbeach / Southport,draftguru
bf-st-kilda:2003:1612,bf-st-kilda,2003,St Kilda,Lenny Hayes,966,resolved,1,,Recruited from Pennant Hills / NSW-ACT U18,draftguru
bf-st-kilda:2004:1613,bf-st-kilda,2004,St Kilda,Nick Riewoldt,981,resolved,1,,Recruited from Broadbeach / Southport,draftguru
bf-st-kilda:2005:1614,bf-st-kilda,2005,St Kilda,Luke Ball,1430,resolved,1,,Recruited from Ashburton / Xavier College / Sandringham U18,draftguru
bf-st-kilda:2005:1615,bf-st-kilda,2005,St Kilda,Steven Baker,967,resolved,1,,Recruited from South Colac / Geelong U18,draftguru
bf-st-kilda:2006:1616,bf-st-kilda,2006,St Kilda,Nick Riewoldt,981,resolved,1,,Recruited from Broadbeach / Southport,draftguru
bf-st-kilda:2007:1617,bf-st-kilda,2007,St Kilda,Nick Riewoldt,981,resolved,1,,Recruited from Broadbeach / Southport,draftguru
bf-st-kilda:2008:1618,bf-st-kilda,2008,St Kilda,Sam Fisher,3975,resolved,1,,Recruited from Barmera-Monash / West Adelaide,draftguru
bf-st-kilda:2009:1619,bf-st-kilda,2009,St Kilda,Nick Riewoldt,981,resolved,1,,Recruited from Broadbeach / Southport,draftguru
bf-st-kilda:2010:1620,bf-st-kilda,2010,St Kilda,Lenny Hayes,966,resolved,1,,Recruited from Pennant Hills / NSW-ACT U18,draftguru
bf-st-kilda:2011:1621,bf-st-kilda,2011,St Kilda,Sam Fisher,3975,resolved,1,,Recruited from Barmera-Monash / West Adelaide,draftguru
bf-st-kilda:2012:1622,bf-st-kilda,2012,St Kilda,Lenny Hayes,966,resolved,1,,Recruited from Pennant Hills / NSW-ACT U18,draftguru
bf-st-kilda:2013:1623,bf-st-kilda,2013,St Kilda,Jack Steven,11791,resolved,1,,Recruited from Lorne / Geelong U18,draftguru
bf-st-kilda:2014:1624,bf-st-kilda,2014,St Kilda,Nick Riewoldt,981,resolved,1,,Recruited from Broadbeach / Southport,draftguru
bf-st-kilda:2015:1625,bf-st-kilda,2015,St Kilda,Jack Steven,11791,resolved,1,,Recruited from Lorne / Geelong U18,draftguru
bf-st-kilda:2016:1626,bf-st-kilda,2016,St Kilda,Jack Steven,11791,resolved,1,,Recruited from Lorne / Geelong U18,draftguru
bf-st-kilda:2017:1627,bf-st-kilda,2017,St Kilda,Sebastian Ross,12132,resolved,1,,Recruited from Horsham FC / Ballarat Clarendon College / North Ballarat U18 / North Ballarat,draftguru
bf-st-kilda:2018:1628,bf-st-kilda,2018,St Kilda,Jack Steven,11791,resolved,1,,Recruited from Lorne / Geelong U18,draftguru
bf-st-kilda:2019:1629,bf-st-kilda,2019,St Kilda,Sebastian Ross,12132,resolved,1,,Recruited from Horsham FC / Ballarat Clarendon College / North Ballarat U18 / North Ballarat,draftguru
bf-st-kilda:2020:1630,bf-st-kilda,2020,St Kilda,Jack Steele,12368,resolved,1,,Recruited from Gungahlin / Belconnen / NSW-ACT U18 / Greater Western Sydney (NEAFL),draftguru
bf-st-kilda:2021:1631,bf-st-kilda,2021,St Kilda,Jack Steele,12368,resolved,1,,Recruited from Gungahlin / Belconnen / NSW-ACT U18 / Greater Western Sydney (NEAFL),draftguru
bf-st-kilda:2022:1632,bf-st-kilda,2022,St Kilda,Jack Sinclair,12325,resolved,1,,Recruited from Kew Comets / Scotch College / Oakleigh U18 / Old Scotch / Port Melbourne,draftguru
bf-st-kilda:2023:1633,bf-st-kilda,2023,St Kilda,Jack Sinclair,12325,resolved,1,,Recruited from Kew Comets / Scotch College / Oakleigh U18 / Old Scotch / Port Melbourne,draftguru
bf-st-kilda:2024:1634,bf-st-kilda,2024,St Kilda,Callum Wilkie,12703,resolved,1,,Recruited from Walkerville / Rostrevor College / North Adelaide,draftguru
bf-st-kilda:2025:1635,bf-st-kilda,2025,St Kilda,Nasiah Wanganeen-Milera,12950,resolved,1,,Recruited from Marion / Glenelg,draftguru
bf-sydney:1980:1636,bf-sydney,1980,South Melbourne,David Ackerly,1478,unique,1,,,draftguru
bf-sydney:1981:1637,bf-sydney,1981,South Melbourne,Barry Round,2131,resolved,1,,,draftguru
bf-sydney:1982:1638,bf-sydney,1982,Sydney,David Ackerly,1478,unique,1,,,draftguru
bf-sydney:1983:1639,bf-sydney,1983,Sydney,Mark Browning,1557,unique,1,,Recruited from Beverley Hills,draftguru
bf-sydney:1984:1640,bf-sydney,1984,Sydney,Bernie Evans,1710,unique,1,,,draftguru
bf-sydney:1985:1641,bf-sydney,1985,Sydney,Stephen Wright,1368,unique,1,,,draftguru
bf-sydney:1986:1642,bf-sydney,1986,Sydney,Gerard Healy,1366,resolved,1,,Recruited from Edithvale-Aspendale / St Bede's College,draftguru
bf-sydney:1987:1643,bf-sydney,1987,Sydney,Gerard Healy,1366,resolved,1,,Recruited from Edithvale-Aspendale / St Bede's College,draftguru
bf-sydney:1988:1644,bf-sydney,1988,Sydney,Gerard Healy,1366,resolved,1,,Recruited from Edithvale-Aspendale / St Bede's College,draftguru
bf-sydney:1989:1645,bf-sydney,1989,Sydney,Mark Bayes,988,unique,1,,Recruited from Noble Park,draftguru
bf-sydney:1990:1646,bf-sydney,1990,Sydney,Stephen Wright,1368,unique,1,,,draftguru
bf-sydney:1991:1647,bf-sydney,1991,Sydney,Barry Mitchell,157,resolved,1,,Recruited from Mulgrave,draftguru
bf-sydney:1992:1648,bf-sydney,1992,Sydney,Paul Kelly,993,unique,1,,Recruited from Wagga,draftguru
bf-sydney:1993:1649,bf-sydney,1993,Sydney,Paul Kelly,993,unique,1,,Recruited from Wagga,draftguru
bf-sydney:1994:1650,bf-sydney,1994,Sydney,Daryn Cresswell,992,resolved,1,,Recruited from North Hobart,draftguru
bf-sydney:1995:1651,bf-sydney,1995,Sydney,Tony Lockett,990,resolved,1,,Recruited from Ballarat Grammar / North Ballarat,draftguru
bf-sydney:1996:1652,bf-sydney,1996,Sydney,Paul Kelly,993,unique,1,,Recruited from Wagga,draftguru
bf-sydney:1997:1653,bf-sydney,1997,Sydney,Paul Kelly,993,unique,1,,Recruited from Wagga,draftguru
bf-sydney:1998:1654,bf-sydney,1998,Sydney,Michael O'Loughlin,,unmatched,0,,Recruited from Salisbury North / Central District,draftguru
bf-sydney:1999:1655,bf-sydney,1999,Sydney,Wayne Schwass,764,resolved,1,,Recruited from South Warrnambool / Trinity Grammar / North Melbourne U19s,draftguru
bf-sydney:2000:1656,bf-sydney,2000,Sydney,Andrew Schauble,241,resolved,1,,Recruited from Xavier College,draftguru
bf-sydney:2001:1657,bf-sydney,2001,Sydney,Paul Williams,215,resolved,1,,Recruited from North Hobart,draftguru
bf-sydney:2002:1658,bf-sydney,2002,Sydney,Paul Williams,215,resolved,1,,Recruited from North Hobart,draftguru
bf-sydney:2003:1659,bf-sydney,2003,Sydney,Adam Goodes,1012,resolved,1,,Recruited from Horsham FC / North Ballarat U18,draftguru
bf-sydney:2004:1660,bf-sydney,2004,Sydney,Barry Hall,953,resolved,1,,Recruited from Broadford / Murray U18,draftguru
bf-sydney:2005:1661,bf-sydney,2005,Sydney,Brett Kirk,1015,resolved,1,,Recruited from North Albury,draftguru
bf-sydney:2006:1662,bf-sydney,2006,Sydney,Adam Goodes,1012,resolved,1,,Recruited from Horsham FC / North Ballarat U18,draftguru
bf-sydney:2007:1663,bf-sydney,2007,Sydney,Brett Kirk,1015,resolved,1,,Recruited from North Albury,draftguru
bf-sydney:2008:1664,bf-sydney,2008,Sydney,Jarrad McVeigh,3950,resolved,1,,Recruited from Pennant Hills / NSW-ACT U18,draftguru
bf-sydney:2009:1665,bf-sydney,2009,Sydney,Ryan O'Keefe,1024,resolved,0,,Recruited from St Kevin's College / Calder U18,draftguru
bf-sydney:2010:1666,bf-sydney,2010,Sydney,Kieren Jack,11546,resolved,1,,Recruited from Oakhill College / Pennant Hills / NSW-ACT U18,draftguru
bf-sydney:2011:1667,bf-sydney,2011,Sydney,Adam Goodes,1012,resolved,1,,Recruited from Horsham FC / North Ballarat U18,draftguru
bf-sydney:2012:1668,bf-sydney,2012,Sydney,Josh Kennedy,11672,resolved,2,,Recruited from Ashburton / East Sandringham / Xavier College / Sandringham U18,draftguru
bf-sydney:2013:1669,bf-sydney,2013,Sydney,Jarrad McVeigh,3950,resolved,1,,Recruited from Pennant Hills / NSW-ACT U18,draftguru
bf-sydney:2014:1670,bf-sydney,2014,Sydney,Luke Parker,11953,resolved,1,,Recruited from Langwarrin / Dandenong U18,draftguru
bf-sydney:2015:1671,bf-sydney,2015,Sydney,Josh Kennedy,11672,resolved,2,,Recruited from Ashburton / East Sandringham / Xavier College / Sandringham U18,draftguru
bf-sydney:2016:1672,bf-sydney,2016,Sydney,Josh Kennedy,11672,resolved,2,,Recruited from Ashburton / East Sandringham / Xavier College / Sandringham U18,draftguru
bf-sydney:2017:1673,bf-sydney,2017,Sydney,Luke Parker,11953,resolved,1,,Recruited from Langwarrin / Dandenong U18,draftguru
bf-sydney:2018:1674,bf-sydney,2018,Sydney,Jake Lloyd,12268,resolved,1,,Recruited from Horsham FC / North Ballarat U18 / North Ballarat,draftguru
bf-sydney:2019:1675,bf-sydney,2019,Sydney,Dane Rampe,12140,resolved,1,,Recruited from Newington College / Williamstown / UNSW-Eastern Suburbs / Sydney (NEAFL),draftguru
bf-sydney:2020:1676,bf-sydney,2020,Sydney,Jake Lloyd,12268,resolved,1,,Recruited from Horsham FC / North Ballarat U18 / North Ballarat,draftguru
bf-sydney:2021:1677,bf-sydney,2021,Sydney,Luke Parker,11953,resolved,1,,Recruited from Langwarrin / Dandenong U18,draftguru
bf-sydney:2022:1678,bf-sydney,2022,Sydney,Callum Mills,12413,resolved,1,,Recruited from Mosman / North Shore (NSW) / NSW-ACT U18 / Sydney (NEAFL),draftguru
bf-sydney:2023:1679,bf-sydney,2023,Sydney,Errol Gulden,12862,resolved,1,,Recruited from Maroubra,draftguru
bf-sydney:2024:1680,bf-sydney,2024,Sydney,Isaac Heeney,12326,resolved,1,,Recruited from Cardiff / NSW-ACT U18 / Sydney (NEAFL),draftguru
bf-sydney:2025:1681,bf-sydney,2025,Sydney,Isaac Heeney,12326,resolved,1,,Recruited from Cardiff / NSW-ACT U18 / Sydney (NEAFL),draftguru
bf-west-coast:1987:1682,bf-west-coast,1987,West Coast,Steve Malaxos,,unmatched,0,,Recruited from Claremont,draftguru
bf-west-coast:1988:1683,bf-west-coast,1988,West Coast,John Worsfold,1037,unique,1,,Recruited from South Fremantle,draftguru
bf-west-coast:1989:1684,bf-west-coast,1989,West Coast,Guy McKenna,1032,unique,1,,Recruited from Claremont,draftguru
bf-west-coast:1990:1685,bf-west-coast,1990,West Coast,Chris Lewis,1039,unique,1,,Recruited from Christ Church Grammar / Claremont,draftguru
bf-west-coast:1991:1686,bf-west-coast,1991,West Coast,Craig Turley,717,resolved,1,,Recruited from West Perth,draftguru
bf-west-coast:1992:1687,bf-west-coast,1992,West Coast,Dean Kemp,1028,resolved,1,,Recruited from Subiaco,draftguru
bf-west-coast:1993:1688,bf-west-coast,1993,West Coast,Don Pyke,1045,resolved,1,,Recruited from Belconnen / Claremont,draftguru
bf-west-coast:1993:1689,bf-west-coast,1993,West Coast,Glen Jakovich,1038,resolved,1,,Recruited from South Fremantle,draftguru
bf-west-coast:1994:1690,bf-west-coast,1994,West Coast,Glen Jakovich,1038,resolved,1,,Recruited from South Fremantle,draftguru
bf-west-coast:1995:1691,bf-west-coast,1995,West Coast,Glen Jakovich,1038,resolved,1,,Recruited from South Fremantle,draftguru
bf-west-coast:1996:1692,bf-west-coast,1996,West Coast,Drew Banfield,1031,resolved,1,,Recruited from Scotch College (WA) / Subiaco,draftguru
bf-west-coast:1997:1693,bf-west-coast,1997,West Coast,Peter Matera,1040,resolved,1,,Recruited from South Fremantle,draftguru
bf-west-coast:1998:1694,bf-west-coast,1998,West Coast,Ashley McIntosh,1034,resolved,1,,Recruited from Dalkeith Nedlands JFC / Scotch College (WA) / Claremont,draftguru
bf-west-coast:1999:1695,bf-west-coast,1999,West Coast,Guy McKenna,1032,unique,1,,Recruited from Claremont,draftguru
bf-west-coast:2000:1696,bf-west-coast,2000,West Coast,Glen Jakovich,1038,resolved,1,,Recruited from South Fremantle,draftguru
bf-west-coast:2001:1697,bf-west-coast,2001,West Coast,Ben Cousins,1051,resolved,1,,Recruited from Bullcreek Leeming JFC / Wesley College (WA) / East Fremantle,draftguru
bf-west-coast:2002:1698,bf-west-coast,2002,West Coast,Ben Cousins,1051,resolved,1,,Recruited from Bullcreek Leeming JFC / Wesley College (WA) / East Fremantle,draftguru
bf-west-coast:2003:1699,bf-west-coast,2003,West Coast,Ben Cousins,1051,resolved,1,,Recruited from Bullcreek Leeming JFC / Wesley College (WA) / East Fremantle,draftguru
bf-west-coast:2004:1700,bf-west-coast,2004,West Coast,Chris Judd,1122,resolved,1,,Recruited from East Sandringham / Caulfield Grammar / Sandringham U18,draftguru
bf-west-coast:2005:1701,bf-west-coast,2005,West Coast,Ben Cousins,1051,resolved,1,,Recruited from Bullcreek Leeming JFC / Wesley College (WA) / East Fremantle,draftguru
bf-west-coast:2006:1702,bf-west-coast,2006,West Coast,Chris Judd,1122,resolved,1,,Recruited from East Sandringham / Caulfield Grammar / Sandringham U18,draftguru
bf-west-coast:2007:1703,bf-west-coast,2007,West Coast,Darren Glass,1068,resolved,1,,Recruited from Northam Railways / Perth,draftguru
bf-west-coast:2008:1704,bf-west-coast,2008,West Coast,Dean Cox,1079,resolved,1,,Recruited from East Perth,draftguru
bf-west-coast:2009:1705,bf-west-coast,2009,West Coast,Darren Glass,1068,resolved,1,,Recruited from Northam Railways / Perth,draftguru
bf-west-coast:2010:1706,bf-west-coast,2010,West Coast,Mark LeCras,4114,resolved,1,,Recruited from Cervantes / Whitford JFC / Aquinas College (WA) / West Perth,draftguru
bf-west-coast:2011:1707,bf-west-coast,2011,West Coast,Darren Glass,1068,resolved,1,,Recruited from Northam Railways / Perth,draftguru
bf-west-coast:2012:1708,bf-west-coast,2012,West Coast,Scott Selwood,11644,resolved,1,,Recruited from Sandhurst / Bendigo U18,draftguru
bf-west-coast:2013:1709,bf-west-coast,2013,West Coast,Matt Priddis,4186,resolved,1,,Recruited from Sorrento Duncraig JFC / Subiaco,draftguru
bf-west-coast:2014:1710,bf-west-coast,2014,West Coast,Eric Mackenzie,11596,resolved,1,,Recruited from Christ Church Grammar / Claremont,draftguru
bf-west-coast:2015:1711,bf-west-coast,2015,West Coast,Andrew Gaff,11904,resolved,1,,Recruited from Kew Comets / Carey Grammar / Oakleigh U18,draftguru
bf-west-coast:2016:1712,bf-west-coast,2016,West Coast,Luke Shuey,11805,resolved,1,,Recruited from Bulleen-Templestowe / Marcellin College / Oakleigh U18,draftguru
bf-west-coast:2017:1713,bf-west-coast,2017,West Coast,Elliot Yeo,12087,resolved,1,,Recruited from Booragoon / Aquinas College (WA) / East Fremantle,draftguru
bf-west-coast:2018:1714,bf-west-coast,2018,West Coast,Elliot Yeo,12087,resolved,1,,Recruited from Booragoon / Aquinas College (WA) / East Fremantle,draftguru
bf-west-coast:2019:1715,bf-west-coast,2019,West Coast,Luke Shuey,11805,resolved,1,,Recruited from Bulleen-Templestowe / Marcellin College / Oakleigh U18,draftguru
bf-west-coast:2020:1716,bf-west-coast,2020,West Coast,Nic Naitanui,11768,resolved,1,,Recruited from Midvale / Swan Districts,draftguru
bf-west-coast:2021:1717,bf-west-coast,2021,West Coast,Nic Naitanui,11768,resolved,1,,Recruited from Midvale / Swan Districts,draftguru
bf-west-coast:2022:1718,bf-west-coast,2022,West Coast,Tom Barrass,12383,resolved,1,,Recruited from Hale School / Claremont,draftguru
bf-west-coast:2023:1719,bf-west-coast,2023,West Coast,Tim Kelly,12595,resolved,1,,Recruited from Palmyra JFC / South Fremantle,draftguru
bf-west-coast:2024:1720,bf-west-coast,2024,West Coast,Jeremy McGovern,12273,resolved,1,,Recruited from North Albany / Claremont,draftguru
bf-west-coast:2025:1721,bf-west-coast,2025,West Coast,Liam Baker,12661,resolved,1,,Recruited from Lake Grace-Pingrup / Aquinas College (WA) / West Perth / Subiaco,draftguru
bf-western-bulldogs:1980:1722,bf-western-bulldogs,1980,Western Bulldogs,Kelvin Templeton,2210,unique,1,,,draftguru
bf-western-bulldogs:1981:1723,bf-western-bulldogs,1981,Western Bulldogs,Ian Dunstan,1687,unique,1,,,draftguru
bf-western-bulldogs:1982:1724,bf-western-bulldogs,1982,Western Bulldogs,Ian Dunstan,1687,unique,1,,,draftguru
bf-western-bulldogs:1983:1725,bf-western-bulldogs,1983,Western Bulldogs,Brian Royal,1277,unique,1,,,draftguru
bf-western-bulldogs:1984:1726,bf-western-bulldogs,1984,Western Bulldogs,Andrew Purser,2088,resolved,1,,,draftguru
bf-western-bulldogs:1985:1727,bf-western-bulldogs,1985,Western Bulldogs,Doug Hawkins,380,resolved,1,,Recruited from Braybrook,draftguru
bf-western-bulldogs:1986:1728,bf-western-bulldogs,1986,Western Bulldogs,Brad Hardie,1300,resolved,1,,Recruited from South Fremantle,draftguru
bf-western-bulldogs:1987:1729,bf-western-bulldogs,1987,Western Bulldogs,Tony McGuinness,18,resolved,1,,Recruited from Brighton HS (SA) / Glenelg,draftguru
bf-western-bulldogs:1988:1730,bf-western-bulldogs,1988,Western Bulldogs,Terry Wallace,1371,unique,1,,,draftguru
bf-western-bulldogs:1989:1731,bf-western-bulldogs,1989,Western Bulldogs,Terry Wallace,1371,unique,1,,,draftguru
bf-western-bulldogs:1990:1732,bf-western-bulldogs,1990,Western Bulldogs,Peter Foster,1270,unique,1,,,draftguru
bf-western-bulldogs:1991:1733,bf-western-bulldogs,1991,Western Bulldogs,Tony Liberatore,426,resolved,1,,Recruited from Brunswick City / North Melbourne U19s / North Melbourne Reserves,draftguru
bf-western-bulldogs:1992:1734,bf-western-bulldogs,1992,Western Bulldogs,Scott Wynd,424,unique,1,,Recruited from Jacana,draftguru
bf-western-bulldogs:1993:1735,bf-western-bulldogs,1993,Western Bulldogs,Leon Cameron,425,resolved,1,,Recruited from South Warrnambool,draftguru
bf-western-bulldogs:1994:1736,bf-western-bulldogs,1994,Western Bulldogs,Chris Grant,422,resolved,1,,Recruited from Daylesford,draftguru
bf-western-bulldogs:1995:1737,bf-western-bulldogs,1995,Western Bulldogs,Scott West,418,unique,1,,Recruited from Strathmore / PEGS,draftguru
bf-western-bulldogs:1996:1738,bf-western-bulldogs,1996,Western Bulldogs,Chris Grant,422,resolved,1,,Recruited from Daylesford,draftguru
bf-western-bulldogs:1996:1739,bf-western-bulldogs,1996,Western Bulldogs,Jose Romero,423,resolved,1,,Recruited from Jacana,draftguru
bf-western-bulldogs:1997:1740,bf-western-bulldogs,1997,Western Bulldogs,Scott West,418,unique,1,,Recruited from Strathmore / PEGS,draftguru
bf-western-bulldogs:1998:1741,bf-western-bulldogs,1998,Western Bulldogs,Scott West,418,unique,1,,Recruited from Strathmore / PEGS,draftguru
bf-western-bulldogs:1999:1742,bf-western-bulldogs,1999,Western Bulldogs,Brad Johnson,421,resolved,1,,Recruited from Williamstown / Western U18,draftguru
bf-western-bulldogs:2000:1743,bf-western-bulldogs,2000,Western Bulldogs,Scott West,418,unique,1,,Recruited from Strathmore / PEGS,draftguru
bf-western-bulldogs:2001:1744,bf-western-bulldogs,2001,Western Bulldogs,Luke Darcy,436,resolved,1,,Recruited from Rostrevor College / South Adelaide,draftguru
bf-western-bulldogs:2002:1745,bf-western-bulldogs,2002,Western Bulldogs,Brad Johnson,421,resolved,1,,Recruited from Williamstown / Western U18,draftguru
bf-western-bulldogs:2003:1746,bf-western-bulldogs,2003,Western Bulldogs,Scott West,418,unique,1,,Recruited from Strathmore / PEGS,draftguru
bf-western-bulldogs:2004:1747,bf-western-bulldogs,2004,Western Bulldogs,Scott West,418,unique,1,,Recruited from Strathmore / PEGS,draftguru
bf-western-bulldogs:2005:1748,bf-western-bulldogs,2005,Western Bulldogs,Scott West,418,unique,1,,Recruited from Strathmore / PEGS,draftguru
bf-western-bulldogs:2006:1749,bf-western-bulldogs,2006,Western Bulldogs,Brad Johnson,421,resolved,1,,Recruited from Williamstown / Western U18,draftguru
bf-western-bulldogs:2007:1750,bf-western-bulldogs,2007,Western Bulldogs,Brian Lake,1217,resolved,1,,Recruited from Woodville-West Torrens,draftguru
bf-western-bulldogs:2008:1751,bf-western-bulldogs,2008,Western Bulldogs,Daniel Cross,1153,resolved,1,,Recruited from Albury FC / Murray U18,draftguru
bf-western-bulldogs:2009:1752,bf-western-bulldogs,2009,Western Bulldogs,Matthew Boyd,1450,resolved,1,,Recruited from Narre Warren / Mazenod College / Dandenong U18 / Frankston,draftguru
bf-western-bulldogs:2010:1753,bf-western-bulldogs,2010,Western Bulldogs,Ryan Griffen,4080,resolved,1,,Recruited from Goolwa-Port Elliot / South Adelaide,draftguru
bf-western-bulldogs:2011:1754,bf-western-bulldogs,2011,Western Bulldogs,Matthew Boyd,1450,resolved,1,,Recruited from Narre Warren / Mazenod College / Dandenong U18 / Frankston,draftguru
bf-western-bulldogs:2012:1755,bf-western-bulldogs,2012,Western Bulldogs,Matthew Boyd,1450,resolved,1,,Recruited from Narre Warren / Mazenod College / Dandenong U18 / Frankston,draftguru
bf-western-bulldogs:2013:1756,bf-western-bulldogs,2013,Western Bulldogs,Ryan Griffen,4080,resolved,1,,Recruited from Goolwa-Port Elliot / South Adelaide,draftguru
bf-western-bulldogs:2014:1757,bf-western-bulldogs,2014,Western Bulldogs,Tom Liberatore,11898,resolved,1,,Recruited from St Bernard's College / St Kevin's College / Calder U18,draftguru
bf-western-bulldogs:2015:1758,bf-western-bulldogs,2015,Western Bulldogs,Easton Wood,11788,resolved,1,,Recruited from Camperdown / Geelong Grammar,draftguru
bf-western-bulldogs:2016:1759,bf-western-bulldogs,2016,Western Bulldogs,Marcus Bontempelli,12269,resolved,1,,Recruited from Eltham / Marcellin College / Northern U18,draftguru
bf-western-bulldogs:2017:1760,bf-western-bulldogs,2017,Western Bulldogs,Marcus Bontempelli,12269,resolved,1,,Recruited from Eltham / Marcellin College / Northern U18,draftguru
bf-western-bulldogs:2018:1761,bf-western-bulldogs,2018,Western Bulldogs,Lachie Hunter,12203,resolved,1,,Recruited from Williamstown Juniors / St Kevin's College / Western U18 / Williamstown,draftguru
bf-western-bulldogs:2019:1762,bf-western-bulldogs,2019,Western Bulldogs,Marcus Bontempelli,12269,resolved,1,,Recruited from Eltham / Marcellin College / Northern U18,draftguru
bf-western-bulldogs:2020:1763,bf-western-bulldogs,2020,Western Bulldogs,Caleb Daniel,12373,resolved,1,,Recruited from Edwardstown / South Adelaide,draftguru
bf-western-bulldogs:2021:1764,bf-western-bulldogs,2021,Western Bulldogs,Marcus Bontempelli,12269,resolved,1,,Recruited from Eltham / Marcellin College / Northern U18,draftguru
bf-western-bulldogs:2022:1765,bf-western-bulldogs,2022,Western Bulldogs,Josh Dunkley,12408,resolved,1,,Recruited from Sale / Gippsland U18 / Richmond (VFL),draftguru
bf-western-bulldogs:2023:1766,bf-western-bulldogs,2023,Western Bulldogs,Marcus Bontempelli,12269,resolved,1,,Recruited from Eltham / Marcellin College / Northern U18,draftguru
bf-western-bulldogs:2024:1767,bf-western-bulldogs,2024,Western Bulldogs,Marcus Bontempelli,12269,resolved,1,,Recruited from Eltham / Marcellin College / Northern U18,draftguru
bf-western-bulldogs:2025:1768,bf-western-bulldogs,2025,Western Bulldogs,Ed Richards,12605,resolved,1,,Recruited from Hawthorn Citizens / Carey Grammar / Oakleigh U18,draftguru
