source_key,season,round_number,club,opponent,player,player_id,link_status,is_winner,is_ineligible,ineligible_reason,votes,stat_line,source_citation
001777a0faa59ba117929aea,1999,4,Melbourne,Hawthorn,Troy Longmuir,543,unique,false,false,,,"{""goals"": 0, ""kicks"": 14, ""marks"": 8, ""behinds"": 0, ""hitouts"": 0, ""tackles"": 3, ""disposals"": 22, ""frees_for"": 2, ""handballs"": 8, ""frees_against"": 2}",footywire
0030f4b8eef4d180a4f418c7,2024,24,Port Adelaide,Fremantle,Logan Evans,13156,unique,false,false,,,"{""goals"": 0, ""kicks"": 23, ""marks"": 6, ""behinds"": 0, ""hitouts"": 0, ""tackles"": 2, ""disposals"": 23, ""frees_for"": 1, ""handballs"": 0, ""supercoach"": 104, ""afl_fantasy"": 93, ""frees_against"": 1}",footywire
00934a754e4f188aa9f42372,2008,16,Essendon,Richmond,Kyle Reimers,11614,unique,false,false,,,"{""goals"": 1, ""kicks"": 10, ""marks"": 5, ""behinds"": 1, ""hitouts"": 0, ""tackles"": 4, ""disposals"": 18, ""frees_for"": 0, ""handballs"": 8, ""supercoach"": 84, ""afl_fantasy"": 81, ""frees_against"": 1}",footywire
01184077edcf7861c186772d,2022,5,Hawthorn,Geelong,Jai Newcombe,12915,unique,false,false,,,"{""goals"": 0, ""kicks"": 19, ""marks"": 7, ""behinds"": 0, ""hitouts"": 0, ""tackles"": 3, ""disposals"": 31, ""frees_for"": 2, ""handballs"": 12, ""supercoach"": 97, ""afl_fantasy"": 113, ""frees_against"": 1}",footywire
014f3e19b18bc73fed283dc1,1998,13,Port Adelaide,Western Bulldogs,Stuart Dew,838,unique,false,false,,,"{""goals"": 1, ""kicks"": 14, ""marks"": 8, ""behinds"": 0, ""hitouts"": 0, ""tackles"": 4, ""disposals"": 19, ""frees_for"": 2, ""handballs"": 5, ""frees_against"": 0}",footywire
01be5b3fa45d12b9f2a10c0d,2015,2,Western Bulldogs,Richmond,Mitch Honeychurch,12293,unique,false,false,,,"{""goals"": 1, ""kicks"": 7, ""marks"": 4, ""behinds"": 1, ""hitouts"": 0, ""tackles"": 6, ""disposals"": 18, ""frees_for"": 1, ""handballs"": 11, ""supercoach"": 100, ""afl_fantasy"": 81, ""frees_against"": 2}",footywire
01d514ae50a4ad680a4acb59,1994,24,Richmond,Geelong,Duncan Kellaway,861,unique,false,false,,,"{""goals"": 0, ""kicks"": 6, ""marks"": 3, ""behinds"": 0, ""hitouts"": 0, ""tackles"": 1, ""disposals"": 8, ""handballs"": 2}",footywire
01ed5679cafb755e1e6c8247,2000,16,St Kilda,Sydney,Brett Moyle,972,unique,false,false,,,"{""goals"": 0, ""kicks"": 26, ""marks"": 7, ""behinds"": 1, ""hitouts"": 0, ""tackles"": 1, ""disposals"": 28, ""frees_for"": 1, ""handballs"": 2, ""frees_against"": 0}",footywire
02b73fda312d8dd84f4375f1,2014,5,Adelaide,Greater Western Sydney,Matt Crouch,12258,unique,false,false,,,"{""goals"": 0, ""kicks"": 15, ""marks"": 10, ""behinds"": 0, ""hitouts"": 0, ""tackles"": 2, ""disposals"": 28, ""frees_for"": 1, ""handballs"": 13, ""supercoach"": 104, ""afl_fantasy"": 110, ""frees_against"": 0}",footywire
02d7b488349ba187a2967f95,2002,15,Hawthorn,Western Bulldogs,Luke Hodge,1134,unique,false,false,,,"{""goals"": 0, ""kicks"": 17, ""marks"": 5, ""behinds"": 0, ""hitouts"": 1, ""tackles"": 0, ""disposals"": 20, ""frees_for"": 0, ""handballs"": 3, ""frees_against"": 0}",footywire
03add0496c4e64fca1f052a7,1998,11,Sydney,Essendon,Jason Saddington,1010,unique,false,false,,,"{""goals"": 0, ""kicks"": 11, ""marks"": 8, ""behinds"": 0, ""hitouts"": 1, ""tackles"": 2, ""disposals"": 13, ""frees_for"": 0, ""handballs"": 2, ""frees_against"": 1}",footywire
03b8449457729cac471c5b83,2011,20,Fremantle,St Kilda,Zachary Clarke,11771,resolved,false,false,,,"{""goals"": 0, ""kicks"": 4, ""marks"": 5, ""behinds"": 0, ""hitouts"": 26, ""tackles"": 5, ""disposals"": 15, ""frees_for"": 2, ""handballs"": 11, ""supercoach"": 111, ""afl_fantasy"": 97, ""frees_against"": 0}",footywire
03cd2bba961ec239e8b02171,1999,16,Richmond,Melbourne,Marc Dragicevic,903,unique,false,false,,,"{""goals"": 2, ""kicks"": 12, ""marks"": 3, ""behinds"": 1, ""hitouts"": 0, ""tackles"": 0, ""disposals"": 20, ""frees_for"": 0, ""handballs"": 8, ""frees_against"": 0}",footywire
040d051f023612a46bfd5e5a,2022,11,Geelong,Adelaide,Sam De Koning,12891,unique,false,false,,,"{""goals"": 0, ""kicks"": 12, ""marks"": 9, ""behinds"": 0, ""hitouts"": 0, ""tackles"": 1, ""disposals"": 19, ""frees_for"": 2, ""handballs"": 7, ""supercoach"": 75, ""afl_fantasy"": 83, ""frees_against"": 0}",footywire
043ac046bd8f8b6f28f63b27,2007,6,Melbourne,Port Adelaide,Ricky Petterd,11561,unique,false,false,,,"{""goals"": 0, ""kicks"": 16, ""marks"": 14, ""behinds"": 1, ""hitouts"": 0, ""tackles"": 0, ""disposals"": 24, ""frees_for"": 0, ""handballs"": 8, ""supercoach"": 88, ""afl_fantasy"": 101, ""frees_against"": 2}",footywire
04521743fabcffaa2f2e60d6,2004,4,Sydney,Kangaroos,Paul Bevan,3949,unique,false,false,,,"{""goals"": 1, ""kicks"": 7, ""marks"": 3, ""behinds"": 0, ""hitouts"": 0, ""tackles"": 1, ""disposals"": 19, ""frees_for"": 1, ""handballs"": 12, ""frees_against"": 0}",footywire
0460402431f5a1527a2baa15,2015,10,Melbourne,Collingwood,Angus Brayshaw,12322,unique,false,false,,,"{""goals"": 1, ""kicks"": 15, ""marks"": 2, ""behinds"": 1, ""hitouts"": 0, ""tackles"": 6, ""disposals"": 18, ""frees_for"": 2, ""handballs"": 3, ""supercoach"": 91, ""afl_fantasy"": 90, ""frees_against"": 0}",footywire
04f03374dcfaa25d002bb7f2,2017,1,Port Adelaide,Sydney,Sam Powell Pepper,12494,resolved,false,false,,,"{""goals"": 2, ""kicks"": 12, ""marks"": 3, ""behinds"": 1, ""hitouts"": 0, ""tackles"": 2, ""disposals"": 19, ""frees_for"": 0, ""handballs"": 7, ""supercoach"": 78, ""afl_fantasy"": 71, ""frees_against"": 3}",footywire
055ea694eb815631b7c2c7fd,2017,5,Brisbane Lions,Western Bulldogs,Eric Hipwood,12454,unique,false,false,,,"{""goals"": 3, ""kicks"": 8, ""marks"": 5, ""behinds"": 2, ""hitouts"": 0, ""tackles"": 4, ""disposals"": 12, ""frees_for"": 0, ""handballs"": 4, ""supercoach"": 85, ""afl_fantasy"": 83, ""frees_against"": 0}",footywire
0581899c2410aa9f1f001966,2002,21,Brisbane Lions,Geelong,Jamie Charman,1098,unique,false,false,,,"{""goals"": 0, ""kicks"": 4, ""marks"": 4, ""behinds"": 0, ""hitouts"": 20, ""tackles"": 2, ""disposals"": 6, ""frees_for"": 0, ""handballs"": 2, ""frees_against"": 1}",footywire
05fee7ec9e23ba6bbdba5d2c,2008,22,Port Adelaide,North Melbourne,Alipate Carlile,4200,unique,false,false,,,"{""goals"": 0, ""kicks"": 7, ""marks"": 8, ""behinds"": 0, ""hitouts"": 0, ""tackles"": 1, ""disposals"": 14, ""frees_for"": 0, ""handballs"": 7, ""supercoach"": 45, ""afl_fantasy"": 54, ""frees_against"": 3}",footywire
06121257f6bc46ddcabaa869,1997,12,Adelaide,North Melbourne,Kane Johnson,43,unique,false,false,,,"{""goals"": 1, ""kicks"": 12, ""marks"": 4, ""behinds"": 1, ""hitouts"": 0, ""tackles"": 3, ""disposals"": 20, ""handballs"": 8}",footywire
0645031787d62151fc276619,2024,17,Greater Western Sydney,Carlton,Darcy Jones,13131,unique,false,false,,,"{""goals"": 1, ""kicks"": 9, ""marks"": 4, ""behinds"": 0, ""hitouts"": 0, ""tackles"": 2, ""disposals"": 18, ""frees_for"": 0, ""handballs"": 9, ""supercoach"": 88, ""afl_fantasy"": 71, ""frees_against"": 0}",footywire
06a15814795accdf3cf699b9,2020,8,Fremantle,Geelong,Caleb Serong,12786,unique,true,false,,,"{""goals"": 1, ""kicks"": 11, ""marks"": 2, ""behinds"": 0, ""hitouts"": 0, ""tackles"": 7, ""disposals"": 22, ""frees_for"": 3, ""handballs"": 11, ""supercoach"": 118, ""afl_fantasy"": 98, ""frees_against"": 0}",footywire
070e3ef9ffe75844d6b7b16a,2010,10,Richmond,Port Adelaide,Dustin Martin,11794,unique,false,true,Ineligible to win the NAB Rising Star due to suspension.,,"{""goals"": 0, ""kicks"": 14, ""marks"": 1, ""behinds"": 0, ""hitouts"": 2, ""tackles"": 4, ""disposals"": 21, ""frees_for"": 0, ""handballs"": 7, ""supercoach"": 83, ""afl_fantasy"": 71, ""frees_against"": 2}",footywire
07bcfb9d44cf3f7689ad7c7a,2003,8,West Coast,Collingwood,Ashley Sampi,1195,unique,false,false,,,"{""goals"": 2, ""kicks"": 8, ""marks"": 6, ""behinds"": 1, ""hitouts"": 0, ""tackles"": 3, ""disposals"": 17, ""frees_for"": 0, ""handballs"": 9, ""frees_against"": 0}",footywire
07f374b1367f902a80ed17fa,2020,1,Fremantle,Essendon,Sam Sturt,12765,unique,false,false,,,"{""goals"": 3, ""kicks"": 5, ""marks"": 3, ""behinds"": 0, ""hitouts"": 0, ""tackles"": 2, ""disposals"": 10, ""frees_for"": 1, ""handballs"": 5, ""supercoach"": 100, ""afl_fantasy"": 61, ""frees_against"": 0}",footywire
086acc99d3f9f80c334a73b5,2000,21,West Coast,Fremantle,Chad Fletcher,1067,unique,false,false,,,"{""goals"": 1, ""kicks"": 19, ""marks"": 5, ""behinds"": 0, ""hitouts"": 0, ""tackles"": 1, ""disposals"": 23, ""frees_for"": 0, ""handballs"": 4, ""frees_against"": 1}",footywire
089dfe08c098cf92fd1e020b,2015,14,St Kilda,Essendon,Jack Lonie,12324,unique,false,false,,,"{""goals"": 1, ""kicks"": 10, ""marks"": 3, ""behinds"": 3, ""hitouts"": 0, ""tackles"": 2, ""disposals"": 18, ""frees_for"": 1, ""handballs"": 8, ""supercoach"": 82, ""afl_fantasy"": 73, ""frees_against"": 0}",footywire
08f3e0d4aa46d04db3d8b97c,2021,8,Melbourne,Sydney,James Jordon,12860,unique,false,false,,,"{""goals"": 0, ""kicks"": 10, ""marks"": 2, ""behinds"": 0, ""hitouts"": 0, ""tackles"": 8, ""disposals"": 23, ""frees_for"": 1, ""handballs"": 13, ""supercoach"": 85, ""afl_fantasy"": 95, ""frees_against"": 0}",footywire
09641de4e1cb4065f6a8b38a,2004,8,Geelong,Melbourne,Andrew Mackie,3958,unique,false,false,,,"{""goals"": 3, ""kicks"": 8, ""marks"": 7, ""behinds"": 0, ""hitouts"": 0, ""tackles"": 1, ""disposals"": 10, ""frees_for"": 0, ""handballs"": 2, ""frees_against"": 1}",footywire
0a43b433a6a07cee7d918093,1994,14,Brisbane Bears,Collingwood,Matthew Clarke,78,unique,false,false,,,"{""goals"": 0, ""kicks"": 13, ""marks"": 6, ""behinds"": 0, ""hitouts"": 16, ""tackles"": 2, ""disposals"": 21, ""handballs"": 8}",footywire
0a46051503dd542b5fbec88c,2026,10,West Coast,Greater Western Sydney,Josh Lindsay,13293,unique,false,false,,,"{""goals"": 0, ""kicks"": 17, ""marks"": 6, ""behinds"": 0, ""hitouts"": 0, ""tackles"": 3, ""disposals"": 19, ""frees_for"": 1, ""handballs"": 2, ""supercoach"": 96, ""afl_fantasy"": 86, ""frees_against"": 0}",footywire
0a5797043bdeec98f2096f5a,1996,20,Fremantle,Melbourne,Luke Toia,518,unique,false,false,,,"{""goals"": 1, ""kicks"": 13, ""marks"": 4, ""behinds"": 0, ""hitouts"": 0, ""tackles"": 2, ""disposals"": 18, ""handballs"": 5}",footywire
0a5a17e959fca76fbfeed7b5,2007,16,St Kilda,Hawthorn,Sam Gilbert,4178,unique,false,false,,,"{""goals"": 0, ""kicks"": 16, ""marks"": 12, ""behinds"": 0, ""hitouts"": 0, ""tackles"": 1, ""disposals"": 22, ""frees_for"": 0, ""handballs"": 6, ""supercoach"": 75, ""afl_fantasy"": 97, ""frees_against"": 1}",footywire
0a6cf3e3e5ca577b35122209,2022,8,Fremantle,North Melbourne,Heath Chapman,12875,unique,false,false,,,"{""goals"": 0, ""kicks"": 11, ""marks"": 5, ""behinds"": 0, ""hitouts"": 0, ""tackles"": 3, ""disposals"": 25, ""frees_for"": 1, ""handballs"": 14, ""supercoach"": 136, ""afl_fantasy"": 89, ""frees_against"": 0}",footywire
0aa655dd35c637420ace3957,2024,16,Gold Coast,Collingwood,Will Graham,13120,unique,false,false,,,"{""goals"": 1, ""kicks"": 6, ""marks"": 3, ""behinds"": 1, ""hitouts"": 0, ""tackles"": 3, ""disposals"": 22, ""frees_for"": 1, ""handballs"": 16, ""supercoach"": 95, ""afl_fantasy"": 73, ""frees_against"": 2}",footywire
0af55043c5901f243aec7439,2002,3,Melbourne,Richmond,Steven Armstrong,1118,unique,false,false,,,"{""goals"": 1, ""kicks"": 12, ""marks"": 2, ""behinds"": 0, ""hitouts"": 0, ""tackles"": 2, ""disposals"": 15, ""frees_for"": 2, ""handballs"": 3, ""frees_against"": 0}",footywire
0af6f297170516f8896ff47b,2014,8,Port Adelaide,Fremantle,Jarman Impey,12237,unique,false,false,,,"{""goals"": 0, ""kicks"": 6, ""marks"": 2, ""behinds"": 0, ""hitouts"": 0, ""tackles"": 1, ""disposals"": 10, ""frees_for"": 0, ""handballs"": 4, ""supercoach"": 42, ""afl_fantasy"": 36, ""frees_against"": 0}",footywire
0c01e432e301462319c2638e,2019,17,Richmond,Greater Western Sydney,Shai Bolton,12535,unique,false,false,,,"{""goals"": 1, ""kicks"": 14, ""marks"": 6, ""behinds"": 0, ""hitouts"": 0, ""tackles"": 6, ""disposals"": 29, ""frees_for"": 1, ""handballs"": 15, ""supercoach"": 112, ""afl_fantasy"": 115, ""frees_against"": 2}",footywire
0c0e47fd7d566bbb398c7f14,2014,13,Western Bulldogs,Collingwood,Marcus Bontempelli,12269,unique,false,false,,,"{""goals"": 1, ""kicks"": 11, ""marks"": 5, ""behinds"": 2, ""hitouts"": 1, ""tackles"": 4, ""disposals"": 22, ""frees_for"": 0, ""handballs"": 11, ""supercoach"": 91, ""afl_fantasy"": 92, ""frees_against"": 1}",footywire
0c6f19da038e0af0f40cca52,1996,2,Fremantle,Sydney,Daniel Bandy,510,unique,false,false,,,"{""goals"": 3, ""kicks"": 10, ""marks"": 6, ""behinds"": 1, ""hitouts"": 8, ""tackles"": 0, ""disposals"": 14, ""handballs"": 4}",footywire
0d5c1796f207e6d6da20fcd6,2013,20,Adelaide,North Melbourne,Rory Laird,12165,unique,false,false,,,"{""goals"": 0, ""kicks"": 14, ""marks"": 7, ""behinds"": 1, ""hitouts"": 0, ""tackles"": 3, ""disposals"": 24, ""frees_for"": 1, ""handballs"": 10, ""supercoach"": 85, ""afl_fantasy"": 97, ""frees_against"": 0}",footywire
0df98752b32ba02f3ada4d11,2008,19,Carlton,Port Adelaide,Shaun Grigg,11594,unique,false,false,,,"{""goals"": 1, ""kicks"": 12, ""marks"": 6, ""behinds"": 1, ""hitouts"": 0, ""tackles"": 2, ""disposals"": 25, ""frees_for"": 1, ""handballs"": 13, ""supercoach"": 130, ""afl_fantasy"": 96, ""frees_against"": 0}",footywire
0e5ecc3bba09090372d2cbfc,2007,21,Collingwood,Sydney,Tyson Goldsack,11568,unique,false,false,,,"{""goals"": 0, ""kicks"": 17, ""marks"": 8, ""behinds"": 0, ""hitouts"": 0, ""tackles"": 4, ""disposals"": 25, ""frees_for"": 2, ""handballs"": 8, ""supercoach"": 119, ""afl_fantasy"": 109, ""frees_against"": 0}",footywire
0f1d9384df8b29c526247400,2011,1,Essendon,Western Bulldogs,Dyson Heppell,11896,unique,true,false,,,"{""goals"": 0, ""kicks"": 10, ""marks"": 7, ""behinds"": 0, ""hitouts"": 0, ""tackles"": 2, ""disposals"": 20, ""frees_for"": 0, ""handballs"": 10, ""supercoach"": 90, ""afl_fantasy"": 76, ""frees_against"": 1}",footywire
0fb812a59547d7af50f851fc,1996,18,Sydney,Melbourne,Daniel Mcpherson,1001,unique,false,false,,,"{""goals"": 1, ""kicks"": 15, ""marks"": 4, ""behinds"": 0, ""hitouts"": 0, ""tackles"": 0, ""disposals"": 21, ""handballs"": 6}",footywire
0fbca1dec5fb79ee5d3df3e1,1995,14,St Kilda,Sydney,Joel Smith,672,resolved,false,false,,,"{""goals"": 0, ""kicks"": 12, ""marks"": 2, ""behinds"": 0, ""hitouts"": 0, ""tackles"": 0, ""disposals"": 18, ""handballs"": 6}",footywire
0fd2a9a23566678feeebef73,2003,14,Fremantle,Brisbane Lions,Aaron Sandilands,1421,unique,false,false,,,"{""goals"": 0, ""kicks"": 4, ""marks"": 4, ""behinds"": 0, ""hitouts"": 31, ""tackles"": 2, ""disposals"": 11, ""frees_for"": 2, ""handballs"": 7, ""frees_against"": 0}",footywire
100c084c179998103a5eaa59,1994,13,Fitzroy,Hawthorn,Simon Hawking,370,unique,false,false,,,"{""goals"": 0, ""kicks"": 15, ""marks"": 10, ""behinds"": 0, ""hitouts"": 0, ""tackles"": 1, ""disposals"": 20, ""handballs"": 5}",footywire
1038e93c7dee48af84cfb8ca,2005,15,Brisbane Lions,Collingwood,Troy Selwood,4063,unique,false,false,,,"{""goals"": 0, ""kicks"": 14, ""marks"": 10, ""behinds"": 0, ""hitouts"": 0, ""tackles"": 5, ""disposals"": 18, ""frees_for"": 2, ""handballs"": 4, ""frees_against"": 1}",footywire
104aab45ca6695e5511867ba,1999,11,Essendon,Geelong,Dean Solomon,352,unique,false,false,,,"{""goals"": 1, ""kicks"": 6, ""marks"": 7, ""behinds"": 1, ""hitouts"": 0, ""tackles"": 2, ""disposals"": 17, ""frees_for"": 0, ""handballs"": 11, ""frees_against"": 2}",footywire
105ce0ad64935460ea5e5949,1993,14,Melbourne,St Kilda,Darren Kowal,701,unique,false,false,,,"{""goals"": 2, ""kicks"": 14, ""marks"": 6, ""behinds"": 0, ""hitouts"": 0, ""tackles"": 2, ""disposals"": 21, ""handballs"": 7}",footywire
106cda392954238a20a15723,2010,19,Carlton,Essendon,Jeff Gartlett,11711,resolved,false,false,,,"{""goals"": 6, ""kicks"": 14, ""marks"": 5, ""behinds"": 2, ""hitouts"": 0, ""tackles"": 1, ""disposals"": 16, ""frees_for"": 2, ""handballs"": 2, ""supercoach"": 129, ""afl_fantasy"": 105, ""frees_against"": 0}",footywire
10986e053ff22564c671f22a,2006,14,Hawthorn,West Coast,Grant Birchall,4149,unique,false,false,,,"{""goals"": 0, ""kicks"": 9, ""marks"": 6, ""behinds"": 0, ""hitouts"": 0, ""tackles"": 2, ""disposals"": 18, ""frees_for"": 0, ""handballs"": 9, ""frees_against"": 0}",footywire
10c8501ba74e87be3561289f,2023,18,Melbourne,Brisbane Lions,Judd Mcvee,13033,unique,false,false,,,"{""goals"": 0, ""kicks"": 6, ""marks"": 1, ""behinds"": 0, ""hitouts"": 0, ""tackles"": 0, ""disposals"": 14, ""frees_for"": 0, ""handballs"": 8, ""supercoach"": 58, ""afl_fantasy"": 37, ""frees_against"": 0}",footywire
10d674357e4b15f2203977d7,1995,12,Essendon,Hawthorn,Ryan O Connor,327,resolved,false,false,,,"{""goals"": 0, ""kicks"": 6, ""marks"": 2, ""behinds"": 2, ""hitouts"": 7, ""tackles"": 3, ""disposals"": 11, ""handballs"": 5}",footywire
10ee3d03053d8c3b60d3070a,2021,21,Port Adelaide,Adelaide,Miles Bergman,12867,unique,false,false,,,"{""goals"": 0, ""kicks"": 13, ""marks"": 2, ""behinds"": 0, ""hitouts"": 0, ""tackles"": 4, ""disposals"": 23, ""frees_for"": 3, ""handballs"": 10, ""supercoach"": 80, ""afl_fantasy"": 84, ""frees_against"": 0}",footywire
116a983827629b058430ff5c,2003,16,Kangaroos,St Kilda,Daniel Motlop,814,unique,false,false,,,"{""goals"": 3, ""kicks"": 14, ""marks"": 9, ""behinds"": 1, ""hitouts"": 0, ""tackles"": 4, ""disposals"": 19, ""frees_for"": 0, ""handballs"": 5, ""frees_against"": 1}",footywire
12034583a0af36384859f23f,2016,14,St Kilda,Geelong,Jade Gresham,12415,unique,false,false,,,"{""goals"": 1, ""kicks"": 11, ""marks"": 3, ""behinds"": 0, ""hitouts"": 0, ""tackles"": 2, ""disposals"": 16, ""frees_for"": 1, ""handballs"": 5, ""supercoach"": 82, ""afl_fantasy"": 67, ""frees_against"": 0}",footywire
120d436de49a9328b9d26fbf,1998,7,Port Adelaide,Carlton,Warren Tredrea,831,unique,false,false,,,"{""goals"": 8, ""kicks"": 18, ""marks"": 17, ""behinds"": 4, ""hitouts"": 0, ""tackles"": 1, ""disposals"": 22, ""frees_for"": 1, ""handballs"": 4, ""frees_against"": 3}",footywire
12b3924723d96592e72241be,2025,2,Geelong,St Kilda,Connor O Sullivan,13122,resolved,false,false,,,"{""goals"": 0, ""kicks"": 11, ""marks"": 7, ""behinds"": 0, ""hitouts"": 0, ""tackles"": 3, ""disposals"": 15, ""frees_for"": 1, ""handballs"": 4, ""supercoach"": 88, ""afl_fantasy"": 75, ""frees_against"": 0}",footywire
132bf2b9b27bf032c790eb25,2009,14,Melbourne,West Coast,Jack Grimes,11707,unique,false,false,,,"{""goals"": 0, ""kicks"": 17, ""marks"": 16, ""behinds"": 0, ""hitouts"": 0, ""tackles"": 5, ""disposals"": 29, ""frees_for"": 0, ""handballs"": 12, ""supercoach"": 142, ""afl_fantasy"": 143, ""frees_against"": 0}",footywire
136c5d8ac300fc09fa791e58,2016,22,Richmond,St Kilda,Daniel Rioli,12403,unique,false,false,,,"{""goals"": 2, ""kicks"": 8, ""marks"": 4, ""behinds"": 0, ""hitouts"": 0, ""tackles"": 4, ""disposals"": 16, ""frees_for"": 2, ""handballs"": 8, ""supercoach"": 106, ""afl_fantasy"": 82, ""frees_against"": 0}",footywire
13bf4f7bf9d2e5b2625af2e5,2022,3,Collingwood,Geelong,Nick Daicos,12943,unique,true,false,,,"{""goals"": 1, ""kicks"": 13, ""marks"": 4, ""behinds"": 1, ""hitouts"": 0, ""tackles"": 2, ""disposals"": 26, ""frees_for"": 0, ""handballs"": 13, ""supercoach"": 91, ""afl_fantasy"": 89, ""frees_against"": 1}",footywire
13d483a2513a87f24ffd9b5f,1996,21,Melbourne,West Coast,Jeff Farmer,703,unique,false,false,,,"{""goals"": 5, ""kicks"": 8, ""marks"": 2, ""behinds"": 1, ""hitouts"": 0, ""tackles"": 1, ""disposals"": 9, ""handballs"": 1}",footywire
144a7a5e195b2588f1605d7a,2019,20,Brisbane Lions,Western Bulldogs,Noah Answerth,12718,unique,false,false,,,"{""goals"": 0, ""kicks"": 12, ""marks"": 6, ""behinds"": 0, ""hitouts"": 0, ""tackles"": 1, ""disposals"": 18, ""frees_for"": 0, ""handballs"": 6, ""supercoach"": 77, ""afl_fantasy"": 70, ""frees_against"": 0}",footywire
14e0414e9b3e4a7d83337c1a,2015,9,Melbourne,Port Adelaide,Jesse Hogan,12321,unique,true,false,,,"{""goals"": 2, ""kicks"": 13, ""marks"": 8, ""behinds"": 0, ""hitouts"": 0, ""tackles"": 1, ""disposals"": 16, ""frees_for"": 1, ""handballs"": 3, ""supercoach"": 90, ""afl_fantasy"": 86, ""frees_against"": 0}",footywire
15191c9cef95f3d0431d18dd,2001,21,Fremantle,Melbourne,Dion Woods,549,unique,false,false,,,"{""goals"": 0, ""kicks"": 11, ""marks"": 6, ""behinds"": 1, ""hitouts"": 3, ""tackles"": 5, ""disposals"": 22, ""frees_for"": 3, ""handballs"": 11, ""frees_against"": 1}",footywire
1537a2f0b21978600bb1ac5b,2025,9,Essendon,Sydney,Nate Caddy,13148,unique,false,false,,,"{""goals"": 3, ""kicks"": 12, ""marks"": 7, ""behinds"": 1, ""hitouts"": 0, ""tackles"": 3, ""disposals"": 16, ""frees_for"": 1, ""handballs"": 4, ""supercoach"": 85, ""afl_fantasy"": 94, ""frees_against"": 1}",footywire
15ad080f0569c0396257a3a0,2006,7,Melbourne,Fremantle,Clint Bartram,4150,unique,false,false,,,"{""goals"": 0, ""kicks"": 7, ""marks"": 8, ""behinds"": 1, ""hitouts"": 0, ""tackles"": 5, ""disposals"": 13, ""frees_for"": 0, ""handballs"": 6, ""frees_against"": 3}",footywire
15eaa9831c9699505ff3f6a5,2024,5,West Coast,Richmond,Harley Reid,13111,unique,false,true,Ineligible to win the Rising Star due to suspension.,,"{""goals"": 1, ""kicks"": 11, ""marks"": 3, ""behinds"": 0, ""hitouts"": 0, ""tackles"": 1, ""disposals"": 27, ""frees_for"": 3, ""handballs"": 16, ""supercoach"": 108, ""afl_fantasy"": 81, ""frees_against"": 2}",footywire
15f6d172f418fa8a1db40b21,2022,10,Gold Coast,Western Bulldogs,Joel Jeffrey,12933,unique,false,false,,,"{""goals"": 5, ""kicks"": 10, ""marks"": 5, ""behinds"": 0, ""hitouts"": 0, ""tackles"": 2, ""disposals"": 10, ""frees_for"": 0, ""handballs"": 0, ""supercoach"": 95, ""afl_fantasy"": 83, ""frees_against"": 0}",footywire
16ae718e5a525b6d06f33373,1993,18,Carlton,Hawthorn,Ang Christou,138,unique,false,false,,,"{""goals"": 4, ""kicks"": 19, ""marks"": 5, ""behinds"": 1, ""hitouts"": 0, ""tackles"": 0, ""disposals"": 29, ""handballs"": 10}",footywire
16e166f109c69b471888844d,2018,10,Western Bulldogs,Collingwood,Ed Richards,12605,unique,false,false,,,"{""goals"": 0, ""kicks"": 12, ""marks"": 4, ""behinds"": 0, ""hitouts"": 0, ""tackles"": 4, ""disposals"": 23, ""frees_for"": 1, ""handballs"": 11, ""supercoach"": 102, ""afl_fantasy"": 87, ""frees_against"": 0}",footywire
17b8ffac043a16d8df221720,2014,15,Sydney,Greater Western Sydney,Harry Cunningham,12015,unique,false,false,,,"{""goals"": 0, ""kicks"": 8, ""marks"": 7, ""behinds"": 0, ""hitouts"": 0, ""tackles"": 0, ""disposals"": 17, ""frees_for"": 0, ""handballs"": 9, ""supercoach"": 53, ""afl_fantasy"": 63, ""frees_against"": 0}",footywire
1839ab218209901cf05bfb62,2013,18,Collingwood,Greater Western Sydney,Marley Williams,12084,unique,false,false,,,"{""goals"": 0, ""kicks"": 9, ""marks"": 3, ""behinds"": 0, ""hitouts"": 0, ""tackles"": 2, ""disposals"": 16, ""frees_for"": 2, ""handballs"": 7, ""supercoach"": 78, ""afl_fantasy"": 60, ""frees_against"": 0}",footywire
19508c1915a983312df5188c,2022,19,Western Bulldogs,Melbourne,Jamarra Ugle Hagan,12923,resolved,false,false,,,"{""goals"": 5, ""kicks"": 10, ""marks"": 6, ""behinds"": 0, ""hitouts"": 0, ""tackles"": 0, ""disposals"": 10, ""frees_for"": 2, ""handballs"": 0, ""supercoach"": 93, ""afl_fantasy"": 77, ""frees_against"": 1}",footywire
1976bd555380cae43b8a5002,2019,13,Essendon,Hawthorn,Dylan Clarke,12632,unique,false,false,,,"{""goals"": 0, ""kicks"": 6, ""marks"": 1, ""behinds"": 0, ""hitouts"": 0, ""tackles"": 3, ""disposals"": 23, ""frees_for"": 0, ""handballs"": 17, ""supercoach"": 76, ""afl_fantasy"": 67, ""frees_against"": 0}",footywire
19a9a27637d436b234897a16,2018,5,St Kilda,Greater Western Sydney,Ben Long,12521,unique,false,false,,,"{""goals"": 1, ""kicks"": 6, ""marks"": 4, ""behinds"": 0, ""hitouts"": 0, ""tackles"": 8, ""disposals"": 15, ""frees_for"": 2, ""handballs"": 9, ""supercoach"": 97, ""afl_fantasy"": 82, ""frees_against"": 2}",footywire
1a54c49f8f0efb1c2d85da19,1993,12,North Melbourne,West Coast,Glenn Archer,777,unique,false,false,,,"{""goals"": 5, ""kicks"": 12, ""marks"": 4, ""behinds"": 0, ""hitouts"": 0, ""tackles"": 2, ""disposals"": 14, ""handballs"": 2}",footywire
1ac329e6e480c5c710824c2a,1993,16,Adelaide,Richmond,Mark Ricciuto,4,unique,false,false,,,"{""goals"": 0, ""kicks"": 19, ""marks"": 5, ""behinds"": 0, ""hitouts"": 0, ""tackles"": 1, ""disposals"": 28, ""handballs"": 9}",footywire
1acea022e454c2c908a3512b,2006,5,Collingwood,Port Adelaide,Heath Shaw,4132,unique,false,false,,,"{""goals"": 0, ""kicks"": 15, ""marks"": 10, ""behinds"": 0, ""hitouts"": 0, ""tackles"": 2, ""disposals"": 23, ""frees_for"": 0, ""handballs"": 8, ""frees_against"": 0}",footywire
1c057ce2aac0ec24310e0afe,2020,13,Brisbane Lions,St Kilda,Brandon Starcevich,12668,unique,false,false,,,"{""goals"": 0, ""kicks"": 9, ""marks"": 4, ""behinds"": 0, ""hitouts"": 0, ""tackles"": 0, ""disposals"": 10, ""frees_for"": 0, ""handballs"": 1, ""supercoach"": 79, ""afl_fantasy"": 41, ""frees_against"": 0}",footywire
1cb1b025675805cd3b4217fc,2008,17,West Coast,St Kilda,Bradley Ebert,11639,resolved,false,false,,,"{""goals"": 3, ""kicks"": 15, ""marks"": 4, ""behinds"": 0, ""hitouts"": 0, ""tackles"": 5, ""disposals"": 25, ""frees_for"": 2, ""handballs"": 10, ""supercoach"": 130, ""afl_fantasy"": 114, ""frees_against"": 1}",footywire
1cef24f86e1592fccf1cb55a,1994,22,Collingwood,Geelong,Jon Hassall,209,unique,false,false,,,"{""goals"": 1, ""kicks"": 10, ""marks"": 2, ""behinds"": 1, ""hitouts"": 0, ""tackles"": 1, ""disposals"": 16, ""handballs"": 6}",footywire
1da5b1c26f12805ddaed1a9c,2015,7,Hawthorn,Melbourne,Billy Hartung,12274,unique,false,false,,,"{""goals"": 1, ""kicks"": 7, ""marks"": 5, ""behinds"": 0, ""hitouts"": 0, ""tackles"": 3, ""disposals"": 26, ""frees_for"": 2, ""handballs"": 19, ""supercoach"": 121, ""afl_fantasy"": 91, ""frees_against"": 1}",footywire
1e33dd0aab9f28e600dcaeb8,2007,13,Collingwood,Hawthorn,Martin Clarke,11585,unique,false,false,,,"{""goals"": 3, ""kicks"": 13, ""marks"": 6, ""behinds"": 1, ""hitouts"": 0, ""tackles"": 0, ""disposals"": 19, ""frees_for"": 1, ""handballs"": 6, ""supercoach"": 85, ""afl_fantasy"": 86, ""frees_against"": 1}",footywire
1eb9681a64fbe65b0ab7d288,2005,20,Carlton,Collingwood,Adam Bentick,4049,unique,false,false,,,"{""goals"": 0, ""kicks"": 16, ""marks"": 7, ""behinds"": 0, ""hitouts"": 0, ""tackles"": 5, ""disposals"": 34, ""frees_for"": 1, ""handballs"": 18, ""frees_against"": 1}",footywire
1f0e09351d5c4839ad974135,2018,6,West Coast,Fremantle,Jake Waterman,12601,unique,false,false,,,"{""goals"": 2, ""kicks"": 8, ""marks"": 5, ""behinds"": 1, ""hitouts"": 0, ""tackles"": 4, ""disposals"": 14, ""frees_for"": 0, ""handballs"": 6, ""supercoach"": 85, ""afl_fantasy"": 77, ""frees_against"": 1}",footywire
1fef43b9a731a02655ac27d8,2009,17,Collingwood,Carlton,Dayne Beams,11728,unique,false,false,,,"{""goals"": 2, ""kicks"": 15, ""marks"": 8, ""behinds"": 0, ""hitouts"": 0, ""tackles"": 2, ""disposals"": 21, ""frees_for"": 0, ""handballs"": 6, ""supercoach"": 78, ""afl_fantasy"": 98, ""frees_against"": 1}",footywire
20341be30c2da84687123609,2012,15,St Kilda,Essendon,Arryn Siposs,11950,unique,false,false,,,"{""goals"": 2, ""kicks"": 12, ""marks"": 6, ""behinds"": 1, ""hitouts"": 0, ""tackles"": 1, ""disposals"": 17, ""frees_for"": 0, ""handballs"": 5, ""supercoach"": 104, ""afl_fantasy"": 81, ""frees_against"": 0}",footywire
204a9f8ca77c768b30d54e8f,1993,21,Footscray,West Coast,Brad Nicholson,432,unique,false,false,,,"{""goals"": 0, ""kicks"": 10, ""marks"": 2, ""behinds"": 0, ""hitouts"": 0, ""tackles"": 1, ""disposals"": 13, ""handballs"": 3}",footywire
2088844e0473524ce2f7fc61,2000,1,Fremantle,Geelong,Paul Hasleby,542,unique,true,false,,,"{""goals"": 1, ""kicks"": 16, ""marks"": 2, ""behinds"": 2, ""hitouts"": 0, ""tackles"": 2, ""disposals"": 30, ""frees_for"": 2, ""handballs"": 14, ""frees_against"": 2}",footywire
2106fd9040b3585c061d98d0,2014,9,Brisbane Lions,North Melbourne,Lewis Taylor,12252,unique,true,false,,,"{""goals"": 0, ""kicks"": 11, ""marks"": 8, ""behinds"": 0, ""hitouts"": 0, ""tackles"": 3, ""disposals"": 20, ""frees_for"": 0, ""handballs"": 9, ""supercoach"": 80, ""afl_fantasy"": 87, ""frees_against"": 0}",footywire
2143cd28a248456f3094a04e,2005,7,Western Bulldogs,Brisbane Lions,Will Minson,2332,unique,false,false,,,"{""goals"": 0, ""kicks"": 5, ""marks"": 1, ""behinds"": 1, ""hitouts"": 17, ""tackles"": 2, ""disposals"": 8, ""frees_for"": 0, ""handballs"": 3, ""frees_against"": 2}",footywire
2154ddf18d39ce749df0aef1,1996,15,Geelong,Hawthorn,Steven King,587,unique,false,false,,,"{""goals"": 0, ""kicks"": 14, ""marks"": 3, ""behinds"": 1, ""hitouts"": 17, ""tackles"": 2, ""disposals"": 18, ""handballs"": 4}",footywire
217b2b686bdace3db2964bda,2007,2,Brisbane Lions,St Kilda,Cameron Wood,4085,unique,false,false,,,"{""goals"": 0, ""kicks"": 3, ""marks"": 2, ""behinds"": 0, ""hitouts"": 11, ""tackles"": 1, ""disposals"": 5, ""frees_for"": 0, ""handballs"": 2, ""supercoach"": 19, ""afl_fantasy"": 31, ""frees_against"": 1}",footywire
2200c37f743c26ab4b2eb277,1993,3,Brisbane Bears,Melbourne,Nathan Chapman,121,unique,false,false,,,"{""goals"": 0, ""kicks"": 9, ""marks"": 4, ""behinds"": 0, ""hitouts"": 2, ""tackles"": 0, ""disposals"": 14, ""handballs"": 5}",footywire
2216fafe5bf4e195b52b3d4d,2015,19,Geelong,Sydney,Jackson Thurlow,12185,unique,false,false,,,"{""goals"": 0, ""kicks"": 6, ""marks"": 5, ""behinds"": 0, ""hitouts"": 0, ""tackles"": 2, ""disposals"": 18, ""frees_for"": 1, ""handballs"": 12, ""supercoach"": 55, ""afl_fantasy"": 66, ""frees_against"": 0}",footywire
22393c7c2b65b2aeba7b0dae,2016,12,Fremantle,Brisbane Lions,Lachlan Weller,12385,resolved,false,false,,,"{""goals"": 4, ""kicks"": 12, ""marks"": 3, ""behinds"": 0, ""hitouts"": 0, ""tackles"": 3, ""disposals"": 22, ""frees_for"": 3, ""handballs"": 10, ""supercoach"": 108, ""afl_fantasy"": 104, ""frees_against"": 0}",footywire
22570b204860851b722fb918,2015,12,Western Bulldogs,Brisbane Lions,Thomas Boyd,12270,resolved,false,false,,,"{""goals"": 4, ""kicks"": 10, ""marks"": 6, ""behinds"": 1, ""hitouts"": 2, ""tackles"": 2, ""disposals"": 12, ""frees_for"": 3, ""handballs"": 2, ""supercoach"": 108, ""afl_fantasy"": 90, ""frees_against"": 0}",footywire
22a321e578aee9518c3d48f1,1995,13,North Melbourne,St Kilda,Stuart Anderson,528,unique,false,false,,,"{""goals"": 0, ""kicks"": 15, ""marks"": 0, ""behinds"": 0, ""hitouts"": 0, ""tackles"": 0, ""disposals"": 20, ""handballs"": 5}",footywire
2370281f13d53d7fd69936bd,2001,11,Essendon,St Kilda,Mark Mcveigh,355,unique,false,false,,,"{""goals"": 0, ""kicks"": 12, ""marks"": 2, ""behinds"": 0, ""hitouts"": 0, ""tackles"": 2, ""disposals"": 16, ""frees_for"": 0, ""handballs"": 4, ""frees_against"": 1}",footywire
23b8089446cddc4b82b0e4d4,2010,7,Melbourne,Western Bulldogs,Tom Scully,11802,unique,false,false,,,"{""goals"": 1, ""kicks"": 19, ""marks"": 4, ""behinds"": 1, ""hitouts"": 0, ""tackles"": 5, ""disposals"": 39, ""frees_for"": 4, ""handballs"": 20, ""supercoach"": 129, ""afl_fantasy"": 134, ""frees_against"": 2}",footywire
23e7ea07ad4ea094ded456bf,2023,23,Fremantle,Port Adelaide,Matt Johnson 1,13047,resolved,false,true,Ineligible to win the Rising Star due to suspension.,,"{""goals"": 0, ""kicks"": 12, ""marks"": 7, ""behinds"": 0, ""hitouts"": 0, ""tackles"": 0, ""disposals"": 19, ""frees_for"": 0, ""handballs"": 7, ""supercoach"": 54, ""afl_fantasy"": 71, ""frees_against"": 0}",footywire
23eb45d153c899114f15af37,2006,3,Port Adelaide,Fremantle,Danyle Pearce,4137,unique,true,false,,,"{""goals"": 1, ""kicks"": 11, ""marks"": 6, ""behinds"": 0, ""hitouts"": 0, ""tackles"": 4, ""disposals"": 20, ""frees_for"": 1, ""handballs"": 9, ""frees_against"": 1}",footywire
23fe6eb8999fd69729427bd2,2014,2,Carlton,Richmond,Dylan Buckley,12159,unique,false,false,,,"{""goals"": 0, ""kicks"": 10, ""marks"": 2, ""behinds"": 0, ""hitouts"": 0, ""tackles"": 6, ""disposals"": 18, ""frees_for"": 3, ""handballs"": 8, ""supercoach"": 86, ""afl_fantasy"": 76, ""frees_against"": 1}",footywire
24de5ce521397817813e9d03,2010,16,Adelaide,Geelong,Phil Davis,11825,unique,false,false,,,"{""goals"": 0, ""kicks"": 7, ""marks"": 5, ""behinds"": 0, ""hitouts"": 0, ""tackles"": 2, ""disposals"": 14, ""frees_for"": 0, ""handballs"": 7, ""supercoach"": 52, ""afl_fantasy"": 55, ""frees_against"": 1}",footywire
2541c6b7dbea92218fdb82d4,1999,20,Sydney,Adelaide,Ben Mathews,1009,unique,false,false,,,"{""goals"": 0, ""kicks"": 13, ""marks"": 4, ""behinds"": 0, ""hitouts"": 0, ""tackles"": 1, ""disposals"": 19, ""frees_for"": 0, ""handballs"": 6, ""frees_against"": 0}",footywire
25427da9025ff5fbf10e56eb,1997,2,Richmond,Adelaide,Joel Bowden,890,unique,false,false,,,"{""goals"": 0, ""kicks"": 16, ""marks"": 5, ""behinds"": 0, ""hitouts"": 0, ""tackles"": 5, ""disposals"": 20, ""handballs"": 4}",footywire
257626e95ae9834b8c93556e,2009,7,North Melbourne,Port Adelaide,Jack Ziebell,11724,unique,false,false,,,"{""goals"": 1, ""kicks"": 13, ""marks"": 5, ""behinds"": 0, ""hitouts"": 0, ""tackles"": 4, ""disposals"": 23, ""frees_for"": 1, ""handballs"": 10, ""supercoach"": 75, ""afl_fantasy"": 94, ""frees_against"": 1}",footywire
25c9e20bb4e0d442154de838,2000,11,Hawthorn,Richmond,Glen Bowyer,673,unique,false,false,,,"{""goals"": 0, ""kicks"": 11, ""marks"": 7, ""behinds"": 0, ""hitouts"": 0, ""tackles"": 1, ""disposals"": 17, ""frees_for"": 0, ""handballs"": 6, ""frees_against"": 1}",footywire
25d35f78c32395719aa32e07,2015,16,Gold Coast,Greater Western Sydney,Touk Miller,12331,unique,false,false,,,"{""goals"": 2, ""kicks"": 12, ""marks"": 5, ""behinds"": 0, ""hitouts"": 0, ""tackles"": 5, ""disposals"": 27, ""frees_for"": 1, ""handballs"": 15, ""supercoach"": 132, ""afl_fantasy"": 111, ""frees_against"": 1}",footywire
25d5d5564c0adc94d5e7fcf9,2003,15,Essendon,Adelaide,Ted Richards,1119,unique,false,false,,,"{""goals"": 3, ""kicks"": 5, ""marks"": 4, ""behinds"": 0, ""hitouts"": 0, ""tackles"": 0, ""disposals"": 7, ""frees_for"": 0, ""handballs"": 2, ""frees_against"": 0}",footywire
260a89ee87d06308e518bda6,2023,17,Hawthorn,Greater Western Sydney,Seamus Mitchell,13051,unique,false,false,,,"{""goals"": 0, ""kicks"": 7, ""marks"": 4, ""behinds"": 0, ""hitouts"": 0, ""tackles"": 0, ""disposals"": 20, ""frees_for"": 0, ""handballs"": 13, ""supercoach"": 55, ""afl_fantasy"": 56, ""frees_against"": 1}",footywire
264c943b3eacda65683fe5a1,2017,8,Greater Western Sydney,Collingwood,Tim Taranto,12504,unique,false,false,,,"{""goals"": 0, ""kicks"": 9, ""marks"": 1, ""behinds"": 2, ""hitouts"": 0, ""tackles"": 5, ""disposals"": 21, ""frees_for"": 0, ""handballs"": 12, ""supercoach"": 82, ""afl_fantasy"": 73, ""frees_against"": 1}",footywire
267a8e61e5b0497a4f2f9fd5,2020,2,Gold Coast,West Coast,Matt Rowell,12768,unique,false,false,,,"{""goals"": 2, ""kicks"": 11, ""marks"": 1, ""behinds"": 0, ""hitouts"": 0, ""tackles"": 7, ""disposals"": 26, ""frees_for"": 2, ""handballs"": 15, ""supercoach"": 171, ""afl_fantasy"": 108, ""frees_against"": 0}",footywire
26ae5c4d09776e1d78b195ef,2015,17,Adelaide,Gold Coast,Jake Lever,12351,unique,false,false,,,"{""goals"": 0, ""kicks"": 15, ""marks"": 10, ""behinds"": 0, ""hitouts"": 0, ""tackles"": 0, ""disposals"": 24, ""frees_for"": 0, ""handballs"": 9, ""supercoach"": 111, ""afl_fantasy"": 84, ""frees_against"": 3}",footywire
2734c8fe2ad4b8d1d38d4df3,2017,10,Adelaide,Fremantle,Wayne Milera,12405,unique,false,false,,,"{""goals"": 3, ""kicks"": 11, ""marks"": 5, ""behinds"": 1, ""hitouts"": 0, ""tackles"": 4, ""disposals"": 16, ""frees_for"": 1, ""handballs"": 5, ""supercoach"": 93, ""afl_fantasy"": 88, ""frees_against"": 2}",footywire
282ee7749d3c2e280d4e9ed2,1994,8,Collingwood,St Kilda,Kent Butcher,219,unique,false,false,,,"{""goals"": 0, ""kicks"": 17, ""marks"": 5, ""behinds"": 1, ""hitouts"": 0, ""tackles"": 1, ""disposals"": 20, ""handballs"": 3}",footywire
284862eebe02350ad3d3aca2,2007,17,Melbourne,Port Adelaide,Nathan Jones,2447,unique,false,false,,,"{""goals"": 0, ""kicks"": 11, ""marks"": 2, ""behinds"": 0, ""hitouts"": 0, ""tackles"": 3, ""disposals"": 25, ""frees_for"": 0, ""handballs"": 14, ""supercoach"": 87, ""afl_fantasy"": 79, ""frees_against"": 0}",footywire
28ce58917f4971a61839851f,2015,20,Collingwood,Sydney,Jordan De Goey,12318,unique,false,false,,,"{""goals"": 1, ""kicks"": 12, ""marks"": 4, ""behinds"": 0, ""hitouts"": 0, ""tackles"": 12, ""disposals"": 18, ""frees_for"": 1, ""handballs"": 6, ""supercoach"": 103, ""afl_fantasy"": 115, ""frees_against"": 0}",footywire
28ea2c10bff70d71d4be8c14,2013,16,Gold Coast,Richmond,Tom Nicholls,11951,unique,false,false,,,"{""goals"": 0, ""kicks"": 8, ""marks"": 6, ""behinds"": 0, ""hitouts"": 25, ""tackles"": 5, ""disposals"": 18, ""frees_for"": 1, ""handballs"": 10, ""supercoach"": 121, ""afl_fantasy"": 105, ""frees_against"": 1}",footywire
2924245db289bf3a77aa6510,2012,8,Brisbane Lions,Greater Western Sydney,Mitchell Golby,11976,resolved,false,false,,,"{""goals"": 0, ""kicks"": 16, ""marks"": 8, ""behinds"": 0, ""hitouts"": 0, ""tackles"": 4, ""disposals"": 24, ""frees_for"": 1, ""handballs"": 8, ""supercoach"": 90, ""afl_fantasy"": 105, ""frees_against"": 0}",footywire
294778c2d69b762293601bb2,2001,10,Hawthorn,Port Adelaide,Brett Johnson,676,unique,false,false,,,"{""goals"": 0, ""kicks"": 6, ""marks"": 2, ""behinds"": 0, ""hitouts"": 0, ""tackles"": 1, ""disposals"": 13, ""frees_for"": 0, ""handballs"": 7, ""frees_against"": 0}",footywire
29bea5bf990f86f5b5d9085c,2025,13,Adelaide,Brisbane Lions,Daniel Curtin,13132,unique,false,false,,,"{""goals"": 0, ""kicks"": 10, ""marks"": 6, ""behinds"": 1, ""hitouts"": 0, ""tackles"": 6, ""disposals"": 14, ""frees_for"": 1, ""handballs"": 4, ""supercoach"": 76, ""afl_fantasy"": 82, ""frees_against"": 0}",footywire
29c26326065db505acec5ca3,2008,7,Melbourne,Fremantle,Austin Wonaeamirri,11647,unique,false,false,,,"{""goals"": 4, ""kicks"": 10, ""marks"": 8, ""behinds"": 1, ""hitouts"": 0, ""tackles"": 2, ""disposals"": 15, ""frees_for"": 0, ""handballs"": 5, ""supercoach"": 157, ""afl_fantasy"": 97, ""frees_against"": 0}",footywire
29f56cf44ba273046dbe8b51,2003,2,St Kilda,Adelaide,Luke Ball,1430,unique,false,false,,,"{""goals"": 1, ""kicks"": 6, ""marks"": 1, ""behinds"": 0, ""hitouts"": 0, ""tackles"": 2, ""disposals"": 11, ""frees_for"": 3, ""handballs"": 5, ""frees_against"": 1}",footywire
2a18df16e876ccdd273553be,1994,18,Carlton,Geelong,Troy Bond,37,unique,false,false,,,"{""goals"": 0, ""kicks"": 12, ""marks"": 1, ""behinds"": 0, ""hitouts"": 0, ""tackles"": 2, ""disposals"": 18, ""handballs"": 6}",footywire
2ad1637b040fe55f0e0152b6,2022,18,Hawthorn,West Coast,Josh Ward,12955,unique,false,false,,,"{""goals"": 0, ""kicks"": 23, ""marks"": 7, ""behinds"": 0, ""hitouts"": 0, ""tackles"": 5, ""disposals"": 34, ""frees_for"": 1, ""handballs"": 11, ""supercoach"": 99, ""afl_fantasy"": 133, ""frees_against"": 0}",footywire
2b0232477963f37642d92836,2014,11,Essendon,Richmond,Zachary Merrett,12241,resolved,false,false,,,"{""goals"": 2, ""kicks"": 14, ""marks"": 5, ""behinds"": 0, ""hitouts"": 0, ""tackles"": 3, ""disposals"": 22, ""frees_for"": 1, ""handballs"": 8, ""supercoach"": 76, ""afl_fantasy"": 98, ""frees_against"": 0}",footywire
2bd14155581c79b2c21bd3d5,1997,5,Fremantle,St Kilda,Heath Black,520,unique,false,false,,,"{""goals"": 2, ""kicks"": 12, ""marks"": 4, ""behinds"": 1, ""hitouts"": 0, ""tackles"": 1, ""disposals"": 17, ""handballs"": 5}",footywire
2c01b61f36efe01b017e0aff,2025,10,Carlton,Sydney,Cooper Lord,13170,unique,false,false,,,"{""goals"": 0, ""kicks"": 12, ""marks"": 4, ""behinds"": 0, ""hitouts"": 0, ""tackles"": 3, ""disposals"": 19, ""frees_for"": 0, ""handballs"": 7, ""supercoach"": 64, ""afl_fantasy"": 71, ""frees_against"": 1}",footywire
2ca0c7ebe5b2716e4998215b,2019,22,St Kilda,Carlton,Josh Battle,12558,unique,false,false,,,"{""goals"": 0, ""kicks"": 8, ""marks"": 4, ""behinds"": 0, ""hitouts"": 0, ""tackles"": 2, ""disposals"": 16, ""frees_for"": 0, ""handballs"": 8, ""supercoach"": 81, ""afl_fantasy"": 57, ""frees_against"": 1}",footywire
2e092accda15cdbddf40f319,1998,10,Carlton,Brisbane Lions,Darren Hulme,179,unique,false,false,,,"{""goals"": 3, ""kicks"": 13, ""marks"": 2, ""behinds"": 0, ""hitouts"": 0, ""tackles"": 5, ""disposals"": 21, ""frees_for"": 1, ""handballs"": 8, ""frees_against"": 1}",footywire
2e5ac37c19d6b86fa5f3b897,2004,10,Geelong,Port Adelaide,Brent Moloney,1465,unique,false,false,,,"{""goals"": 0, ""kicks"": 16, ""marks"": 9, ""behinds"": 0, ""hitouts"": 0, ""tackles"": 1, ""disposals"": 20, ""frees_for"": 0, ""handballs"": 4, ""frees_against"": 0}",footywire
2ee1fd6555d99e8579c9eb2c,2017,17,Brisbane Lions,Richmond,Alex Witherden,12546,unique,false,false,,,"{""goals"": 0, ""kicks"": 18, ""marks"": 1, ""behinds"": 0, ""hitouts"": 0, ""tackles"": 4, ""disposals"": 28, ""frees_for"": 1, ""handballs"": 10, ""supercoach"": 109, ""afl_fantasy"": 91, ""frees_against"": 1}",footywire
2f04b52b6757e01b02532664,2013,23,Adelaide,West Coast,Luke Brown,12106,resolved,false,false,,,"{""goals"": 0, ""kicks"": 11, ""marks"": 4, ""behinds"": 0, ""hitouts"": 0, ""tackles"": 0, ""disposals"": 21, ""frees_for"": 1, ""handballs"": 10, ""supercoach"": 65, ""afl_fantasy"": 66, ""frees_against"": 0}",footywire
2f0c1fff4e13f31612761a90,2017,18,Sydney,St Kilda,Lewis Melican,12526,unique,false,false,,,"{""goals"": 0, ""kicks"": 9, ""marks"": 3, ""behinds"": 0, ""hitouts"": 0, ""tackles"": 3, ""disposals"": 15, ""frees_for"": 1, ""handballs"": 6, ""supercoach"": 80, ""afl_fantasy"": 58, ""frees_against"": 1}",footywire
2f3b8ef905898fc93e2add33,2026,21,Geelong,,Mitchell Edwards,13285,unique,false,false,,,,footywire
2fc1f7d30e6f9394c9894732,2019,9,Western Bulldogs,Geelong,Bailey Smith,12692,unique,false,false,,,"{""goals"": 0, ""kicks"": 9, ""marks"": 1, ""behinds"": 1, ""hitouts"": 0, ""tackles"": 3, ""disposals"": 28, ""frees_for"": 0, ""handballs"": 19, ""supercoach"": 104, ""afl_fantasy"": 81, ""frees_against"": 0}",footywire
2ff04f3da7d2e136f0ac65e5,1998,17,Sydney,Brisbane Lions,Jared Crouch,1011,unique,false,false,,,"{""goals"": 0, ""kicks"": 5, ""marks"": 0, ""behinds"": 0, ""hitouts"": 0, ""tackles"": 0, ""disposals"": 10, ""frees_for"": 0, ""handballs"": 5, ""frees_against"": 1}",footywire
2ff5b965cb53320f846166dd,2010,1,Carlton,Richmond,Christopher Yarran,11750,resolved,false,false,,,"{""goals"": 3, ""kicks"": 9, ""marks"": 3, ""behinds"": 0, ""hitouts"": 0, ""tackles"": 6, ""disposals"": 11, ""frees_for"": 0, ""handballs"": 2, ""supercoach"": 74, ""afl_fantasy"": 76, ""frees_against"": 2}",footywire
302618f42dd5913f11f6bc71,2008,2,Western Bulldogs,Melbourne,Josh Hill,11602,unique,false,false,,,"{""goals"": 3, ""kicks"": 10, ""marks"": 4, ""behinds"": 1, ""hitouts"": 0, ""tackles"": 4, ""disposals"": 17, ""frees_for"": 1, ""handballs"": 7, ""supercoach"": 138, ""afl_fantasy"": 92, ""frees_against"": 0}",footywire
310fe2573b669512f0fed4dc,2020,16,Hawthorn,St Kilda,Will Day,12794,unique,false,false,,,"{""goals"": 0, ""kicks"": 15, ""marks"": 4, ""behinds"": 0, ""hitouts"": 0, ""tackles"": 2, ""disposals"": 21, ""frees_for"": 0, ""handballs"": 6, ""supercoach"": 82, ""afl_fantasy"": 77, ""frees_against"": 0}",footywire
316db500beefb0d71f17ccd9,2002,6,Collingwood,St Kilda,Jason Cloke,1121,unique,false,false,,,"{""goals"": 0, ""kicks"": 13, ""marks"": 9, ""behinds"": 0, ""hitouts"": 2, ""tackles"": 5, ""disposals"": 17, ""frees_for"": 2, ""handballs"": 4, ""frees_against"": 0}",footywire
31d6a2afbd6d5ff0cff5b60e,2007,8,Western Bulldogs,Collingwood,Shaun Higgins,4180,unique,false,false,,,"{""goals"": 4, ""kicks"": 9, ""marks"": 3, ""behinds"": 1, ""hitouts"": 0, ""tackles"": 0, ""disposals"": 15, ""frees_for"": 0, ""handballs"": 6, ""supercoach"": 87, ""afl_fantasy"": 73, ""frees_against"": 0}",footywire
31ed3b356950fd98850efbd1,2008,13,Hawthorn,North Melbourne,Jarryd Morton,11671,unique,false,false,,,"{""goals"": 0, ""kicks"": 13, ""marks"": 6, ""behinds"": 0, ""hitouts"": 0, ""tackles"": 0, ""disposals"": 33, ""frees_for"": 1, ""handballs"": 20, ""supercoach"": 113, ""afl_fantasy"": 98, ""frees_against"": 0}",footywire
31f99292d1f01cfc50bdc55e,2015,15,West Coast,Adelaide,Dominic Sheed,12253,resolved,false,false,,,"{""goals"": 1, ""kicks"": 12, ""marks"": 3, ""behinds"": 1, ""hitouts"": 0, ""tackles"": 4, ""disposals"": 26, ""frees_for"": 2, ""handballs"": 14, ""supercoach"": 95, ""afl_fantasy"": 98, ""frees_against"": 0}",footywire
31fd0625bdd9c8ae4bd18d1f,2005,11,Hawthorn,Western Bulldogs,Jordan Lewis,4077,unique,false,false,,,"{""goals"": 0, ""kicks"": 14, ""marks"": 10, ""behinds"": 0, ""hitouts"": 0, ""tackles"": 1, ""disposals"": 23, ""frees_for"": 1, ""handballs"": 9, ""frees_against"": 1}",footywire
324661b391ac47d84b4b44b4,2012,21,Adelaide,Brisbane Lions,Sam Shaw,12056,unique,false,false,,,"{""goals"": 0, ""kicks"": 21, ""marks"": 7, ""behinds"": 0, ""hitouts"": 0, ""tackles"": 0, ""disposals"": 22, ""frees_for"": 1, ""handballs"": 1, ""supercoach"": 113, ""afl_fantasy"": 87, ""frees_against"": 0}",footywire
32a6f60cc8453f69bb262f8c,1993,20,Essendon,Footscray,Mark Mercuri,310,unique,false,false,,,"{""goals"": 0, ""kicks"": 14, ""marks"": 7, ""behinds"": 1, ""hitouts"": 1, ""tackles"": 1, ""disposals"": 33, ""handballs"": 19}",footywire
32fa10be27505b90f6307c51,2006,22,West Coast,Richmond,Mark Lecras,4114,unique,false,false,,,"{""goals"": 5, ""kicks"": 14, ""marks"": 10, ""behinds"": 4, ""hitouts"": 0, ""tackles"": 1, ""disposals"": 17, ""frees_for"": 2, ""handballs"": 3, ""frees_against"": 0}",footywire
3315c56e619afcfee21af61e,2012,6,Geelong,Melbourne,Steven Motlop,11818,unique,false,false,,,"{""goals"": 1, ""kicks"": 17, ""marks"": 3, ""behinds"": 0, ""hitouts"": 0, ""tackles"": 2, ""disposals"": 28, ""frees_for"": 0, ""handballs"": 11, ""supercoach"": 89, ""afl_fantasy"": 93, ""frees_against"": 1}",footywire
3326609568ba04586c2e8c0e,2010,9,Fremantle,Sydney,Nathan Fyfe,11834,resolved,false,false,,,"{""goals"": 0, ""kicks"": 13, ""marks"": 7, ""behinds"": 1, ""hitouts"": 0, ""tackles"": 5, ""disposals"": 23, ""frees_for"": 1, ""handballs"": 10, ""supercoach"": 103, ""afl_fantasy"": 99, ""frees_against"": 1}",footywire
33afbc26e3575bf6264ed219,2012,18,Greater Western Sydney,Collingwood,Adam Treloar,12054,unique,false,false,,,"{""goals"": 0, ""kicks"": 18, ""marks"": 9, ""behinds"": 0, ""hitouts"": 0, ""tackles"": 1, ""disposals"": 37, ""frees_for"": 1, ""handballs"": 19, ""supercoach"": 99, ""afl_fantasy"": 121, ""frees_against"": 1}",footywire
33c1d75c279f0eb4cf30763b,1994,12,St Kilda,Geelong,Shane Wakelin,297,unique,false,false,,,"{""goals"": 2, ""kicks"": 11, ""marks"": 5, ""behinds"": 0, ""hitouts"": 0, ""tackles"": 5, ""disposals"": 14, ""handballs"": 3}",footywire
3435a96940c0165b56956705,2004,18,West Coast,Western Bulldogs,Beau Waters,3960,unique,false,false,,,"{""goals"": 0, ""kicks"": 13, ""marks"": 8, ""behinds"": 0, ""hitouts"": 0, ""tackles"": 0, ""disposals"": 25, ""frees_for"": 0, ""handballs"": 12, ""frees_against"": 1}",footywire
344b6f710306dce1c3ec3e01,2006,8,Brisbane Lions,Port Adelaide,Michael Rischitelli,4047,unique,false,false,,,"{""goals"": 0, ""kicks"": 9, ""marks"": 9, ""behinds"": 0, ""hitouts"": 0, ""tackles"": 6, ""disposals"": 16, ""frees_for"": 1, ""handballs"": 7, ""frees_against"": 1}",footywire
348e19a59b157e85e65db427,2000,15,Melbourne,Hawthorn,Matthew Whelan,750,unique,false,false,,,"{""goals"": 0, ""kicks"": 4, ""marks"": 5, ""behinds"": 0, ""hitouts"": 0, ""tackles"": 1, ""disposals"": 15, ""frees_for"": 0, ""handballs"": 11, ""frees_against"": 0}",footywire
34c29045ed01a9ebe5bb3a8f,2015,6,Geelong,Collingwood,Cory Gregson,12320,unique,false,false,,,"{""goals"": 3, ""kicks"": 10, ""marks"": 7, ""behinds"": 2, ""hitouts"": 0, ""tackles"": 4, ""disposals"": 18, ""frees_for"": 0, ""handballs"": 8, ""supercoach"": 97, ""afl_fantasy"": 97, ""frees_against"": 2}",footywire
351a6e48929deb5eadaa81d5,2002,10,Collingwood,Sydney,Mark Mcgough,1128,unique,false,false,,,"{""goals"": 0, ""kicks"": 9, ""marks"": 3, ""behinds"": 0, ""hitouts"": 0, ""tackles"": 2, ""disposals"": 16, ""frees_for"": 0, ""handballs"": 7, ""frees_against"": 1}",footywire
35ce4c3cb604471cb72fdfd1,2024,20,Fremantle,West Coast,Josh Draper,13112,unique,false,false,,,"{""goals"": 0, ""kicks"": 6, ""marks"": 4, ""behinds"": 0, ""hitouts"": 0, ""tackles"": 0, ""disposals"": 18, ""frees_for"": 0, ""handballs"": 12, ""supercoach"": 66, ""afl_fantasy"": 54, ""frees_against"": 0}",footywire
3663e2880df5917cd7339a56,2016,3,Carlton,Gold Coast,Jacob Weitering,12402,unique,false,false,,,"{""goals"": 0, ""kicks"": 17, ""marks"": 9, ""behinds"": 0, ""hitouts"": 0, ""tackles"": 2, ""disposals"": 26, ""frees_for"": 2, ""handballs"": 9, ""supercoach"": 129, ""afl_fantasy"": 106, ""frees_against"": 0}",footywire
3670a87ae35f7d8db0138cbf,2018,19,West Coast,North Melbourne,Tom Cole,12446,unique,false,false,,,"{""goals"": 0, ""kicks"": 10, ""marks"": 6, ""behinds"": 0, ""hitouts"": 0, ""tackles"": 0, ""disposals"": 18, ""frees_for"": 0, ""handballs"": 8, ""supercoach"": 79, ""afl_fantasy"": 64, ""frees_against"": 0}",footywire
36855e2acaeefd325f7d7e5f,2020,7,Gold Coast,Sydney,Noah Anderson,12767,unique,false,false,,,"{""goals"": 1, ""kicks"": 12, ""marks"": 5, ""behinds"": 1, ""hitouts"": 0, ""tackles"": 3, ""disposals"": 15, ""frees_for"": 3, ""handballs"": 3, ""supercoach"": 93, ""afl_fantasy"": 76, ""frees_against"": 1}",footywire
36ac0db82725e74ead2d165c,1995,9,St Kilda,Carlton,Austinn Jones,929,unique,false,false,,,"{""goals"": 0, ""kicks"": 13, ""marks"": 3, ""behinds"": 0, ""hitouts"": 0, ""tackles"": 1, ""disposals"": 20, ""handballs"": 7}",footywire
36b863f03842ca68d38a1458,1997,1,Carlton,Essendon,Lance Whitnall,173,unique,false,false,,,"{""goals"": 4, ""kicks"": 11, ""marks"": 9, ""behinds"": 1, ""hitouts"": 2, ""tackles"": 0, ""disposals"": 12, ""handballs"": 1}",footywire
36cb175fd372c278a8a2e7b0,2013,22,Collingwood,West Coast,Brodie Grundy,12217,unique,false,false,,,"{""goals"": 0, ""kicks"": 5, ""marks"": 3, ""behinds"": 2, ""hitouts"": 23, ""tackles"": 3, ""disposals"": 11, ""frees_for"": 0, ""handballs"": 6, ""supercoach"": 66, ""afl_fantasy"": 67, ""frees_against"": 2}",footywire
371525ec2c5830569b339c38,2008,9,Fremantle,Carlton,Garrick Ibbotson,11580,unique,false,false,,,"{""goals"": 0, ""kicks"": 13, ""marks"": 5, ""behinds"": 0, ""hitouts"": 0, ""tackles"": 3, ""disposals"": 21, ""frees_for"": 1, ""handballs"": 8, ""supercoach"": 96, ""afl_fantasy"": 80, ""frees_against"": 1}",footywire
37d9b3dab03f78410cf4e023,2011,7,Gold Coast,Brisbane Lions,Zac Smith,11909,unique,false,false,,,"{""goals"": 0, ""kicks"": 11, ""marks"": 7, ""behinds"": 1, ""hitouts"": 17, ""tackles"": 2, ""disposals"": 22, ""frees_for"": 4, ""handballs"": 11, ""supercoach"": 111, ""afl_fantasy"": 103, ""frees_against"": 1}",footywire
387dfaaa0398c5957939ed5c,2015,13,Adelaide,Brisbane Lions,Charlie Cameron,12277,resolved,false,false,,,"{""goals"": 1, ""kicks"": 9, ""marks"": 4, ""behinds"": 1, ""hitouts"": 0, ""tackles"": 5, ""disposals"": 13, ""frees_for"": 0, ""handballs"": 4, ""supercoach"": 89, ""afl_fantasy"": 74, ""frees_against"": 0}",footywire
38807ae4208d6df3cc8509bc,2014,23,Gold Coast,West Coast,Jack Martin,12236,unique,false,false,,,"{""goals"": 4, ""kicks"": 14, ""marks"": 7, ""behinds"": 0, ""hitouts"": 0, ""tackles"": 2, ""disposals"": 19, ""frees_for"": 0, ""handballs"": 5, ""supercoach"": 119, ""afl_fantasy"": 102, ""frees_against"": 1}",footywire
388e6d3b76f657e6213676c7,2011,10,St Kilda,Fremantle,Jack Steven,11791,unique,false,false,,,"{""goals"": 1, ""kicks"": 13, ""marks"": 4, ""behinds"": 0, ""hitouts"": 0, ""tackles"": 4, ""disposals"": 27, ""frees_for"": 1, ""handballs"": 14, ""supercoach"": 104, ""afl_fantasy"": 102, ""frees_against"": 0}",footywire
38fc0ce89ffee749a948b368,1995,17,Footscray,Hawthorn,Daniel Hargraves,430,unique,false,false,,,"{""goals"": 1, ""kicks"": 12, ""marks"": 10, ""behinds"": 1, ""hitouts"": 1, ""tackles"": 0, ""disposals"": 15, ""handballs"": 3}",footywire
3927b03d5349aa3a6ecba282,2000,12,Adelaide,Sydney,Ian Perrie,64,unique,false,false,,,"{""goals"": 2, ""kicks"": 10, ""marks"": 6, ""behinds"": 1, ""hitouts"": 3, ""tackles"": 3, ""disposals"": 13, ""frees_for"": 2, ""handballs"": 3, ""frees_against"": 2}",footywire
3935d139e2c5078837539dbe,2018,11,Sydney,Carlton,Oliver Florent,12497,unique,false,false,,,"{""goals"": 0, ""kicks"": 8, ""marks"": 3, ""behinds"": 0, ""hitouts"": 0, ""tackles"": 2, ""disposals"": 20, ""frees_for"": 0, ""handballs"": 12, ""supercoach"": 86, ""afl_fantasy"": 62, ""frees_against"": 1}",footywire
39469e750caf050ae366e1ed,2013,14,Adelaide,Gold Coast,Brad Crouch,12156,unique,false,false,,,"{""goals"": 0, ""kicks"": 14, ""marks"": 6, ""behinds"": 0, ""hitouts"": 0, ""tackles"": 6, ""disposals"": 31, ""frees_for"": 3, ""handballs"": 17, ""supercoach"": 114, ""afl_fantasy"": 121, ""frees_against"": 0}",footywire
3966b9d17023b2b9676255c4,2017,21,Port Adelaide,Collingwood,Dan Houston,12495,unique,false,false,,,"{""goals"": 1, ""kicks"": 12, ""marks"": 4, ""behinds"": 0, ""hitouts"": 0, ""tackles"": 2, ""disposals"": 21, ""frees_for"": 0, ""handballs"": 9, ""supercoach"": 78, ""afl_fantasy"": 77, ""frees_against"": 1}",footywire
39e844fa84127b4b607a958c,2008,10,Collingwood,West Coast,Nathan Brown,11627,resolved,false,false,,,"{""goals"": 0, ""kicks"": 6, ""marks"": 1, ""behinds"": 0, ""hitouts"": 0, ""tackles"": 3, ""disposals"": 13, ""frees_for"": 0, ""handballs"": 7, ""supercoach"": 58, ""afl_fantasy"": 44, ""frees_against"": 1}",footywire
39eb82427459cee980380a7b,2012,17,Richmond,North Melbourne,Brandon Ellis,12034,unique,false,false,,,"{""goals"": 0, ""kicks"": 12, ""marks"": 5, ""behinds"": 1, ""hitouts"": 0, ""tackles"": 0, ""disposals"": 21, ""frees_for"": 0, ""handballs"": 9, ""supercoach"": 90, ""afl_fantasy"": 70, ""frees_against"": 0}",footywire
3a0cb92bf3ebc6a70968fef3,2000,10,Port Adelaide,Geelong,Chad Cornes,847,unique,false,false,,,"{""goals"": 3, ""kicks"": 14, ""marks"": 7, ""behinds"": 0, ""hitouts"": 2, ""tackles"": 0, ""disposals"": 20, ""frees_for"": 0, ""handballs"": 6, ""frees_against"": 0}",footywire
3a54c090caf72d782cd78cbb,2001,2,Kangaroos,Brisbane Lions,Daniel Harris,805,unique,false,false,,,"{""goals"": 0, ""kicks"": 17, ""marks"": 0, ""behinds"": 3, ""hitouts"": 0, ""tackles"": 2, ""disposals"": 23, ""frees_for"": 2, ""handballs"": 6, ""frees_against"": 0}",footywire
3abba802cb8dc7b80102d42d,2020,4,Greater Western Sydney,Collingwood,Tom Green,12770,resolved,false,false,,,"{""goals"": 1, ""kicks"": 5, ""marks"": 2, ""behinds"": 0, ""hitouts"": 0, ""tackles"": 0, ""disposals"": 18, ""frees_for"": 1, ""handballs"": 13, ""supercoach"": 94, ""afl_fantasy"": 51, ""frees_against"": 1}",footywire
3be98aa76ed19a7099fbc980,1997,8,Brisbane Lions,Fremantle,Daniel Bradshaw,134,unique,false,false,,,"{""goals"": 4, ""kicks"": 9, ""marks"": 5, ""behinds"": 1, ""hitouts"": 0, ""tackles"": 2, ""disposals"": 14, ""handballs"": 5}",footywire
3bf9e6c36eabde7c371078f7,2008,11,Carlton,Port Adelaide,Matthew Kreuzer,11645,unique,false,false,,,"{""goals"": 3, ""kicks"": 8, ""marks"": 5, ""behinds"": 0, ""hitouts"": 3, ""tackles"": 1, ""disposals"": 9, ""frees_for"": 1, ""handballs"": 1, ""supercoach"": 76, ""afl_fantasy"": 64, ""frees_against"": 1}",footywire
3c233451452bb67200d95dd0,2025,8,St Kilda,Fremantle,Hugo Garcia,13125,unique,false,false,,,"{""goals"": 1, ""kicks"": 10, ""marks"": 0, ""behinds"": 0, ""hitouts"": 0, ""tackles"": 10, ""disposals"": 19, ""frees_for"": 2, ""handballs"": 9, ""supercoach"": 71, ""afl_fantasy"": 84, ""frees_against"": 4}",footywire
3d38d3e1bf28924f321dace6,2007,7,Kangaroos,Essendon,Jesse W Smith,4103,resolved,false,false,,,"{""goals"": 1, ""kicks"": 14, ""marks"": 6, ""behinds"": 0, ""hitouts"": 0, ""tackles"": 2, ""disposals"": 27, ""frees_for"": 1, ""handballs"": 13, ""supercoach"": 130, ""afl_fantasy"": 101, ""frees_against"": 0}",footywire
3db0eaef09e13e89caed1e8f,2015,5,Gold Coast,Brisbane Lions,Adam Saad,12330,unique,false,false,,,"{""goals"": 0, ""kicks"": 9, ""marks"": 7, ""behinds"": 0, ""hitouts"": 0, ""tackles"": 3, ""disposals"": 26, ""frees_for"": 0, ""handballs"": 17, ""supercoach"": 85, ""afl_fantasy"": 85, ""frees_against"": 3}",footywire
3de0e1fef5f71a14d1dde838,2008,1,Essendon,North Melbourne,Bachar Houli,11566,unique,false,false,,,"{""goals"": 0, ""kicks"": 13, ""marks"": 4, ""behinds"": 0, ""hitouts"": 0, ""tackles"": 0, ""disposals"": 26, ""frees_for"": 0, ""handballs"": 13, ""supercoach"": 65, ""afl_fantasy"": 71, ""frees_against"": 2}",footywire
3e4acccd848570cdd43d1ba2,2024,0,Sydney,Melbourne,Matthew Roberts,12994,resolved,false,false,,,"{""goals"": 0, ""kicks"": 16, ""marks"": 8, ""behinds"": 0, ""hitouts"": 0, ""tackles"": 3, ""disposals"": 19, ""frees_for"": 1, ""handballs"": 3, ""supercoach"": 76, ""afl_fantasy"": 91, ""frees_against"": 0}",footywire
3e700de0eff31445d8227c95,2025,7,Melbourne,Richmond,Xavier Lindsay,13185,unique,false,false,,,"{""goals"": 0, ""kicks"": 15, ""marks"": 11, ""behinds"": 0, ""hitouts"": 0, ""tackles"": 2, ""disposals"": 21, ""frees_for"": 0, ""handballs"": 6, ""supercoach"": 78, ""afl_fantasy"": 98, ""frees_against"": 0}",footywire
3e75dca9ed8515db224b5789,2012,13,Melbourne,Greater Western Sydney,Tom Mcdonald,12009,unique,false,false,,,"{""goals"": 0, ""kicks"": 6, ""marks"": 4, ""behinds"": 0, ""hitouts"": 0, ""tackles"": 3, ""disposals"": 26, ""frees_for"": 2, ""handballs"": 20, ""supercoach"": 101, ""afl_fantasy"": 81, ""frees_against"": 1}",footywire
3e803440318eee5c5959d268,2018,3,Collingwood,Carlton,Samuel Murray,12586,resolved,false,false,,,"{""goals"": 0, ""kicks"": 13, ""marks"": 7, ""behinds"": 0, ""hitouts"": 0, ""tackles"": 4, ""disposals"": 21, ""frees_for"": 1, ""handballs"": 8, ""supercoach"": 95, ""afl_fantasy"": 90, ""frees_against"": 1}",footywire
3f3c659d211ab914cc0b8689,2011,18,Geelong,Richmond,Allen Christensen,11920,unique,false,false,,,"{""goals"": 2, ""kicks"": 12, ""marks"": 5, ""behinds"": 1, ""hitouts"": 0, ""tackles"": 6, ""disposals"": 26, ""frees_for"": 0, ""handballs"": 14, ""supercoach"": 115, ""afl_fantasy"": 113, ""frees_against"": 1}",footywire
3f44d8c9b7e4fa8bd779a06f,2026,18,Greater Western Sydney,Geelong,Riley Hamilton,13347,unique,false,false,,,"{""goals"": 2, ""kicks"": 9, ""marks"": 3, ""behinds"": 1, ""hitouts"": 0, ""tackles"": 1, ""disposals"": 15, ""frees_for"": 0, ""handballs"": 6, ""supercoach"": 58, ""afl_fantasy"": 59, ""frees_against"": 2}",footywire
3f7e8ae51c61ab6ef834f2ac,1994,15,Richmond,Adelaide,Jamie Tape,263,unique,false,false,,,"{""goals"": 0, ""kicks"": 13, ""marks"": 8, ""behinds"": 0, ""hitouts"": 0, ""tackles"": 3, ""disposals"": 18, ""handballs"": 5}",footywire
401aee7e2175080f9ca263aa,2007,4,Collingwood,Port Adelaide,Scott Pendlebury,4182,unique,false,false,,,"{""goals"": 2, ""kicks"": 9, ""marks"": 6, ""behinds"": 1, ""hitouts"": 0, ""tackles"": 5, ""disposals"": 20, ""frees_for"": 2, ""handballs"": 11, ""supercoach"": 115, ""afl_fantasy"": 102, ""frees_against"": 0}",footywire
40852e0c77b1261765049f64,2015,18,Brisbane Lions,Geelong,Harris Andrews,12340,unique,false,false,,,"{""goals"": 0, ""kicks"": 12, ""marks"": 12, ""behinds"": 0, ""hitouts"": 0, ""tackles"": 0, ""disposals"": 22, ""frees_for"": 1, ""handballs"": 10, ""supercoach"": 109, ""afl_fantasy"": 93, ""frees_against"": 0}",footywire
409454a695da438bc66d792c,2002,2,West Coast,Collingwood,Chris Judd,1122,unique,false,false,,,"{""goals"": 1, ""kicks"": 15, ""marks"": 1, ""behinds"": 0, ""hitouts"": 0, ""tackles"": 4, ""disposals"": 19, ""frees_for"": 0, ""handballs"": 4, ""frees_against"": 0}",footywire
4101acafabf79dad96c870a0,2025,11,Essendon,Richmond,Angus Clarke,13229,unique,false,false,,,"{""goals"": 3, ""kicks"": 14, ""marks"": 8, ""behinds"": 1, ""hitouts"": 0, ""tackles"": 3, ""disposals"": 16, ""frees_for"": 0, ""handballs"": 2, ""supercoach"": 97, ""afl_fantasy"": 98, ""frees_against"": 1}",footywire
41190bbe57e5bdad5d6e382a,2017,2,Hawthorn,Adelaide,Ryan Burton,12477,unique,false,false,,,"{""goals"": 0, ""kicks"": 15, ""marks"": 9, ""behinds"": 0, ""hitouts"": 0, ""tackles"": 4, ""disposals"": 26, ""frees_for"": 2, ""handballs"": 11, ""supercoach"": 104, ""afl_fantasy"": 112, ""frees_against"": 0}",footywire
412195dea5d30c5f0847cb61,1999,13,Essendon,Western Bulldogs,Mark Johnson,354,unique,false,false,,,"{""goals"": 0, ""kicks"": 15, ""marks"": 6, ""behinds"": 0, ""hitouts"": 0, ""tackles"": 1, ""disposals"": 20, ""frees_for"": 1, ""handballs"": 5, ""frees_against"": 0}",footywire
413f18ad3d36190fc335bb5e,2006,1,Carlton,Melbourne,Marc Murphy,4148,unique,false,false,,,"{""goals"": 1, ""kicks"": 11, ""marks"": 5, ""behinds"": 1, ""hitouts"": 0, ""tackles"": 1, ""disposals"": 17, ""frees_for"": 2, ""handballs"": 6, ""frees_against"": 0}",footywire
417091cfc3d7c2bf69c98b66,2022,1,Essendon,Geelong,Nicholas Martin,12945,resolved,false,false,,,"{""goals"": 5, ""kicks"": 17, ""marks"": 10, ""behinds"": 0, ""hitouts"": 0, ""tackles"": 0, ""disposals"": 27, ""frees_for"": 2, ""handballs"": 10, ""supercoach"": 114, ""afl_fantasy"": 130, ""frees_against"": 1}",footywire
4185e4cca854c71f72c6bb7f,2022,9,Carlton,Greater Western Sydney,Corey Durdin,12936,unique,false,false,,,"{""goals"": 2, ""kicks"": 11, ""marks"": 3, ""behinds"": 1, ""hitouts"": 0, ""tackles"": 2, ""disposals"": 19, ""frees_for"": 0, ""handballs"": 8, ""supercoach"": 76, ""afl_fantasy"": 79, ""frees_against"": 0}",footywire
424735ec325a17e858e6de7e,2013,17,Greater Western Sydney,Essendon,Adam Tomlinson,12027,unique,false,false,,,"{""goals"": 1, ""kicks"": 13, ""marks"": 9, ""behinds"": 0, ""hitouts"": 0, ""tackles"": 4, ""disposals"": 23, ""frees_for"": 2, ""handballs"": 10, ""supercoach"": 95, ""afl_fantasy"": 110, ""frees_against"": 0}",footywire
4279446987f0993cb6182325,2007,19,Port Adelaide,Carlton,Travis Boak,11583,unique,false,false,,,"{""goals"": 2, ""kicks"": 11, ""marks"": 4, ""behinds"": 1, ""hitouts"": 0, ""tackles"": 1, ""disposals"": 28, ""frees_for"": 1, ""handballs"": 17, ""supercoach"": 136, ""afl_fantasy"": 97, ""frees_against"": 0}",footywire
429fa3817b522e17f97c6dbf,2017,7,Carlton,Collingwood,Sam Petrevski Seton,12487,resolved,false,false,,,"{""goals"": 2, ""kicks"": 16, ""marks"": 4, ""behinds"": 1, ""hitouts"": 0, ""tackles"": 3, ""disposals"": 21, ""frees_for"": 1, ""handballs"": 5, ""supercoach"": 134, ""afl_fantasy"": 93, ""frees_against"": 1}",footywire
43008cb5463612169748e1e3,2026,3,West Coast,Port Adelaide,Willem Duursma,13292,unique,false,false,,,"{""goals"": 1, ""kicks"": 13, ""marks"": 6, ""behinds"": 3, ""hitouts"": 0, ""tackles"": 1, ""disposals"": 20, ""frees_for"": 2, ""handballs"": 7, ""supercoach"": 104, ""afl_fantasy"": 86, ""frees_against"": 0}",footywire
437ad43b5566ac7afc574caf,2000,7,Kangaroos,St Kilda,Adam Lange,798,unique,false,false,,,"{""goals"": 3, ""kicks"": 4, ""marks"": 2, ""behinds"": 1, ""hitouts"": 0, ""tackles"": 5, ""disposals"": 17, ""frees_for"": 1, ""handballs"": 13, ""frees_against"": 1}",footywire
441524219bc9f6c85255863d,2026,13,Western Bulldogs,Hawthorn,Cooper Hynes,13213,unique,false,false,,,"{""goals"": 0, ""kicks"": 14, ""marks"": 3, ""behinds"": 0, ""hitouts"": 0, ""tackles"": 2, ""disposals"": 21, ""frees_for"": 0, ""handballs"": 7, ""supercoach"": 67, ""afl_fantasy"": 73, ""frees_against"": 0}",footywire
4463ab958a5e9f921b6112fb,2002,5,St Kilda,Sydney,Nick Riewoldt,981,unique,true,false,,,"{""goals"": 0, ""kicks"": 13, ""marks"": 12, ""behinds"": 0, ""hitouts"": 7, ""tackles"": 3, ""disposals"": 17, ""frees_for"": 1, ""handballs"": 4, ""frees_against"": 1}",footywire
4475437d42f7f0a1712e0f98,2022,7,North Melbourne,Carlton,Jason Horne Francis,12956,resolved,false,true,Ineligible to win the NAB Rising Star due to suspension.,,"{""goals"": 0, ""kicks"": 15, ""marks"": 1, ""behinds"": 0, ""hitouts"": 0, ""tackles"": 1, ""disposals"": 20, ""frees_for"": 2, ""handballs"": 5, ""supercoach"": 58, ""afl_fantasy"": 52, ""frees_against"": 4}",footywire
44ce8e4dabffcd073aecfedb,2026,14,Richmond,Brisbane Lions,Jasper Alger,13242,unique,false,false,,,"{""goals"": 4, ""kicks"": 8, ""marks"": 6, ""behinds"": 1, ""hitouts"": 0, ""tackles"": 1, ""disposals"": 10, ""frees_for"": 0, ""handballs"": 2, ""supercoach"": 81, ""afl_fantasy"": 75, ""frees_against"": 0}",footywire
4535bb12db0cffcf0a9e262b,2003,7,St Kilda,Carlton,Brendon Goddard,1443,unique,false,false,,,"{""goals"": 0, ""kicks"": 14, ""marks"": 4, ""behinds"": 0, ""hitouts"": 0, ""tackles"": 3, ""disposals"": 20, ""frees_for"": 0, ""handballs"": 6, ""frees_against"": 2}",footywire
4545340d1622f4939f987318,1994,5,Fitzroy,Sydney,Jarrod Molloy,295,unique,false,false,,,"{""goals"": 2, ""kicks"": 17, ""marks"": 7, ""behinds"": 2, ""hitouts"": 0, ""tackles"": 2, ""disposals"": 21, ""handballs"": 4}",footywire
45affa96509c9eaa04c7db80,2000,4,Fremantle,Richmond,Leigh Brown,539,unique,false,false,,,"{""goals"": 0, ""kicks"": 6, ""marks"": 4, ""behinds"": 0, ""hitouts"": 0, ""tackles"": 0, ""disposals"": 11, ""frees_for"": 2, ""handballs"": 5, ""frees_against"": 0}",footywire
46ac3a5d9aa41caa6d1c0c11,2016,18,North Melbourne,Collingwood,Ryan Clarke,12461,unique,false,false,,,"{""goals"": 0, ""kicks"": 8, ""marks"": 4, ""behinds"": 1, ""hitouts"": 0, ""tackles"": 2, ""disposals"": 27, ""frees_for"": 1, ""handballs"": 19, ""supercoach"": 99, ""afl_fantasy"": 81, ""frees_against"": 1}",footywire
472b96786c9f854b9cad7802,2000,14,West Coast,Port Adelaide,Andrew Embley,1065,unique,false,false,,,"{""goals"": 4, ""kicks"": 11, ""marks"": 7, ""behinds"": 0, ""hitouts"": 1, ""tackles"": 3, ""disposals"": 16, ""frees_for"": 0, ""handballs"": 5, ""frees_against"": 1}",footywire
476810e1f77c213cefb63482,2024,2,North Melbourne,Fremantle,George Wardlaw,13064,unique,false,false,,,"{""goals"": 1, ""kicks"": 10, ""marks"": 6, ""behinds"": 0, ""hitouts"": 0, ""tackles"": 4, ""disposals"": 23, ""frees_for"": 2, ""handballs"": 13, ""supercoach"": 102, ""afl_fantasy"": 98, ""frees_against"": 0}",footywire
47c167fa1e8834172801a4c8,2025,17,Essendon,Gold Coast,Isaac Kako,13177,unique,false,false,,,"{""goals"": 1, ""kicks"": 8, ""marks"": 3, ""behinds"": 0, ""hitouts"": 0, ""tackles"": 5, ""disposals"": 17, ""frees_for"": 2, ""handballs"": 9, ""supercoach"": 98, ""afl_fantasy"": 79, ""frees_against"": 0}",footywire
47c4ee5f1ed6ad1b8e1a2332,2021,22,Melbourne,Adelaide,Jake Bowey,12931,unique,false,false,,,"{""goals"": 0, ""kicks"": 9, ""marks"": 6, ""behinds"": 0, ""hitouts"": 0, ""tackles"": 0, ""disposals"": 18, ""frees_for"": 1, ""handballs"": 9, ""supercoach"": 62, ""afl_fantasy"": 64, ""frees_against"": 0}",footywire
47e061913fea9ff25f58351c,1996,9,West Coast,Hawthorn,Jarrad Schofield,846,unique,false,false,,,"{""goals"": 1, ""kicks"": 18, ""marks"": 4, ""behinds"": 0, ""hitouts"": 0, ""tackles"": 2, ""disposals"": 24, ""handballs"": 6}",footywire
47ed1a76fe414b8dd94df495,2025,5,Essendon,Melbourne,Archie Roberts,13168,resolved,false,false,,,"{""goals"": 0, ""kicks"": 15, ""marks"": 8, ""behinds"": 0, ""hitouts"": 0, ""tackles"": 6, ""disposals"": 28, ""frees_for"": 0, ""handballs"": 13, ""supercoach"": 107, ""afl_fantasy"": 113, ""frees_against"": 2}",footywire
4854feeabe1fe20e4d35fc24,2022,6,Collingwood,Essendon,Jack Ginnivan,12927,unique,false,false,,,"{""goals"": 5, ""kicks"": 11, ""marks"": 5, ""behinds"": 0, ""hitouts"": 0, ""tackles"": 1, ""disposals"": 12, ""frees_for"": 1, ""handballs"": 1, ""supercoach"": 80, ""afl_fantasy"": 79, ""frees_against"": 2}",footywire
48ad29cc5608956743fa84b0,2004,12,Brisbane Lions,Essendon,Richard Hadley,1097,unique,false,false,,,"{""goals"": 0, ""kicks"": 9, ""marks"": 5, ""behinds"": 0, ""hitouts"": 0, ""tackles"": 3, ""disposals"": 14, ""frees_for"": 0, ""handballs"": 5, ""frees_against"": 0}",footywire
48b35724ea4be4bbc281dcc9,2024,22,Essendon,Gold Coast,Nate Caddy,13148,unique,false,false,,,"{""goals"": 3, ""kicks"": 9, ""marks"": 6, ""behinds"": 1, ""hitouts"": 0, ""tackles"": 2, ""disposals"": 15, ""frees_for"": 2, ""handballs"": 6, ""supercoach"": 93, ""afl_fantasy"": 86, ""frees_against"": 0}",footywire
4918793328fc8f5b2558eb2a,2013,12,Brisbane Lions,Fremantle,Sam Mayes,12162,unique,false,false,,,"{""goals"": 0, ""kicks"": 15, ""marks"": 7, ""behinds"": 0, ""hitouts"": 0, ""tackles"": 3, ""disposals"": 25, ""frees_for"": 1, ""handballs"": 10, ""supercoach"": 104, ""afl_fantasy"": 99, ""frees_against"": 0}",footywire
494e987039afbb72f1f07bef,2003,10,Carlton,Fremantle,Jarrad Waite,1418,unique,false,false,,,"{""goals"": 2, ""kicks"": 11, ""marks"": 4, ""behinds"": 2, ""hitouts"": 1, ""tackles"": 0, ""disposals"": 21, ""frees_for"": 0, ""handballs"": 10, ""frees_against"": 0}",footywire
49a44f5d924a02401822f4a2,2005,13,Western Bulldogs,Carlton,Ryan Griffen,4080,unique,false,false,,,"{""goals"": 1, ""kicks"": 7, ""marks"": 3, ""behinds"": 0, ""hitouts"": 0, ""tackles"": 4, ""disposals"": 13, ""frees_for"": 0, ""handballs"": 6, ""frees_against"": 1}",footywire
49d1bb08f6bdcf0aad385ccf,2007,3,Geelong,Melbourne,Tom Hawkins,11548,unique,false,false,,,"{""goals"": 4, ""kicks"": 7, ""marks"": 5, ""behinds"": 1, ""hitouts"": 0, ""tackles"": 2, ""disposals"": 9, ""frees_for"": 3, ""handballs"": 2, ""supercoach"": 108, ""afl_fantasy"": 76, ""frees_against"": 0}",footywire
4a6c03f1a5e96c8f06ff2f14,2019,7,North Melbourne,Carlton,Cameron Zurhaar,12557,unique,false,false,,,"{""goals"": 5, ""kicks"": 12, ""marks"": 5, ""behinds"": 2, ""hitouts"": 0, ""tackles"": 4, ""disposals"": 16, ""frees_for"": 0, ""handballs"": 4, ""supercoach"": 95, ""afl_fantasy"": 104, ""frees_against"": 1}",footywire
4a9979b11dae84be26d5b318,2022,22,St Kilda,Brisbane Lions,Marcus Windhager,12967,unique,false,false,,,"{""goals"": 0, ""kicks"": 15, ""marks"": 7, ""behinds"": 1, ""hitouts"": 0, ""tackles"": 1, ""disposals"": 21, ""frees_for"": 4, ""handballs"": 6, ""supercoach"": 71, ""afl_fantasy"": 84, ""frees_against"": 1}",footywire
4a99ca3f77d0d0ca0bed556e,2009,12,Carlton,St Kilda,Aaron Joseph,11709,unique,false,false,,,"{""goals"": 0, ""kicks"": 8, ""marks"": 2, ""behinds"": 0, ""hitouts"": 0, ""tackles"": 5, ""disposals"": 19, ""frees_for"": 1, ""handballs"": 11, ""supercoach"": 95, ""afl_fantasy"": 73, ""frees_against"": 0}",footywire
4b3204ccc951687da061f6a5,1997,9,Sydney,Collingwood,Stefan Carey,1006,unique,false,false,,,"{""goals"": 2, ""kicks"": 15, ""marks"": 11, ""behinds"": 1, ""hitouts"": 8, ""tackles"": 2, ""disposals"": 22, ""handballs"": 7}",footywire
4bf1da9e700d5423a6825912,2015,3,Sydney,Greater Western Sydney,Isaac Heeney,12326,unique,false,false,,,"{""goals"": 4, ""kicks"": 6, ""marks"": 2, ""behinds"": 0, ""hitouts"": 0, ""tackles"": 2, ""disposals"": 10, ""frees_for"": 1, ""handballs"": 4, ""supercoach"": 96, ""afl_fantasy"": 65, ""frees_against"": 0}",footywire
4bf355c1216a4cbb19d12091,2014,16,Carlton,St Kilda,Troy Menzel,12189,unique,false,false,,,"{""goals"": 2, ""kicks"": 7, ""marks"": 8, ""behinds"": 0, ""hitouts"": 0, ""tackles"": 0, ""disposals"": 9, ""frees_for"": 0, ""handballs"": 2, ""supercoach"": 82, ""afl_fantasy"": 58, ""frees_against"": 1}",footywire
4c14debd09e3d3fcb5670818,1994,21,Fitzroy,Geelong,Chris Johnson,385,resolved,false,false,,,"{""goals"": 2, ""kicks"": 11, ""marks"": 3, ""behinds"": 3, ""hitouts"": 0, ""tackles"": 1, ""disposals"": 15, ""handballs"": 4}",footywire
4c4c55d1d3f8406440748aaf,2020,17,Collingwood,Gold Coast,Isaac Quaynor,12740,unique,false,false,,,"{""goals"": 0, ""kicks"": 12, ""marks"": 7, ""behinds"": 0, ""hitouts"": 0, ""tackles"": 2, ""disposals"": 17, ""frees_for"": 1, ""handballs"": 5, ""supercoach"": 101, ""afl_fantasy"": 76, ""frees_against"": 0}",footywire
4c55d4cfc7154f7e8136fc47,1994,1,Essendon,West Coast,Che Cockatoo Collins,328,resolved,false,false,,,"{""goals"": 3, ""kicks"": 17, ""marks"": 1, ""behinds"": 1, ""hitouts"": 0, ""tackles"": 1, ""disposals"": 21, ""handballs"": 4}",footywire
4c82f5a15ee973dbc60aee7e,1999,8,West Coast,Adelaide,Rowan Jones,1064,unique,false,false,,,"{""goals"": 1, ""kicks"": 6, ""marks"": 1, ""behinds"": 0, ""hitouts"": 0, ""tackles"": 0, ""disposals"": 14, ""frees_for"": 1, ""handballs"": 8, ""frees_against"": 1}",footywire
4cb79ce18acfea3e61840936,2009,4,Collingwood,Brisbane Lions,Jaxson Barham,11738,unique,false,false,,,"{""goals"": 0, ""kicks"": 17, ""marks"": 6, ""behinds"": 0, ""hitouts"": 0, ""tackles"": 9, ""disposals"": 28, ""frees_for"": 1, ""handballs"": 11, ""supercoach"": 77, ""afl_fantasy"": 122, ""frees_against"": 2}",footywire
4d2cad8085a144c4e825140f,2016,1,Melbourne,Greater Western Sydney,Clayton Oliver,12410,unique,false,false,,,"{""goals"": 0, ""kicks"": 5, ""marks"": 2, ""behinds"": 0, ""hitouts"": 0, ""tackles"": 2, ""disposals"": 22, ""frees_for"": 1, ""handballs"": 17, ""supercoach"": 75, ""afl_fantasy"": 61, ""frees_against"": 1}",footywire
4d3bff4b63f20d5705e9cbba,2020,9,Port Adelaide,Melbourne,Mitch Georgiades,12766,unique,false,false,,,"{""goals"": 3, ""kicks"": 8, ""marks"": 5, ""behinds"": 2, ""hitouts"": 0, ""tackles"": 2, ""disposals"": 11, ""frees_for"": 2, ""handballs"": 3, ""supercoach"": 55, ""afl_fantasy"": 72, ""frees_against"": 1}",footywire
4d3c4f275d0ed9a3347fc0ab,1993,9,Essendon,Adelaide,Dustin Fletcher,304,unique,false,false,,,"{""goals"": 0, ""kicks"": 2, ""marks"": 2, ""behinds"": 0, ""hitouts"": 0, ""tackles"": 0, ""disposals"": 6, ""handballs"": 4}",footywire
4d698c3279ed08186dede5fc,2011,3,Geelong,Port Adelaide,Mitchell Duncan,11798,resolved,false,false,,,"{""goals"": 2, ""kicks"": 13, ""marks"": 9, ""behinds"": 0, ""hitouts"": 0, ""tackles"": 3, ""disposals"": 24, ""frees_for"": 2, ""handballs"": 11, ""supercoach"": 91, ""afl_fantasy"": 114, ""frees_against"": 0}",footywire
4e72d85caa1b68274081bd9a,2018,22,Essendon,Richmond,Aaron Francis,12467,unique,false,false,,,"{""goals"": 0, ""kicks"": 12, ""marks"": 8, ""behinds"": 0, ""hitouts"": 0, ""tackles"": 1, ""disposals"": 13, ""frees_for"": 2, ""handballs"": 1, ""supercoach"": 94, ""afl_fantasy"": 68, ""frees_against"": 0}",footywire
4f30e6b15f6ad4fba385a4d5,1994,10,Hawthorn,Collingwood,Mark Graham,628,unique,false,false,,,"{""goals"": 0, ""kicks"": 10, ""marks"": 6, ""behinds"": 0, ""hitouts"": 4, ""tackles"": 0, ""disposals"": 15, ""handballs"": 5}",footywire
4f39923aa653b0847a1071d9,2000,22,Port Adelaide,Adelaide,Josh Carr,851,unique,false,false,,,"{""goals"": 0, ""kicks"": 13, ""marks"": 5, ""behinds"": 1, ""hitouts"": 0, ""tackles"": 4, ""disposals"": 17, ""frees_for"": 1, ""handballs"": 4, ""frees_against"": 0}",footywire
4f9794a856c7c08e712bb1fc,2010,14,Hawthorn,Western Bulldogs,Benjamin Stratton,11824,resolved,false,false,,,"{""goals"": 0, ""kicks"": 12, ""marks"": 7, ""behinds"": 0, ""hitouts"": 0, ""tackles"": 4, ""disposals"": 19, ""frees_for"": 0, ""handballs"": 7, ""supercoach"": 102, ""afl_fantasy"": 87, ""frees_against"": 0}",footywire
4fe59c70a638e737bf75f999,1993,2,Hawthorn,Sydney,Shane Crawford,633,unique,false,false,,,"{""goals"": 5, ""kicks"": 19, ""marks"": 9, ""behinds"": 2, ""hitouts"": 0, ""tackles"": 3, ""disposals"": 23, ""handballs"": 4}",footywire
500dad951f3966511a7c66e7,2011,23,Melbourne,Gold Coast,Sam Blease,11988,unique,false,false,,,"{""goals"": 0, ""kicks"": 22, ""marks"": 4, ""behinds"": 1, ""hitouts"": 0, ""tackles"": 1, ""disposals"": 28, ""frees_for"": 1, ""handballs"": 6, ""supercoach"": 121, ""afl_fantasy"": 93, ""frees_against"": 1}",footywire
50ca11d66affccccb2dedcdc,2008,12,Richmond,Melbourne,Trent Cotchin,11666,unique,false,false,,,"{""goals"": 1, ""kicks"": 6, ""marks"": 3, ""behinds"": 2, ""hitouts"": 0, ""tackles"": 1, ""disposals"": 14, ""frees_for"": 0, ""handballs"": 8, ""supercoach"": 66, ""afl_fantasy"": 52, ""frees_against"": 1}",footywire
50d8a38f690cef9e31826892,2009,1,Brisbane Lions,West Coast,Daniel Rich,11725,unique,true,false,,,"{""goals"": 0, ""kicks"": 14, ""marks"": 4, ""behinds"": 1, ""hitouts"": 0, ""tackles"": 4, ""disposals"": 21, ""frees_for"": 1, ""handballs"": 7, ""supercoach"": 84, ""afl_fantasy"": 83, ""frees_against"": 1}",footywire
51551b7cba70b5029ca3398c,1996,22,Fremantle,Fitzroy,Craig Callaghan,508,unique,false,false,,,"{""goals"": 2, ""kicks"": 25, ""marks"": 6, ""behinds"": 0, ""hitouts"": 0, ""tackles"": 4, ""disposals"": 29, ""handballs"": 4}",footywire
5167a96f82d41bc862a83c27,2023,4,St Kilda,Gold Coast,Mitchito Owens,12948,resolved,false,false,,,"{""goals"": 2, ""kicks"": 9, ""marks"": 5, ""behinds"": 2, ""hitouts"": 5, ""tackles"": 5, ""disposals"": 27, ""frees_for"": 1, ""handballs"": 18, ""supercoach"": 143, ""afl_fantasy"": 115, ""frees_against"": 1}",footywire
51eac1b83ba0e2ccecb798d6,2011,16,Richmond,Essendon,Jake Batchelor,11889,unique,false,false,,,"{""goals"": 0, ""kicks"": 11, ""marks"": 6, ""behinds"": 0, ""hitouts"": 0, ""tackles"": 2, ""disposals"": 22, ""frees_for"": 1, ""handballs"": 11, ""supercoach"": 83, ""afl_fantasy"": 82, ""frees_against"": 0}",footywire
525363397cd4beaaba9b0970,1998,2,Brisbane Lions,Sydney,Luke Power,1084,unique,false,false,,,"{""goals"": 3, ""kicks"": 14, ""marks"": 3, ""behinds"": 0, ""hitouts"": 0, ""tackles"": 1, ""disposals"": 19, ""frees_for"": 1, ""handballs"": 5, ""frees_against"": 1}",footywire
52695c06926376d7c8d9b32b,2026,1,Carlton,Richmond,Jagga Smith,13274,unique,false,false,,,"{""goals"": 0, ""kicks"": 13, ""marks"": 1, ""behinds"": 1, ""hitouts"": 0, ""tackles"": 5, ""disposals"": 32, ""frees_for"": 1, ""handballs"": 19, ""supercoach"": 113, ""afl_fantasy"": 99, ""frees_against"": 1}",footywire
52845f2867e021cea41b759a,2026,6,Greater Western Sydney,Sydney,Phoenix Gothard,13279,unique,false,false,,,"{""goals"": 2, ""kicks"": 11, ""marks"": 3, ""behinds"": 1, ""hitouts"": 0, ""tackles"": 7, ""disposals"": 20, ""frees_for"": 1, ""handballs"": 9, ""supercoach"": 109, ""afl_fantasy"": 99, ""frees_against"": 1}",footywire
52857dd96831123290c78ae8,1997,21,Port Adelaide,Richmond,Nathan Eagleton,465,unique,false,false,,,"{""goals"": 0, ""kicks"": 18, ""marks"": 1, ""behinds"": 2, ""hitouts"": 0, ""tackles"": 1, ""disposals"": 20, ""handballs"": 2}",footywire
53421864ea7abb8094850257,2017,23,Sydney,Carlton,Will Hayward,12509,unique,false,false,,,"{""goals"": 3, ""kicks"": 3, ""marks"": 2, ""behinds"": 0, ""hitouts"": 0, ""tackles"": 2, ""disposals"": 3, ""frees_for"": 1, ""handballs"": 0, ""supercoach"": 45, ""afl_fantasy"": 36, ""frees_against"": 2}",footywire
53c06231a7422783a7866463,1994,9,West Coast,Footscray,Drew Banfield,1031,unique,false,false,,,"{""goals"": 1, ""kicks"": 10, ""marks"": 3, ""behinds"": 1, ""hitouts"": 0, ""tackles"": 2, ""disposals"": 16, ""handballs"": 6}",footywire
544c98bf11bbeb71814bd593,2015,4,Carlton,St Kilda,Patrick Cripps,12261,unique,false,false,,,"{""goals"": 1, ""kicks"": 8, ""marks"": 4, ""behinds"": 0, ""hitouts"": 1, ""tackles"": 11, ""disposals"": 33, ""frees_for"": 3, ""handballs"": 25, ""supercoach"": 172, ""afl_fantasy"": 137, ""frees_against"": 1}",footywire
545bf0a7966dfbdcdb2b5a3e,2026,11,Richmond,Essendon,Patrick Retschko,13313,unique,false,false,,,"{""goals"": 0, ""kicks"": 15, ""marks"": 8, ""behinds"": 0, ""hitouts"": 0, ""tackles"": 3, ""disposals"": 27, ""frees_for"": 1, ""handballs"": 12, ""supercoach"": 107, ""afl_fantasy"": 106, ""frees_against"": 0}",footywire
54773fed2aa382821d25c843,1998,22,Geelong,Essendon,Darren Milburn,590,unique,false,false,,,"{""goals"": 1, ""kicks"": 18, ""marks"": 6, ""behinds"": 0, ""hitouts"": 0, ""tackles"": 4, ""disposals"": 22, ""frees_for"": 1, ""handballs"": 4, ""frees_against"": 0}",footywire
547c6e3ed6841d5ea9994fcc,2005,16,West Coast,Brisbane Lions,Adam Selwood,2310,unique,false,false,,,"{""goals"": 0, ""kicks"": 12, ""marks"": 5, ""behinds"": 0, ""hitouts"": 0, ""tackles"": 3, ""disposals"": 24, ""frees_for"": 3, ""handballs"": 12, ""frees_against"": 0}",footywire
55b36c080e3560edc094cff4,1999,5,Collingwood,Essendon,Nick Davis,272,unique,false,false,,,"{""goals"": 0, ""kicks"": 13, ""marks"": 5, ""behinds"": 0, ""hitouts"": 0, ""tackles"": 1, ""disposals"": 18, ""frees_for"": 1, ""handballs"": 5, ""frees_against"": 1}",footywire
55f1f63b2867c94b76b7bc12,1999,19,Port Adelaide,Geelong,Matthew Bode,90,unique,false,false,,,"{""goals"": 2, ""kicks"": 17, ""marks"": 5, ""behinds"": 1, ""hitouts"": 0, ""tackles"": 0, ""disposals"": 26, ""frees_for"": 1, ""handballs"": 9, ""frees_against"": 1}",footywire
5689bc6d06fe79a0e366088c,2004,11,Port Adelaide,Brisbane Lions,Brett Ebert,3955,unique,false,false,,,"{""goals"": 3, ""kicks"": 8, ""marks"": 7, ""behinds"": 2, ""hitouts"": 0, ""tackles"": 0, ""disposals"": 10, ""frees_for"": 0, ""handballs"": 2, ""frees_against"": 0}",footywire
56a0d4009d888df980b6ad5c,2010,3,North Melbourne,West Coast,Ryan Bastinac,11811,unique,false,false,,,"{""goals"": 0, ""kicks"": 15, ""marks"": 3, ""behinds"": 1, ""hitouts"": 0, ""tackles"": 3, ""disposals"": 24, ""frees_for"": 1, ""handballs"": 9, ""supercoach"": 106, ""afl_fantasy"": 86, ""frees_against"": 0}",footywire
5759ca4e918b79ed3a3d5f2e,2006,11,Port Adelaide,Hawthorn,Jacob Surjan,3946,unique,false,false,,,"{""goals"": 1, ""kicks"": 13, ""marks"": 7, ""behinds"": 0, ""hitouts"": 0, ""tackles"": 4, ""disposals"": 26, ""frees_for"": 0, ""handballs"": 13, ""frees_against"": 0}",footywire
57b9b092e0abe8513143397d,1999,2,Sydney,Richmond,Adam Goodes,1012,unique,true,false,,,"{""goals"": 2, ""kicks"": 8, ""marks"": 4, ""behinds"": 1, ""hitouts"": 2, ""tackles"": 0, ""disposals"": 9, ""frees_for"": 0, ""handballs"": 1, ""frees_against"": 1}",footywire
57b9c85b685729ff160e5000,2012,20,Melbourne,St Kilda,Sam Blease,11988,unique,false,false,,,"{""goals"": 5, ""kicks"": 12, ""marks"": 8, ""behinds"": 0, ""hitouts"": 0, ""tackles"": 3, ""disposals"": 20, ""frees_for"": 0, ""handballs"": 8, ""supercoach"": 115, ""afl_fantasy"": 118, ""frees_against"": 0}",footywire
57e6583043c30e1fb2938bbc,2004,19,Western Bulldogs,Hawthorn,Daniel Cross,1153,unique,false,false,,,"{""goals"": 1, ""kicks"": 12, ""marks"": 4, ""behinds"": 0, ""hitouts"": 3, ""tackles"": 5, ""disposals"": 29, ""frees_for"": 2, ""handballs"": 17, ""frees_against"": 1}",footywire
57fc6b815f54e653abd1a366,2020,5,North Melbourne,Western Bulldogs,Curtis Taylor,12722,unique,false,false,,,"{""goals"": 2, ""kicks"": 7, ""marks"": 5, ""behinds"": 0, ""hitouts"": 0, ""tackles"": 3, ""disposals"": 13, ""frees_for"": 2, ""handballs"": 6, ""supercoach"": 100, ""afl_fantasy"": 74, ""frees_against"": 0}",footywire
57ffb0d9dbc766f2d01051cd,1997,3,Port Adelaide,Geelong,Bowen Lockwood,830,unique,false,false,,,"{""goals"": 4, ""kicks"": 12, ""marks"": 5, ""behinds"": 2, ""hitouts"": 0, ""tackles"": 0, ""disposals"": 14, ""handballs"": 2}",footywire
580002c723f96d9a265a1dd9,2014,18,Greater Western Sydney,Geelong,Jonathon Patton,12096,unique,false,false,,,"{""goals"": 2, ""kicks"": 11, ""marks"": 9, ""behinds"": 1, ""hitouts"": 3, ""tackles"": 1, ""disposals"": 15, ""frees_for"": 0, ""handballs"": 4, ""supercoach"": 92, ""afl_fantasy"": 85, ""frees_against"": 1}",footywire
581520bf9596162781764a97,2002,13,Port Adelaide,Western Bulldogs,Shaun Burgoyne,1126,unique,false,false,,,"{""goals"": 5, ""kicks"": 12, ""marks"": 6, ""behinds"": 2, ""hitouts"": 0, ""tackles"": 3, ""disposals"": 13, ""frees_for"": 1, ""handballs"": 1, ""frees_against"": 1}",footywire
583f6719cd2cfedd2bc68122,2010,22,Fremantle,Carlton,Anthony Morabito,11808,unique,false,false,,,"{""goals"": 1, ""kicks"": 12, ""marks"": 4, ""behinds"": 0, ""hitouts"": 0, ""tackles"": 0, ""disposals"": 18, ""frees_for"": 1, ""handballs"": 6, ""supercoach"": 65, ""afl_fantasy"": 67, ""frees_against"": 0}",footywire
58f56f1a9a920a84c10faf2f,2008,15,Richmond,West Coast,Jack Riewoldt,11576,unique,false,false,,,"{""goals"": 5, ""kicks"": 12, ""marks"": 8, ""behinds"": 0, ""hitouts"": 0, ""tackles"": 2, ""disposals"": 17, ""frees_for"": 0, ""handballs"": 5, ""supercoach"": 112, ""afl_fantasy"": 105, ""frees_against"": 1}",footywire
590893bb2e637d72180daca5,2017,16,Carlton,Melbourne,Charlie Curnow,12421,unique,false,false,,,"{""goals"": 2, ""kicks"": 12, ""marks"": 10, ""behinds"": 1, ""hitouts"": 0, ""tackles"": 4, ""disposals"": 19, ""frees_for"": 3, ""handballs"": 7, ""supercoach"": 118, ""afl_fantasy"": 112, ""frees_against"": 0}",footywire
59577e0a45cea2adaf39539a,2001,13,Fremantle,Essendon,Adam Mcphee,551,unique,false,false,,,"{""goals"": 0, ""kicks"": 8, ""marks"": 3, ""behinds"": 0, ""hitouts"": 0, ""tackles"": 0, ""disposals"": 15, ""frees_for"": 0, ""handballs"": 7, ""frees_against"": 1}",footywire
5a39f8654c3840b15275e18d,2017,13,Carlton,Gold Coast,Jack Silvagni,12458,unique,false,false,,,"{""goals"": 2, ""kicks"": 12, ""marks"": 6, ""behinds"": 2, ""hitouts"": 0, ""tackles"": 2, ""disposals"": 13, ""frees_for"": 2, ""handballs"": 1, ""supercoach"": 96, ""afl_fantasy"": 80, ""frees_against"": 0}",footywire
5a6647e09b2f531f8553bed6,2024,19,Hawthorn,Collingwood,Nick Watson,13105,unique,false,false,,,"{""goals"": 3, ""kicks"": 7, ""marks"": 1, ""behinds"": 0, ""hitouts"": 0, ""tackles"": 2, ""disposals"": 12, ""frees_for"": 2, ""handballs"": 5, ""supercoach"": 98, ""afl_fantasy"": 59, ""frees_against"": 1}",footywire
5b1c530bc383f9b7c97fa558,2025,19,Carlton,Melbourne,Ashton Moir,13171,unique,false,false,,,"{""goals"": 4, ""kicks"": 9, ""marks"": 4, ""behinds"": 0, ""hitouts"": 0, ""tackles"": 0, ""disposals"": 11, ""frees_for"": 0, ""handballs"": 2, ""supercoach"": 69, ""afl_fantasy"": 67, ""frees_against"": 0}",footywire
5b99857ee2a71fd8e7c3e190,2003,20,St Kilda,Carlton,Leigh Montagna,1137,unique,false,false,,,"{""goals"": 3, ""kicks"": 11, ""marks"": 3, ""behinds"": 2, ""hitouts"": 0, ""tackles"": 2, ""disposals"": 19, ""frees_for"": 1, ""handballs"": 8, ""frees_against"": 0}",footywire
5ca2b228abcac8928079b95e,2016,20,Western Bulldogs,North Melbourne,Josh Dunkley,12408,unique,false,false,,,"{""goals"": 0, ""kicks"": 9, ""marks"": 4, ""behinds"": 1, ""hitouts"": 1, ""tackles"": 4, ""disposals"": 19, ""frees_for"": 1, ""handballs"": 10, ""supercoach"": 64, ""afl_fantasy"": 72, ""frees_against"": 2}",footywire
5cdaec934fec5ade56f25726,1995,19,Sydney,Fitzroy,Justin Crawford,656,unique,false,false,,,"{""goals"": 2, ""kicks"": 15, ""marks"": 9, ""behinds"": 0, ""hitouts"": 0, ""tackles"": 2, ""disposals"": 26, ""handballs"": 11}",footywire
5d3e69a6c64ffe88e6cd5077,2023,24,North Melbourne,Gold Coast,Eddie Ford,12922,resolved,false,false,,,"{""goals"": 3, ""kicks"": 11, ""marks"": 8, ""behinds"": 0, ""hitouts"": 0, ""tackles"": 0, ""disposals"": 19, ""frees_for"": 0, ""handballs"": 8, ""supercoach"": 95, ""afl_fantasy"": 91, ""frees_against"": 0}",footywire
5d86449ae1c0031f1b5fe527,2006,15,Brisbane Lions,Kangaroos,Matthew Moody,4092,unique,false,false,,,"{""goals"": 1, ""kicks"": 14, ""marks"": 6, ""behinds"": 1, ""hitouts"": 0, ""tackles"": 2, ""disposals"": 22, ""frees_for"": 1, ""handballs"": 8, ""frees_against"": 1}",footywire
5da37e3274c5c547fcfba460,2021,20,Fremantle,Richmond,Hayden Young,12777,unique,false,false,,,"{""goals"": 0, ""kicks"": 11, ""marks"": 3, ""behinds"": 0, ""hitouts"": 0, ""tackles"": 1, ""disposals"": 23, ""frees_for"": 2, ""handballs"": 12, ""supercoach"": 117, ""afl_fantasy"": 72, ""frees_against"": 0}",footywire
5e4d608d03877d96d14d6318,2026,22,Sydney,,Jesse Dattoli,13260,unique,false,false,,,,footywire
5ee4ce6542b1a6460f919013,1999,3,Carlton,Western Bulldogs,Brett Backwell,190,unique,false,false,,,"{""goals"": 3, ""kicks"": 9, ""marks"": 3, ""behinds"": 0, ""hitouts"": 0, ""tackles"": 1, ""disposals"": 12, ""frees_for"": 1, ""handballs"": 3, ""frees_against"": 0}",footywire
5f0c99176f81d81479fae4a4,2017,9,Collingwood,Hawthorn,Tom Phillips,12452,unique,false,false,,,"{""goals"": 0, ""kicks"": 14, ""marks"": 5, ""behinds"": 0, ""hitouts"": 0, ""tackles"": 3, ""disposals"": 24, ""frees_for"": 1, ""handballs"": 10, ""supercoach"": 76, ""afl_fantasy"": 90, ""frees_against"": 0}",footywire
5f54b25696c359a15354e36b,1998,6,North Melbourne,Adelaide,Evan Hewitt,86,unique,false,false,,,"{""goals"": 2, ""kicks"": 7, ""marks"": 3, ""behinds"": 0, ""hitouts"": 0, ""tackles"": 2, ""disposals"": 10, ""frees_for"": 1, ""handballs"": 3, ""frees_against"": 2}",footywire
600560bfa61b649a405d22b5,2004,21,Western Bulldogs,Kangaroos,Adam Cooney,3940,unique,false,false,,,"{""goals"": 1, ""kicks"": 14, ""marks"": 4, ""behinds"": 1, ""hitouts"": 0, ""tackles"": 0, ""disposals"": 25, ""frees_for"": 0, ""handballs"": 11, ""frees_against"": 1}",footywire
60a54a7f088a1c8d23a9f9ba,1997,14,West Coast,Adelaide,Michael Braun,1058,unique,false,false,,,"{""goals"": 1, ""kicks"": 14, ""marks"": 2, ""behinds"": 0, ""hitouts"": 0, ""tackles"": 0, ""disposals"": 20, ""handballs"": 6}",footywire
60cddcb3439721c8c265c96f,2022,23,Fremantle,Greater Western Sydney,Nathan O Driscoll,12960,resolved,false,false,,,"{""goals"": 2, ""kicks"": 11, ""marks"": 3, ""behinds"": 1, ""hitouts"": 0, ""tackles"": 4, ""disposals"": 17, ""frees_for"": 3, ""handballs"": 6, ""supercoach"": 82, ""afl_fantasy"": 83, ""frees_against"": 1}",footywire
6127e6eead256cab39b6448b,1999,12,West Coast,Port Adelaide,Andrew Williams,1063,unique,false,false,,,"{""goals"": 0, ""kicks"": 13, ""marks"": 8, ""behinds"": 2, ""hitouts"": 1, ""tackles"": 4, ""disposals"": 18, ""frees_for"": 3, ""handballs"": 5, ""frees_against"": 1}",footywire
617acad78e442d5d40448f92,2003,22,Brisbane Lions,Western Bulldogs,Ashley Mcgrath,1100,unique,false,false,,,"{""goals"": 6, ""kicks"": 12, ""marks"": 3, ""behinds"": 3, ""hitouts"": 0, ""tackles"": 3, ""disposals"": 15, ""frees_for"": 0, ""handballs"": 3, ""frees_against"": 0}",footywire
619686fd1e251140503b00da,2016,21,Melbourne,Port Adelaide,Oscar Mcdonald,12394,unique,false,false,,,"{""goals"": 0, ""kicks"": 15, ""marks"": 9, ""behinds"": 0, ""hitouts"": 0, ""tackles"": 2, ""disposals"": 23, ""frees_for"": 0, ""handballs"": 8, ""supercoach"": 90, ""afl_fantasy"": 96, ""frees_against"": 0}",footywire
61a51657fab11d1bfe863158,1999,15,Fremantle,St Kilda,Andrew Shipp,536,unique,false,false,,,"{""goals"": 1, ""kicks"": 15, ""marks"": 7, ""behinds"": 1, ""hitouts"": 0, ""tackles"": 3, ""disposals"": 22, ""frees_for"": 6, ""handballs"": 7, ""frees_against"": 3}",footywire
61bf511d9ec838725ea5fb26,2013,3,Hawthorn,Collingwood,Jed Anderson,12154,unique,false,false,,,"{""goals"": 1, ""kicks"": 11, ""marks"": 1, ""behinds"": 2, ""hitouts"": 0, ""tackles"": 3, ""disposals"": 16, ""frees_for"": 1, ""handballs"": 5, ""supercoach"": 92, ""afl_fantasy"": 67, ""frees_against"": 0}",footywire
62efe48601006b1c8b90f768,2001,16,Western Bulldogs,St Kilda,Robert Murphy,468,unique,false,false,,,"{""goals"": 0, ""kicks"": 15, ""marks"": 5, ""behinds"": 0, ""hitouts"": 0, ""tackles"": 1, ""disposals"": 18, ""frees_for"": 1, ""handballs"": 3, ""frees_against"": 1}",footywire
62f0935a3a5ace44f7f7a5b5,1999,14,Hawthorn,Carlton,Nathan Thompson,662,unique,false,false,,,"{""goals"": 0, ""kicks"": 8, ""marks"": 4, ""behinds"": 2, ""hitouts"": 6, ""tackles"": 1, ""disposals"": 13, ""frees_for"": 1, ""handballs"": 5, ""frees_against"": 0}",footywire
63091d477e6515efd94b5242,2019,6,Port Adelaide,North Melbourne,Xavier Duursma,12696,unique,false,false,,,"{""goals"": 1, ""kicks"": 10, ""marks"": 8, ""behinds"": 1, ""hitouts"": 0, ""tackles"": 0, ""disposals"": 24, ""frees_for"": 1, ""handballs"": 14, ""supercoach"": 84, ""afl_fantasy"": 90, ""frees_against"": 0}",footywire
635074b527ffe7d7062fd994,2016,15,Gold Coast,St Kilda,Peter Wright,12366,unique,false,false,,,"{""goals"": 3, ""kicks"": 9, ""marks"": 10, ""behinds"": 1, ""hitouts"": 2, ""tackles"": 0, ""disposals"": 14, ""frees_for"": 0, ""handballs"": 5, ""supercoach"": 104, ""afl_fantasy"": 88, ""frees_against"": 0}",footywire
6364778737829246fceb0c0c,2015,23,Essendon,Collingwood,Orazio Fantasia,12302,unique,false,false,,,"{""goals"": 0, ""kicks"": 14, ""marks"": 5, ""behinds"": 0, ""hitouts"": 0, ""tackles"": 2, ""disposals"": 27, ""frees_for"": 1, ""handballs"": 13, ""supercoach"": 104, ""afl_fantasy"": 89, ""frees_against"": 1}",footywire
637e9fe5bf73fa933c65fe70,2006,20,Melbourne,Kangaroos,Nathan Jones,2447,unique,false,false,,,"{""goals"": 0, ""kicks"": 14, ""marks"": 9, ""behinds"": 0, ""hitouts"": 0, ""tackles"": 2, ""disposals"": 25, ""frees_for"": 0, ""handballs"": 11, ""frees_against"": 1}",footywire
63be7138d326b4bf4f0ffd66,1993,7,Brisbane Bears,Hawthorn,Nathan Buckley,217,unique,true,false,,,"{""goals"": 0, ""kicks"": 20, ""marks"": 3, ""behinds"": 3, ""hitouts"": 0, ""tackles"": 1, ""disposals"": 28, ""handballs"": 8}",footywire
6426d307beb5039e0f059403,2007,15,Port Adelaide,West Coast,Justin Westhoff,11579,unique,false,false,,,"{""goals"": 4, ""kicks"": 13, ""marks"": 6, ""behinds"": 3, ""hitouts"": 0, ""tackles"": 3, ""disposals"": 14, ""frees_for"": 1, ""handballs"": 1, ""supercoach"": 98, ""afl_fantasy"": 99, ""frees_against"": 0}",footywire
64dea32c6de5bd12af6e0618,1994,16,Footscray,Richmond,Daniel Southern,431,unique,false,false,,,"{""goals"": 0, ""kicks"": 5, ""marks"": 1, ""behinds"": 0, ""hitouts"": 0, ""tackles"": 4, ""disposals"": 12, ""handballs"": 7}",footywire
64e205fa94b5d4b2a0b4be81,2001,4,Collingwood,Richmond,Ryan Lonie,294,unique,false,false,,,"{""goals"": 0, ""kicks"": 9, ""marks"": 2, ""behinds"": 0, ""hitouts"": 0, ""tackles"": 2, ""disposals"": 16, ""frees_for"": 1, ""handballs"": 7, ""frees_against"": 0}",footywire
651d2b746d00a8312c64e48f,2023,9,Gold Coast,West Coast,Bailey Humphrey,13049,unique,false,false,,,"{""goals"": 1, ""kicks"": 12, ""marks"": 5, ""behinds"": 1, ""hitouts"": 0, ""tackles"": 5, ""disposals"": 20, ""frees_for"": 0, ""handballs"": 8, ""supercoach"": 117, ""afl_fantasy"": 94, ""frees_against"": 0}",footywire
657faabfedf1170d0486db23,2025,1,Richmond,Carlton,Sam Lalor,13190,unique,false,false,,,"{""goals"": 2, ""kicks"": 6, ""marks"": 2, ""behinds"": 0, ""hitouts"": 0, ""tackles"": 2, ""disposals"": 18, ""frees_for"": 0, ""handballs"": 12, ""supercoach"": 74, ""afl_fantasy"": 68, ""frees_against"": 0}",footywire
65b92eab289ac5146f92c0a9,2021,16,Sydney,West Coast,Justin Mcinerney,12711,unique,false,false,,,"{""goals"": 0, ""kicks"": 11, ""marks"": 3, ""behinds"": 0, ""hitouts"": 0, ""tackles"": 2, ""disposals"": 22, ""frees_for"": 1, ""handballs"": 11, ""supercoach"": 84, ""afl_fantasy"": 70, ""frees_against"": 1}",footywire
65e51499de969f99729a9392,2008,3,Fremantle,West Coast,Rhys Palmer,11641,unique,true,false,,,"{""goals"": 0, ""kicks"": 15, ""marks"": 3, ""behinds"": 0, ""hitouts"": 0, ""tackles"": 4, ""disposals"": 24, ""frees_for"": 2, ""handballs"": 9, ""supercoach"": 78, ""afl_fantasy"": 90, ""frees_against"": 0}",footywire
66cd664aced2feef232cec7d,2003,3,Carlton,Essendon,Trent Sporn,1120,unique,false,false,,,"{""goals"": 0, ""kicks"": 11, ""marks"": 1, ""behinds"": 0, ""hitouts"": 0, ""tackles"": 4, ""disposals"": 13, ""frees_for"": 1, ""handballs"": 2, ""frees_against"": 0}",footywire
67a7f9196990a4545f8bd16b,2018,21,Hawthorn,Geelong,James Worpel,12619,unique,false,false,,,"{""goals"": 0, ""kicks"": 12, ""marks"": 5, ""behinds"": 1, ""hitouts"": 0, ""tackles"": 8, ""disposals"": 23, ""frees_for"": 2, ""handballs"": 11, ""supercoach"": 85, ""afl_fantasy"": 105, ""frees_against"": 1}",footywire
67b14c615001bf2e1f3cf9c7,2001,7,St Kilda,Hawthorn,James Begley,965,unique,false,false,,,"{""goals"": 0, ""kicks"": 12, ""marks"": 7, ""behinds"": 0, ""hitouts"": 0, ""tackles"": 1, ""disposals"": 24, ""frees_for"": 1, ""handballs"": 12, ""frees_against"": 0}",footywire
67ba1166fda7d7ca88f17947,2019,16,North Melbourne,St Kilda,Nick Larkey,12563,unique,false,false,,,"{""goals"": 5, ""kicks"": 7, ""marks"": 5, ""behinds"": 0, ""hitouts"": 5, ""tackles"": 0, ""disposals"": 11, ""frees_for"": 3, ""handballs"": 4, ""supercoach"": 93, ""afl_fantasy"": 82, ""frees_against"": 0}",footywire
67bf2ef0e178c28a6188828d,2017,6,Carlton,Sydney,Caleb Marchbank,12369,unique,false,false,,,"{""goals"": 0, ""kicks"": 16, ""marks"": 10, ""behinds"": 0, ""hitouts"": 0, ""tackles"": 1, ""disposals"": 21, ""frees_for"": 0, ""handballs"": 5, ""supercoach"": 69, ""afl_fantasy"": 89, ""frees_against"": 1}",footywire
681bceda7481d7d3da1edeb0,2020,18,Adelaide,Richmond,Lachlan Sholl,12814,unique,false,false,,,"{""goals"": 0, ""kicks"": 11, ""marks"": 6, ""behinds"": 0, ""hitouts"": 0, ""tackles"": 1, ""disposals"": 19, ""frees_for"": 1, ""handballs"": 8, ""supercoach"": 84, ""afl_fantasy"": 72, ""frees_against"": 0}",footywire
683e4b890d589d3419f6bed0,2019,21,West Coast,Adelaide,Oscar Allen,12655,unique,false,false,,,"{""goals"": 3, ""kicks"": 5, ""marks"": 3, ""behinds"": 0, ""hitouts"": 5, ""tackles"": 6, ""disposals"": 10, ""frees_for"": 1, ""handballs"": 5, ""supercoach"": 88, ""afl_fantasy"": 82, ""frees_against"": 0}",footywire
69487bddb286dc7af8763ecc,2021,18,Gold Coast,Western Bulldogs,Jeremy Sharp,12820,unique,false,false,,,"{""goals"": 0, ""kicks"": 24, ""marks"": 10, ""behinds"": 0, ""hitouts"": 0, ""tackles"": 2, ""disposals"": 30, ""frees_for"": 1, ""handballs"": 6, ""supercoach"": 115, ""afl_fantasy"": 123, ""frees_against"": 0}",footywire
6978ca7de883139ffeb6dd97,2026,0,Gold Coast,Geelong,Leo Lombard,13232,unique,false,false,,,"{""goals"": 2, ""kicks"": 9, ""marks"": 4, ""behinds"": 2, ""hitouts"": 0, ""tackles"": 4, ""disposals"": 15, ""frees_for"": 0, ""handballs"": 6, ""supercoach"": 69, ""afl_fantasy"": 75, ""frees_against"": 2}",footywire
6a0c3076774111296f8d8319,1998,21,Essendon,Western Bulldogs,Jason Johnson,346,unique,false,false,,,"{""goals"": 0, ""kicks"": 12, ""marks"": 5, ""behinds"": 0, ""hitouts"": 1, ""tackles"": 0, ""disposals"": 19, ""frees_for"": 1, ""handballs"": 7, ""frees_against"": 2}",footywire
6a1131a023f8259f2a79bfd1,2011,12,Sydney,Richmond,Sam Reid 1,11880,resolved,false,false,,,"{""goals"": 2, ""kicks"": 7, ""marks"": 3, ""behinds"": 5, ""hitouts"": 0, ""tackles"": 2, ""disposals"": 11, ""frees_for"": 3, ""handballs"": 4, ""supercoach"": 77, ""afl_fantasy"": 66, ""frees_against"": 0}",footywire
6a8fce726706cf3b9e85aba2,2014,21,Sydney,St Kilda,Jake Lloyd,12268,unique,false,false,,,"{""goals"": 1, ""kicks"": 15, ""marks"": 10, ""behinds"": 0, ""hitouts"": 0, ""tackles"": 7, ""disposals"": 21, ""frees_for"": 0, ""handballs"": 6, ""supercoach"": 107, ""afl_fantasy"": 118, ""frees_against"": 1}",footywire
6ac2b65cfa78172dd83d9971,2006,2,Collingwood,Hawthorn,Dale Thomas,4152,unique,false,false,,,"{""goals"": 0, ""kicks"": 15, ""marks"": 10, ""behinds"": 0, ""hitouts"": 0, ""tackles"": 1, ""disposals"": 20, ""frees_for"": 1, ""handballs"": 5, ""frees_against"": 0}",footywire
6b016abac2b6c6832dbeae27,2001,22,Hawthorn,St Kilda,Steven Greene,680,unique,false,false,,,"{""goals"": 0, ""kicks"": 15, ""marks"": 7, ""behinds"": 0, ""hitouts"": 0, ""tackles"": 3, ""disposals"": 33, ""frees_for"": 1, ""handballs"": 18, ""frees_against"": 1}",footywire
6b1217e2047795732b93d263,1995,2,Carlton,Fitzroy,Scott Camporeale,143,unique,false,false,,,"{""goals"": 1, ""kicks"": 19, ""marks"": 7, ""behinds"": 3, ""hitouts"": 0, ""tackles"": 2, ""disposals"": 25, ""handballs"": 6}",footywire
6b5780ac2af43f18b065e7d3,1995,6,Brisbane Bears,Essendon,Steven Lawrence,118,unique,false,false,,,"{""goals"": 0, ""kicks"": 14, ""marks"": 5, ""behinds"": 0, ""hitouts"": 0, ""tackles"": 4, ""disposals"": 22, ""handballs"": 8}",footywire
6bee5e72b1e5b7f1dee6f88a,1997,20,Richmond,North Melbourne,Robert Powell,889,unique,false,false,,,"{""goals"": 2, ""kicks"": 17, ""marks"": 3, ""behinds"": 2, ""hitouts"": 0, ""tackles"": 0, ""disposals"": 25, ""handballs"": 8}",footywire
6c0683e659fd031090bfa23e,2002,7,St Kilda,Melbourne,Xavier Clarke,1127,unique,false,false,,,"{""goals"": 4, ""kicks"": 10, ""marks"": 8, ""behinds"": 2, ""hitouts"": 0, ""tackles"": 1, ""disposals"": 12, ""frees_for"": 0, ""handballs"": 2, ""frees_against"": 1}",footywire
6ca20b12bd65faaa0ed878b6,2000,6,Collingwood,Kangaroos,Josh Fraser,285,unique,false,false,,,"{""goals"": 1, ""kicks"": 11, ""marks"": 3, ""behinds"": 0, ""hitouts"": 6, ""tackles"": 2, ""disposals"": 17, ""frees_for"": 1, ""handballs"": 6, ""frees_against"": 3}",footywire
6cce60a80ccf3367c2972fb4,2021,3,Sydney,Richmond,Chad Warner,12797,unique,false,false,,,"{""goals"": 2, ""kicks"": 12, ""marks"": 5, ""behinds"": 1, ""hitouts"": 0, ""tackles"": 5, ""disposals"": 20, ""frees_for"": 0, ""handballs"": 8, ""supercoach"": 112, ""afl_fantasy"": 100, ""frees_against"": 0}",footywire
6cf33bdc9c36d012ddd1b475,2007,12,Port Adelaide,Essendon,Robert Gray,11578,resolved,false,false,,,"{""goals"": 4, ""kicks"": 9, ""marks"": 4, ""behinds"": 1, ""hitouts"": 0, ""tackles"": 1, ""disposals"": 11, ""frees_for"": 1, ""handballs"": 2, ""supercoach"": 108, ""afl_fantasy"": 70, ""frees_against"": 1}",footywire
6d8f2ab9ecf9e61cb049f0b5,1997,13,Essendon,Richmond,Blake Caracella,343,unique,false,false,,,"{""goals"": 3, ""kicks"": 14, ""marks"": 6, ""behinds"": 1, ""hitouts"": 0, ""tackles"": 3, ""disposals"": 22, ""handballs"": 8}",footywire
6da454a736db3e6cd585b610,2013,9,Adelaide,North Melbourne,Sam Kerridge,12052,unique,false,false,,,"{""goals"": 6, ""kicks"": 14, ""marks"": 8, ""behinds"": 0, ""hitouts"": 0, ""tackles"": 1, ""disposals"": 24, ""frees_for"": 0, ""handballs"": 10, ""supercoach"": 143, ""afl_fantasy"": 126, ""frees_against"": 0}",footywire
6eb93098f56e17e5f8c974a2,2025,3,Melbourne,Gold Coast,Harvey Langford,13184,unique,false,false,,,"{""goals"": 1, ""kicks"": 10, ""marks"": 3, ""behinds"": 1, ""hitouts"": 0, ""tackles"": 1, ""disposals"": 26, ""frees_for"": 2, ""handballs"": 16, ""supercoach"": 87, ""afl_fantasy"": 75, ""frees_against"": 3}",footywire
6ebecd3411ba93fd23253538,2012,10,Greater Western Sydney,Geelong,Dylan Shiel,12022,unique,false,false,,,"{""goals"": 2, ""kicks"": 11, ""marks"": 3, ""behinds"": 1, ""hitouts"": 0, ""tackles"": 5, ""disposals"": 21, ""frees_for"": 0, ""handballs"": 10, ""supercoach"": 109, ""afl_fantasy"": 95, ""frees_against"": 0}",footywire
6f394eb6dfff6377a289c0c4,1998,4,Fremantle,Essendon,Jess Sinclair,523,unique,false,false,,,"{""goals"": 0, ""kicks"": 13, ""marks"": 9, ""behinds"": 2, ""hitouts"": 0, ""tackles"": 4, ""disposals"": 17, ""frees_for"": 1, ""handballs"": 4, ""frees_against"": 2}",footywire
6f7730540fd2aaf369a7584a,2026,12,Carlton,Geelong,Harry Dean,13273,unique,false,false,,,"{""goals"": 0, ""kicks"": 6, ""marks"": 3, ""behinds"": 0, ""hitouts"": 0, ""tackles"": 4, ""disposals"": 15, ""frees_for"": 0, ""handballs"": 9, ""supercoach"": 70, ""afl_fantasy"": 61, ""frees_against"": 0}",footywire
6fd1a82df5c1cb1c69580bd6,1994,2,North Melbourne,St Kilda,Corey Mckernan,775,unique,false,false,,,"{""goals"": 3, ""kicks"": 8, ""marks"": 7, ""behinds"": 1, ""hitouts"": 15, ""tackles"": 1, ""disposals"": 12, ""handballs"": 4}",footywire
6fd5df63addeefb9de5352e6,2024,12,Gold Coast,Essendon,Bodhi Uwland,13041,unique,false,false,,,"{""goals"": 0, ""kicks"": 11, ""marks"": 13, ""behinds"": 0, ""hitouts"": 0, ""tackles"": 1, ""disposals"": 19, ""frees_for"": 0, ""handballs"": 8, ""supercoach"": 82, ""afl_fantasy"": 89, ""frees_against"": 1}",footywire
70292624180beb9a675a2e78,2005,10,Collingwood,Hawthorn,Travis Cloke,4086,unique,false,false,,,"{""goals"": 1, ""kicks"": 9, ""marks"": 6, ""behinds"": 2, ""hitouts"": 2, ""tackles"": 4, ""disposals"": 15, ""frees_for"": 0, ""handballs"": 6, ""frees_against"": 1}",footywire
702d350c3f0d8d301a0ba71c,2023,19,Brisbane Lions,Geelong,Jaspa Fletcher,13072,unique,false,false,,,"{""goals"": 0, ""kicks"": 13, ""marks"": 8, ""behinds"": 1, ""hitouts"": 0, ""tackles"": 0, ""disposals"": 19, ""frees_for"": 0, ""handballs"": 6, ""supercoach"": 66, ""afl_fantasy"": 76, ""frees_against"": 0}",footywire
703d599068f5670eadeb683d,1999,1,Brisbane Lions,St Kilda,Shane O Bree,287,resolved,false,false,,,"{""goals"": 0, ""kicks"": 20, ""marks"": 3, ""behinds"": 0, ""hitouts"": 0, ""tackles"": 0, ""disposals"": 27, ""frees_for"": 1, ""handballs"": 7, ""frees_against"": 3}",footywire
703f1f65318f9bd0e3f62eff,2012,16,Gold Coast,Richmond,Josh Caddy,12010,unique,false,false,,,"{""goals"": 1, ""kicks"": 10, ""marks"": 1, ""behinds"": 0, ""hitouts"": 0, ""tackles"": 5, ""disposals"": 15, ""frees_for"": 3, ""handballs"": 5, ""supercoach"": 72, ""afl_fantasy"": 69, ""frees_against"": 1}",footywire
706254234b5bfaf25aca7c43,1996,7,Collingwood,St Kilda,Andrew Schauble,241,unique,false,false,,,"{""goals"": 1, ""kicks"": 10, ""marks"": 3, ""behinds"": 0, ""hitouts"": 0, ""tackles"": 1, ""disposals"": 14, ""handballs"": 4}",footywire
71351e3eafaf541a709aa82d,1996,13,Geelong,Fitzroy,Craig Biddiscombe,582,unique,false,false,,,"{""goals"": 0, ""kicks"": 18, ""marks"": 6, ""behinds"": 1, ""hitouts"": 0, ""tackles"": 1, ""disposals"": 25, ""handballs"": 7}",footywire
7169ec42c5410c22543893e2,2008,21,Brisbane Lions,Carlton,Bradd Dalziell,11687,unique,false,false,,,"{""goals"": 0, ""kicks"": 14, ""marks"": 3, ""behinds"": 0, ""hitouts"": 0, ""tackles"": 2, ""disposals"": 32, ""frees_for"": 1, ""handballs"": 18, ""supercoach"": 101, ""afl_fantasy"": 96, ""frees_against"": 0}",footywire
71702b5bd8457260381e0a10,1996,4,Fremantle,Collingwood,Greg Harding,514,unique,false,false,,,"{""goals"": 0, ""kicks"": 11, ""marks"": 8, ""behinds"": 0, ""hitouts"": 0, ""tackles"": 3, ""disposals"": 14, ""handballs"": 3}",footywire
72b94cb6ea7c48b6138ba409,2024,23,Hawthorn,Richmond,Calsher Dear,13135,unique,false,false,,,"{""goals"": 3, ""kicks"": 8, ""marks"": 4, ""behinds"": 1, ""hitouts"": 0, ""tackles"": 2, ""disposals"": 12, ""frees_for"": 0, ""handballs"": 4, ""supercoach"": 70, ""afl_fantasy"": 71, ""frees_against"": 0}",footywire
72ca793fcfb1fe44e71eaea1,2026,7,Richmond,Melbourne,Samuel Grlj,13290,resolved,false,false,,,"{""goals"": 0, ""kicks"": 9, ""marks"": 2, ""behinds"": 0, ""hitouts"": 0, ""tackles"": 1, ""disposals"": 21, ""frees_for"": 0, ""handballs"": 12, ""supercoach"": 74, ""afl_fantasy"": 61, ""frees_against"": 0}",footywire
72ee1b3e731c494badf8e77a,2004,22,Richmond,Sydney,Brent Hartigan,3947,unique,false,false,,,"{""goals"": 0, ""kicks"": 16, ""marks"": 7, ""behinds"": 0, ""hitouts"": 0, ""tackles"": 0, ""disposals"": 22, ""frees_for"": 0, ""handballs"": 6, ""frees_against"": 0}",footywire
72f7c1d5b14e9df485a79dc3,1993,19,Essendon,Sydney,Ricky Olarenshaw,276,unique,false,false,,,"{""goals"": 0, ""kicks"": 16, ""marks"": 7, ""behinds"": 0, ""hitouts"": 0, ""tackles"": 0, ""disposals"": 25, ""handballs"": 9}",footywire
73f8a288afae3219f066c90f,2005,2,Geelong,West Coast,Shannon Byrnes,4045,unique,false,false,,,"{""goals"": 2, ""kicks"": 14, ""marks"": 6, ""behinds"": 0, ""hitouts"": 0, ""tackles"": 1, ""disposals"": 24, ""frees_for"": 0, ""handballs"": 10, ""frees_against"": 0}",footywire
74d865cb1a0cee8405bda34e,2000,8,Melbourne,Port Adelaide,Cameron Bruce,747,unique,false,false,,,"{""goals"": 1, ""kicks"": 8, ""marks"": 6, ""behinds"": 0, ""hitouts"": 0, ""tackles"": 0, ""disposals"": 10, ""frees_for"": 0, ""handballs"": 2, ""frees_against"": 1}",footywire
75c040128cfb5677243829ef,2023,22,West Coast,Fremantle,Elijah Hewett,13044,unique,false,false,,,"{""goals"": 0, ""kicks"": 8, ""marks"": 3, ""behinds"": 0, ""hitouts"": 0, ""tackles"": 3, ""disposals"": 20, ""frees_for"": 1, ""handballs"": 12, ""supercoach"": 67, ""afl_fantasy"": 67, ""frees_against"": 1}",footywire
7654bd8b921a9ef6f99ac379,2008,20,Melbourne,West Coast,Cale Morton,11628,unique,false,false,,,"{""goals"": 1, ""kicks"": 20, ""marks"": 17, ""behinds"": 1, ""hitouts"": 0, ""tackles"": 1, ""disposals"": 30, ""frees_for"": 2, ""handballs"": 10, ""supercoach"": 118, ""afl_fantasy"": 144, ""frees_against"": 0}",footywire
7674d580a50c3580a0ace90d,2001,20,Geelong,Port Adelaide,Corey Enright,621,unique,false,false,,,"{""goals"": 1, ""kicks"": 11, ""marks"": 8, ""behinds"": 0, ""hitouts"": 0, ""tackles"": 0, ""disposals"": 22, ""frees_for"": 0, ""handballs"": 11, ""frees_against"": 0}",footywire
768d9b60a733cb540abaa952,2019,3,Port Adelaide,Brisbane Lions,Connor Rozee,12697,unique,false,false,,,"{""goals"": 5, ""kicks"": 17, ""marks"": 7, ""behinds"": 2, ""hitouts"": 0, ""tackles"": 2, ""disposals"": 21, ""frees_for"": 1, ""handballs"": 4, ""supercoach"": 116, ""afl_fantasy"": 121, ""frees_against"": 0}",footywire
76d9ddae6f18b191c261d9d0,2021,6,Hawthorn,Adelaide,Jacob Koschitzke,12859,unique,false,false,,,"{""goals"": 5, ""kicks"": 11, ""marks"": 9, ""behinds"": 3, ""hitouts"": 0, ""tackles"": 1, ""disposals"": 14, ""frees_for"": 1, ""handballs"": 3, ""supercoach"": 104, ""afl_fantasy"": 101, ""frees_against"": 1}",footywire
76e0ff0367d29b11101c3716,2001,19,Brisbane Lions,Richmond,Robert Copeland,1099,unique,false,false,,,"{""goals"": 3, ""kicks"": 12, ""marks"": 4, ""behinds"": 0, ""hitouts"": 0, ""tackles"": 3, ""disposals"": 13, ""frees_for"": 3, ""handballs"": 1, ""frees_against"": 0}",footywire
76ebcce3184bb49c5445b11f,1999,7,Essendon,Melbourne,Dean Rioli,356,unique,false,false,,,"{""goals"": 2, ""kicks"": 13, ""marks"": 7, ""behinds"": 0, ""hitouts"": 0, ""tackles"": 2, ""disposals"": 19, ""frees_for"": 0, ""handballs"": 6, ""frees_against"": 0}",footywire
76fa839d4863fa063aafe682,1994,23,Adelaide,Essendon,Sean Wellman,10,unique,false,false,,,"{""goals"": 3, ""kicks"": 10, ""marks"": 3, ""behinds"": 0, ""hitouts"": 0, ""tackles"": 2, ""disposals"": 15, ""handballs"": 5}",footywire
7708e9632da0c0aa09e84280,2017,15,Hawthorn,Collingwood,Blake Hardwick,12469,unique,false,false,,,"{""goals"": 0, ""kicks"": 9, ""marks"": 5, ""behinds"": 0, ""hitouts"": 0, ""tackles"": 3, ""disposals"": 19, ""frees_for"": 2, ""handballs"": 10, ""supercoach"": 79, ""afl_fantasy"": 76, ""frees_against"": 0}",footywire
7782e926f2a872268619999f,2007,1,Essendon,Adelaide,Patrick Ryder,4144,resolved,false,false,,,"{""goals"": 0, ""kicks"": 6, ""marks"": 5, ""behinds"": 0, ""hitouts"": 1, ""tackles"": 2, ""disposals"": 13, ""frees_for"": 0, ""handballs"": 7, ""supercoach"": 83, ""afl_fantasy"": 53, ""frees_against"": 1}",footywire
77e3b34694bfe6a07254a0d1,2013,11,Sydney,Adelaide,Tom Mitchell,12196,unique,false,false,,,"{""goals"": 1, ""kicks"": 18, ""marks"": 5, ""behinds"": 2, ""hitouts"": 0, ""tackles"": 10, ""disposals"": 31, ""frees_for"": 4, ""handballs"": 13, ""supercoach"": 126, ""afl_fantasy"": 144, ""frees_against"": 1}",footywire
781c7e8c58c65a1d9660db62,2025,24,Carlton,Essendon,Matt Carroll,13212,unique,false,false,,,"{""goals"": 0, ""kicks"": 13, ""marks"": 7, ""behinds"": 1, ""hitouts"": 0, ""tackles"": 0, ""disposals"": 15, ""frees_for"": 0, ""handballs"": 2, ""supercoach"": 66, ""afl_fantasy"": 65, ""frees_against"": 0}",footywire
7917740151eaa76a3c027bca,2010,2,Sydney,Adelaide,Daniel Hannebery,11783,resolved,true,false,,,"{""goals"": 0, ""kicks"": 12, ""marks"": 3, ""behinds"": 1, ""hitouts"": 0, ""tackles"": 4, ""disposals"": 23, ""frees_for"": 3, ""handballs"": 11, ""supercoach"": 96, ""afl_fantasy"": 84, ""frees_against"": 1}",footywire
792d7ff1f5b635865695b345,2001,9,Western Bulldogs,West Coast,Luke Penny,469,unique,false,false,,,"{""goals"": 0, ""kicks"": 6, ""marks"": 3, ""behinds"": 0, ""hitouts"": 0, ""tackles"": 0, ""disposals"": 12, ""frees_for"": 1, ""handballs"": 6, ""frees_against"": 0}",footywire
7a0348c57d2a9b8cfd1a8ce4,2003,4,Brisbane Lions,Collingwood,Jared Brennan,1438,unique,false,false,,,"{""goals"": 1, ""kicks"": 10, ""marks"": 6, ""behinds"": 1, ""hitouts"": 0, ""tackles"": 3, ""disposals"": 14, ""frees_for"": 1, ""handballs"": 4, ""frees_against"": 0}",footywire
7a3f261c0724565f18bf1581,2021,2,Sydney,Adelaide,Braeden Campbell,12863,unique,false,false,,,"{""goals"": 0, ""kicks"": 21, ""marks"": 6, ""behinds"": 1, ""hitouts"": 0, ""tackles"": 2, ""disposals"": 25, ""frees_for"": 1, ""handballs"": 4, ""supercoach"": 118, ""afl_fantasy"": 96, ""frees_against"": 1}",footywire
7aded3c64983106ab50397bf,2021,11,Melbourne,Western Bulldogs,Trent Rivers,12778,unique,false,false,,,"{""goals"": 0, ""kicks"": 13, ""marks"": 3, ""behinds"": 0, ""hitouts"": 0, ""tackles"": 0, ""disposals"": 19, ""frees_for"": 0, ""handballs"": 6, ""supercoach"": 72, ""afl_fantasy"": 57, ""frees_against"": 1}",footywire
7b4aaac555761ca23044790c,2008,8,Adelaide,Melbourne,Kurt Tippett,11633,unique,false,false,,,"{""goals"": 4, ""kicks"": 5, ""marks"": 3, ""behinds"": 1, ""hitouts"": 0, ""tackles"": 1, ""disposals"": 7, ""frees_for"": 1, ""handballs"": 2, ""supercoach"": 70, ""afl_fantasy"": 55, ""frees_against"": 1}",footywire
7b9c0b4d99b788eb7f4aa9d1,1997,15,Adelaide,St Kilda,Peter Vardy,44,unique,false,false,,,"{""goals"": 0, ""kicks"": 22, ""marks"": 10, ""behinds"": 2, ""hitouts"": 0, ""tackles"": 4, ""disposals"": 27, ""handballs"": 5}",footywire
7be2528812eb3301ef94ceb7,2016,8,Greater Western Sydney,Gold Coast,Jacob Hopper,12440,unique,false,false,,,"{""goals"": 0, ""kicks"": 13, ""marks"": 5, ""behinds"": 1, ""hitouts"": 0, ""tackles"": 2, ""disposals"": 32, ""frees_for"": 2, ""handballs"": 19, ""supercoach"": 106, ""afl_fantasy"": 97, ""frees_against"": 2}",footywire
7d13a8baa1dbd5c20009ff53,2014,7,Collingwood,Carlton,Tom Langdon,12233,unique,false,false,,,"{""goals"": 0, ""kicks"": 15, ""marks"": 8, ""behinds"": 1, ""hitouts"": 0, ""tackles"": 3, ""disposals"": 23, ""frees_for"": 1, ""handballs"": 8, ""supercoach"": 128, ""afl_fantasy"": 99, ""frees_against"": 0}",footywire
7d1680558d1e5c72af9675ac,2018,15,Brisbane Lions,Fremantle,Cameron Rayner,12592,resolved,false,false,,,"{""goals"": 2, ""kicks"": 11, ""marks"": 6, ""behinds"": 1, ""hitouts"": 0, ""tackles"": 5, ""disposals"": 19, ""frees_for"": 2, ""handballs"": 8, ""supercoach"": 104, ""afl_fantasy"": 102, ""frees_against"": 0}",footywire
7d29675c41fb83bbf251cb97,2009,6,Fremantle,West Coast,Stephen Hill,11716,unique,false,false,,,"{""goals"": 2, ""kicks"": 10, ""marks"": 6, ""behinds"": 2, ""hitouts"": 1, ""tackles"": 5, ""disposals"": 21, ""frees_for"": 3, ""handballs"": 11, ""supercoach"": 138, ""afl_fantasy"": 105, ""frees_against"": 1}",footywire
7e06b3592b0502bfbd729162,2015,11,Collingwood,Greater Western Sydney,Timothy Broomhead,12284,resolved,false,false,,,"{""goals"": 1, ""kicks"": 10, ""marks"": 4, ""behinds"": 0, ""hitouts"": 0, ""tackles"": 3, ""disposals"": 25, ""frees_for"": 0, ""handballs"": 15, ""supercoach"": 102, ""afl_fantasy"": 87, ""frees_against"": 1}",footywire
7e9861da1c7b5906761499d8,2004,17,West Coast,Port Adelaide,Sam Butler,3983,resolved,false,false,,,"{""goals"": 0, ""kicks"": 8, ""marks"": 4, ""behinds"": 0, ""hitouts"": 0, ""tackles"": 0, ""disposals"": 19, ""frees_for"": 1, ""handballs"": 11, ""frees_against"": 0}",footywire
800c5de35bd35f53a95271e5,2021,1,Sydney,Brisbane Lions,Errol Gulden,12862,unique,false,false,,,"{""goals"": 3, ""kicks"": 17, ""marks"": 10, ""behinds"": 1, ""hitouts"": 0, ""tackles"": 1, ""disposals"": 19, ""frees_for"": 3, ""handballs"": 2, ""supercoach"": 139, ""afl_fantasy"": 108, ""frees_against"": 1}",footywire
803b758e113fa15c89d5e79d,1998,15,Richmond,Carlton,Justin Plapp,900,unique,false,false,,,"{""goals"": 5, ""kicks"": 9, ""marks"": 5, ""behinds"": 0, ""hitouts"": 0, ""tackles"": 1, ""disposals"": 10, ""frees_for"": 2, ""handballs"": 1, ""frees_against"": 1}",footywire
8066f7086a530885f740c07f,2022,12,Sydney,Melbourne,Logan Mcdonald,12861,unique,false,false,,,"{""goals"": 3, ""kicks"": 11, ""marks"": 5, ""behinds"": 2, ""hitouts"": 0, ""tackles"": 1, ""disposals"": 16, ""frees_for"": 0, ""handballs"": 5, ""supercoach"": 94, ""afl_fantasy"": 79, ""frees_against"": 1}",footywire
807e1e7a3f3096add03cf7ec,2000,9,Sydney,Port Adelaide,Jude Bolton,1013,unique,false,false,,,"{""goals"": 1, ""kicks"": 7, ""marks"": 2, ""behinds"": 1, ""hitouts"": 0, ""tackles"": 2, ""disposals"": 11, ""frees_for"": 0, ""handballs"": 4, ""frees_against"": 0}",footywire
80a9a44611d19b9876529fea,1994,20,Hawthorn,West Coast,Rayden Tallis,631,unique,false,false,,,"{""goals"": 2, ""kicks"": 13, ""marks"": 4, ""behinds"": 0, ""hitouts"": 0, ""tackles"": 3, ""disposals"": 20, ""handballs"": 7}",footywire
80c0054db611cc99e8a7e14f,1993,17,Footscray,Melbourne,Ilija Grgic,357,unique,false,false,,,"{""goals"": 2, ""kicks"": 14, ""marks"": 10, ""behinds"": 2, ""hitouts"": 15, ""tackles"": 2, ""disposals"": 23, ""handballs"": 9}",footywire
8105dc1eee4fefe55a68cbc5,1994,19,Essendon,Melbourne,Scott Cummings,315,unique,false,false,,,"{""goals"": 4, ""kicks"": 12, ""marks"": 9, ""behinds"": 2, ""hitouts"": 0, ""tackles"": 0, ""disposals"": 13, ""handballs"": 1}",footywire
815e716a91d029cbc6bcfeea,2021,15,Brisbane Lions,Geelong,Deven Robertson,12774,unique,false,false,,,"{""goals"": 0, ""kicks"": 10, ""marks"": 4, ""behinds"": 0, ""hitouts"": 0, ""tackles"": 4, ""disposals"": 16, ""frees_for"": 0, ""handballs"": 6, ""supercoach"": 83, ""afl_fantasy"": 67, ""frees_against"": 1}",footywire
8243f49f4ab80cd71750ece6,2011,4,Port Adelaide,Adelaide,Jasper Mcmillan Pittard,11885,resolved,false,false,,,"{""goals"": 0, ""kicks"": 19, ""marks"": 4, ""behinds"": 0, ""hitouts"": 0, ""tackles"": 2, ""disposals"": 25, ""frees_for"": 1, ""handballs"": 6, ""supercoach"": 88, ""afl_fantasy"": 87, ""frees_against"": 1}",footywire
824eb11082f339862bc89763,2001,17,Port Adelaide,Essendon,Brent Guerra,852,unique,false,false,,,"{""goals"": 4, ""kicks"": 9, ""marks"": 6, ""behinds"": 1, ""hitouts"": 0, ""tackles"": 2, ""disposals"": 13, ""frees_for"": 1, ""handballs"": 4, ""frees_against"": 2}",footywire
833888a20f899bad15b73154,1995,16,Fremantle,Richmond,Craig Callaghan,508,unique,false,false,,,"{""goals"": 0, ""kicks"": 23, ""marks"": 8, ""behinds"": 0, ""hitouts"": 0, ""tackles"": 5, ""disposals"": 34, ""handballs"": 11}",footywire
837325f2a9421e9a420c03f2,2005,18,Carlton,Richmond,Kade Simpson,1456,unique,false,false,,,"{""goals"": 0, ""kicks"": 11, ""marks"": 5, ""behinds"": 2, ""hitouts"": 0, ""tackles"": 6, ""disposals"": 18, ""frees_for"": 3, ""handballs"": 7, ""frees_against"": 0}",footywire
839969f61e18597a132040d0,2024,15,Brisbane Lions,Port Adelaide,Logan Morris,13137,unique,false,false,,,"{""goals"": 2, ""kicks"": 6, ""marks"": 3, ""behinds"": 0, ""hitouts"": 0, ""tackles"": 2, ""disposals"": 9, ""frees_for"": 1, ""handballs"": 3, ""supercoach"": 68, ""afl_fantasy"": 51, ""frees_against"": 1}",footywire
83f9a8e09ad701ad12189c04,1995,8,Sydney,Carlton,Michael O Loughlin,1000,resolved,false,false,,,"{""goals"": 4, ""kicks"": 5, ""marks"": 3, ""behinds"": 0, ""hitouts"": 0, ""tackles"": 0, ""disposals"": 10, ""handballs"": 5}",footywire
85c832d829badbf75f357072,1995,7,Footscray,St Kilda,Brad Johnson,421,unique,false,false,,,"{""goals"": 0, ""kicks"": 12, ""marks"": 3, ""behinds"": 0, ""hitouts"": 0, ""tackles"": 2, ""disposals"": 19, ""handballs"": 7}",footywire
85edefd30337131d24a84e12,2011,19,West Coast,Western Bulldogs,Andrew Gaff,11904,unique,false,false,,,"{""goals"": 2, ""kicks"": 17, ""marks"": 8, ""behinds"": 0, ""hitouts"": 0, ""tackles"": 1, ""disposals"": 31, ""frees_for"": 0, ""handballs"": 14, ""supercoach"": 118, ""afl_fantasy"": 119, ""frees_against"": 0}",footywire
8671b79a8a9c1e1b2d229386,2005,5,Essendon,Collingwood,Jason Laycock,4052,unique,false,false,,,"{""goals"": 2, ""kicks"": 9, ""marks"": 7, ""behinds"": 0, ""hitouts"": 7, ""tackles"": 0, ""disposals"": 18, ""frees_for"": 0, ""handballs"": 9, ""frees_against"": 1}",footywire
86f9dfc1bc2cf5bf6a60c855,2018,14,Carlton,Collingwood,Paddy Dow,12582,unique,false,false,,,"{""goals"": 0, ""kicks"": 8, ""marks"": 2, ""behinds"": 0, ""hitouts"": 0, ""tackles"": 4, ""disposals"": 20, ""frees_for"": 1, ""handballs"": 12, ""supercoach"": 74, ""afl_fantasy"": 65, ""frees_against"": 2}",footywire
87798cd0b3b3f729dc1d363e,2003,13,Fremantle,Hawthorn,Byron Schammer,1422,unique,false,false,,,"{""goals"": 0, ""kicks"": 9, ""marks"": 3, ""behinds"": 0, ""hitouts"": 0, ""tackles"": 1, ""disposals"": 18, ""frees_for"": 1, ""handballs"": 9, ""frees_against"": 1}",footywire
87c08bf2a5523075a68a191a,2022,4,Adelaide,Essendon,Josh Rachele,12953,unique,false,false,,,"{""goals"": 3, ""kicks"": 13, ""marks"": 9, ""behinds"": 1, ""hitouts"": 0, ""tackles"": 1, ""disposals"": 19, ""frees_for"": 0, ""handballs"": 6, ""supercoach"": 106, ""afl_fantasy"": 101, ""frees_against"": 0}",footywire
87d0febf5050ae2fefb16110,2011,13,Geelong,St Kilda,Daniel Menzel,11873,unique,false,false,,,"{""goals"": 4, ""kicks"": 11, ""marks"": 6, ""behinds"": 1, ""hitouts"": 0, ""tackles"": 3, ""disposals"": 15, ""frees_for"": 1, ""handballs"": 4, ""supercoach"": 85, ""afl_fantasy"": 91, ""frees_against"": 2}",footywire
8877b91ee15615d2c965b7ed,2009,2,Essendon,Fremantle,David Zaharakis,11729,unique,false,false,,,"{""goals"": 0, ""kicks"": 17, ""marks"": 10, ""behinds"": 1, ""hitouts"": 0, ""tackles"": 4, ""disposals"": 21, ""frees_for"": 1, ""handballs"": 4, ""supercoach"": 109, ""afl_fantasy"": 107, ""frees_against"": 0}",footywire
8884b985ce547c42d8bafad7,1994,4,West Coast,Fitzroy,Brett Spinks,596,unique,false,false,,,"{""goals"": 0, ""kicks"": 14, ""marks"": 10, ""behinds"": 2, ""hitouts"": 6, ""tackles"": 0, ""disposals"": 15, ""handballs"": 1}",footywire
897343b65b1670d332599c90,2012,19,Greater Western Sydney,Port Adelaide,Devon Smith,12029,unique,false,false,,,"{""goals"": 2, ""kicks"": 12, ""marks"": 8, ""behinds"": 2, ""hitouts"": 0, ""tackles"": 6, ""disposals"": 21, ""frees_for"": 0, ""handballs"": 9, ""supercoach"": 95, ""afl_fantasy"": 107, ""frees_against"": 3}",footywire
89ac87c9d596f0194b672188,1996,10,Hawthorn,Fremantle,Daniel Chick,649,unique,false,false,,,"{""goals"": 2, ""kicks"": 13, ""marks"": 4, ""behinds"": 1, ""hitouts"": 0, ""tackles"": 5, ""disposals"": 22, ""handballs"": 9}",footywire
89e305e95f6c1c0660617da6,2002,16,Collingwood,Richmond,Alan Didak,301,unique,false,false,,,"{""goals"": 2, ""kicks"": 10, ""marks"": 3, ""behinds"": 0, ""hitouts"": 0, ""tackles"": 2, ""disposals"": 13, ""frees_for"": 0, ""handballs"": 3, ""frees_against"": 1}",footywire
8a330e896dfda44bef913dd7,2003,21,West Coast,Melbourne,Andrew Mcdougall,1221,unique,false,false,,,"{""goals"": 4, ""kicks"": 9, ""marks"": 6, ""behinds"": 2, ""hitouts"": 1, ""tackles"": 2, ""disposals"": 13, ""frees_for"": 0, ""handballs"": 4, ""frees_against"": 0}",footywire
8a4679aa1caa6ff84782fa0c,2014,1,St Kilda,Melbourne,Luke Dunstan,12247,unique,false,false,,,"{""goals"": 0, ""kicks"": 15, ""marks"": 7, ""behinds"": 1, ""hitouts"": 1, ""tackles"": 7, ""disposals"": 21, ""frees_for"": 1, ""handballs"": 6, ""supercoach"": 100, ""afl_fantasy"": 106, ""frees_against"": 1}",footywire
8a68550df4469608c49b17a3,1995,1,Footscray,Sydney,Tyson Lane,274,unique,false,false,,,"{""goals"": 0, ""kicks"": 14, ""marks"": 4, ""behinds"": 0, ""hitouts"": 0, ""tackles"": 4, ""disposals"": 15, ""handballs"": 1}",footywire
8adeff0f5edea9c25810c7ed,1997,6,Geelong,Fremantle,Adam Houlihan,593,unique,false,false,,,"{""goals"": 2, ""kicks"": 18, ""marks"": 5, ""behinds"": 2, ""hitouts"": 1, ""tackles"": 3, ""disposals"": 25, ""handballs"": 7}",footywire
8b187f9aa25d6a6aa2c8a0e4,2024,11,Collingwood,Fremantle,Harvey Harrison,13068,unique,false,false,,,"{""goals"": 3, ""kicks"": 6, ""marks"": 0, ""behinds"": 0, ""hitouts"": 0, ""tackles"": 9, ""disposals"": 13, ""frees_for"": 2, ""handballs"": 7, ""supercoach"": 99, ""afl_fantasy"": 88, ""frees_against"": 0}",footywire
8b509d10880e70e3e4697188,1998,3,North Melbourne,Port Adelaide,Byron Pickett,791,unique,true,false,,,"{""goals"": 0, ""kicks"": 14, ""marks"": 5, ""behinds"": 0, ""hitouts"": 0, ""tackles"": 0, ""disposals"": 18, ""frees_for"": 1, ""handballs"": 4, ""frees_against"": 1}",footywire
8b5c1260d870e3ec1dcb40e3,1998,8,Melbourne,Collingwood,Travis Johnstone,732,unique,false,false,,,"{""goals"": 4, ""kicks"": 14, ""marks"": 6, ""behinds"": 1, ""hitouts"": 0, ""tackles"": 0, ""disposals"": 15, ""frees_for"": 0, ""handballs"": 1, ""frees_against"": 0}",footywire
8b5f1d67f0620b514db2a1bf,2007,11,West Coast,Essendon,Shannon Hurn,4162,unique,false,false,,,"{""goals"": 1, ""kicks"": 9, ""marks"": 2, ""behinds"": 0, ""hitouts"": 0, ""tackles"": 2, ""disposals"": 19, ""frees_for"": 0, ""handballs"": 10, ""supercoach"": 88, ""afl_fantasy"": 64, ""frees_against"": 1}",footywire
8bae6e2e54d4856ac0b9cbe6,2024,7,Gold Coast,West Coast,Jake Rogers,13126,unique,false,false,,,"{""goals"": 1, ""kicks"": 10, ""marks"": 1, ""behinds"": 0, ""hitouts"": 0, ""tackles"": 3, ""disposals"": 22, ""frees_for"": 0, ""handballs"": 12, ""supercoach"": 98, ""afl_fantasy"": 69, ""frees_against"": 2}",footywire
8bf5fce9dc476ade9e918868,2011,11,Melbourne,Essendon,Jordan Gysberts,11849,unique,false,false,,,"{""goals"": 0, ""kicks"": 19, ""marks"": 8, ""behinds"": 1, ""hitouts"": 1, ""tackles"": 4, ""disposals"": 30, ""frees_for"": 0, ""handballs"": 11, ""supercoach"": 111, ""afl_fantasy"": 121, ""frees_against"": 0}",footywire
8c532104391b9bd97d16b629,2019,12,North Melbourne,Gold Coast,Tarryn Thomas,12707,unique,false,false,,,"{""goals"": 2, ""kicks"": 9, ""marks"": 3, ""behinds"": 1, ""hitouts"": 0, ""tackles"": 3, ""disposals"": 12, ""frees_for"": 3, ""handballs"": 3, ""supercoach"": 109, ""afl_fantasy"": 64, ""frees_against"": 2}",footywire
8c8649cb8606f93077775cde,1997,22,Hawthorn,Western Bulldogs,Angelo Lekkas,655,unique,false,false,,,"{""goals"": 0, ""kicks"": 19, ""marks"": 6, ""behinds"": 0, ""hitouts"": 0, ""tackles"": 3, ""disposals"": 22, ""handballs"": 3}",footywire
8d46c9242f14795094742691,2012,14,Greater Western Sydney,Sydney,Toby Greene,12025,unique,false,false,,,"{""goals"": 1, ""kicks"": 16, ""marks"": 2, ""behinds"": 0, ""hitouts"": 0, ""tackles"": 3, ""disposals"": 31, ""frees_for"": 1, ""handballs"": 15, ""supercoach"": 85, ""afl_fantasy"": 91, ""frees_against"": 4}",footywire
8d5f54110c253513e80e39ef,2016,5,Sydney,West Coast,Tom Papley,12412,unique,false,false,,,"{""goals"": 2, ""kicks"": 13, ""marks"": 8, ""behinds"": 1, ""hitouts"": 0, ""tackles"": 4, ""disposals"": 20, ""frees_for"": 1, ""handballs"": 7, ""supercoach"": 78, ""afl_fantasy"": 107, ""frees_against"": 0}",footywire
8db3849212fcaf659006ed27,2014,6,Brisbane Lions,St Kilda,James Aish,12250,unique,false,false,,,"{""goals"": 1, ""kicks"": 12, ""marks"": 8, ""behinds"": 0, ""hitouts"": 0, ""tackles"": 4, ""disposals"": 25, ""frees_for"": 0, ""handballs"": 13, ""supercoach"": 144, ""afl_fantasy"": 108, ""frees_against"": 0}",footywire
8e0f00d9a1d20ee05701bc80,2006,16,Port Adelaide,St Kilda,Troy Chaplin,3962,unique,false,false,,,"{""goals"": 0, ""kicks"": 6, ""marks"": 6, ""behinds"": 0, ""hitouts"": 0, ""tackles"": 0, ""disposals"": 15, ""frees_for"": 0, ""handballs"": 9, ""frees_against"": 0}",footywire
8e7a112ab894dc2025808730,1995,3,Adelaide,St Kilda,Martin Mckinnon,6,unique,false,false,,,"{""goals"": 1, ""kicks"": 15, ""marks"": 3, ""behinds"": 1, ""hitouts"": 0, ""tackles"": 1, ""disposals"": 25, ""handballs"": 10}",footywire
8e9c7260a2239a575781c534,2013,1,Port Adelaide,Melbourne,Oliver Wines,12150,resolved,false,false,,,"{""goals"": 1, ""kicks"": 12, ""marks"": 7, ""behinds"": 1, ""hitouts"": 0, ""tackles"": 3, ""disposals"": 24, ""frees_for"": 5, ""handballs"": 12, ""supercoach"": 125, ""afl_fantasy"": 99, ""frees_against"": 2}",footywire
8ed09275b7c709e54fde2ab6,1993,4,Essendon,Sydney,Joe Misiti,316,unique,false,false,,,"{""goals"": 0, ""kicks"": 31, ""marks"": 9, ""behinds"": 1, ""hitouts"": 0, ""tackles"": 2, ""disposals"": 37, ""handballs"": 6}",footywire
8f39beac1019e26392f4e3d0,2019,18,Hawthorn,Geelong,Mitchell Lewis,12636,resolved,false,false,,,"{""goals"": 3, ""kicks"": 12, ""marks"": 5, ""behinds"": 1, ""hitouts"": 4, ""tackles"": 0, ""disposals"": 15, ""frees_for"": 1, ""handballs"": 3, ""supercoach"": 83, ""afl_fantasy"": 81, ""frees_against"": 0}",footywire
906a64aae346b0e5a1dcadc9,2023,21,Carlton,St Kilda,Oliver Hollands,13029,unique,false,false,,,"{""goals"": 0, ""kicks"": 9, ""marks"": 4, ""behinds"": 0, ""hitouts"": 0, ""tackles"": 6, ""disposals"": 20, ""frees_for"": 2, ""handballs"": 11, ""supercoach"": 95, ""afl_fantasy"": 87, ""frees_against"": 0}",footywire
906b4aeedc6549f407b9cb5a,2004,7,West Coast,Melbourne,Brent Staker,2304,unique,false,false,,,"{""goals"": 3, ""kicks"": 10, ""marks"": 7, ""behinds"": 1, ""hitouts"": 0, ""tackles"": 0, ""disposals"": 13, ""frees_for"": 0, ""handballs"": 3, ""frees_against"": 1}",footywire
90b20904411462892d6c7ee7,2010,21,North Melbourne,West Coast,Samuel Wright,11755,resolved,false,false,,,"{""goals"": 4, ""kicks"": 10, ""marks"": 4, ""behinds"": 2, ""hitouts"": 0, ""tackles"": 1, ""disposals"": 16, ""frees_for"": 0, ""handballs"": 6, ""supercoach"": 105, ""afl_fantasy"": 81, ""frees_against"": 1}",footywire
90b77c0b6596f583d1643aa7,2006,6,Richmond,Essendon,Dean Polo,4168,unique,false,false,,,"{""goals"": 3, ""kicks"": 11, ""marks"": 6, ""behinds"": 0, ""hitouts"": 0, ""tackles"": 1, ""disposals"": 28, ""frees_for"": 0, ""handballs"": 17, ""frees_against"": 0}",footywire
90c75cfa0456f255bfb20182,1999,21,Brisbane Lions,Melbourne,Tim Notting,1087,unique,false,false,,,"{""goals"": 6, ""kicks"": 11, ""marks"": 7, ""behinds"": 1, ""hitouts"": 0, ""tackles"": 1, ""disposals"": 16, ""frees_for"": 0, ""handballs"": 5, ""frees_against"": 4}",footywire
913cda9176eaea612b22b68f,2002,8,Richmond,West Coast,David Rodan,1104,unique,false,false,,,"{""goals"": 2, ""kicks"": 10, ""marks"": 4, ""behinds"": 0, ""hitouts"": 0, ""tackles"": 1, ""disposals"": 14, ""frees_for"": 0, ""handballs"": 4, ""frees_against"": 0}",footywire
915714c1007e0f98ece2d7dc,1995,21,Richmond,Collingwood,Stephen Jurica,881,unique,false,false,,,"{""goals"": 4, ""kicks"": 8, ""marks"": 5, ""behinds"": 4, ""hitouts"": 0, ""tackles"": 2, ""disposals"": 9, ""handballs"": 1}",footywire
91f274ba89461c84a6b2aeab,1997,19,,St Kilda,Michael Gardiner,1056,resolved,false,false,,,"{""goals"": 0, ""kicks"": 5, ""marks"": 5, ""behinds"": 0, ""hitouts"": 0, ""tackles"": 4, ""disposals"": 12, ""handballs"": 7}",footywire
926ab7bccb156b528dff7dc3,2016,6,St Kilda,Melbourne,Blake Acres,12276,unique,false,false,,,"{""goals"": 2, ""kicks"": 16, ""marks"": 7, ""behinds"": 1, ""hitouts"": 0, ""tackles"": 5, ""disposals"": 28, ""frees_for"": 0, ""handballs"": 12, ""supercoach"": 124, ""afl_fantasy"": 126, ""frees_against"": 0}",footywire
926d7dd00db472ed772b987e,2011,22,Collingwood,Brisbane Lions,Alex Fasolo,11977,unique,false,false,,,"{""goals"": 2, ""kicks"": 11, ""marks"": 5, ""behinds"": 2, ""hitouts"": 0, ""tackles"": 2, ""disposals"": 19, ""frees_for"": 0, ""handballs"": 8, ""supercoach"": 86, ""afl_fantasy"": 83, ""frees_against"": 1}",footywire
92772aa24dc678545c7d82d5,2017,22,Gold Coast,Essendon,Ben Ainsworth,12498,unique,false,false,,,"{""goals"": 3, ""kicks"": 7, ""marks"": 6, ""behinds"": 0, ""hitouts"": 0, ""tackles"": 1, ""disposals"": 10, ""frees_for"": 0, ""handballs"": 3, ""supercoach"": 69, ""afl_fantasy"": 61, ""frees_against"": 2}",footywire
92a9f40b17d64215894549f0,2013,10,Greater Western Sydney,Carlton,Lachie Whitfield,12143,unique,false,false,,,"{""goals"": 1, ""kicks"": 12, ""marks"": 7, ""behinds"": 0, ""hitouts"": 0, ""tackles"": 5, ""disposals"": 21, ""frees_for"": 1, ""handballs"": 9, ""supercoach"": 86, ""afl_fantasy"": 96, ""frees_against"": 2}",footywire
92b0ef3de5b94293199ad802,1999,9,Brisbane Lions,Geelong,Simon Black,1083,unique,false,false,,,"{""goals"": 2, ""kicks"": 13, ""marks"": 8, ""behinds"": 2, ""hitouts"": 0, ""tackles"": 3, ""disposals"": 20, ""frees_for"": 1, ""handballs"": 7, ""frees_against"": 1}",footywire
9310c68a66820e21d95e3fe7,2004,9,Collingwood,Adelaide,Guy Richards,3936,unique,false,false,,,"{""goals"": 1, ""kicks"": 7, ""marks"": 1, ""behinds"": 1, ""hitouts"": 13, ""tackles"": 2, ""disposals"": 15, ""frees_for"": 1, ""handballs"": 8, ""frees_against"": 2}",footywire
9328dd34477b581d1c81401e,2001,6,Essendon,West Coast,Aaron Henneman,362,unique,false,false,,,"{""goals"": 0, ""kicks"": 5, ""marks"": 5, ""behinds"": 0, ""hitouts"": 1, ""tackles"": 2, ""disposals"": 9, ""frees_for"": 0, ""handballs"": 4, ""frees_against"": 2}",footywire
9384ae01c641819d02c9968d,2010,17,Western Bulldogs,Fremantle,Jarrad Grant,11744,unique,false,true,Ineligible to win the NAB Rising Star due to suspension.,,"{""goals"": 3, ""kicks"": 10, ""marks"": 8, ""behinds"": 1, ""hitouts"": 0, ""tackles"": 4, ""disposals"": 20, ""frees_for"": 0, ""handballs"": 10, ""supercoach"": 92, ""afl_fantasy"": 109, ""frees_against"": 0}",footywire
938c2e32117466b69fb6901f,1996,3,Footscray,Fitzroy,Luke Darcy,436,unique,false,false,,,"{""goals"": 1, ""kicks"": 6, ""marks"": 6, ""behinds"": 1, ""hitouts"": 12, ""tackles"": 0, ""disposals"": 10, ""handballs"": 4}",footywire
93ef2ec41b06e0dc9f6ea25e,2018,20,Hawthorn,Essendon,Harry Morrison,12579,unique,false,false,,,"{""goals"": 0, ""kicks"": 12, ""marks"": 6, ""behinds"": 1, ""hitouts"": 0, ""tackles"": 1, ""disposals"": 22, ""frees_for"": 0, ""handballs"": 10, ""supercoach"": 83, ""afl_fantasy"": 79, ""frees_against"": 0}",footywire
94614c542b385012243cf772,1996,11,Melbourne,Fitzroy,Adem Yze,714,unique,false,false,,,"{""goals"": 5, ""kicks"": 17, ""marks"": 9, ""behinds"": 1, ""hitouts"": 0, ""tackles"": 2, ""disposals"": 19, ""handballs"": 2}",footywire
94cec4d9e29da763e403ecbf,1996,16,West Coast,Fremantle,Chad Morrison,1050,unique,false,false,,,"{""goals"": 3, ""kicks"": 11, ""marks"": 4, ""behinds"": 3, ""hitouts"": 0, ""tackles"": 1, ""disposals"": 14, ""handballs"": 3}",footywire
952779b9cbab4fc4b976008b,2013,19,Greater Western Sydney,Melbourne,Zachary Williams,12175,resolved,false,false,,,"{""goals"": 0, ""kicks"": 11, ""marks"": 5, ""behinds"": 0, ""hitouts"": 0, ""tackles"": 3, ""disposals"": 21, ""frees_for"": 1, ""handballs"": 10, ""supercoach"": 85, ""afl_fantasy"": 81, ""frees_against"": 0}",footywire
9534e833cc91646bab1d96a7,2011,9,Richmond,Essendon,Reece Conca,11888,unique,false,false,,,"{""goals"": 0, ""kicks"": 14, ""marks"": 8, ""behinds"": 1, ""hitouts"": 0, ""tackles"": 3, ""disposals"": 23, ""frees_for"": 2, ""handballs"": 9, ""supercoach"": 93, ""afl_fantasy"": 99, ""frees_against"": 0}",footywire
955a9390fd9434bf95bc8083,2006,19,Richmond,Brisbane Lions,Nathan Foley,4112,unique,false,false,,,"{""goals"": 0, ""kicks"": 9, ""marks"": 3, ""behinds"": 0, ""hitouts"": 0, ""tackles"": 4, ""disposals"": 17, ""frees_for"": 3, ""handballs"": 8, ""frees_against"": 1}",footywire
9579ba3c96520078ac43e3c3,2007,14,Kangaroos,Richmond,Scott Mcmahon,11569,unique,false,false,,,"{""goals"": 2, ""kicks"": 11, ""marks"": 8, ""behinds"": 1, ""hitouts"": 0, ""tackles"": 4, ""disposals"": 18, ""frees_for"": 1, ""handballs"": 7, ""supercoach"": 115, ""afl_fantasy"": 101, ""frees_against"": 0}",footywire
95c420134c96a26cb58e2069,2009,5,Hawthorn,West Coast,Garry Moss,11567,unique,false,false,,,"{""goals"": 4, ""kicks"": 20, ""marks"": 9, ""behinds"": 0, ""hitouts"": 0, ""tackles"": 1, ""disposals"": 24, ""frees_for"": 2, ""handballs"": 4, ""supercoach"": 134, ""afl_fantasy"": 125, ""frees_against"": 0}",footywire
95f0e1a3f2a518719a34d191,2000,19,Melbourne,St Kilda,Brad Green,748,unique,false,false,,,"{""goals"": 3, ""kicks"": 9, ""marks"": 3, ""behinds"": 0, ""hitouts"": 0, ""tackles"": 1, ""disposals"": 12, ""frees_for"": 1, ""handballs"": 3, ""frees_against"": 2}",footywire
96412c4d23f47eac9e62e2f2,2024,14,Greater Western Sydney,Port Adelaide,Harvey Thomas,13101,unique,false,false,,,"{""goals"": 1, ""kicks"": 7, ""marks"": 2, ""behinds"": 0, ""hitouts"": 0, ""tackles"": 5, ""disposals"": 15, ""frees_for"": 1, ""handballs"": 8, ""supercoach"": 74, ""afl_fantasy"": 67, ""frees_against"": 1}",footywire
96885f18153d3aa6c9338330,2018,1,Port Adelaide,Fremantle,Riley Bonner,12483,unique,false,false,,,"{""goals"": 0, ""kicks"": 21, ""marks"": 6, ""behinds"": 0, ""hitouts"": 0, ""tackles"": 1, ""disposals"": 31, ""frees_for"": 0, ""handballs"": 10, ""supercoach"": 119, ""afl_fantasy"": 102, ""frees_against"": 1}",footywire
96dc4882eb0317b53da34bc6,2012,12,Adelaide,St Kilda,Daniel Talia,11989,unique,true,false,,,"{""goals"": 0, ""kicks"": 4, ""marks"": 2, ""behinds"": 0, ""hitouts"": 0, ""tackles"": 0, ""disposals"": 7, ""frees_for"": 1, ""handballs"": 3, ""supercoach"": 29, ""afl_fantasy"": 19, ""frees_against"": 2}",footywire
97155f7f06a15d7da5fa125d,2001,15,Western Bulldogs,Fremantle,Daniel Giansiracusa,473,unique,false,false,,,"{""goals"": 1, ""kicks"": 10, ""marks"": 9, ""behinds"": 1, ""hitouts"": 0, ""tackles"": 1, ""disposals"": 15, ""frees_for"": 0, ""handballs"": 5, ""frees_against"": 0}",footywire
971eccf9a367553ff2ad8634,2002,14,Richmond,Carlton,Mark Coughlan,916,unique,false,false,,,"{""goals"": 0, ""kicks"": 13, ""marks"": 5, ""behinds"": 0, ""hitouts"": 0, ""tackles"": 3, ""disposals"": 21, ""frees_for"": 2, ""handballs"": 8, ""frees_against"": 1}",footywire
976fca9180f4d7d4ce64eaf1,2020,6,Gold Coast,Melbourne,Izak Rankine,12798,unique,false,false,,,"{""goals"": 3, ""kicks"": 8, ""marks"": 1, ""behinds"": 3, ""hitouts"": 0, ""tackles"": 3, ""disposals"": 12, ""frees_for"": 3, ""handballs"": 4, ""supercoach"": 111, ""afl_fantasy"": 65, ""frees_against"": 2}",footywire
97c52572d4ead0d4872f5fd5,2021,4,Adelaide,North Melbourne,Lachlan Sholl,12814,unique,false,false,,,"{""goals"": 1, ""kicks"": 25, ""marks"": 8, ""behinds"": 2, ""hitouts"": 0, ""tackles"": 2, ""disposals"": 31, ""frees_for"": 3, ""handballs"": 6, ""supercoach"": 160, ""afl_fantasy"": 130, ""frees_against"": 0}",footywire
97d302427c431d6b72909b2d,2016,19,Collingwood,West Coast,Darcy Moore,12372,unique,false,false,,,"{""goals"": 3, ""kicks"": 8, ""marks"": 6, ""behinds"": 2, ""hitouts"": 0, ""tackles"": 1, ""disposals"": 8, ""frees_for"": 2, ""handballs"": 0, ""supercoach"": 75, ""afl_fantasy"": 65, ""frees_against"": 1}",footywire
98beab81f3b6f88d969bc60c,2009,10,Adelaide,Hawthorn,Taylor Walker,11713,unique,false,false,,,"{""goals"": 5, ""kicks"": 8, ""marks"": 7, ""behinds"": 0, ""hitouts"": 0, ""tackles"": 4, ""disposals"": 10, ""frees_for"": 0, ""handballs"": 2, ""supercoach"": 92, ""afl_fantasy"": 92, ""frees_against"": 1}",footywire
98c20e29522f228b60380bef,2008,18,North Melbourne,Brisbane Lions,Gavin Urquhart,11674,unique,false,false,,,"{""goals"": 0, ""kicks"": 13, ""marks"": 5, ""behinds"": 0, ""hitouts"": 0, ""tackles"": 2, ""disposals"": 22, ""frees_for"": 1, ""handballs"": 9, ""supercoach"": 78, ""afl_fantasy"": 81, ""frees_against"": 0}",footywire
99c02f977720d9e6fcd8707b,2026,9,Essendon,Greater Western Sydney,Sullivan Robey,13307,unique,false,false,,,"{""goals"": 0, ""kicks"": 12, ""marks"": 4, ""behinds"": 0, ""hitouts"": 0, ""tackles"": 5, ""disposals"": 20, ""frees_for"": 1, ""handballs"": 8, ""supercoach"": 68, ""afl_fantasy"": 79, ""frees_against"": 2}",footywire
9a533806559e7b64c7930593,2017,19,Richmond,Gold Coast,Jason Castagna,12431,unique,false,false,,,"{""goals"": 3, ""kicks"": 11, ""marks"": 6, ""behinds"": 3, ""hitouts"": 0, ""tackles"": 2, ""disposals"": 16, ""frees_for"": 2, ""handballs"": 5, ""supercoach"": 97, ""afl_fantasy"": 92, ""frees_against"": 0}",footywire
9b07ea3d749d244a75bec5a4,2005,21,Geelong,West Coast,Nathan Ablett,4140,unique,false,false,,,"{""goals"": 4, ""kicks"": 7, ""marks"": 6, ""behinds"": 1, ""hitouts"": 0, ""tackles"": 1, ""disposals"": 10, ""frees_for"": 1, ""handballs"": 3, ""frees_against"": 0}",footywire
9cbdc450d12604f85eb342c4,1999,17,Brisbane Lions,West Coast,Luke Power,1084,unique,false,false,,,"{""goals"": 2, ""kicks"": 12, ""marks"": 4, ""behinds"": 3, ""hitouts"": 0, ""tackles"": 1, ""disposals"": 20, ""frees_for"": 1, ""handballs"": 8, ""frees_against"": 0}",footywire
9cc533b53ce957afc6bfe8fb,2010,4,West Coast,Essendon,Nicholas Naitanui,11768,resolved,false,false,,,"{""goals"": 1, ""kicks"": 6, ""marks"": 1, ""behinds"": 2, ""hitouts"": 17, ""tackles"": 5, ""disposals"": 13, ""frees_for"": 2, ""handballs"": 7, ""supercoach"": 117, ""afl_fantasy"": 79, ""frees_against"": 1}",footywire
9cd0fb3c11113035554f94bb,2022,20,Richmond,Brisbane Lions,Noah Cumberland,12993,unique,false,false,,,"{""goals"": 5, ""kicks"": 6, ""marks"": 2, ""behinds"": 0, ""hitouts"": 0, ""tackles"": 3, ""disposals"": 8, ""frees_for"": 0, ""handballs"": 2, ""supercoach"": 88, ""afl_fantasy"": 67, ""frees_against"": 1}",footywire
9ce8997c1551f9aff323b68e,2024,8,Melbourne,Geelong,Caleb Windsor,13099,unique,false,false,,,"{""goals"": 1, ""kicks"": 11, ""marks"": 6, ""behinds"": 2, ""hitouts"": 0, ""tackles"": 6, ""disposals"": 18, ""frees_for"": 2, ""handballs"": 7, ""supercoach"": 118, ""afl_fantasy"": 99, ""frees_against"": 0}",footywire
9cf1002077c0b945bc0e4454,2019,23,Greater Western Sydney,Gold Coast,Brent Daniels,12656,unique,false,false,,,"{""goals"": 0, ""kicks"": 11, ""marks"": 6, ""behinds"": 1, ""hitouts"": 0, ""tackles"": 3, ""disposals"": 19, ""frees_for"": 0, ""handballs"": 8, ""supercoach"": 80, ""afl_fantasy"": 77, ""frees_against"": 1}",footywire
9d1d655d3cab474fe31441d2,2005,3,Melbourne,Geelong,Brock Mclean,3986,unique,false,false,,,"{""goals"": 0, ""kicks"": 5, ""marks"": 3, ""behinds"": 0, ""hitouts"": 0, ""tackles"": 3, ""disposals"": 11, ""frees_for"": 0, ""handballs"": 6, ""frees_against"": 1}",footywire
9dc7961757f9aed5fc7ecd37,2004,15,West Coast,Hawthorn,Mark Seaby,3963,unique,false,false,,,"{""goals"": 3, ""kicks"": 9, ""marks"": 9, ""behinds"": 1, ""hitouts"": 9, ""tackles"": 3, ""disposals"": 14, ""frees_for"": 1, ""handballs"": 5, ""frees_against"": 0}",footywire
9dd59f3f7b24a83424420ad7,2010,20,Port Adelaide,West Coast,Jackson Trengove,11812,unique,false,false,,,"{""goals"": 0, ""kicks"": 7, ""marks"": 5, ""behinds"": 0, ""hitouts"": 9, ""tackles"": 5, ""disposals"": 23, ""frees_for"": 1, ""handballs"": 16, ""supercoach"": 97, ""afl_fantasy"": 98, ""frees_against"": 0}",footywire
9dd9dc9f497bb5b74251c790,2018,7,Geelong,Greater Western Sydney,Jack Henry,12607,resolved,false,false,,,"{""goals"": 0, ""kicks"": 14, ""marks"": 11, ""behinds"": 0, ""hitouts"": 0, ""tackles"": 3, ""disposals"": 18, ""frees_for"": 1, ""handballs"": 4, ""supercoach"": 114, ""afl_fantasy"": 96, ""frees_against"": 0}",footywire
9df11dcc698b010846a242cd,2021,10,Western Bulldogs,St Kilda,Cody Weightman,12800,unique,false,false,,,"{""goals"": 2, ""kicks"": 12, ""marks"": 6, ""behinds"": 2, ""hitouts"": 0, ""tackles"": 1, ""disposals"": 14, ""frees_for"": 3, ""handballs"": 2, ""supercoach"": 98, ""afl_fantasy"": 76, ""frees_against"": 1}",footywire
9e1b517812ac599fd4d42f59,2021,19,Adelaide,Hawthorn,Harry Schoenberg,12813,unique,false,false,,,"{""goals"": 0, ""kicks"": 14, ""marks"": 5, ""behinds"": 0, ""hitouts"": 0, ""tackles"": 6, ""disposals"": 24, ""frees_for"": 1, ""handballs"": 10, ""supercoach"": 96, ""afl_fantasy"": 96, ""frees_against"": 2}",footywire
9e2145a85f598404dec21b66,2023,14,Brisbane Lions,Sydney,Darcy Wilmot,13026,unique,false,false,,,"{""goals"": 0, ""kicks"": 14, ""marks"": 4, ""behinds"": 0, ""hitouts"": 0, ""tackles"": 0, ""disposals"": 19, ""frees_for"": 0, ""handballs"": 5, ""supercoach"": 75, ""afl_fantasy"": 61, ""frees_against"": 1}",footywire
9eb91d4b83572d4f4dd3c14b,1995,15,Carlton,Adelaide,Adrian Whitehead,149,unique,false,false,,,"{""goals"": 0, ""kicks"": 10, ""marks"": 0, ""behinds"": 1, ""hitouts"": 0, ""tackles"": 2, ""disposals"": 23, ""handballs"": 13}",footywire
9fb49a2845fd4bc8daa7ae6f,2001,8,Essendon,Melbourne,Danny Jacobs,359,unique,false,false,,,"{""goals"": 0, ""kicks"": 11, ""marks"": 5, ""behinds"": 0, ""hitouts"": 1, ""tackles"": 7, ""disposals"": 15, ""frees_for"": 0, ""handballs"": 4, ""frees_against"": 0}",footywire
9ff9321030a66c34cb4c8455,2005,14,Fremantle,Adelaide,David Mundy,4088,unique,false,false,,,"{""goals"": 0, ""kicks"": 10, ""marks"": 6, ""behinds"": 0, ""hitouts"": 0, ""tackles"": 0, ""disposals"": 21, ""frees_for"": 0, ""handballs"": 11, ""frees_against"": 0}",footywire
a03854dd85c3d2acbc5f9a0d,2025,15,North Melbourne,Carlton,Finn O Sullivan,13187,resolved,false,false,,,"{""goals"": 0, ""kicks"": 9, ""marks"": 3, ""behinds"": 0, ""hitouts"": 0, ""tackles"": 2, ""disposals"": 18, ""frees_for"": 0, ""handballs"": 9, ""supercoach"": 74, ""afl_fantasy"": 59, ""frees_against"": 1}",footywire
a075b446fdb985a3651b3e62,2005,22,St Kilda,Brisbane Lions,Raphael Clarke,4046,unique,false,false,,,"{""goals"": 0, ""kicks"": 9, ""marks"": 2, ""behinds"": 1, ""hitouts"": 0, ""tackles"": 1, ""disposals"": 18, ""frees_for"": 1, ""handballs"": 9, ""frees_against"": 1}",footywire
a0816faa2b5bb966f17ba0b0,2001,14,St Kilda,Brisbane Lions,Justin Koschitzke,977,unique,true,false,,,"{""goals"": 0, ""kicks"": 7, ""marks"": 6, ""behinds"": 0, ""hitouts"": 0, ""tackles"": 1, ""disposals"": 9, ""frees_for"": 0, ""handballs"": 2, ""frees_against"": 1}",footywire
a08ca2b485c1a81144208da4,1998,19,Adelaide,Port Adelaide,Andrew Eccles,61,unique,false,false,,,"{""goals"": 0, ""kicks"": 16, ""marks"": 8, ""behinds"": 0, ""hitouts"": 1, ""tackles"": 1, ""disposals"": 18, ""frees_for"": 1, ""handballs"": 2, ""frees_against"": 0}",footywire
a0c0b75bfc04761514b4c111,1993,6,Melbourne,Richmond,David Neitz,689,unique,false,false,,,"{""goals"": 6, ""kicks"": 12, ""marks"": 5, ""behinds"": 6, ""hitouts"": 0, ""tackles"": 0, ""disposals"": 14, ""handballs"": 2}",footywire
a0e9bcf445f215fc1809bb28,2004,13,Carlton,Richmond,Karl Norman,1454,unique,false,false,,,"{""goals"": 0, ""kicks"": 10, ""marks"": 3, ""behinds"": 0, ""hitouts"": 2, ""tackles"": 0, ""disposals"": 11, ""frees_for"": 1, ""handballs"": 1, ""frees_against"": 2}",footywire
a1f7b38ce040944046bb6d80,2000,2,Geelong,St Kilda,David Spriggs,611,unique,false,false,,,"{""goals"": 0, ""kicks"": 14, ""marks"": 5, ""behinds"": 1, ""hitouts"": 0, ""tackles"": 1, ""disposals"": 17, ""frees_for"": 2, ""handballs"": 3, ""frees_against"": 1}",footywire
a27b2b2aa3fb782278dbd805,2025,16,West Coast,Collingwood,Clay Hall,13167,unique,false,false,,,"{""goals"": 0, ""kicks"": 10, ""marks"": 4, ""behinds"": 0, ""hitouts"": 0, ""tackles"": 4, ""disposals"": 22, ""frees_for"": 0, ""handballs"": 12, ""supercoach"": 78, ""afl_fantasy"": 79, ""frees_against"": 1}",footywire
a3bbb0fad7a8af86f91b0503,1994,17,Adelaide,West Coast,Matthew Kluzek,7,unique,false,false,,,"{""goals"": 5, ""kicks"": 11, ""marks"": 3, ""behinds"": 2, ""hitouts"": 1, ""tackles"": 1, ""disposals"": 12, ""handballs"": 1}",footywire
a3c7ebf4e9802553f0d4cfbd,2006,10,West Coast,Geelong,Matthew Rosa,4133,resolved,false,false,,,"{""goals"": 1, ""kicks"": 10, ""marks"": 1, ""behinds"": 0, ""hitouts"": 0, ""tackles"": 6, ""disposals"": 18, ""frees_for"": 1, ""handballs"": 8, ""frees_against"": 0}",footywire
a3d504af33f76fcad60524e3,2019,8,Geelong,North Melbourne,Gryan Miers,12689,unique,false,false,,,"{""goals"": 1, ""kicks"": 12, ""marks"": 8, ""behinds"": 3, ""hitouts"": 0, ""tackles"": 2, ""disposals"": 22, ""frees_for"": 0, ""handballs"": 10, ""supercoach"": 80, ""afl_fantasy"": 94, ""frees_against"": 1}",footywire
a43d6016f7fada75a379352e,2013,5,Gold Coast,Greater Western Sydney,Jaeger O Meara,12141,resolved,true,false,,,"{""goals"": 2, ""kicks"": 17, ""marks"": 5, ""behinds"": 3, ""hitouts"": 0, ""tackles"": 4, ""disposals"": 25, ""frees_for"": 2, ""handballs"": 8, ""supercoach"": 119, ""afl_fantasy"": 115, ""frees_against"": 0}",footywire
a4473234d11e0e1f4a3f32a7,1999,10,Adelaide,Essendon,Brett Burton,68,unique,false,false,,,"{""goals"": 0, ""kicks"": 16, ""marks"": 5, ""behinds"": 2, ""hitouts"": 1, ""tackles"": 0, ""disposals"": 19, ""frees_for"": 1, ""handballs"": 3, ""frees_against"": 2}",footywire
a488cd4875946e33c9d4940f,2016,4,Western Bulldogs,Carlton,Caleb Daniel,12373,unique,false,false,,,"{""goals"": 0, ""kicks"": 15, ""marks"": 7, ""behinds"": 0, ""hitouts"": 0, ""tackles"": 3, ""disposals"": 23, ""frees_for"": 2, ""handballs"": 8, ""supercoach"": 67, ""afl_fantasy"": 96, ""frees_against"": 0}",footywire
a4d23a63fd0826ab72caa8bc,1998,20,Carlton,St Kilda,Kris Massie,187,unique,false,false,,,"{""goals"": 0, ""kicks"": 12, ""marks"": 6, ""behinds"": 0, ""hitouts"": 0, ""tackles"": 0, ""disposals"": 17, ""frees_for"": 1, ""handballs"": 5, ""frees_against"": 0}",footywire
a4d32fdc5b8cda667e83fbe6,2014,22,Fremantle,Brisbane Lions,Matthew Taberner,12205,unique,false,false,,,"{""goals"": 1, ""kicks"": 14, ""marks"": 10, ""behinds"": 2, ""hitouts"": 0, ""tackles"": 4, ""disposals"": 22, ""frees_for"": 1, ""handballs"": 8, ""supercoach"": 103, ""afl_fantasy"": 110, ""frees_against"": 1}",footywire
a4fe7d72d9cb6a9aedfc7064,2017,11,Richmond,North Melbourne,Daniel Butler,12490,resolved,false,false,,,"{""goals"": 2, ""kicks"": 9, ""marks"": 4, ""behinds"": 1, ""hitouts"": 0, ""tackles"": 1, ""disposals"": 13, ""frees_for"": 2, ""handballs"": 4, ""supercoach"": 58, ""afl_fantasy"": 63, ""frees_against"": 1}",footywire
a515c7f733f9fb96582cf34f,2021,23,Greater Western Sydney,Carlton,Connor Idun,12750,unique,false,false,,,"{""goals"": 0, ""kicks"": 8, ""marks"": 5, ""behinds"": 0, ""hitouts"": 0, ""tackles"": 0, ""disposals"": 17, ""frees_for"": 0, ""handballs"": 9, ""supercoach"": 63, ""afl_fantasy"": 57, ""frees_against"": 0}",footywire
a65f0ff7342ddbd10785afb9,2013,7,Richmond,Port Adelaide,Nick Vlastuin,12174,unique,false,false,,,"{""goals"": 1, ""kicks"": 14, ""marks"": 11, ""behinds"": 0, ""hitouts"": 0, ""tackles"": 1, ""disposals"": 23, ""frees_for"": 1, ""handballs"": 9, ""supercoach"": 105, ""afl_fantasy"": 101, ""frees_against"": 1}",footywire
a6919dd078cd53cc049124d2,2018,13,St Kilda,Gold Coast,Hunter Clark,12591,unique,false,false,,,"{""goals"": 0, ""kicks"": 9, ""marks"": 6, ""behinds"": 0, ""hitouts"": 0, ""tackles"": 6, ""disposals"": 17, ""frees_for"": 0, ""handballs"": 8, ""supercoach"": 98, ""afl_fantasy"": 82, ""frees_against"": 1}",footywire
a6c14df5227086fbbd2c8a1d,2009,20,Essendon,St Kilda,Michael Hurley,11715,unique,false,false,,,"{""goals"": 1, ""kicks"": 14, ""marks"": 10, ""behinds"": 1, ""hitouts"": 0, ""tackles"": 1, ""disposals"": 20, ""frees_for"": 1, ""handballs"": 6, ""supercoach"": 127, ""afl_fantasy"": 96, ""frees_against"": 0}",footywire
a72fd6bd0324376e3baaac30,2022,15,Port Adelaide,Gold Coast,Lachlan Jones,12882,resolved,false,false,,,"{""goals"": 1, ""kicks"": 7, ""marks"": 2, ""behinds"": 0, ""hitouts"": 0, ""tackles"": 2, ""disposals"": 16, ""frees_for"": 1, ""handballs"": 9, ""supercoach"": 91, ""afl_fantasy"": 60, ""frees_against"": 0}",footywire
a738cf93b3748d80f3f0e99d,2019,5,West Coast,Port Adelaide,Jack Petruccelle,12623,unique,false,false,,,"{""goals"": 5, ""kicks"": 14, ""marks"": 7, ""behinds"": 2, ""hitouts"": 0, ""tackles"": 3, ""disposals"": 18, ""frees_for"": 3, ""handballs"": 4, ""supercoach"": 100, ""afl_fantasy"": 115, ""frees_against"": 1}",footywire
a7aa44d465c77fd69fb64e01,2025,20,Greater Western Sydney,Sydney,Joseph Fonti,13164,resolved,false,false,,,"{""goals"": 0, ""kicks"": 4, ""marks"": 4, ""behinds"": 0, ""hitouts"": 0, ""tackles"": 1, ""disposals"": 14, ""frees_for"": 1, ""handballs"": 10, ""supercoach"": 70, ""afl_fantasy"": 46, ""frees_against"": 1}",footywire
a7e4630f447904bd4f1a5c8f,2002,19,Sydney,Kangaroos,Tadhg Kennelly,1025,unique,false,false,,,"{""goals"": 0, ""kicks"": 8, ""marks"": 2, ""behinds"": 0, ""hitouts"": 0, ""tackles"": 2, ""disposals"": 18, ""frees_for"": 0, ""handballs"": 10, ""frees_against"": 1}",footywire
a95054a371acd4cf64e9fe00,2005,17,Brisbane Lions,Essendon,Anthony Corrie,3952,unique,false,false,,,"{""goals"": 4, ""kicks"": 9, ""marks"": 2, ""behinds"": 2, ""hitouts"": 0, ""tackles"": 2, ""disposals"": 11, ""frees_for"": 1, ""handballs"": 2, ""frees_against"": 2}",footywire
a982be5ca620ec2241e9be4e,2012,22,Port Adelaide,Brisbane Lions,Chad Wingard,12047,unique,false,false,,,"{""goals"": 1, ""kicks"": 16, ""marks"": 5, ""behinds"": 0, ""hitouts"": 1, ""tackles"": 0, ""disposals"": 27, ""frees_for"": 1, ""handballs"": 11, ""supercoach"": 87, ""afl_fantasy"": 90, ""frees_against"": 1}",footywire
aa496fc23c0c3ed3d469687f,2003,18,Sydney,Adelaide,Lewis Roberts Thomson,1453,resolved,false,false,,,"{""goals"": 0, ""kicks"": 7, ""marks"": 4, ""behinds"": 0, ""hitouts"": 8, ""tackles"": 1, ""disposals"": 12, ""frees_for"": 4, ""handballs"": 5, ""frees_against"": 2}",footywire
aa7fabfaa062b0d16f76a864,2008,5,West Coast,Port Adelaide,Benjamin Mckinley,11597,resolved,false,false,,,"{""goals"": 5, ""kicks"": 6, ""marks"": 5, ""behinds"": 0, ""hitouts"": 0, ""tackles"": 2, ""disposals"": 8, ""frees_for"": 1, ""handballs"": 2, ""supercoach"": 94, ""afl_fantasy"": 76, ""frees_against"": 0}",footywire
aac59c85fae87398b72898e1,2024,4,Western Bulldogs,Geelong,Sam Darcy,13021,unique,false,true,Ineligible to win the Rising Star due to suspension.,,"{""goals"": 3, ""kicks"": 10, ""marks"": 3, ""behinds"": 0, ""hitouts"": 8, ""tackles"": 4, ""disposals"": 12, ""frees_for"": 2, ""handballs"": 2, ""supercoach"": 84, ""afl_fantasy"": 81, ""frees_against"": 2}",footywire
ab37de2bd412870448aad3a0,1999,22,St Kilda,West Coast,Lenny Hayes,966,unique,false,false,,,"{""goals"": 0, ""kicks"": 10, ""marks"": 0, ""behinds"": 0, ""hitouts"": 1, ""tackles"": 3, ""disposals"": 19, ""frees_for"": 0, ""handballs"": 9, ""frees_against"": 0}",footywire
ab9e7e6b50bb422fd75c5923,2026,19,Essendon,Greater Western Sydney,Dyson Sharp,13283,unique,false,false,,,"{""goals"": 1, ""kicks"": 10, ""marks"": 3, ""behinds"": 0, ""hitouts"": 0, ""tackles"": 5, ""disposals"": 23, ""frees_for"": 2, ""handballs"": 13, ""supercoach"": 99, ""afl_fantasy"": 90, ""frees_against"": 1}",footywire
abaf552663051868cf8420ce,2023,5,Adelaide,Carlton,Max Michalanney,13027,unique,false,false,,,"{""goals"": 0, ""kicks"": 7, ""marks"": 3, ""behinds"": 0, ""hitouts"": 0, ""tackles"": 4, ""disposals"": 10, ""frees_for"": 1, ""handballs"": 3, ""supercoach"": 60, ""afl_fantasy"": 50, ""frees_against"": 1}",footywire
abecc5bf30be1bde9a7639d8,2026,2,West Coast,North Melbourne,Jobe Shanahan,13247,unique,false,false,,,"{""goals"": 2, ""kicks"": 10, ""marks"": 8, ""behinds"": 0, ""hitouts"": 0, ""tackles"": 0, ""disposals"": 14, ""frees_for"": 0, ""handballs"": 4, ""supercoach"": 77, ""afl_fantasy"": 74, ""frees_against"": 0}",footywire
ac3c2b94f764c50fef9b94fd,2012,3,Richmond,Melbourne,Dylan Grimes,11879,unique,false,false,,,"{""goals"": 0, ""kicks"": 9, ""marks"": 9, ""behinds"": 0, ""hitouts"": 0, ""tackles"": 2, ""disposals"": 18, ""frees_for"": 2, ""handballs"": 9, ""supercoach"": 92, ""afl_fantasy"": 79, ""frees_against"": 1}",footywire
aca574a9ed733bf36db1f6b3,2002,22,Hawthorn,Geelong,Campbell Brown,1156,unique,false,false,,,"{""goals"": 3, ""kicks"": 11, ""marks"": 5, ""behinds"": 0, ""hitouts"": 0, ""tackles"": 1, ""disposals"": 20, ""frees_for"": 1, ""handballs"": 9, ""frees_against"": 1}",footywire
ace2645af4dbcebe89a8c970,1993,10,Richmond,Sydney,Matthew Richardson,870,unique,false,false,,,"{""goals"": 6, ""kicks"": 17, ""marks"": 14, ""behinds"": 3, ""hitouts"": 0, ""tackles"": 0, ""disposals"": 23, ""handballs"": 6}",footywire
ad2f52bedab165d20b7cc4d2,2012,1,Brisbane Lions,Melbourne,Claye Beams,11893,unique,false,false,,,"{""goals"": 0, ""kicks"": 12, ""marks"": 1, ""behinds"": 0, ""hitouts"": 0, ""tackles"": 5, ""disposals"": 25, ""frees_for"": 0, ""handballs"": 13, ""supercoach"": 84, ""afl_fantasy"": 82, ""frees_against"": 1}",footywire
ad7c4a031117767bfe7ce7bc,2014,19,Brisbane Lions,Melbourne,Darcy Gardiner,12267,unique,false,false,,,"{""goals"": 0, ""kicks"": 8, ""marks"": 12, ""behinds"": 0, ""hitouts"": 0, ""tackles"": 0, ""disposals"": 18, ""frees_for"": 0, ""handballs"": 10, ""supercoach"": 88, ""afl_fantasy"": 77, ""frees_against"": 1}",footywire
ad98c9a4f51eb17160c01cdb,2009,11,Collingwood,Melbourne,Brad Dick,11552,unique,false,false,,,"{""goals"": 5, ""kicks"": 11, ""marks"": 5, ""behinds"": 2, ""hitouts"": 0, ""tackles"": 2, ""disposals"": 16, ""frees_for"": 1, ""handballs"": 5, ""supercoach"": 128, ""afl_fantasy"": 96, ""frees_against"": 1}",footywire
ae188122aaa61a1333675848,2005,1,Essendon,Melbourne,Kepler Bradley,3937,unique,false,false,,,"{""goals"": 0, ""kicks"": 15, ""marks"": 10, ""behinds"": 0, ""hitouts"": 1, ""tackles"": 1, ""disposals"": 25, ""frees_for"": 1, ""handballs"": 10, ""frees_against"": 1}",footywire
ae1a836499afb404c9556ed7,2010,15,Brisbane Lions,St Kilda,Jack Redden,11780,unique,false,false,,,"{""goals"": 0, ""kicks"": 10, ""marks"": 6, ""behinds"": 0, ""hitouts"": 0, ""tackles"": 8, ""disposals"": 22, ""frees_for"": 3, ""handballs"": 12, ""supercoach"": 114, ""afl_fantasy"": 107, ""frees_against"": 0}",footywire
ae81cd0f4539ef9e4817ff68,2024,3,Western Bulldogs,West Coast,Harvey Gallagher,13102,unique,false,false,,,"{""goals"": 2, ""kicks"": 12, ""marks"": 7, ""behinds"": 0, ""hitouts"": 0, ""tackles"": 4, ""disposals"": 16, ""frees_for"": 0, ""handballs"": 4, ""supercoach"": 89, ""afl_fantasy"": 90, ""frees_against"": 1}",footywire
aecbcc7112db1b3e46e66f4d,2012,4,Western Bulldogs,Melbourne,Mitchell Wallis,11934,resolved,false,false,,,"{""goals"": 1, ""kicks"": 8, ""marks"": 0, ""behinds"": 1, ""hitouts"": 0, ""tackles"": 7, ""disposals"": 22, ""frees_for"": 2, ""handballs"": 14, ""supercoach"": 105, ""afl_fantasy"": 89, ""frees_against"": 0}",footywire
aedb0249024d9c6977dd1c4c,2003,12,Carlton,Richmond,Bradley Fisher,1433,resolved,false,false,,,"{""goals"": 2, ""kicks"": 11, ""marks"": 9, ""behinds"": 1, ""hitouts"": 0, ""tackles"": 0, ""disposals"": 17, ""frees_for"": 1, ""handballs"": 6, ""frees_against"": 1}",footywire
af80d5bbf2cf3bf7ce2fc591,1996,19,Essendon,Adelaide,Matthew Lloyd,336,resolved,false,false,,,"{""goals"": 7, ""kicks"": 18, ""marks"": 13, ""behinds"": 1, ""hitouts"": 0, ""tackles"": 1, ""disposals"": 30, ""handballs"": 12}",footywire
b0598e326f282db963fcf4ae,2019,4,Carlton,Gold Coast,Sam Walsh,12684,unique,true,false,,,"{""goals"": 1, ""kicks"": 14, ""marks"": 6, ""behinds"": 0, ""hitouts"": 0, ""tackles"": 6, ""disposals"": 28, ""frees_for"": 1, ""handballs"": 14, ""supercoach"": 123, ""afl_fantasy"": 119, ""frees_against"": 0}",footywire
b0e11ff47b12fb0f23a118f3,2010,13,Brisbane Lions,Richmond,Tom Rockliff,11787,unique,false,false,,,"{""goals"": 1, ""kicks"": 12, ""marks"": 6, ""behinds"": 1, ""hitouts"": 0, ""tackles"": 2, ""disposals"": 26, ""frees_for"": 1, ""handballs"": 14, ""supercoach"": 106, ""afl_fantasy"": 98, ""frees_against"": 0}",footywire
b1a886fb40dcb0999f75e041,2002,11,Western Bulldogs,Fremantle,Ryan Hargrave,1113,unique,false,false,,,"{""goals"": 2, ""kicks"": 9, ""marks"": 5, ""behinds"": 2, ""hitouts"": 0, ""tackles"": 3, ""disposals"": 14, ""frees_for"": 0, ""handballs"": 5, ""frees_against"": 0}",footywire
b1d5f6fee0049c8b2adddf2c,2014,20,Western Bulldogs,St Kilda,Jake Stringer,12167,unique,false,false,,,"{""goals"": 4, ""kicks"": 13, ""marks"": 3, ""behinds"": 1, ""hitouts"": 0, ""tackles"": 1, ""disposals"": 16, ""frees_for"": 1, ""handballs"": 3, ""supercoach"": 129, ""afl_fantasy"": 81, ""frees_against"": 1}",footywire
b1e053a09afc21fbdbf73399,1995,4,Hawthorn,St Kilda,Nick Holland,637,unique,true,false,,,"{""goals"": 0, ""kicks"": 15, ""marks"": 12, ""behinds"": 1, ""hitouts"": 2, ""tackles"": 0, ""disposals"": 19, ""handballs"": 4}",footywire
b1e8ed5458df7df930fe5ec0,2019,15,Geelong,Adelaide,Jordan Clark,12688,unique,false,false,,,"{""goals"": 1, ""kicks"": 12, ""marks"": 6, ""behinds"": 1, ""hitouts"": 0, ""tackles"": 3, ""disposals"": 23, ""frees_for"": 1, ""handballs"": 11, ""supercoach"": 87, ""afl_fantasy"": 96, ""frees_against"": 0}",footywire
b247bbb7850ce0df18fb8742,2002,17,Hawthorn,Brisbane Lions,Nick Ries,1129,unique,false,false,,,"{""goals"": 0, ""kicks"": 11, ""marks"": 4, ""behinds"": 1, ""hitouts"": 0, ""tackles"": 3, ""disposals"": 22, ""frees_for"": 0, ""handballs"": 11, ""frees_against"": 0}",footywire
b26060c2060bd2b7ffebf673,2023,11,Fremantle,Melbourne,Jye Amiss,12983,unique,false,false,,,"{""goals"": 3, ""kicks"": 9, ""marks"": 1, ""behinds"": 0, ""hitouts"": 0, ""tackles"": 3, ""disposals"": 14, ""frees_for"": 3, ""handballs"": 5, ""supercoach"": 95, ""afl_fantasy"": 70, ""frees_against"": 1}",footywire
b26cfe372b8d1d3a5199a549,2009,21,Fremantle,Essendon,Nicholas Suban,11717,resolved,false,false,,,"{""goals"": 2, ""kicks"": 16, ""marks"": 2, ""behinds"": 1, ""hitouts"": 0, ""tackles"": 4, ""disposals"": 25, ""frees_for"": 1, ""handballs"": 9, ""supercoach"": 99, ""afl_fantasy"": 96, ""frees_against"": 2}",footywire
b274cc4755206d9a99cfdba2,1996,14,Fremantle,St Kilda,Kingsley Hunter,464,unique,false,false,,,"{""goals"": 3, ""kicks"": 11, ""marks"": 8, ""behinds"": 3, ""hitouts"": 0, ""tackles"": 0, ""disposals"": 12, ""handballs"": 1}",footywire
b2948f0693eebeb040c472a2,2011,2,West Coast,Port Adelaide,Luke Shuey,11805,unique,false,false,,,"{""goals"": 3, ""kicks"": 17, ""marks"": 2, ""behinds"": 2, ""hitouts"": 0, ""tackles"": 1, ""disposals"": 27, ""frees_for"": 2, ""handballs"": 10, ""supercoach"": 146, ""afl_fantasy"": 100, ""frees_against"": 1}",footywire
b2c0df721d9ff41c99227e52,2004,5,Carlton,West Coast,Andrew Walker,3969,unique,false,false,,,"{""goals"": 0, ""kicks"": 19, ""marks"": 9, ""behinds"": 0, ""hitouts"": 0, ""tackles"": 4, ""disposals"": 26, ""frees_for"": 0, ""handballs"": 7, ""frees_against"": 1}",footywire
b30cb576f452b17deacff8e2,2016,9,Melbourne,Brisbane Lions,Christian Petracca,12430,unique,false,false,,,"{""goals"": 0, ""kicks"": 10, ""marks"": 6, ""behinds"": 4, ""hitouts"": 3, ""tackles"": 7, ""disposals"": 21, ""frees_for"": 1, ""handballs"": 11, ""supercoach"": 105, ""afl_fantasy"": 106, ""frees_against"": 0}",footywire
b32fbeced79a851c5e52323c,2026,8,Port Adelaide,Adelaide,Jack Whitlock,13259,unique,false,false,,,"{""goals"": 1, ""kicks"": 7, ""marks"": 4, ""behinds"": 1, ""hitouts"": 0, ""tackles"": 0, ""disposals"": 14, ""frees_for"": 0, ""handballs"": 7, ""supercoach"": 64, ""afl_fantasy"": 54, ""frees_against"": 0}",footywire
b37dc29dc69e4f822287b49e,2000,18,Geelong,Adelaide,Matthew Scarlett,604,unique,false,false,,,"{""goals"": 1, ""kicks"": 5, ""marks"": 2, ""behinds"": 0, ""hitouts"": 0, ""tackles"": 5, ""disposals"": 7, ""frees_for"": 1, ""handballs"": 2, ""frees_against"": 0}",footywire
b3a8645758a0c24c1fa26426,1997,17,Hawthorn,Fremantle,Brad Scott,657,unique,false,false,,,"{""goals"": 0, ""kicks"": 19, ""marks"": 7, ""behinds"": 0, ""hitouts"": 0, ""tackles"": 2, ""disposals"": 25, ""handballs"": 6}",footywire
b3dd74f281b2c00884c35e3e,2009,13,Essendon,Carlton,Tayte Pears,11648,unique,false,false,,,"{""goals"": 0, ""kicks"": 9, ""marks"": 4, ""behinds"": 0, ""hitouts"": 0, ""tackles"": 0, ""disposals"": 21, ""frees_for"": 0, ""handballs"": 12, ""supercoach"": 100, ""afl_fantasy"": 60, ""frees_against"": 1}",footywire
b3e8bfc1407c14f3105527c7,2015,1,Richmond,Carlton,Kamdyn Mcintosh,12317,unique,false,false,,,"{""goals"": 1, ""kicks"": 14, ""marks"": 9, ""behinds"": 2, ""hitouts"": 0, ""tackles"": 2, ""disposals"": 23, ""frees_for"": 1, ""handballs"": 9, ""supercoach"": 120, ""afl_fantasy"": 101, ""frees_against"": 1}",footywire
b400ef3f913e1b3926d51396,2002,9,Western Bulldogs,Geelong,Shane Birss,1123,unique,false,false,,,"{""goals"": 0, ""kicks"": 13, ""marks"": 6, ""behinds"": 1, ""hitouts"": 0, ""tackles"": 3, ""disposals"": 21, ""frees_for"": 1, ""handballs"": 8, ""frees_against"": 1}",footywire
b54d0eb6397cc8482625db97,2023,13,North Melbourne,Greater Western Sydney,George Wardlaw,13064,unique,false,false,,,"{""goals"": 1, ""kicks"": 9, ""marks"": 2, ""behinds"": 0, ""hitouts"": 0, ""tackles"": 9, ""disposals"": 22, ""frees_for"": 2, ""handballs"": 13, ""supercoach"": 94, ""afl_fantasy"": 97, ""frees_against"": 2}",footywire
b5b9e3641fc8e17a6d521c4d,2011,14,Gold Coast,Western Bulldogs,David Swallow,11919,unique,false,false,,,"{""goals"": 2, ""kicks"": 13, ""marks"": 5, ""behinds"": 1, ""hitouts"": 0, ""tackles"": 4, ""disposals"": 21, ""frees_for"": 1, ""handballs"": 8, ""supercoach"": 89, ""afl_fantasy"": 100, ""frees_against"": 0}",footywire
b5c9cc7d1ed44ce6467883a6,2004,3,Melbourne,Western Bulldogs,Jared Rivers,2309,unique,true,false,,,"{""goals"": 0, ""kicks"": 8, ""marks"": 6, ""behinds"": 0, ""hitouts"": 0, ""tackles"": 1, ""disposals"": 14, ""frees_for"": 2, ""handballs"": 6, ""frees_against"": 0}",footywire
b5f98fd7deaec848d58cba6a,2014,17,Western Bulldogs,Gold Coast,Nathan Hrovat,12190,unique,false,false,,,"{""goals"": 1, ""kicks"": 17, ""marks"": 5, ""behinds"": 2, ""hitouts"": 0, ""tackles"": 4, ""disposals"": 27, ""frees_for"": 0, ""handballs"": 10, ""supercoach"": 102, ""afl_fantasy"": 110, ""frees_against"": 0}",footywire
b625d8398dcaf7cc84db4f6e,2011,6,West Coast,Melbourne,Jack Darling,11905,unique,false,false,,,"{""goals"": 3, ""kicks"": 9, ""marks"": 9, ""behinds"": 0, ""hitouts"": 0, ""tackles"": 4, ""disposals"": 14, ""frees_for"": 0, ""handballs"": 5, ""supercoach"": 100, ""afl_fantasy"": 98, ""frees_against"": 0}",footywire
b6d75d3f535ed6316da13af8,2025,18,Richmond,Essendon,Luke Trainor,13191,resolved,false,false,,,"{""goals"": 0, ""kicks"": 11, ""marks"": 5, ""behinds"": 2, ""hitouts"": 0, ""tackles"": 5, ""disposals"": 16, ""frees_for"": 2, ""handballs"": 5, ""supercoach"": 75, ""afl_fantasy"": 76, ""frees_against"": 2}",footywire
b7d9caf04cf2662324db3ab3,2024,21,North Melbourne,Richmond,Jackson Archer,13004,unique,false,false,,,"{""goals"": 0, ""kicks"": 13, ""marks"": 8, ""behinds"": 0, ""hitouts"": 0, ""tackles"": 5, ""disposals"": 20, ""frees_for"": 1, ""handballs"": 7, ""supercoach"": 79, ""afl_fantasy"": 98, ""frees_against"": 0}",footywire
b8a65f883a1868e263061308,2013,8,Western Bulldogs,Gold Coast,Jackson Macrae,12166,resolved,false,false,,,"{""goals"": 0, ""kicks"": 13, ""marks"": 5, ""behinds"": 0, ""hitouts"": 0, ""tackles"": 4, ""disposals"": 26, ""frees_for"": 1, ""handballs"": 13, ""supercoach"": 101, ""afl_fantasy"": 97, ""frees_against"": 0}",footywire
b8c247234caa8daffb9311ce,2010,8,Essendon,St Kilda,Jake Melksham,11820,unique,false,false,,,"{""goals"": 1, ""kicks"": 8, ""marks"": 3, ""behinds"": 1, ""hitouts"": 0, ""tackles"": 3, ""disposals"": 14, ""frees_for"": 1, ""handballs"": 6, ""supercoach"": 75, ""afl_fantasy"": 65, ""frees_against"": 0}",footywire
b9040262baa9caaa8796b009,2025,23,Greater Western Sydney,Gold Coast,Harry Rowston,13045,unique,false,false,,,"{""goals"": 4, ""kicks"": 9, ""marks"": 6, ""behinds"": 0, ""hitouts"": 0, ""tackles"": 4, ""disposals"": 12, ""frees_for"": 0, ""handballs"": 3, ""supercoach"": 111, ""afl_fantasy"": 91, ""frees_against"": 0}",footywire
b943087a3165a20dc821f0e3,2019,14,Sydney,Hawthorn,Nick Blakey,12699,unique,false,false,,,"{""goals"": 2, ""kicks"": 9, ""marks"": 7, ""behinds"": 0, ""hitouts"": 0, ""tackles"": 1, ""disposals"": 11, ""frees_for"": 2, ""handballs"": 2, ""supercoach"": 76, ""afl_fantasy"": 70, ""frees_against"": 0}",footywire
b967b929a010cf3599a76fd3,1996,12,West Coast,St Kilda,Ben Cousins,1051,unique,true,false,,,"{""goals"": 5, ""kicks"": 11, ""marks"": 2, ""behinds"": 1, ""hitouts"": 0, ""tackles"": 2, ""disposals"": 16, ""handballs"": 5}",footywire
ba6e7768836834328bf659d2,2022,21,Gold Coast,Hawthorn,Elijah Hollands,13016,unique,false,false,,,"{""goals"": 2, ""kicks"": 18, ""marks"": 9, ""behinds"": 0, ""hitouts"": 0, ""tackles"": 3, ""disposals"": 23, ""frees_for"": 3, ""handballs"": 5, ""supercoach"": 116, ""afl_fantasy"": 118, ""frees_against"": 0}",footywire
baba99949e5fdfb1d11ed209,2002,12,Geelong,Sydney,James Kelly,1141,unique,false,false,,,"{""goals"": 0, ""kicks"": 13, ""marks"": 4, ""behinds"": 0, ""hitouts"": 0, ""tackles"": 1, ""disposals"": 22, ""frees_for"": 1, ""handballs"": 9, ""frees_against"": 2}",footywire
babfde53932329b4ea1dab30,1998,9,Port Adelaide,Collingwood,Nick Stevens,842,unique,false,false,,,"{""goals"": 1, ""kicks"": 17, ""marks"": 7, ""behinds"": 0, ""hitouts"": 0, ""tackles"": 2, ""disposals"": 26, ""frees_for"": 2, ""handballs"": 9, ""frees_against"": 0}",footywire
bace68f679b58859112932ea,2023,12,Melbourne,Carlton,Jacob Van Rooyen,13048,unique,false,false,,,"{""goals"": 1, ""kicks"": 8, ""marks"": 7, ""behinds"": 0, ""hitouts"": 2, ""tackles"": 2, ""disposals"": 16, ""frees_for"": 0, ""handballs"": 8, ""supercoach"": 106, ""afl_fantasy"": 77, ""frees_against"": 0}",footywire
bb7f95748d548ef6940cc3e3,2022,14,Essendon,St Kilda,Ben Hobbs,12970,unique,false,false,,,"{""goals"": 0, ""kicks"": 11, ""marks"": 5, ""behinds"": 3, ""hitouts"": 0, ""tackles"": 2, ""disposals"": 22, ""frees_for"": 0, ""handballs"": 11, ""supercoach"": 68, ""afl_fantasy"": 78, ""frees_against"": 1}",footywire
bd8a3bb0a5caee8c7c84d3b2,2017,14,Brisbane Lions,Greater Western Sydney,Hugh Mccluggage,12518,unique,false,false,,,"{""goals"": 0, ""kicks"": 13, ""marks"": 8, ""behinds"": 2, ""hitouts"": 0, ""tackles"": 2, ""disposals"": 19, ""frees_for"": 1, ""handballs"": 6, ""supercoach"": 77, ""afl_fantasy"": 86, ""frees_against"": 0}",footywire
bec423d1c18c33cb491f0361,1995,10,Fremantle,St Kilda,Shaun Mcmanus,504,unique,false,false,,,"{""goals"": 1, ""kicks"": 16, ""marks"": 4, ""behinds"": 0, ""hitouts"": 0, ""tackles"": 3, ""disposals"": 22, ""handballs"": 6}",footywire
bece3846607b030cdd5a0e1f,2007,5,Geelong,Kangaroos,Joel Selwood,11538,unique,true,false,,,"{""goals"": 0, ""kicks"": 12, ""marks"": 6, ""behinds"": 0, ""hitouts"": 0, ""tackles"": 9, ""disposals"": 25, ""frees_for"": 3, ""handballs"": 13, ""supercoach"": 113, ""afl_fantasy"": 119, ""frees_against"": 0}",footywire
bef0e4ddaa2cde7305d94ec9,2004,1,Melbourne,Hawthorn,Aaron Davey,3943,unique,false,false,,,"{""goals"": 1, ""kicks"": 10, ""marks"": 3, ""behinds"": 2, ""hitouts"": 0, ""tackles"": 4, ""disposals"": 13, ""frees_for"": 1, ""handballs"": 3, ""frees_against"": 0}",footywire
bf1ab3ed103cbfda61b7913f,1995,5,Richmond,Fitzroy,David Bourke,876,unique,false,false,,,"{""goals"": 0, ""kicks"": 11, ""marks"": 5, ""behinds"": 0, ""hitouts"": 1, ""tackles"": 3, ""disposals"": 14, ""handballs"": 3}",footywire
bf7b6ff8a69f992cf5399458,2003,11,Kangaroos,Richmond,Daniel Wells,1427,unique,false,false,,,"{""goals"": 0, ""kicks"": 6, ""marks"": 5, ""behinds"": 0, ""hitouts"": 0, ""tackles"": 3, ""disposals"": 8, ""frees_for"": 1, ""handballs"": 2, ""frees_against"": 0}",footywire
bfd17500d59f8f42ed417930,1996,5,North Melbourne,Adelaide,Adam Simpson,780,unique,false,false,,,"{""goals"": 3, ""kicks"": 11, ""marks"": 3, ""behinds"": 0, ""hitouts"": 0, ""tackles"": 0, ""disposals"": 16, ""handballs"": 5}",footywire
bff8acff441934642e94263e,2025,21,Gold Coast,Richmond,Ethan Read,13121,unique,false,false,,,"{""goals"": 2, ""kicks"": 9, ""marks"": 9, ""behinds"": 2, ""hitouts"": 5, ""tackles"": 2, ""disposals"": 13, ""frees_for"": 0, ""handballs"": 4, ""supercoach"": 91, ""afl_fantasy"": 89, ""frees_against"": 0}",footywire
c081726db11aca0ad64fad48,2002,20,Richmond,Hawthorn,Ty Zantuck,909,unique,false,false,,,"{""goals"": 1, ""kicks"": 13, ""marks"": 6, ""behinds"": 0, ""hitouts"": 0, ""tackles"": 0, ""disposals"": 16, ""frees_for"": 0, ""handballs"": 3, ""frees_against"": 1}",footywire
c0da1e12603d99ffe732dd1a,2008,4,Sydney,West Coast,Kieran Jack,11546,resolved,false,false,,,"{""goals"": 1, ""kicks"": 7, ""marks"": 1, ""behinds"": 1, ""hitouts"": 0, ""tackles"": 9, ""disposals"": 14, ""frees_for"": 0, ""handballs"": 7, ""supercoach"": 76, ""afl_fantasy"": 75, ""frees_against"": 2}",footywire
c122944d5905cbb8643a2ada,2020,15,Sydney,Melbourne,Justin Mcinerney,12711,unique,false,false,,,"{""goals"": 2, ""kicks"": 7, ""marks"": 5, ""behinds"": 0, ""hitouts"": 0, ""tackles"": 1, ""disposals"": 14, ""frees_for"": 1, ""handballs"": 7, ""supercoach"": 120, ""afl_fantasy"": 64, ""frees_against"": 1}",footywire
c1a09c1d75f289336f7c4239,2026,4,North Melbourne,Carlton,Cooper Trembath,13263,unique,false,false,,,"{""goals"": 3, ""kicks"": 7, ""marks"": 6, ""behinds"": 0, ""hitouts"": 11, ""tackles"": 4, ""disposals"": 11, ""frees_for"": 1, ""handballs"": 4, ""supercoach"": 94, ""afl_fantasy"": 93, ""frees_against"": 0}",footywire
c1d1da88647f332faff8d8a8,2025,6,Fremantle,Melbourne,Murphy Reid,13180,unique,true,false,,,"{""goals"": 1, ""kicks"": 14, ""marks"": 3, ""behinds"": 2, ""hitouts"": 0, ""tackles"": 2, ""disposals"": 17, ""frees_for"": 1, ""handballs"": 3, ""supercoach"": 82, ""afl_fantasy"": 74, ""frees_against"": 0}",footywire
c28d502baaad30beed868d42,2026,16,Brisbane Lions,Sydney,Ty Gallop,13235,unique,false,true,Ineligible to win the Rising Star due to suspension.,,"{""goals"": 0, ""kicks"": 13, ""marks"": 5, ""behinds"": 0, ""hitouts"": 0, ""tackles"": 6, ""disposals"": 14, ""frees_for"": 0, ""handballs"": 1, ""supercoach"": 79, ""afl_fantasy"": 77, ""frees_against"": 1}",footywire
c2daa2c8e10bfde7cfb59f34,2002,4,Geelong,St Kilda,James Bartel,1106,resolved,false,false,,,"{""goals"": 0, ""kicks"": 10, ""marks"": 5, ""behinds"": 2, ""hitouts"": 0, ""tackles"": 4, ""disposals"": 21, ""frees_for"": 3, ""handballs"": 11, ""frees_against"": 2}",footywire
c31a2971812791cefddda012,2001,3,West Coast,St Kilda,Daniel Kerr,1077,unique,false,false,,,"{""goals"": 0, ""kicks"": 4, ""marks"": 1, ""behinds"": 0, ""hitouts"": 0, ""tackles"": 5, ""disposals"": 11, ""frees_for"": 0, ""handballs"": 7, ""frees_against"": 0}",footywire
c3baa0c790e7df1ab9969999,2004,14,Richmond,Brisbane Lions,Jay Schulz,1451,unique,false,false,,,"{""goals"": 6, ""kicks"": 8, ""marks"": 8, ""behinds"": 1, ""hitouts"": 0, ""tackles"": 1, ""disposals"": 10, ""frees_for"": 0, ""handballs"": 2, ""frees_against"": 1}",footywire
c41e9b27184851c6c26bf77d,1993,22,Geelong,West Coast,Leigh Colbert,557,unique,false,false,,,"{""goals"": 0, ""kicks"": 8, ""marks"": 5, ""behinds"": 0, ""hitouts"": 0, ""tackles"": 2, ""disposals"": 19, ""handballs"": 11}",footywire
c47a673c1149d49ecfd19364,2010,6,Brisbane Lions,Sydney,Todd Banfield,11806,unique,false,false,,,"{""goals"": 3, ""kicks"": 10, ""marks"": 4, ""behinds"": 2, ""hitouts"": 0, ""tackles"": 5, ""disposals"": 15, ""frees_for"": 1, ""handballs"": 5, ""supercoach"": 101, ""afl_fantasy"": 90, ""frees_against"": 1}",footywire
c4bf7d02b2c8e43446624fa2,2006,18,Melbourne,Carlton,Matthew Bate,4160,unique,false,false,,,"{""goals"": 1, ""kicks"": 16, ""marks"": 9, ""behinds"": 1, ""hitouts"": 0, ""tackles"": 2, ""disposals"": 28, ""frees_for"": 1, ""handballs"": 12, ""frees_against"": 0}",footywire
c5494245b4a5fbf3799cceb6,2022,13,Fremantle,Hawthorn,Brandon Walker,12914,unique,false,false,,,"{""goals"": 1, ""kicks"": 8, ""marks"": 2, ""behinds"": 0, ""hitouts"": 0, ""tackles"": 6, ""disposals"": 16, ""frees_for"": 3, ""handballs"": 8, ""supercoach"": 75, ""afl_fantasy"": 70, ""frees_against"": 3}",footywire
c60494411e51d2a0f32f25c0,2023,8,St Kilda,North Melbourne,Mattaes Phillipou,13036,unique,false,false,,,"{""goals"": 0, ""kicks"": 5, ""marks"": 6, ""behinds"": 1, ""hitouts"": 0, ""tackles"": 4, ""disposals"": 13, ""frees_for"": 0, ""handballs"": 8, ""supercoach"": 56, ""afl_fantasy"": 66, ""frees_against"": 0}",footywire
c625c36dea5e8a70c8c8c2f5,2010,18,Essendon,St Kilda,Michael Hurley,11715,unique,false,false,,,"{""goals"": 0, ""kicks"": 18, ""marks"": 13, ""behinds"": 0, ""hitouts"": 0, ""tackles"": 1, ""disposals"": 30, ""frees_for"": 0, ""handballs"": 12, ""supercoach"": 100, ""afl_fantasy"": 118, ""frees_against"": 1}",footywire
c6e8afedc158ff748c040695,2008,6,Hawthorn,Richmond,Cyril Rioli,11632,unique,false,false,,,"{""goals"": 2, ""kicks"": 7, ""marks"": 7, ""behinds"": 0, ""hitouts"": 0, ""tackles"": 3, ""disposals"": 19, ""frees_for"": 0, ""handballs"": 12, ""supercoach"": 107, ""afl_fantasy"": 87, ""frees_against"": 1}",footywire
c756936e900b074d9411fde4,2006,12,Hawthorn,Richmond,Clinton Young,4131,unique,false,false,,,"{""goals"": 0, ""kicks"": 21, ""marks"": 13, ""behinds"": 0, ""hitouts"": 0, ""tackles"": 0, ""disposals"": 24, ""frees_for"": 1, ""handballs"": 3, ""frees_against"": 2}",footywire
c7aebc53a808c0fc54e852c6,2014,10,Gold Coast,Western Bulldogs,Kade Kolodjashnij,12256,unique,false,false,,,"{""goals"": 0, ""kicks"": 12, ""marks"": 4, ""behinds"": 0, ""hitouts"": 0, ""tackles"": 2, ""disposals"": 21, ""frees_for"": 0, ""handballs"": 9, ""supercoach"": 96, ""afl_fantasy"": 74, ""frees_against"": 0}",footywire
c7d7e07582aeb5009232c05b,1995,20,Adelaide,Sydney,Andrew Mcleod,30,unique,false,false,,,"{""goals"": 2, ""kicks"": 10, ""marks"": 4, ""behinds"": 2, ""hitouts"": 0, ""tackles"": 0, ""disposals"": 10, ""handballs"": 0}",footywire
c85a377b0c006bbc648d7190,2007,18,Western Bulldogs,St Kilda,Tom Williams,11556,resolved,false,false,,,"{""goals"": 0, ""kicks"": 12, ""marks"": 12, ""behinds"": 0, ""hitouts"": 0, ""tackles"": 2, ""disposals"": 18, ""frees_for"": 2, ""handballs"": 6, ""supercoach"": 99, ""afl_fantasy"": 91, ""frees_against"": 1}",footywire
c870a25ad906f29c4a45c2e1,2010,11,Melbourne,Carlton,Jordan Gysberts,11849,unique,false,false,,,"{""goals"": 0, ""kicks"": 10, ""marks"": 4, ""behinds"": 0, ""hitouts"": 1, ""tackles"": 0, ""disposals"": 27, ""frees_for"": 1, ""handballs"": 17, ""supercoach"": 84, ""afl_fantasy"": 78, ""frees_against"": 0}",footywire
c8d64d4c493caef2029b6640,2020,14,Greater Western Sydney,Fremantle,Jake Riccardi,12834,unique,false,false,,,"{""goals"": 4, ""kicks"": 10, ""marks"": 9, ""behinds"": 1, ""hitouts"": 0, ""tackles"": 0, ""disposals"": 12, ""frees_for"": 0, ""handballs"": 2, ""supercoach"": 94, ""afl_fantasy"": 83, ""frees_against"": 1}",footywire
c9bbd0638f903a78accfaafa,2014,12,Essendon,Greater Western Sydney,Joe Daniher,12199,unique,false,false,,,"{""goals"": 3, ""kicks"": 9, ""marks"": 9, ""behinds"": 4, ""hitouts"": 0, ""tackles"": 0, ""disposals"": 15, ""frees_for"": 1, ""handballs"": 6, ""supercoach"": 103, ""afl_fantasy"": 89, ""frees_against"": 0}",footywire
c9ec79fd1c31d961d5b1d732,2006,21,Kangaroos,Hawthorn,Bradley Moran,3203,resolved,false,false,,,"{""goals"": 0, ""kicks"": 13, ""marks"": 10, ""behinds"": 0, ""hitouts"": 10, ""tackles"": 3, ""disposals"": 21, ""frees_for"": 1, ""handballs"": 8, ""frees_against"": 1}",footywire
ca147c75721faca65d75eb1f,1998,14,Melbourne,West Coast,Russell Robertson,731,unique,false,false,,,"{""goals"": 4, ""kicks"": 13, ""marks"": 6, ""behinds"": 1, ""hitouts"": 0, ""tackles"": 0, ""disposals"": 20, ""frees_for"": 0, ""handballs"": 7, ""frees_against"": 0}",footywire
ca7db6d4a647ffae09635275,2021,12,Essendon,Richmond,Nikolas Cox,12852,resolved,false,false,,,"{""goals"": 1, ""kicks"": 14, ""marks"": 8, ""behinds"": 1, ""hitouts"": 2, ""tackles"": 2, ""disposals"": 23, ""frees_for"": 3, ""handballs"": 9, ""supercoach"": 95, ""afl_fantasy"": 104, ""frees_against"": 0}",footywire
cb6b3ff7e01a64a473d9fc27,2005,12,Brisbane Lions,Carlton,Jed Adcock,3976,unique,false,false,,,"{""goals"": 0, ""kicks"": 15, ""marks"": 5, ""behinds"": 0, ""hitouts"": 0, ""tackles"": 2, ""disposals"": 22, ""frees_for"": 0, ""handballs"": 7, ""frees_against"": 0}",footywire
cc44d727436479365e2c396d,2021,13,Adelaide,St Kilda,Riley Thilthorpe,12892,unique,false,false,,,"{""goals"": 3, ""kicks"": 12, ""marks"": 2, ""behinds"": 0, ""hitouts"": 1, ""tackles"": 1, ""disposals"": 16, ""frees_for"": 4, ""handballs"": 4, ""supercoach"": 110, ""afl_fantasy"": 68, ""frees_against"": 3}",footywire
cc6897ef587639c5ae1cc763,2000,3,Collingwood,Carlton,Damien Adkins,283,unique,false,false,,,"{""goals"": 2, ""kicks"": 12, ""marks"": 6, ""behinds"": 1, ""hitouts"": 0, ""tackles"": 1, ""disposals"": 19, ""frees_for"": 1, ""handballs"": 7, ""frees_against"": 1}",footywire
cc7ca88b87d541f8ebbcce12,2001,18,Richmond,Collingwood,Aaron Fiora,911,unique,false,false,,,"{""goals"": 0, ""kicks"": 9, ""marks"": 4, ""behinds"": 1, ""hitouts"": 0, ""tackles"": 1, ""disposals"": 13, ""frees_for"": 1, ""handballs"": 4, ""frees_against"": 0}",footywire
cc996508ae01d1da37f6fa9b,2000,20,Carlton,Essendon,Ryan Houlihan,201,unique,false,false,,,"{""goals"": 1, ""kicks"": 9, ""marks"": 4, ""behinds"": 1, ""hitouts"": 0, ""tackles"": 1, ""disposals"": 20, ""frees_for"": 1, ""handballs"": 11, ""frees_against"": 1}",footywire
cd070be1ac2d7f1fb543e7c9,2018,23,Western Bulldogs,Richmond,Aaron Naughton,12594,unique,false,false,,,"{""goals"": 0, ""kicks"": 12, ""marks"": 9, ""behinds"": 0, ""hitouts"": 0, ""tackles"": 1, ""disposals"": 18, ""frees_for"": 1, ""handballs"": 6, ""supercoach"": 96, ""afl_fantasy"": 77, ""frees_against"": 1}",footywire
cd0a339e1fafce64caf69e17,2018,8,Sydney,Hawthorn,Ben Ronke,12616,unique,false,false,,,"{""goals"": 7, ""kicks"": 9, ""marks"": 2, ""behinds"": 0, ""hitouts"": 0, ""tackles"": 10, ""disposals"": 11, ""frees_for"": 2, ""handballs"": 2, ""supercoach"": 120, ""afl_fantasy"": 121, ""frees_against"": 0}",footywire
cd859fd076a611014b794da5,2001,5,St Kilda,Carlton,Caydn Beetham,973,unique,false,false,,,"{""goals"": 0, ""kicks"": 15, ""marks"": 8, ""behinds"": 0, ""hitouts"": 0, ""tackles"": 1, ""disposals"": 23, ""frees_for"": 0, ""handballs"": 8, ""frees_against"": 1}",footywire
cdcdc39916583ab42069aa6f,1999,18,Collingwood,West Coast,Paul Licuria,275,unique,false,false,,,"{""goals"": 0, ""kicks"": 16, ""marks"": 4, ""behinds"": 0, ""hitouts"": 0, ""tackles"": 1, ""disposals"": 28, ""frees_for"": 0, ""handballs"": 12, ""frees_against"": 3}",footywire
ce318c1ede326643f22a24ef,2013,4,Geelong,Sydney,George Horlin Smith,12053,resolved,false,false,,,"{""goals"": 1, ""kicks"": 10, ""marks"": 1, ""behinds"": 0, ""hitouts"": 0, ""tackles"": 2, ""disposals"": 23, ""frees_for"": 2, ""handballs"": 13, ""supercoach"": 105, ""afl_fantasy"": 69, ""frees_against"": 2}",footywire
ce37de2969dd7a8703963b01,1997,4,Port Adelaide,Adelaide,Michael Wilson,820,unique,true,false,,,"{""goals"": 1, ""kicks"": 19, ""marks"": 7, ""behinds"": 0, ""hitouts"": 1, ""tackles"": 6, ""disposals"": 25, ""handballs"": 6}",footywire
ce407601c4f0c54b4b3d7076,2023,7,Greater Western Sydney,Sydney,Finn Callaghan,12969,unique,false,false,,,"{""goals"": 0, ""kicks"": 11, ""marks"": 10, ""behinds"": 0, ""hitouts"": 0, ""tackles"": 1, ""disposals"": 26, ""frees_for"": 1, ""handballs"": 15, ""supercoach"": 88, ""afl_fantasy"": 98, ""frees_against"": 0}",footywire
ce41e6b9ebc6639befdf1c82,2019,19,Gold Coast,Essendon,Ben King,12728,unique,false,false,,,"{""goals"": 4, ""kicks"": 7, ""marks"": 5, ""behinds"": 0, ""hitouts"": 0, ""tackles"": 0, ""disposals"": 9, ""frees_for"": 1, ""handballs"": 2, ""supercoach"": 97, ""afl_fantasy"": 65, ""frees_against"": 0}",footywire
cec668240c53d60c5304c12c,2014,14,St Kilda,West Coast,Jack Billings,12249,unique,false,false,,,"{""goals"": 3, ""kicks"": 17, ""marks"": 8, ""behinds"": 0, ""hitouts"": 0, ""tackles"": 2, ""disposals"": 25, ""frees_for"": 2, ""handballs"": 8, ""supercoach"": 132, ""afl_fantasy"": 119, ""frees_against"": 0}",footywire
cf34bc81b09c9abacfbb2330,2019,1,North Melbourne,Fremantle,Bailey Scott,12701,unique,false,false,,,"{""goals"": 2, ""kicks"": 11, ""marks"": 8, ""behinds"": 0, ""hitouts"": 0, ""tackles"": 2, ""disposals"": 21, ""frees_for"": 0, ""handballs"": 10, ""supercoach"": 103, ""afl_fantasy"": 97, ""frees_against"": 0}",footywire
cf84fe54e1196d07973add21,2003,19,Essendon,Western Bulldogs,Marcus Bullen,367,unique,false,false,,,"{""goals"": 2, ""kicks"": 12, ""marks"": 7, ""behinds"": 0, ""hitouts"": 0, ""tackles"": 2, ""disposals"": 14, ""frees_for"": 0, ""handballs"": 2, ""frees_against"": 1}",footywire
cfad2dd3af2c8f44d530fcef,2010,12,Collingwood,Melbourne,Ben Reid,11589,unique,false,false,,,"{""goals"": 0, ""kicks"": 18, ""marks"": 9, ""behinds"": 0, ""hitouts"": 0, ""tackles"": 1, ""disposals"": 22, ""frees_for"": 0, ""handballs"": 4, ""supercoach"": 98, ""afl_fantasy"": 90, ""frees_against"": 1}",footywire
d050e8e41d851493bbd85e29,2021,7,Melbourne,North Melbourne,Luke Jackson,12779,unique,true,false,,,"{""goals"": 1, ""kicks"": 6, ""marks"": 2, ""behinds"": 0, ""hitouts"": 7, ""tackles"": 2, ""disposals"": 22, ""frees_for"": 1, ""handballs"": 16, ""supercoach"": 104, ""afl_fantasy"": 78, ""frees_against"": 0}",footywire
d0a54c2cb330d7c6fdb63bf3,2005,4,Hawthorn,Brisbane Lions,Lance Franklin,4065,unique,false,false,,,"{""goals"": 1, ""kicks"": 8, ""marks"": 6, ""behinds"": 1, ""hitouts"": 0, ""tackles"": 1, ""disposals"": 14, ""frees_for"": 1, ""handballs"": 6, ""frees_against"": 3}",footywire
d10684afd93734cd3b825fcd,2016,23,West Coast,Adelaide,Tom Barrass,12383,unique,false,false,,,"{""goals"": 0, ""kicks"": 9, ""marks"": 10, ""behinds"": 0, ""hitouts"": 0, ""tackles"": 1, ""disposals"": 17, ""frees_for"": 0, ""handballs"": 8, ""supercoach"": 106, ""afl_fantasy"": 77, ""frees_against"": 0}",footywire
d11c1d7d228b658032460166,1993,8,Essendon,St Kilda,James Hird,312,unique,false,false,,,"{""goals"": 4, ""kicks"": 11, ""marks"": 6, ""behinds"": 2, ""hitouts"": 0, ""tackles"": 0, ""disposals"": 20, ""handballs"": 9}",footywire
d1da5ef2d2baed18400f13c0,2009,9,Adelaide,Carlton,Andy Otten,11678,unique,false,false,,,"{""goals"": 1, ""kicks"": 10, ""marks"": 7, ""behinds"": 0, ""hitouts"": 0, ""tackles"": 1, ""disposals"": 23, ""frees_for"": 0, ""handballs"": 13, ""supercoach"": 99, ""afl_fantasy"": 87, ""frees_against"": 0}",footywire
d1db7d3b88380e3b67b9eead,2015,22,Richmond,Essendon,Ben Lennon,12279,unique,false,false,,,"{""goals"": 0, ""kicks"": 13, ""marks"": 9, ""behinds"": 1, ""hitouts"": 0, ""tackles"": 1, ""disposals"": 16, ""frees_for"": 1, ""handballs"": 3, ""supercoach"": 68, ""afl_fantasy"": 78, ""frees_against"": 0}",footywire
d253bd025d7f13d970b818b3,2009,3,Adelaide,Fremantle,Patrick Dangerfield,11700,unique,false,false,,,"{""goals"": 1, ""kicks"": 9, ""marks"": 3, ""behinds"": 1, ""hitouts"": 0, ""tackles"": 3, ""disposals"": 20, ""frees_for"": 1, ""handballs"": 11, ""supercoach"": 102, ""afl_fantasy"": 72, ""frees_against"": 2}",footywire
d2a87f0e1e7409970649339d,1998,5,Hawthorn,Brisbane Lions,Jonathan Hay,659,unique,false,false,,,"{""goals"": 0, ""kicks"": 10, ""marks"": 6, ""behinds"": 0, ""hitouts"": 1, ""tackles"": 0, ""disposals"": 13, ""frees_for"": 0, ""handballs"": 3, ""frees_against"": 2}",footywire
d304544b326442ac2412f128,2025,12,Collingwood,Hawthorn,Edward Allan,13146,unique,false,false,,,"{""goals"": 0, ""kicks"": 11, ""marks"": 5, ""behinds"": 0, ""hitouts"": 0, ""tackles"": 2, ""disposals"": 23, ""frees_for"": 0, ""handballs"": 12, ""supercoach"": 84, ""afl_fantasy"": 80, ""frees_against"": 0}",footywire
d30c4edfe0e9317f47eb5e64,1997,16,Geelong,Richmond,Carl Steinfort,296,unique,false,false,,,"{""goals"": 0, ""kicks"": 10, ""marks"": 5, ""behinds"": 0, ""hitouts"": 0, ""tackles"": 0, ""disposals"": 20, ""handballs"": 10}",footywire
d3a4d9d12bddadc3354bb953,2017,20,Fremantle,Gold Coast,Luke Ryan,12542,unique,false,false,,,"{""goals"": 0, ""kicks"": 21, ""marks"": 16, ""behinds"": 0, ""hitouts"": 0, ""tackles"": 1, ""disposals"": 28, ""frees_for"": 0, ""handballs"": 7, ""supercoach"": 116, ""afl_fantasy"": 126, ""frees_against"": 1}",footywire
d3b79254c394efd7b0e77fa8,2002,1,Fremantle,West Coast,Paul Medhurst,1109,unique,false,false,,,"{""goals"": 3, ""kicks"": 7, ""marks"": 4, ""behinds"": 0, ""hitouts"": 0, ""tackles"": 2, ""disposals"": 9, ""frees_for"": 1, ""handballs"": 2, ""frees_against"": 0}",footywire
d3bdd6297d3a8be5bb234dc9,1993,13,Collingwood,West Coast,Saverio Rocca,228,unique,false,false,,,"{""goals"": 4, ""kicks"": 6, ""marks"": 7, ""behinds"": 1, ""hitouts"": 2, ""tackles"": 1, ""disposals"": 9, ""handballs"": 3}",footywire
d3dc0d49ba0bf817d289595f,2023,3,West Coast,Fremantle,Reuben Ginbey,13038,unique,false,false,,,"{""goals"": 0, ""kicks"": 6, ""marks"": 1, ""behinds"": 0, ""hitouts"": 0, ""tackles"": 8, ""disposals"": 20, ""frees_for"": 1, ""handballs"": 14, ""supercoach"": 104, ""afl_fantasy"": 82, ""frees_against"": 0}",footywire
d49c00c6ff6d45e81599d63e,2016,7,Melbourne,Gold Coast,James Harmes,12379,unique,false,false,,,"{""goals"": 3, ""kicks"": 11, ""marks"": 1, ""behinds"": 0, ""hitouts"": 0, ""tackles"": 5, ""disposals"": 26, ""frees_for"": 2, ""handballs"": 15, ""supercoach"": 125, ""afl_fantasy"": 106, ""frees_against"": 0}",footywire
d4a1957849fc6ee8dc7f8af4,2003,1,Hawthorn,Melbourne,Sam Mitchell,1135,unique,true,false,,,"{""goals"": 0, ""kicks"": 14, ""marks"": 2, ""behinds"": 0, ""hitouts"": 1, ""tackles"": 4, ""disposals"": 17, ""frees_for"": 2, ""handballs"": 3, ""frees_against"": 0}",footywire
d5600f7ecdfda26a372f068d,2023,6,West Coast,Port Adelaide,Jai Culley,13015,unique,false,false,,,"{""goals"": 4, ""kicks"": 7, ""marks"": 3, ""behinds"": 1, ""hitouts"": 0, ""tackles"": 2, ""disposals"": 10, ""frees_for"": 2, ""handballs"": 3, ""supercoach"": 91, ""afl_fantasy"": 71, ""frees_against"": 0}",footywire
d569326b019957fcec512ec9,2024,18,Geelong,Collingwood,Lawson Humphries,13160,unique,false,false,,,"{""goals"": 0, ""kicks"": 19, ""marks"": 13, ""behinds"": 0, ""hitouts"": 0, ""tackles"": 1, ""disposals"": 23, ""frees_for"": 0, ""handballs"": 4, ""supercoach"": 108, ""afl_fantasy"": 105, ""frees_against"": 1}",footywire
d56c67831f2dfcbfd23476a6,2017,4,Essendon,Adelaide,Andrew Mcgrath,12491,unique,true,false,,,"{""goals"": 0, ""kicks"": 8, ""marks"": 4, ""behinds"": 0, ""hitouts"": 0, ""tackles"": 4, ""disposals"": 28, ""frees_for"": 1, ""handballs"": 20, ""supercoach"": 97, ""afl_fantasy"": 90, ""frees_against"": 1}",footywire
d693a1e08ac211100dc21492,2005,9,Melbourne,Carlton,Colin Sylvia,3981,unique,false,false,,,"{""goals"": 0, ""kicks"": 15, ""marks"": 6, ""behinds"": 1, ""hitouts"": 0, ""tackles"": 5, ""disposals"": 20, ""frees_for"": 1, ""handballs"": 5, ""frees_against"": 0}",footywire
d6e3b89265b8c3986dbd5bbe,2021,17,Essendon,Adelaide,Archie Perkins,12879,unique,false,false,,,"{""goals"": 3, ""kicks"": 12, ""marks"": 4, ""behinds"": 3, ""hitouts"": 0, ""tackles"": 2, ""disposals"": 18, ""frees_for"": 2, ""handballs"": 6, ""supercoach"": 101, ""afl_fantasy"": 91, ""frees_against"": 0}",footywire
d7ecc4b42ceab3ef9f015be3,1999,6,Adelaide,Port Adelaide,David Gallagher,69,unique,false,false,,,"{""goals"": 0, ""kicks"": 9, ""marks"": 3, ""behinds"": 0, ""hitouts"": 0, ""tackles"": 3, ""disposals"": 17, ""frees_for"": 1, ""handballs"": 8, ""frees_against"": 0}",footywire
d7f335c7fc64b6eddc2590b3,2002,18,Western Bulldogs,West Coast,Jordan Mcmahon,1114,unique,false,false,,,"{""goals"": 1, ""kicks"": 18, ""marks"": 6, ""behinds"": 1, ""hitouts"": 0, ""tackles"": 2, ""disposals"": 25, ""frees_for"": 1, ""handballs"": 7, ""frees_against"": 0}",footywire
d805f96a49b38e766dd3c3d3,1993,1,St Kilda,Geelong,Peter Everitt,922,unique,false,false,,,"{""goals"": 1, ""kicks"": 12, ""marks"": 6, ""behinds"": 1, ""hitouts"": 12, ""tackles"": 1, ""disposals"": 17, ""handballs"": 5}",footywire
d82a010bf369d823d244d146,1993,5,Footscray,Essendon,Scott West,418,unique,false,false,,,"{""goals"": 6, ""kicks"": 14, ""marks"": 3, ""behinds"": 0, ""hitouts"": 0, ""tackles"": 1, ""disposals"": 20, ""handballs"": 6}",footywire
d8bdfa3653cdcf8fe50368b5,2007,20,West Coast,Richmond,Mark Lecras,4114,unique,false,false,,,"{""goals"": 4, ""kicks"": 8, ""marks"": 5, ""behinds"": 2, ""hitouts"": 0, ""tackles"": 3, ""disposals"": 10, ""frees_for"": 1, ""handballs"": 2, ""supercoach"": 121, ""afl_fantasy"": 82, ""frees_against"": 0}",footywire
d944570f3f7c48665a66a325,2012,5,Greater Western Sydney,Western Bulldogs,Tomas Bugg,12016,unique,false,false,,,"{""goals"": 0, ""kicks"": 12, ""marks"": 7, ""behinds"": 0, ""hitouts"": 0, ""tackles"": 1, ""disposals"": 28, ""frees_for"": 3, ""handballs"": 16, ""supercoach"": 101, ""afl_fantasy"": 96, ""frees_against"": 0}",footywire
d95e9adf8ec01c076c5c8318,1997,7,Port Adelaide,St Kilda,Brendon Lade,822,unique,false,false,,,"{""goals"": 0, ""kicks"": 13, ""marks"": 5, ""behinds"": 2, ""hitouts"": 9, ""tackles"": 2, ""disposals"": 17, ""handballs"": 4}",footywire
d9ceca878e3f107d0efdfaa0,2005,6,Brisbane Lions,Essendon,Justin Sherman,4082,unique,false,false,,,"{""goals"": 2, ""kicks"": 11, ""marks"": 7, ""behinds"": 0, ""hitouts"": 0, ""tackles"": 2, ""disposals"": 19, ""frees_for"": 1, ""handballs"": 8, ""frees_against"": 1}",footywire
da31873b2ab7946846d51892,2026,17,Gold Coast,Collingwood,Zeke Uwland,13278,unique,false,false,,,"{""goals"": 1, ""kicks"": 24, ""marks"": 16, ""behinds"": 0, ""hitouts"": 0, ""tackles"": 1, ""disposals"": 32, ""frees_for"": 0, ""handballs"": 8, ""supercoach"": 104, ""afl_fantasy"": 146, ""frees_against"": 0}",footywire
da4f6102612a64b2906d609b,1997,10,Melbourne,Richmond,Shane Woewodin,725,unique,false,false,,,"{""goals"": 2, ""kicks"": 16, ""marks"": 3, ""behinds"": 1, ""hitouts"": 0, ""tackles"": 1, ""disposals"": 17, ""handballs"": 1}",footywire
da842df65ebf3b5ab2297b1e,2013,15,Western Bulldogs,Greater Western Sydney,Michael Talia,12123,unique,false,false,,,"{""goals"": 0, ""kicks"": 14, ""marks"": 5, ""behinds"": 0, ""hitouts"": 0, ""tackles"": 2, ""disposals"": 32, ""frees_for"": 0, ""handballs"": 18, ""supercoach"": 129, ""afl_fantasy"": 98, ""frees_against"": 1}",footywire
dab8cf8da082b9c3b255c38d,2019,2,Geelong,Melbourne,Charlie Constable,12687,unique,false,false,,,"{""goals"": 1, ""kicks"": 13, ""marks"": 4, ""behinds"": 0, ""hitouts"": 0, ""tackles"": 4, ""disposals"": 31, ""frees_for"": 0, ""handballs"": 18, ""supercoach"": 84, ""afl_fantasy"": 106, ""frees_against"": 1}",footywire
dad1e32d7d0ba6674bbea36d,1997,11,Sydney,Port Adelaide,Troy Cook,540,unique,false,false,,,"{""goals"": 1, ""kicks"": 20, ""marks"": 3, ""behinds"": 1, ""hitouts"": 0, ""tackles"": 3, ""disposals"": 27, ""handballs"": 7}",footywire
dba69927e5f6edb0b6cf61c4,2022,16,Essendon,Sydney,Massimo D Ambrosio,12998,resolved,false,false,,,"{""goals"": 0, ""kicks"": 13, ""marks"": 6, ""behinds"": 0, ""hitouts"": 0, ""tackles"": 0, ""disposals"": 23, ""frees_for"": 0, ""handballs"": 10, ""supercoach"": 83, ""afl_fantasy"": 77, ""frees_against"": 0}",footywire
dbae0ff12d943720e6df6486,2001,12,Geelong,Western Bulldogs,Cameron Ling,617,unique,false,false,,,"{""goals"": 0, ""kicks"": 18, ""marks"": 9, ""behinds"": 0, ""hitouts"": 0, ""tackles"": 3, ""disposals"": 24, ""frees_for"": 3, ""handballs"": 6, ""frees_against"": 1}",footywire
dc1c2c9dab78ab2acf04ca20,2018,9,Brisbane Lions,Hawthorn,Alex Witherden,12546,unique,false,false,,,"{""goals"": 0, ""kicks"": 14, ""marks"": 6, ""behinds"": 0, ""hitouts"": 0, ""tackles"": 2, ""disposals"": 24, ""frees_for"": 0, ""handballs"": 10, ""supercoach"": 66, ""afl_fantasy"": 88, ""frees_against"": 0}",footywire
dc59568c592b1bacdeb53981,2026,15,Gold Coast,Hawthorn,Jai Murray,13332,unique,false,false,,,"{""goals"": 0, ""kicks"": 13, ""marks"": 7, ""behinds"": 0, ""hitouts"": 0, ""tackles"": 5, ""disposals"": 17, ""frees_for"": 0, ""handballs"": 4, ""supercoach"": 87, ""afl_fantasy"": 88, ""frees_against"": 0}",footywire
dc62dfe9efb072e9c28fedd1,1996,8,Fitzroy,Fremantle,Nick Carter,410,unique,false,false,,,"{""goals"": 0, ""kicks"": 14, ""marks"": 6, ""behinds"": 1, ""hitouts"": 0, ""tackles"": 2, ""disposals"": 31, ""handballs"": 17}",footywire
dd1290c6491aee63b18db2ad,1998,1,West Coast,North Melbourne,Michael Braun,1058,unique,false,false,,,"{""goals"": 1, ""kicks"": 18, ""marks"": 5, ""behinds"": 0, ""hitouts"": 0, ""tackles"": 2, ""disposals"": 27, ""frees_for"": 1, ""handballs"": 9, ""frees_against"": 1}",footywire
dd7d17e6abcaf36ddd2574cb,2001,1,Brisbane Lions,Port Adelaide,Damian Cupido,1096,unique,false,false,,,"{""goals"": 4, ""kicks"": 9, ""marks"": 4, ""behinds"": 2, ""hitouts"": 0, ""tackles"": 0, ""disposals"": 13, ""frees_for"": 1, ""handballs"": 4, ""frees_against"": 0}",footywire
deb27b5039048780eb360227,2020,10,Melbourne,Adelaide,Luke Jackson,12779,unique,false,false,,,"{""goals"": 2, ""kicks"": 4, ""marks"": 2, ""behinds"": 0, ""hitouts"": 14, ""tackles"": 1, ""disposals"": 8, ""frees_for"": 1, ""handballs"": 4, ""supercoach"": 85, ""afl_fantasy"": 54, ""frees_against"": 1}",footywire
debbff3f373751f321b9e69a,2025,14,West Coast,Carlton,Tyrell Dewar,13141,unique,false,false,,,"{""goals"": 0, ""kicks"": 24, ""marks"": 9, ""behinds"": 1, ""hitouts"": 0, ""tackles"": 2, ""disposals"": 27, ""frees_for"": 1, ""handballs"": 3, ""supercoach"": 81, ""afl_fantasy"": 115, ""frees_against"": 0}",footywire
e08fbcb68a3079a19761b3da,2015,8,Greater Western Sydney,Adelaide,Cameron Mccarthy,12315,resolved,false,false,,,"{""goals"": 4, ""kicks"": 9, ""marks"": 6, ""behinds"": 1, ""hitouts"": 0, ""tackles"": 1, ""disposals"": 12, ""frees_for"": 0, ""handballs"": 3, ""supercoach"": 114, ""afl_fantasy"": 80, ""frees_against"": 0}",footywire
e10ab113df26bb6e4be4d056,2006,4,Richmond,Brisbane Lions,Andrew Raines,4057,unique,false,false,,,"{""goals"": 0, ""kicks"": 9, ""marks"": 1, ""behinds"": 0, ""hitouts"": 0, ""tackles"": 1, ""disposals"": 17, ""frees_for"": 0, ""handballs"": 8, ""frees_against"": 2}",footywire
e1def5f396466675699c40d7,2024,1,Geelong,St Kilda,Ollie Dempsey,12974,resolved,true,false,,,"{""goals"": 3, ""kicks"": 13, ""marks"": 7, ""behinds"": 1, ""hitouts"": 0, ""tackles"": 2, ""disposals"": 15, ""frees_for"": 1, ""handballs"": 2, ""supercoach"": 96, ""afl_fantasy"": 92, ""frees_against"": 0}",footywire
e1f55bf6d311936b36b9f20e,2008,14,Melbourne,Brisbane Lions,Colin Garland,11560,unique,false,false,,,"{""goals"": 0, ""kicks"": 6, ""marks"": 5, ""behinds"": 0, ""hitouts"": 0, ""tackles"": 2, ""disposals"": 13, ""frees_for"": 0, ""handballs"": 7, ""supercoach"": 39, ""afl_fantasy"": 46, ""frees_against"": 3}",footywire
e21b5af6ade64f591fc65a01,1994,3,Fitzroy,Fitzroy,John Barker,387,unique,false,false,,,"{""goals"": 0, ""kicks"": 4, ""marks"": 1, ""behinds"": 0, ""hitouts"": 0, ""tackles"": 1, ""disposals"": 9, ""handballs"": 5}",footywire
e247a8a9b5c16d1ab41be350,2023,16,Adelaide,North Melbourne,Luke Pedlar,12921,unique,false,true,Ineligible to win the Rising Star due to suspension.,,"{""goals"": 2, ""kicks"": 7, ""marks"": 2, ""behinds"": 0, ""hitouts"": 0, ""tackles"": 4, ""disposals"": 11, ""frees_for"": 0, ""handballs"": 4, ""supercoach"": 58, ""afl_fantasy"": 57, ""frees_against"": 2}",footywire
e2ed1519f644e14fdea07127,2011,24,Western Bulldogs,Fremantle,Liam Jones,11866,unique,false,false,,,"{""goals"": 2, ""kicks"": 6, ""marks"": 4, ""behinds"": 0, ""hitouts"": 1, ""tackles"": 2, ""disposals"": 9, ""frees_for"": 0, ""handballs"": 3, ""supercoach"": 54, ""afl_fantasy"": 57, ""frees_against"": 0}",footywire
e2fc88e632001d27ff1fd8d1,2016,16,Sydney,Geelong,Callum Mills,12413,unique,true,false,,,"{""goals"": 1, ""kicks"": 17, ""marks"": 6, ""behinds"": 0, ""hitouts"": 0, ""tackles"": 2, ""disposals"": 23, ""frees_for"": 0, ""handballs"": 6, ""supercoach"": 102, ""afl_fantasy"": 92, ""frees_against"": 1}",footywire
e2fee286724e20284de4c39b,2025,22,St Kilda,Richmond,Hugh Boxshall,13220,unique,false,false,,,"{""goals"": 0, ""kicks"": 4, ""marks"": 5, ""behinds"": 0, ""hitouts"": 0, ""tackles"": 8, ""disposals"": 14, ""frees_for"": 1, ""handballs"": 10, ""supercoach"": 92, ""afl_fantasy"": 74, ""frees_against"": 2}",footywire
e39f97fabb8afa6b6a7651de,2021,5,Port Adelaide,Carlton,Mitch Georgiades,12766,unique,false,false,,,"{""goals"": 3, ""kicks"": 7, ""marks"": 5, ""behinds"": 0, ""hitouts"": 0, ""tackles"": 2, ""disposals"": 15, ""frees_for"": 0, ""handballs"": 8, ""supercoach"": 107, ""afl_fantasy"": 66, ""frees_against"": 4}",footywire
e3a0536f1d239dc926352619,2023,20,Gold Coast,Brisbane Lions,Mac Andrew,13019,unique,false,true,Ineligible to win the Rising Star due to suspension.,,"{""goals"": 0, ""kicks"": 13, ""marks"": 7, ""behinds"": 0, ""hitouts"": 0, ""tackles"": 1, ""disposals"": 14, ""frees_for"": 2, ""handballs"": 1, ""supercoach"": 63, ""afl_fantasy"": 68, ""frees_against"": 0}",footywire
e3b7d39c3b037121d281e711,1995,18,West Coast,North Melbourne,Fraser Gehrig,976,unique,false,false,,,"{""goals"": 2, ""kicks"": 6, ""marks"": 3, ""behinds"": 0, ""hitouts"": 2, ""tackles"": 0, ""disposals"": 9, ""handballs"": 3}",footywire
e3bb67222a0f38fd1fb09369,2016,11,Fremantle,Essendon,Connor Blakely,12397,unique,false,false,,,"{""goals"": 0, ""kicks"": 12, ""marks"": 5, ""behinds"": 0, ""hitouts"": 3, ""tackles"": 7, ""disposals"": 25, ""frees_for"": 0, ""handballs"": 13, ""supercoach"": 92, ""afl_fantasy"": 108, ""frees_against"": 0}",footywire
e3dde255a4678dbfda0c0c40,2005,8,Richmond,Collingwood,Brett Deledio,4068,unique,true,false,,,"{""goals"": 0, ""kicks"": 6, ""marks"": 3, ""behinds"": 0, ""hitouts"": 1, ""tackles"": 1, ""disposals"": 13, ""frees_for"": 2, ""handballs"": 7, ""frees_against"": 0}",footywire
e425e5c5f878fa6c0d82b034,2000,17,Fremantle,Port Adelaide,Matthew Pavlich,544,unique,false,false,,,"{""goals"": 0, ""kicks"": 13, ""marks"": 4, ""behinds"": 0, ""hitouts"": 0, ""tackles"": 4, ""disposals"": 21, ""frees_for"": 1, ""handballs"": 8, ""frees_against"": 0}",footywire
e461f8a722fa0cfc2e80512c,2009,15,Melbourne,Port Adelaide,Liam Jurrah,11769,unique,false,false,,,"{""goals"": 4, ""kicks"": 8, ""marks"": 4, ""behinds"": 2, ""hitouts"": 1, ""tackles"": 4, ""disposals"": 12, ""frees_for"": 1, ""handballs"": 4, ""supercoach"": 133, ""afl_fantasy"": 88, ""frees_against"": 0}",footywire
e4e54c4ff7b3d40c0227f8f5,1994,6,Carlton,Sydney,James Cook,156,unique,false,false,,,"{""goals"": 6, ""kicks"": 11, ""marks"": 10, ""behinds"": 2, ""hitouts"": 0, ""tackles"": 0, ""disposals"": 15, ""handballs"": 4}",footywire
e51368c2349d5f29767ec950,2009,19,West Coast,Western Bulldogs,Mitchell Brown,11550,resolved,false,false,,,"{""goals"": 0, ""kicks"": 9, ""marks"": 7, ""behinds"": 0, ""hitouts"": 0, ""tackles"": 0, ""disposals"": 22, ""frees_for"": 0, ""handballs"": 13, ""supercoach"": 71, ""afl_fantasy"": 74, ""frees_against"": 0}",footywire
e519acd5169700b75784b660,2000,13,Brisbane Lions,West Coast,Beau Mcdonald,1086,unique,false,false,,,"{""goals"": 1, ""kicks"": 5, ""marks"": 3, ""behinds"": 0, ""hitouts"": 35, ""tackles"": 0, ""disposals"": 9, ""frees_for"": 0, ""handballs"": 4, ""frees_against"": 2}",footywire
e5c47e00aef05876232b6e3e,2011,15,Hawthorn,Collingwood,Luke Breust,11954,unique,false,false,,,"{""goals"": 2, ""kicks"": 8, ""marks"": 5, ""behinds"": 0, ""hitouts"": 0, ""tackles"": 1, ""disposals"": 16, ""frees_for"": 0, ""handballs"": 8, ""supercoach"": 65, ""afl_fantasy"": 68, ""frees_against"": 1}",footywire
e5e3a428e0f30dbb610721e5,2012,2,Greater Western Sydney,North Melbourne,Jeremy Cameron,12017,unique,false,false,,,"{""goals"": 4, ""kicks"": 8, ""marks"": 7, ""behinds"": 0, ""hitouts"": 0, ""tackles"": 2, ""disposals"": 12, ""frees_for"": 1, ""handballs"": 4, ""supercoach"": 58, ""afl_fantasy"": 80, ""frees_against"": 2}",footywire
e5fb210da7f21f5cd526ec96,2004,2,Kangaroos,Hawthorn,Michael Firrito,1457,unique,false,false,,,"{""goals"": 0, ""kicks"": 10, ""marks"": 2, ""behinds"": 0, ""hitouts"": 1, ""tackles"": 4, ""disposals"": 18, ""frees_for"": 1, ""handballs"": 8, ""frees_against"": 0}",footywire
e60b7ad6d2e71a9d38a3ff19,2013,21,Melbourne,Fremantle,Jack Viney,12147,unique,false,false,,,"{""goals"": 1, ""kicks"": 14, ""marks"": 5, ""behinds"": 0, ""hitouts"": 0, ""tackles"": 5, ""disposals"": 28, ""frees_for"": 4, ""handballs"": 14, ""supercoach"": 109, ""afl_fantasy"": 115, ""frees_against"": 0}",footywire
e75ac76b9f72089baba5a41a,2009,22,Sydney,Brisbane Lions,Jesse White,11657,unique,false,false,,,"{""goals"": 3, ""kicks"": 9, ""marks"": 10, ""behinds"": 2, ""hitouts"": 0, ""tackles"": 0, ""disposals"": 10, ""frees_for"": 0, ""handballs"": 1, ""supercoach"": 52, ""afl_fantasy"": 76, ""frees_against"": 1}",footywire
e798a20b9dd85ad72e0a21e8,1994,7,Brisbane Bears,Footscray,Christopher Scott,97,resolved,true,false,,,"{""goals"": 0, ""kicks"": 13, ""marks"": 3, ""behinds"": 0, ""hitouts"": 1, ""tackles"": 1, ""disposals"": 27, ""handballs"": 14}",footywire
e7b6638cd4e9b9b6adcfae82,2003,17,Collingwood,Carlton,Richard Cole,1103,unique,false,false,,,"{""goals"": 1, ""kicks"": 10, ""marks"": 5, ""behinds"": 0, ""hitouts"": 0, ""tackles"": 3, ""disposals"": 17, ""frees_for"": 0, ""handballs"": 7, ""frees_against"": 0}",footywire
e7c9459a1873e8d56ef704dd,2007,22,Richmond,St Kilda,Will Thursfield,4124,unique,false,false,,,"{""goals"": 0, ""kicks"": 5, ""marks"": 6, ""behinds"": 0, ""hitouts"": 0, ""tackles"": 1, ""disposals"": 11, ""frees_for"": 0, ""handballs"": 6, ""supercoach"": 67, ""afl_fantasy"": 43, ""frees_against"": 2}",footywire
e7d58841e8f03998c132e0bb,2026,5,Essendon,Melbourne,Jacob Farrow,13299,unique,false,false,,,"{""goals"": 0, ""kicks"": 16, ""marks"": 12, ""behinds"": 1, ""hitouts"": 0, ""tackles"": 1, ""disposals"": 22, ""frees_for"": 1, ""handballs"": 6, ""supercoach"": 102, ""afl_fantasy"": 102, ""frees_against"": 0}",footywire
e7f668d75f84140e55c74359,2023,2,Brisbane Lions,Melbourne,Will Ashcroft,13040,unique,false,false,,,"{""goals"": 1, ""kicks"": 14, ""marks"": 0, ""behinds"": 1, ""hitouts"": 0, ""tackles"": 1, ""disposals"": 31, ""frees_for"": 3, ""handballs"": 17, ""supercoach"": 105, ""afl_fantasy"": 90, ""frees_against"": 0}",footywire
e7fe2394d7a8409cd163691a,2024,6,St Kilda,Western Bulldogs,Darcy Wilson,13110,unique,false,false,,,"{""goals"": 1, ""kicks"": 8, ""marks"": 4, ""behinds"": 0, ""hitouts"": 0, ""tackles"": 2, ""disposals"": 15, ""frees_for"": 0, ""handballs"": 7, ""supercoach"": 69, ""afl_fantasy"": 61, ""frees_against"": 1}",footywire
e8a4bf24775e395dd330ce4b,2009,8,St Kilda,Essendon,Jarryn Geary,11630,unique,false,false,,,"{""goals"": 1, ""kicks"": 13, ""marks"": 4, ""behinds"": 0, ""hitouts"": 0, ""tackles"": 2, ""disposals"": 19, ""frees_for"": 1, ""handballs"": 6, ""supercoach"": 75, ""afl_fantasy"": 75, ""frees_against"": 1}",footywire
e9100c58f5f185e3c1cb878a,2018,18,Richmond,St Kilda,Jack Higgins,12609,unique,false,false,,,"{""goals"": 1, ""kicks"": 7, ""marks"": 4, ""behinds"": 1, ""hitouts"": 0, ""tackles"": 4, ""disposals"": 18, ""frees_for"": 0, ""handballs"": 11, ""supercoach"": 108, ""afl_fantasy"": 78, ""frees_against"": 0}",footywire
e9408c37ffbae751d03d8861,2004,20,Essendon,Collingwood,Brent Stanton,3939,unique,false,false,,,"{""goals"": 0, ""kicks"": 10, ""marks"": 7, ""behinds"": 0, ""hitouts"": 0, ""tackles"": 3, ""disposals"": 16, ""frees_for"": 2, ""handballs"": 6, ""frees_against"": 2}",footywire
e99d1480595b00546cf591f8,2018,17,Greater Western Sydney,Richmond,Sam Taylor,12644,unique,false,false,,,"{""goals"": 0, ""kicks"": 8, ""marks"": 5, ""behinds"": 0, ""hitouts"": 0, ""tackles"": 5, ""disposals"": 13, ""frees_for"": 2, ""handballs"": 5, ""supercoach"": 70, ""afl_fantasy"": 65, ""frees_against"": 2}",footywire
e9cca7bb7127dd82247c0220,2016,13,Hawthorn,North Melbourne,James Sicily,12332,unique,false,false,,,"{""goals"": 5, ""kicks"": 9, ""marks"": 5, ""behinds"": 0, ""hitouts"": 0, ""tackles"": 1, ""disposals"": 13, ""frees_for"": 3, ""handballs"": 4, ""supercoach"": 110, ""afl_fantasy"": 87, ""frees_against"": 0}",footywire
eaac121c532fd38a7bfa6fb5,2024,9,North Melbourne,Gold Coast,Colby Mckercher,13107,unique,false,false,,,"{""goals"": 0, ""kicks"": 21, ""marks"": 2, ""behinds"": 0, ""hitouts"": 0, ""tackles"": 1, ""disposals"": 30, ""frees_for"": 0, ""handballs"": 9, ""supercoach"": 91, ""afl_fantasy"": 88, ""frees_against"": 1}",footywire
eab16a9c5c7acf91394867fb,2012,23,Greater Western Sydney,North Melbourne,Dom Tyson,12032,unique,false,false,,,"{""goals"": 1, ""kicks"": 13, ""marks"": 5, ""behinds"": 0, ""hitouts"": 0, ""tackles"": 2, ""disposals"": 26, ""frees_for"": 0, ""handballs"": 13, ""supercoach"": 95, ""afl_fantasy"": 88, ""frees_against"": 2}",footywire
eb61c4fbe5e1d676b38e91c6,2009,16,West Coast,Port Adelaide,Chris Masten,11638,unique,false,false,,,"{""goals"": 1, ""kicks"": 15, ""marks"": 1, ""behinds"": 1, ""hitouts"": 0, ""tackles"": 1, ""disposals"": 38, ""frees_for"": 2, ""handballs"": 23, ""supercoach"": 99, ""afl_fantasy"": 101, ""frees_against"": 2}",footywire
eb8c1733619011bfb60adc0f,2003,9,Fremantle,Melbourne,Graham Polak,1116,unique,false,false,,,"{""goals"": 0, ""kicks"": 12, ""marks"": 10, ""behinds"": 0, ""hitouts"": 0, ""tackles"": 1, ""disposals"": 17, ""frees_for"": 1, ""handballs"": 5, ""frees_against"": 0}",footywire
eb92521199120b4260861d6f,2013,13,Port Adelaide,,Jake Neade,12151,unique,false,false,,,,footywire
ec00bc4032c4cde760154869,2006,17,Kangaroos,Geelong,Andrew Swallow,4176,unique,false,false,,,"{""goals"": 1, ""kicks"": 11, ""marks"": 4, ""behinds"": 0, ""hitouts"": 0, ""tackles"": 2, ""disposals"": 25, ""frees_for"": 1, ""handballs"": 14, ""frees_against"": 0}",footywire
ec91ad80bace7b76bf9bfe45,2011,8,Hawthorn,St Kilda,Shane Savage,11793,unique,false,false,,,"{""goals"": 2, ""kicks"": 15, ""marks"": 14, ""behinds"": 1, ""hitouts"": 0, ""tackles"": 5, ""disposals"": 26, ""frees_for"": 2, ""handballs"": 11, ""supercoach"": 136, ""afl_fantasy"": 144, ""frees_against"": 0}",footywire
ed3563c7b5e7cd661f07a47d,2018,12,Fremantle,Adelaide,Brennan Cox,12544,unique,false,false,,,"{""goals"": 4, ""kicks"": 9, ""marks"": 7, ""behinds"": 0, ""hitouts"": 0, ""tackles"": 5, ""disposals"": 19, ""frees_for"": 1, ""handballs"": 10, ""supercoach"": 119, ""afl_fantasy"": 110, ""frees_against"": 1}",footywire
edfa04c2a81e54e101a875c9,2014,3,Greater Western Sydney,Melbourne,Joshua Kelly,12255,resolved,false,false,,,"{""goals"": 2, ""kicks"": 10, ""marks"": 0, ""behinds"": 0, ""hitouts"": 0, ""tackles"": 4, ""disposals"": 17, ""frees_for"": 1, ""handballs"": 7, ""supercoach"": 107, ""afl_fantasy"": 73, ""frees_against"": 0}",footywire
ee112a6f2a1abed588f0847c,2004,6,Geelong,Adelaide,Kane Tenace,3954,unique,false,false,,,"{""goals"": 0, ""kicks"": 11, ""marks"": 2, ""behinds"": 2, ""hitouts"": 0, ""tackles"": 2, ""disposals"": 15, ""frees_for"": 0, ""handballs"": 4, ""frees_against"": 0}",footywire
ee559e4446d586d75f5380f0,1994,11,Richmond,Essendon,Matthew Rogers,864,unique,false,false,,,"{""goals"": 0, ""kicks"": 12, ""marks"": 2, ""behinds"": 0, ""hitouts"": 0, ""tackles"": 2, ""disposals"": 16, ""handballs"": 4}",footywire
ee99d0a360290df47b70bc11,2011,17,Gold Coast,Richmond,Trent Mckenzie,11912,unique,false,false,,,"{""goals"": 0, ""kicks"": 16, ""marks"": 8, ""behinds"": 1, ""hitouts"": 0, ""tackles"": 1, ""disposals"": 21, ""frees_for"": 0, ""handballs"": 5, ""supercoach"": 63, ""afl_fantasy"": 81, ""frees_against"": 2}",footywire
ef025c4986da17df33021fe8,2018,16,Fremantle,Melbourne,Adam Cerra,12603,unique,false,false,,,"{""goals"": 0, ""kicks"": 16, ""marks"": 7, ""behinds"": 1, ""hitouts"": 0, ""tackles"": 3, ""disposals"": 23, ""frees_for"": 1, ""handballs"": 7, ""supercoach"": 79, ""afl_fantasy"": 94, ""frees_against"": 1}",footywire
efb368e58438207166f45385,2009,18,Western Bulldogs,Fremantle,Callan Ward,11677,unique,false,false,,,"{""goals"": 2, ""kicks"": 9, ""marks"": 5, ""behinds"": 2, ""hitouts"": 0, ""tackles"": 3, ""disposals"": 22, ""frees_for"": 1, ""handballs"": 13, ""supercoach"": 113, ""afl_fantasy"": 95, ""frees_against"": 0}",footywire
f104ef29daae717b4264bf48,2007,10,Carlton,Western Bulldogs,Bryce Gibbs,11535,unique,false,false,,,"{""goals"": 0, ""kicks"": 7, ""marks"": 5, ""behinds"": 0, ""hitouts"": 0, ""tackles"": 2, ""disposals"": 17, ""frees_for"": 0, ""handballs"": 10, ""supercoach"": 73, ""afl_fantasy"": 64, ""frees_against"": 0}",footywire
f18ca15dd515f251bb623430,2018,2,Adelaide,Richmond,Tom Doedee,12583,unique,false,false,,,"{""goals"": 0, ""kicks"": 10, ""marks"": 6, ""behinds"": 0, ""hitouts"": 0, ""tackles"": 0, ""disposals"": 25, ""frees_for"": 3, ""handballs"": 15, ""supercoach"": 115, ""afl_fantasy"": 78, ""frees_against"": 1}",footywire
f1d18910ee61403af8a0f00d,2019,11,Richmond,North Melbourne,Sydney Stack,12708,unique,false,false,,,"{""goals"": 0, ""kicks"": 11, ""marks"": 5, ""behinds"": 1, ""hitouts"": 0, ""tackles"": 4, ""disposals"": 24, ""frees_for"": 1, ""handballs"": 13, ""supercoach"": 107, ""afl_fantasy"": 89, ""frees_against"": 1}",footywire
f25b58dea795778e76b5f048,2003,5,Sydney,Melbourne,Adam Schneider,1432,unique,false,false,,,"{""goals"": 3, ""kicks"": 9, ""marks"": 3, ""behinds"": 1, ""hitouts"": 0, ""tackles"": 0, ""disposals"": 13, ""frees_for"": 0, ""handballs"": 4, ""frees_against"": 1}",footywire
f26255056ab7d089970ff07c,2003,6,Hawthorn,Carlton,Michael Osborne,684,unique,false,false,,,"{""goals"": 0, ""kicks"": 12, ""marks"": 5, ""behinds"": 0, ""hitouts"": 0, ""tackles"": 4, ""disposals"": 14, ""frees_for"": 0, ""handballs"": 2, ""frees_against"": 2}",footywire
f28e58b7241dda455e67a887,2011,5,Gold Coast,Port Adelaide,Brandon Matera,11915,unique,false,false,,,"{""goals"": 4, ""kicks"": 13, ""marks"": 2, ""behinds"": 1, ""hitouts"": 0, ""tackles"": 0, ""disposals"": 21, ""frees_for"": 1, ""handballs"": 8, ""supercoach"": 127, ""afl_fantasy"": 84, ""frees_against"": 1}",footywire
f2cb660c24bbbdc72c65936d,2023,15,Sydney,West Coast,Angus Sheldrick,12951,unique,false,false,,,"{""goals"": 1, ""kicks"": 14, ""marks"": 4, ""behinds"": 3, ""hitouts"": 0, ""tackles"": 4, ""disposals"": 29, ""frees_for"": 2, ""handballs"": 15, ""supercoach"": 93, ""afl_fantasy"": 111, ""frees_against"": 0}",footywire
f2d3d63ec6b6edb9b4dd1599,2004,16,Adelaide,Fremantle,Brent Reilly,1204,unique,false,false,,,"{""goals"": 0, ""kicks"": 16, ""marks"": 10, ""behinds"": 0, ""hitouts"": 0, ""tackles"": 2, ""disposals"": 22, ""frees_for"": 1, ""handballs"": 6, ""frees_against"": 0}",footywire
f31466dd90fbb5d246b2097e,2014,4,North Melbourne,Sydney,Luke Mcdonald,12246,unique,false,false,,,"{""goals"": 0, ""kicks"": 9, ""marks"": 5, ""behinds"": 1, ""hitouts"": 0, ""tackles"": 2, ""disposals"": 20, ""frees_for"": 1, ""handballs"": 11, ""supercoach"": 80, ""afl_fantasy"": 71, ""frees_against"": 1}",footywire
f3184b06b11e2efc13ab3715,2010,5,Melbourne,Brisbane Lions,Jack Trengove,11803,unique,false,false,,,"{""goals"": 2, ""kicks"": 11, ""marks"": 6, ""behinds"": 1, ""hitouts"": 0, ""tackles"": 4, ""disposals"": 24, ""frees_for"": 2, ""handballs"": 13, ""supercoach"": 129, ""afl_fantasy"": 108, ""frees_against"": 0}",footywire
f345c25f175dae8862e22412,2020,3,Gold Coast,Adelaide,Connor Budarick,12769,unique,false,false,,,"{""goals"": 1, ""kicks"": 11, ""marks"": 6, ""behinds"": 0, ""hitouts"": 0, ""tackles"": 2, ""disposals"": 16, ""frees_for"": 0, ""handballs"": 5, ""supercoach"": 80, ""afl_fantasy"": 69, ""frees_against"": 2}",footywire
f4c7b0bcec503c0b1b5c87bd,2006,9,Port Adelaide,Essendon,Brad Symes,3978,unique,false,false,,,"{""goals"": 0, ""kicks"": 14, ""marks"": 9, ""behinds"": 1, ""hitouts"": 0, ""tackles"": 4, ""disposals"": 27, ""frees_for"": 2, ""handballs"": 13, ""frees_against"": 0}",footywire
f4dc0e51dac7bf265288870e,1995,22,Geelong,Hawthorn,Aaron Lord,574,unique,false,false,,,"{""goals"": 0, ""kicks"": 17, ""marks"": 7, ""behinds"": 1, ""hitouts"": 0, ""tackles"": 0, ""disposals"": 25, ""handballs"": 8}",footywire
f4e4b9237b6e480425aee79a,1997,18,Collingwood,St Kilda,Malcolm Michael,255,resolved,false,false,,,"{""goals"": 0, ""kicks"": 5, ""marks"": 5, ""behinds"": 0, ""hitouts"": 0, ""tackles"": 4, ""disposals"": 12, ""handballs"": 7}",footywire
f54ab4d3171d35b5eea0127f,1993,15,Richmond,Footscray,Duncan Kellaway,861,unique,false,false,,,"{""goals"": 0, ""kicks"": 13, ""marks"": 7, ""behinds"": 0, ""hitouts"": 0, ""tackles"": 3, ""disposals"": 26, ""handballs"": 13}",footywire
f58f4deead41064869bdae5b,1993,11,St Kilda,Fitzroy,Brodie Atkinson,67,unique,false,false,,,"{""goals"": 0, ""kicks"": 17, ""marks"": 2, ""behinds"": 2, ""hitouts"": 0, ""tackles"": 4, ""disposals"": 25, ""handballs"": 8}",footywire
f5f240c70c93039044452267,2022,17,Richmond,Gold Coast,Hugo Ralphsmith,12902,unique,false,false,,,"{""goals"": 0, ""kicks"": 11, ""marks"": 4, ""behinds"": 0, ""hitouts"": 0, ""tackles"": 1, ""disposals"": 20, ""frees_for"": 0, ""handballs"": 9, ""supercoach"": 71, ""afl_fantasy"": 64, ""frees_against"": 1}",footywire
f60b761ecef3dd9ec0aa3e16,2023,10,Hawthorn,West Coast,Joshua Weddle,13057,resolved,false,false,,,"{""goals"": 2, ""kicks"": 13, ""marks"": 7, ""behinds"": 0, ""hitouts"": 0, ""tackles"": 0, ""disposals"": 28, ""frees_for"": 0, ""handballs"": 15, ""supercoach"": 114, ""afl_fantasy"": 102, ""frees_against"": 0}",footywire
f681b70739ec3ec3dcda21c1,1998,16,Hawthorn,Collingwood,Jade Rawlings,654,unique,false,false,,,"{""goals"": 0, ""kicks"": 14, ""marks"": 6, ""behinds"": 1, ""hitouts"": 0, ""tackles"": 2, ""disposals"": 20, ""frees_for"": 1, ""handballs"": 6, ""frees_against"": 2}",footywire
f697e29e4e9e0ac600fcfa34,2024,13,Adelaide,Richmond,Luke Nankervis,13081,unique,false,false,,,"{""goals"": 0, ""kicks"": 17, ""marks"": 11, ""behinds"": 0, ""hitouts"": 0, ""tackles"": 1, ""disposals"": 28, ""frees_for"": 1, ""handballs"": 11, ""supercoach"": 117, ""afl_fantasy"": 111, ""frees_against"": 0}",footywire
f69920624eb1ad5a7216cd4e,2007,9,Brisbane Lions,Collingwood,Mitchell Clark,4146,resolved,false,false,,,"{""goals"": 5, ""kicks"": 9, ""marks"": 7, ""behinds"": 2, ""hitouts"": 1, ""tackles"": 0, ""disposals"": 10, ""frees_for"": 0, ""handballs"": 1, ""supercoach"": 100, ""afl_fantasy"": 77, ""frees_against"": 2}",footywire
f6a5dacbb1fab143009b3cee,2026,20,Carlton,Gold Coast,Talor Byrne,13297,unique,false,false,,,"{""goals"": 3, ""kicks"": 11, ""marks"": 6, ""behinds"": 2, ""hitouts"": 0, ""tackles"": 4, ""disposals"": 17, ""frees_for"": 2, ""handballs"": 6, ""supercoach"": 123, ""afl_fantasy"": 95, ""frees_against"": 2}",footywire
f6f7cd082f2183b11313e826,1998,18,Hawthorn,Richmond,Trent Croad,660,unique,false,false,,,"{""goals"": 0, ""kicks"": 7, ""marks"": 5, ""behinds"": 0, ""hitouts"": 1, ""tackles"": 2, ""disposals"": 13, ""frees_for"": 0, ""handballs"": 6, ""frees_against"": 0}",footywire
f782f5914ff46cb63b4d8259,2025,4,Brisbane Lions,Richmond,Levi Ashcroft,13197,unique,false,false,,,"{""goals"": 1, ""kicks"": 11, ""marks"": 4, ""behinds"": 2, ""hitouts"": 0, ""tackles"": 1, ""disposals"": 22, ""frees_for"": 3, ""handballs"": 11, ""supercoach"": 87, ""afl_fantasy"": 82, ""frees_against"": 0}",footywire
f788fe89cb5b226c1b9d9c33,2016,2,Essendon,Melbourne,Darcy Parish,12406,unique,false,false,,,"{""goals"": 1, ""kicks"": 10, ""marks"": 3, ""behinds"": 0, ""hitouts"": 0, ""tackles"": 8, ""disposals"": 21, ""frees_for"": 3, ""handballs"": 11, ""supercoach"": 97, ""afl_fantasy"": 102, ""frees_against"": 0}",footywire
f822bae1b0c61a8a3925f339,2012,7,Greater Western Sydney,Gold Coast,Stephen Coniglio,12028,unique,false,false,,,"{""goals"": 1, ""kicks"": 18, ""marks"": 6, ""behinds"": 0, ""hitouts"": 0, ""tackles"": 1, ""disposals"": 31, ""frees_for"": 0, ""handballs"": 13, ""supercoach"": 103, ""afl_fantasy"": 108, ""frees_against"": 0}",footywire
f84bf30c21bd462a9abe78e4,2022,2,Melbourne,Gold Coast,Jake Bowey,12931,unique,false,false,,,"{""goals"": 0, ""kicks"": 24, ""marks"": 9, ""behinds"": 0, ""hitouts"": 0, ""tackles"": 1, ""disposals"": 34, ""frees_for"": 2, ""handballs"": 10, ""supercoach"": 151, ""afl_fantasy"": 125, ""frees_against"": 0}",footywire
f8523bd6f6581b882e89cd2b,2013,2,North Melbourne,Geelong,Aaron Mullett,12008,unique,false,false,,,"{""goals"": 1, ""kicks"": 13, ""marks"": 5, ""behinds"": 0, ""hitouts"": 0, ""tackles"": 6, ""disposals"": 21, ""frees_for"": 2, ""handballs"": 8, ""supercoach"": 122, ""afl_fantasy"": 102, ""frees_against"": 0}",footywire
f89399078ea4037bb7d5b627,2021,9,Greater Western Sydney,Richmond,Tom Green,12770,resolved,false,false,,,"{""goals"": 1, ""kicks"": 9, ""marks"": 2, ""behinds"": 0, ""hitouts"": 0, ""tackles"": 4, ""disposals"": 24, ""frees_for"": 0, ""handballs"": 15, ""supercoach"": 71, ""afl_fantasy"": 85, ""frees_against"": 0}",footywire
f8b14ace7f4692755393cb1f,2012,11,Collingwood,Melbourne,Ben Sinclair,11996,unique,false,false,,,"{""goals"": 3, ""kicks"": 8, ""marks"": 5, ""behinds"": 0, ""hitouts"": 0, ""tackles"": 0, ""disposals"": 12, ""frees_for"": 0, ""handballs"": 4, ""supercoach"": 86, ""afl_fantasy"": 65, ""frees_against"": 0}",footywire
f926420efe74c8f17a39fbec,2018,4,Collingwood,Adelaide,Jaidyn Stephenson,12587,unique,true,false,,,"{""goals"": 5, ""kicks"": 7, ""marks"": 4, ""behinds"": 1, ""hitouts"": 0, ""tackles"": 3, ""disposals"": 13, ""frees_for"": 1, ""handballs"": 6, ""supercoach"": 115, ""afl_fantasy"": 89, ""frees_against"": 0}",footywire
f92a0f341770aa705704d988,2011,21,Western Bulldogs,Essendon,Luke Dahlhaus,11974,unique,false,false,,,"{""goals"": 2, ""kicks"": 10, ""marks"": 2, ""behinds"": 1, ""hitouts"": 0, ""tackles"": 3, ""disposals"": 19, ""frees_for"": 2, ""handballs"": 9, ""supercoach"": 85, ""afl_fantasy"": 81, ""frees_against"": 0}",footywire
f931573c2b1834e92482946e,2017,12,Carlton,Greater Western Sydney,David Cuningham,12476,unique,false,false,,,"{""goals"": 2, ""kicks"": 8, ""marks"": 5, ""behinds"": 0, ""hitouts"": 0, ""tackles"": 1, ""disposals"": 19, ""frees_for"": 0, ""handballs"": 11, ""supercoach"": 82, ""afl_fantasy"": 74, ""frees_against"": 1}",footywire
fa3091607797d4b9f3eb00a6,2021,14,Essendon,Hawthorn,Harrison Jones 1,12853,resolved,false,false,,,"{""goals"": 2, ""kicks"": 10, ""marks"": 8, ""behinds"": 1, ""hitouts"": 1, ""tackles"": 1, ""disposals"": 14, ""frees_for"": 1, ""handballs"": 4, ""supercoach"": 100, ""afl_fantasy"": 81, ""frees_against"": 0}",footywire
fa52bf88dd47a66050cce9de,2017,3,Geelong,Melbourne,Brandan Parfitt,12506,unique,false,false,,,"{""goals"": 1, ""kicks"": 8, ""marks"": 2, ""behinds"": 0, ""hitouts"": 0, ""tackles"": 5, ""disposals"": 23, ""frees_for"": 4, ""handballs"": 15, ""supercoach"": 99, ""afl_fantasy"": 90, ""frees_against"": 0}",footywire
fa6310797a7e0c36854dda4b,1996,17,North Melbourne,Melbourne,Peter Bell,486,resolved,false,false,,,"{""goals"": 4, ""kicks"": 13, ""marks"": 2, ""behinds"": 0, ""hitouts"": 0, ""tackles"": 0, ""disposals"": 23, ""handballs"": 10}",footywire
fab31360e2f1e3d74895996a,2016,10,Port Adelaide,Melbourne,Darcy Byrne Jones,12422,resolved,false,false,,,"{""goals"": 1, ""kicks"": 18, ""marks"": 8, ""behinds"": 0, ""hitouts"": 0, ""tackles"": 1, ""disposals"": 23, ""frees_for"": 4, ""handballs"": 5, ""supercoach"": 88, ""afl_fantasy"": 99, ""frees_against"": 1}",footywire
fabb9efa13af046add293f25,2023,1,North Melbourne,West Coast,Harry Sheezel,13034,unique,true,false,,,"{""goals"": 0, ""kicks"": 22, ""marks"": 9, ""behinds"": 0, ""hitouts"": 0, ""tackles"": 0, ""disposals"": 34, ""frees_for"": 1, ""handballs"": 12, ""supercoach"": 114, ""afl_fantasy"": 118, ""frees_against"": 0}",footywire
fac48b675072cf26065c4394,1996,6,Sydney,Essendon,Shannon Grant,794,unique,false,false,,,"{""goals"": 0, ""kicks"": 15, ""marks"": 3, ""behinds"": 1, ""hitouts"": 0, ""tackles"": 0, ""disposals"": 19, ""handballs"": 4}",footywire
fb4ecf38e4e146b77628ee0e,2012,9,Essendon,Greater Western Sydney,Jake Carlisle,11871,unique,false,false,,,"{""goals"": 0, ""kicks"": 8, ""marks"": 7, ""behinds"": 0, ""hitouts"": 1, ""tackles"": 2, ""disposals"": 13, ""frees_for"": 2, ""handballs"": 5, ""supercoach"": 104, ""afl_fantasy"": 66, ""frees_against"": 0}",footywire
fb6b26b1f1ce5421faa8af6b,2020,11,Melbourne,North Melbourne,Kysaiah Pickett,12771,unique,false,false,,,"{""goals"": 1, ""kicks"": 7, ""marks"": 3, ""behinds"": 2, ""hitouts"": 0, ""tackles"": 3, ""disposals"": 12, ""frees_for"": 0, ""handballs"": 5, ""supercoach"": 68, ""afl_fantasy"": 54, ""frees_against"": 2}",footywire
fbe191ef619a066fd2d7962e,2013,6,Hawthorn,Adelaide,Bradley Hill,12060,unique,false,false,,,"{""goals"": 2, ""kicks"": 10, ""marks"": 4, ""behinds"": 0, ""hitouts"": 0, ""tackles"": 2, ""disposals"": 17, ""frees_for"": 0, ""handballs"": 7, ""supercoach"": 65, ""afl_fantasy"": 73, ""frees_against"": 1}",footywire
fc45f5a450654e86e58b2d60,2024,10,Brisbane Lions,Richmond,Kai Lohmann,12968,unique,false,false,,,"{""goals"": 5, ""kicks"": 10, ""marks"": 7, ""behinds"": 1, ""hitouts"": 0, ""tackles"": 2, ""disposals"": 14, ""frees_for"": 1, ""handballs"": 4, ""supercoach"": 128, ""afl_fantasy"": 99, ""frees_against"": 0}",footywire
fc64ab24542f020440eb1de0,2006,13,Brisbane Lions,Carlton,Cheynee Stiller,4156,unique,false,false,,,"{""goals"": 1, ""kicks"": 14, ""marks"": 8, ""behinds"": 1, ""hitouts"": 0, ""tackles"": 3, ""disposals"": 28, ""frees_for"": 3, ""handballs"": 14, ""frees_against"": 0}",footywire
fcf793c54b935c2fcface0cc,2016,17,Essendon,Richmond,Orazio Fantasia,12302,unique,false,false,,,"{""goals"": 3, ""kicks"": 10, ""marks"": 2, ""behinds"": 3, ""hitouts"": 0, ""tackles"": 7, ""disposals"": 11, ""frees_for"": 1, ""handballs"": 1, ""supercoach"": 85, ""afl_fantasy"": 88, ""frees_against"": 0}",footywire
fe65938e28e6c7fcb87d6297,1996,1,Fitzroy,Hawthorn,Matthew Primus,407,unique,false,false,,,"{""goals"": 0, ""kicks"": 4, ""marks"": 1, ""behinds"": 0, ""hitouts"": 13, ""tackles"": 4, ""disposals"": 16, ""handballs"": 12}",footywire
fe799911fea618bdb7905807,2000,5,Essendon,Carlton,Adam Ramanauskas,358,unique,false,false,,,"{""goals"": 2, ""kicks"": 11, ""marks"": 3, ""behinds"": 0, ""hitouts"": 0, ""tackles"": 3, ""disposals"": 15, ""frees_for"": 1, ""handballs"": 4, ""frees_against"": 0}",footywire
fe916fdae788db649fd04ac2,1995,11,North Melbourne,Fremantle,Matthew Capuano,774,resolved,false,false,,,"{""goals"": 0, ""kicks"": 8, ""marks"": 7, ""behinds"": 0, ""hitouts"": 20, ""tackles"": 0, ""disposals"": 11, ""handballs"": 3}",footywire
fea3cf4eb2520e5772ccd084,2020,12,St Kilda,Essendon,Max King 1,12773,resolved,false,false,,,"{""goals"": 3, ""kicks"": 5, ""marks"": 6, ""behinds"": 1, ""hitouts"": 0, ""tackles"": 1, ""disposals"": 7, ""frees_for"": 0, ""handballs"": 2, ""supercoach"": 99, ""afl_fantasy"": 54, ""frees_against"": 2}",footywire
ff5443eac0358715ac9ff924,1998,12,Geelong,Melbourne,James Rahilly,599,unique,false,false,,,"{""goals"": 1, ""kicks"": 10, ""marks"": 2, ""behinds"": 0, ""hitouts"": 0, ""tackles"": 4, ""disposals"": 20, ""frees_for"": 2, ""handballs"": 10, ""frees_against"": 1}",footywire
ffa99abdc4daa906c6209b8e,2015,21,Geelong,St Kilda,Darcy Lang,12286,unique,false,false,,,"{""goals"": 0, ""kicks"": 6, ""marks"": 3, ""behinds"": 0, ""hitouts"": 0, ""tackles"": 2, ""disposals"": 16, ""frees_for"": 1, ""handballs"": 10, ""supercoach"": 70, ""afl_fantasy"": 53, ""frees_against"": 1}",footywire
ffedbb2dc97e9e668cd26e45,2005,19,Hawthorn,Brisbane Lions,Jarryd Roughead,4078,unique,false,false,,,"{""goals"": 0, ""kicks"": 12, ""marks"": 7, ""behinds"": 0, ""hitouts"": 0, ""tackles"": 0, ""disposals"": 20, ""frees_for"": 0, ""handballs"": 8, ""frees_against"": 1}",footywire
ffff6b313be109fbe215872b,2019,10,Richmond,Essendon,Liam Baker,12661,unique,false,false,,,"{""goals"": 1, ""kicks"": 15, ""marks"": 4, ""behinds"": 0, ""hitouts"": 0, ""tackles"": 9, ""disposals"": 24, ""frees_for"": 1, ""handballs"": 9, ""supercoach"": 105, ""afl_fantasy"": 112, ""frees_against"": 2}",footywire
