source_key,family_key,family_name,person_a_name,person_a_role,person_a_wikipedia,person_a_clubs,person_a_legacy,person_a_profile,person_a_link,person_a_note,person_b_name,person_b_role,person_b_wikipedia,person_b_clubs,person_b_legacy,person_b_profile,person_b_link,person_b_note,relationship_label,source_label,evidence,extraction_method,source_revision_id,also_source_keys
7215069f1948a264c78f28bb,abbott-0002,Abbott,Clarence Abbott,brother,https://en.wikipedia.org/wiki/Clarence_Abbott,"Collingwood , Carlton , Richmond , Melbourne , South Melbourne",unmatched,,unmatched,no VFL/AFL player of that name played for a listed club,Les Abbott,brother,https://en.wikipedia.org/wiki/Les_Abbott,"Collingwood , Melbourne",unique:5186,players/L/Les_Abbott.html,unique,"name, played for a listed club (collingwood, melbourne)",brothers,siblings/brothers,Clarrie and Les were brothers.,prose_rule,1365040810,
310411eece54a8dfabe8e9a4,abernethy-0003,Abernethy,Bob Abernethy,sibling,https://en.wikipedia.org/wiki/Bob_Abernethy_(footballer),Melbourne,unique:6881,players/B/Bob_Abernethy.html,unique,"name, played for a listed club (melbourne)",Jim Abernethy,sibling,https://en.wikipedia.org/wiki/Jim_Abernethy,Melbourne,unique:1474,players/J/Jim_Abernethy.html,unique,"name, played for a listed club (melbourne)",brothers,siblings/brothers,Bob and Jim were brothers.,prose_rule,1365040810,
afldb-sibling-supplement:001,ablett-0004,Ablett,Gary Ablett Jr,brother,,,,players/G/Gary_Ablett1.html,resolved,"supplement (2026-09-05): Families page entry (https://en.wikipedia.org/wiki/List_of_Australian_rules_football_families, revision 1365040810, 'Ablett'): 'Gary is the brother of Geoff and Kevin and father of Gary Jr. and Nathan' — sons of one father only, not itself brother evidence; the relationship is explicit in the players' own articles: Wikipedia 'Nathan Ablett': 'Nathan is the youngest son of Gary Ablett Sr and the younger brother of Gary Ablett Jr'; born 13 December 1985, Geelong 2005-2007 and Gold Coast 2011. Wikipedia 'Gary Ablett Jr.': 'Along with his brother Nathan, Ablett would regularly attend his father's training sessions'; born 14 May 1984, Geelong 2002-2010, Gold Coast 2011-2017, Geelong 2018-2020. AFL Tables Gary_Ablett1 (debut 2002) and Nathan_Ablett (debut 2005)",Nathan Ablett,brother,,,,players/N/Nathan_Ablett.html,resolved,"supplement (2026-09-05): Families page entry (https://en.wikipedia.org/wiki/List_of_Australian_rules_football_families, revision 1365040810, 'Ablett'): 'Gary is the brother of Geoff and Kevin and father of Gary Jr. and Nathan' — sons of one father only, not itself brother evidence; the relationship is explicit in the players' own articles: Wikipedia 'Nathan Ablett': 'Nathan is the youngest son of Gary Ablett Sr and the younger brother of Gary Ablett Jr'; born 13 December 1985, Geelong 2005-2007 and Gold Coast 2011. Wikipedia 'Gary Ablett Jr.': 'Along with his brother Nathan, Ablett would regularly attend his father's training sessions'; born 14 May 1984, Geelong 2002-2010, Gold Coast 2011-2017, Geelong 2018-2020. AFL Tables Gary_Ablett1 (debut 2002) and Nathan_Ablett (debut 2005)",brothers,supplement,"Families page entry (https://en.wikipedia.org/wiki/List_of_Australian_rules_football_families, revision 1365040810, 'Ablett'): 'Gary is the brother of Geoff and Kevin and father of Gary Jr. and Nathan' — sons of one father only, not itself brother evidence; the relationship is explicit in the players' own articles: Wikipedia 'Nathan Ablett': 'Nathan is the youngest son of Gary Ablett Sr and the younger brother of Gary Ablett Jr'; born 13 December 1985, Geelong 2005-2007 and Gold Coast 2011. Wikipedia 'Gary Ablett Jr.': 'Along with his brother Nathan, Ablett would regularly attend his father's training sessions'; born 14 May 1984, Geelong 2002-2010, Gold Coast 2011-2017, Geelong 2018-2020. AFL Tables Gary_Ablett1 (debut 2002) and Nathan_Ablett (debut 2005)",adjudication,,
17c6c9eeff2df0317827557b,ablett-0004,Ablett,Gary Ablett Sr,brother,https://en.wikipedia.org/wiki/Gary_Ablett_Sr.,Hawthorn / Geelong,resolved:567,players/G/Gary_Ablett0.html,unique,"name, sr. suffix, played for a listed club (hawthorn, geelong)",Geoff Ablett,sibling,https://en.wikipedia.org/wiki/Geoff_Ablett,"Hawthorn , Richmond / St Kilda",unique:1477,players/G/Geoff_Ablett.html,unique,"name, played for a listed club (hawthorn, richmond, st-kilda)",brothers,siblings/brothers,"Gary is the brother of Geoff and Kevin and father of Gary Jr. and Nathan, Kevin is Luke's father.",prose_rule,1365040810,
04a89a802dc5e042dd7014b0,ablett-0004,Ablett,Gary Ablett Sr,brother,https://en.wikipedia.org/wiki/Gary_Ablett_Sr.,Hawthorn / Geelong,resolved:567,players/G/Gary_Ablett0.html,unique,"name, sr. suffix, played for a listed club (hawthorn, geelong)",Kevin Ablett,sibling,https://en.wikipedia.org/wiki/Kevin_Ablett,"Hawthorn , Richmond / Geelong",unique:1476,players/K/Kevin_Ablett.html,unique,"name, played for a listed club (hawthorn, richmond, geelong)",brothers,siblings/brothers,"Gary is the brother of Geoff and Kevin and father of Gary Jr. and Nathan, Kevin is Luke's father.",prose_rule,1365040810,
81800459ecc693c182e86239,abley-0005,Abley,John Abley,sibling,https://en.wikipedia.org/wiki/John_Abley,Port Adelaide,unmatched,,unmatched,no VFL/AFL player of that name played for a listed club,Kevin Abley,sibling,https://en.wikipedia.org/wiki/Kevin_Abley,Glenelg,out_of_scope,,unmatched,listed clubs are not VFL/AFL clubs (Glenelg),brothers,siblings/brothers,John and Kevin were brothers.,prose_rule,1365040810,
3a2ec920150eb54cb6f7397f,adamson-0006,Adamson,Dave Adamson,sibling,https://en.wikipedia.org/wiki/Dave_Adamson_(Australian_footballer),South Melbourne,unique:4280,players/D/Dave_Adamson.html,unique,"name, played for a listed club (sydney)",Jack Adamson,brother,https://en.wikipedia.org/wiki/Jack_Adamson,South Melbourne,unique:4281,players/J/Jack_Adamson.html,unique,"name, played for a listed club (sydney)",brothers,siblings/brothers,Jack was the elder brother of Dave.,prose_rule,1365040810,
e18831a049a78b5c8f1bc437,ah-chee-0007,Ah Chee,Brendon Ah Chee,brother,https://en.wikipedia.org/wiki/Brendon_Ah_Chee,"Port Adelaide , West Coast",unique:12338,players/B/Brendon_Ah_Chee.html,unique,"name, played for a listed club (port-adelaide, west-coast)",Callum Ah Chee,sibling,https://en.wikipedia.org/wiki/Callum_Ah_Chee,"Gold Coast , Brisbane Lions",unique:12414,players/C/Callum_Ah_Chee.html,unique,"name, played for a listed club (gold-coast, brisbane-lions)",brothers,siblings/brothers,Brendon is the elder brother of Callum.,prose_rule,1365040810,
c33d8864f1bc04f01860db4b,ahmat-0008,Ahmat,Matthew Ahmat,sibling,https://en.wikipedia.org/wiki/Matthew_Ahmat,"Brisbane Lions , Sydney",unique:1182,players/M/Matthew_AhMat.html,unique,"name, played for a listed club (brisbane-lions, sydney)",Robert Ahmat,sibling,https://en.wikipedia.org/wiki/Robert_Ahmat,"Collingwood , Sydney",unique:239,players/R/Robert_AhMat.html,unique,"name, played for a listed club (collingwood, sydney)",brothers,siblings/brothers,Matthew and Robert are brothers.,prose_rule,1365040810,
0946b3fcc6b890f6445b5ba5,aitchison-0010,Aitchison,Ern Aitchison,sibling,https://en.wikipedia.org/wiki/Ern_Aitchison,Hawthorn,unique:7681,players/E/Ern_Aitchison.html,unique,"name, played for a listed club (hawthorn)",Jack Aitchison,sibling,https://en.wikipedia.org/wiki/Jack_Aitchison_(Australian_footballer),Hawthorn,unique:7993,players/J/Jack_Aitchison.html,unique,"name, played for a listed club (hawthorn)",brothers,siblings/brothers,Ern and Jack were brothers.,prose_rule,1365040810,
5af2193322b38dbc9d18f05e,albiston-0012,Albiston,Alec Albiston,sibling,https://en.wikipedia.org/wiki/Alec_Albiston,"Hawthorn , North Melbourne",unique:2485,players/A/Alec_Albiston.html,unique,"name, played for a listed club (hawthorn, north-melbourne)",Harold Albiston,sibling,https://en.wikipedia.org/wiki/Harold_Albiston,"Collingwood , Hawthorn",unique:2484,players/H/Harold_Albiston.html,unique,"name, played for a listed club (collingwood, hawthorn)",brothers,siblings/brothers,"Alec, Harold and Ken were brothers.",prose_rule,1365040810,
545b360a592b065029ad77b4,albiston-0012,Albiston,Alec Albiston,sibling,https://en.wikipedia.org/wiki/Alec_Albiston,"Hawthorn , North Melbourne",unique:2485,players/A/Alec_Albiston.html,unique,"name, played for a listed club (hawthorn, north-melbourne)",Ken Albiston,sibling,https://en.wikipedia.org/wiki/Ken_Albiston,"Richmond , Melbourne",unique:2486,players/K/Ken_Albiston.html,unique,"name, played for a listed club (richmond, melbourne)",brothers,siblings/brothers,"Alec, Harold and Ken were brothers.",prose_rule,1365040810,
37ceab1d4b4944f17af06e51,albiston-0012,Albiston,Harold Albiston,sibling,https://en.wikipedia.org/wiki/Harold_Albiston,"Collingwood , Hawthorn",unique:2484,players/H/Harold_Albiston.html,unique,"name, played for a listed club (collingwood, hawthorn)",Ken Albiston,sibling,https://en.wikipedia.org/wiki/Ken_Albiston,"Richmond , Melbourne",unique:2486,players/K/Ken_Albiston.html,unique,"name, played for a listed club (richmond, melbourne)",brothers,siblings/brothers,"Alec, Harold and Ken were brothers.",prose_rule,1365040810,
4c8ee1d97e5441bdd134a0a8,allen-0017,Allen,George Allen,sibling,"https://en.wikipedia.org/wiki/George_Allen_(footballer,_born_1928)",South Melbourne,unique:8925,players/G/George_Allen.html,unique,"name, played for a listed club (sydney)",Tommy Allen,sibling,https://en.wikipedia.org/wiki/Tommy_Allen_(Australian_footballer),South Melbourne,unique:8034,players/T/Tommy_Allen.html,unique,"name, played for a listed club (sydney)",brothers,siblings/brothers,George and Tommy were brothers.,prose_rule,1365040810,
87bcd9aba56d95c682d8674a,alves-0019,Alves,Mark Alves,sibling,https://en.wikipedia.org/wiki/Mark_Alves,Melbourne,unique:10899,players/M/Mark_Alves.html,unique,"name, played for a listed club (melbourne)",Stan Alves,sibling,https://en.wikipedia.org/wiki/Stan_Alves,"Melbourne , North Melbourne",unique:1485,players/S/Stan_Alves.html,unique,"name, played for a listed club (melbourne, north-melbourne)",brothers,siblings/brothers,Mark and Stan are brothers.,prose_rule,1365040810,
fab9131aa36adf55ae68019e,anderson-3-0022,Anderson (3),Jed Anderson,sibling,https://en.wikipedia.org/wiki/Jed_Anderson,"Hawthorn , North Melbourne",unique:12154,players/J/Jed_Anderson.html,unique,"name, played for a listed club (hawthorn, north-melbourne)",Joe Anderson,sibling,https://en.wikipedia.org/wiki/Joe_Anderson_(Australian_footballer),Carlton,unique:11559,players/J/Joe_Anderson.html,unique,"name, played for a listed club (carlton)",brothers,siblings/brothers,Jed and Joe are brothers,prose_rule,1365040810,
4626f51c909cf50c1e9a3f15,anderson-4-0023,Anderson (4),Bernie Anderson,sibling,https://en.wikipedia.org/wiki/Bernie_Anderson_(footballer),Richmond,unique:9834,players/B/Bernie_Anderson.html,unique,"name, played for a listed club (richmond)",Noel Anderson,sibling,https://en.wikipedia.org/wiki/Noel_Anderson_(footballer),"North Melbourne , Richmond",unique:9815,players/N/Noel_Anderson.html,unique,"name, played for a listed club (north-melbourne, richmond)",brothers,siblings/brothers,Bernie and Noel were brothers.,prose_rule,1365040810,
c5a324048a42b4d482a67fb4,armstrong-0030,Armstrong,Bert Armstrong,sibling,https://en.wikipedia.org/wiki/Bert_Armstrong,Essendon,unique:5840,players/B/Bert_Armstrong.html,unique,"name, played for a listed club (essendon)",Lou Armstrong,brother,https://en.wikipedia.org/wiki/Lou_Armstrong,Essendon,unique:5565,players/L/Lou_Armstrong.html,unique,"name, played for a listed club (essendon)",brothers,siblings/brothers,Lou was the elder brother of Bert.,prose_rule,1365040810,
2e9bec5914a2e890fbd6a7fa,atkins-2-0034,Atkins (2),Paul Atkins,twin,https://en.wikipedia.org/wiki/Paul_Atkins_(Australian_footballer),Sydney,unique:11527,players/P/Paul_Atkins.html,unique,"name, played for a listed club (sydney)",Simon Atkins,twin,https://en.wikipedia.org/wiki/Simon_Atkins_(footballer),"Footscray , Fitzroy",unique:376,players/S/Simon_Atkins.html,unique,"name, played for a listed club (western-bulldogs, fitzroy)",twin brothers,twins,Paul and Simon are twins.,prose_rule,1365040810,
df36844aa85f9869eb14c4be,atkinson-1-0035,Atkinson (1),Art Atkinson,sibling,https://en.wikipedia.org/wiki/Art_Atkinson,Melbourne,unique:4485,players/A/Art_Atkinson.html,unique,"name, played for a listed club (melbourne)",Bill Atkinson,sibling,https://en.wikipedia.org/wiki/Bill_Atkinson_(Australian_footballer),Melbourne,unique:4486,players/B/Bill_Atkinson.html,unique,"name, played for a listed club (melbourne)",brothers,siblings/brothers,Art and Bill were brothers.,prose_rule,1365040810,
f67ff328af61a2290e7c8bd5,atkinson-2-0036,Atkinson (2),Bob Atkinson,sibling,"https://en.wikipedia.org/wiki/Bob_Atkinson_(footballer,_born_1913)",Carlton,resolved:8563,players/B/Bob_Atkinson0.html,unique,"name, played for a listed club (carlton)",Ted Atkinson,sibling,https://en.wikipedia.org/wiki/Ted_Atkinson_(footballer),North Melbourne,unique:8899,players/T/Ted_Atkinson.html,unique,"name, played for a listed club (north-melbourne)",brothers,siblings/brothers,Bob and Ted were brothers.,prose_rule,1365040810,
582c42829e61b7a06bac4808,atley-0037,Atley,Joe Atley,sibling,https://en.wikipedia.org/wiki/Joe_Atley,Port Adelaide,unique:12556,players/J/Joe_Atley.html,unique,"name, played for a listed club (port-adelaide)",Shaun Atley,brother,https://en.wikipedia.org/wiki/Shaun_Atley,North Melbourne,unique:11902,players/S/Shaun_Atley.html,unique,"name, played for a listed club (north-melbourne)",brothers,siblings/brothers,Shaun is the elder brother of Joe.,prose_rule,1365040810,
e20c33d34a3aada185931e98,austen-0039,Austen,Cecil Austen,brother,https://en.wikipedia.org/wiki/Cecil_Austen,Hawthorn,unmatched,,unmatched,no VFL/AFL player of that name played for a listed club,Bob Austen,sibling,https://en.wikipedia.org/wiki/Bob_Austen,Hawthorn,unique:8547,players/B/Bob_Austen.html,unique,"name, played for a listed club (hawthorn)",brothers,siblings/brothers,"Cecil is the brother of Bob and Col, and the father of Geoff.",prose_rule,1365040810,
2b6c422cea471d182b53e9c1,austen-0039,Austen,Cecil Austen,brother,https://en.wikipedia.org/wiki/Cecil_Austen,Hawthorn,unmatched,,unmatched,no VFL/AFL player of that name played for a listed club,Col Austen,sibling,https://en.wikipedia.org/wiki/Col_Austen,"Hawthorn , Richmond",unmatched,,unmatched,no VFL/AFL player of that name played for a listed club,brothers,siblings/brothers,"Cecil is the brother of Bob and Col, and the father of Geoff.",prose_rule,1365040810,
ee85cff76e1fb7eae90d6101,baggott-0040,Baggott,Jack Baggott,sibling,https://en.wikipedia.org/wiki/Jack_Baggott,"Richmond , Essendon",unique:2505,players/J/Jack_Baggott.html,unique,"name, played for a listed club (richmond, essendon)",Ron Baggott,sibling,https://en.wikipedia.org/wiki/Ron_Baggott,Melbourne,unique:2506,players/R/Ron_Baggott.html,unique,"name, played for a listed club (melbourne)",brothers,siblings/brothers,Jack and Ron were brothers.,prose_rule,1365040810,
793eadb3d67f73c5c5268cfe,bailes-0042,Bailes,Barclay Bailes,sibling,https://en.wikipedia.org/wiki/Barclay_Bailes,"Perth , Fitzroy",unique:5263,players/B/Barclay_Bailes.html,unique,"name, played for a listed club (fitzroy)",Ernie Bailes,sibling,https://en.wikipedia.org/wiki/Ernie_Bailes,Collingwood,unique:5765,players/E/Ernie_Bailes.html,unique,"name, played for a listed club (collingwood)",brothers,siblings/brothers,Barclay and Ernie were brothers.,prose_rule,1365040810,
e7f0f874785b3c520bf160b7,baker-0044,Baker,Reg Baker,sibling,https://en.wikipedia.org/wiki/Reg_Baker,"Collingwood , Richmond",unique:2509,players/R/Reg_Baker.html,unique,"name, played for a listed club (collingwood, richmond)",Selwyn Baker,sibling,https://en.wikipedia.org/wiki/Selwyn_Baker,"Collingwood , North Melbourne",unique:2511,players/S/Selwyn_Baker.html,unique,"name, played for a listed club (collingwood, north-melbourne)",brothers,siblings/brothers,"Reg, Selwyn and Ted were brothers",prose_rule,1365040810,
2d5f04fbe547f72ee426bc31,baker-0044,Baker,Ted Baker,sibling,https://en.wikipedia.org/wiki/Ted_Baker_(footballer),"Carlton , Collingwood , Footscray , Geelong",unmatched,,unmatched,no VFL/AFL player of that name played for a listed club,Reg Baker,sibling,https://en.wikipedia.org/wiki/Reg_Baker,"Collingwood , Richmond",unique:2509,players/R/Reg_Baker.html,unique,"name, played for a listed club (collingwood, richmond)",brothers,siblings/brothers,"Reg, Selwyn and Ted were brothers",prose_rule,1365040810,
2de5b24cc912d4f9862e4a38,baker-0044,Baker,Ted Baker,sibling,https://en.wikipedia.org/wiki/Ted_Baker_(footballer),"Carlton , Collingwood , Footscray , Geelong",unmatched,,unmatched,no VFL/AFL player of that name played for a listed club,Selwyn Baker,sibling,https://en.wikipedia.org/wiki/Selwyn_Baker,"Collingwood , North Melbourne",unique:2511,players/S/Selwyn_Baker.html,unique,"name, played for a listed club (collingwood, north-melbourne)",brothers,siblings/brothers,"Reg, Selwyn and Ted were brothers",prose_rule,1365040810,
afldb-sibling-supplement:009,ball-0045,Ball,Luke Ball,brother,,,,players/L/Luke_Ball.html,resolved,"supplement (2026-09-05): Families page entry (https://en.wikipedia.org/wiki/List_of_Australian_rules_football_families, revision 1365040810, 'Ball'): 'Luke and Matthew are the sons of Ray' — sons of one father only, not itself brother evidence; the relationship is explicit in the players' own articles: Wikipedia 'Luke Ball' (born 25 May 1984, St Kilda/Collingwood 2003-2014): 'Ball is the younger brother of Hawthorn player Matthew Ball'. AFL Tables Matthew_Ball: born 1982, Hawthorn 2004-2006, 17 games",Matthew Ball,brother,,,,players/M/Matthew_Ball.html,resolved,"supplement (2026-09-05): Families page entry (https://en.wikipedia.org/wiki/List_of_Australian_rules_football_families, revision 1365040810, 'Ball'): 'Luke and Matthew are the sons of Ray' — sons of one father only, not itself brother evidence; the relationship is explicit in the players' own articles: Wikipedia 'Luke Ball' (born 25 May 1984, St Kilda/Collingwood 2003-2014): 'Ball is the younger brother of Hawthorn player Matthew Ball'. AFL Tables Matthew_Ball: born 1982, Hawthorn 2004-2006, 17 games",brothers,supplement,"Families page entry (https://en.wikipedia.org/wiki/List_of_Australian_rules_football_families, revision 1365040810, 'Ball'): 'Luke and Matthew are the sons of Ray' — sons of one father only, not itself brother evidence; the relationship is explicit in the players' own articles: Wikipedia 'Luke Ball' (born 25 May 1984, St Kilda/Collingwood 2003-2014): 'Ball is the younger brother of Hawthorn player Matthew Ball'. AFL Tables Matthew_Ball: born 1982, Hawthorn 2004-2006, 17 games",adjudication,,
93693f4a2abc7bd1a783d227,balme-0047,Balme,Craig Balme,sibling,https://en.wikipedia.org/wiki/Craig_Balme,"Richmond , Norwood",unique:11183,players/C/Craig_Balme.html,unique,"name, played for a listed club (richmond)",Neil Balme,sibling,https://en.wikipedia.org/wiki/Neil_Balme,"Subiaco , Richmond , Norwood",unique:1505,players/N/Neil_Balme.html,unique,"name, played for a listed club (richmond)",brothers,siblings/brothers,Craig and Neil are brothers.,prose_rule,1365040810,
396d044340661d0d00b66e92,banks-0048,Banks,Albert Banks,sibling,https://en.wikipedia.org/wiki/Albert_Banks,"South Fremantle , Perth",out_of_scope,,unmatched,"listed clubs are not VFL/AFL clubs (South Fremantle , Perth)",Tom Banks,sibling,https://en.wikipedia.org/wiki/Tom_Banks_(Australian_rules_footballer),Fitzroy,unique:4345,players/T/Tom_Banks.html,unique,"name, played for a listed club (fitzroy)",brothers,siblings/brothers,Albert and Tom were brothers,prose_rule,1365040810,
540445b8d2fdbea3d614ac28,bant-0049,Bant,Chris Bant,sibling,https://en.wikipedia.org/wiki/Chris_Bant,"St Kilda , Geelong",unique:5425,players/C/Chris_Bant.html,unique,"name, played for a listed club (st-kilda, geelong)",Horrie Bant,sibling,https://en.wikipedia.org/wiki/Horrie_Bant,"West Perth , St Kilda , Essendon , Subiaco",unique:5314,players/H/Horrie_Bant.html,unique,"name, played for a listed club (st-kilda, essendon)",brothers,siblings/brothers,Chris and Horrie were brothers.,prose_rule,1365040810,
95f864981438619ada3d0d3d,barham-0051,Barham,Billy Barham,sibling,https://en.wikipedia.org/wiki/Billy_Barham,Melbourne,unique:10773,players/B/Billy_Barham.html,unique,"name, played for a listed club (melbourne)",Jamie Barham,sibling,https://en.wikipedia.org/wiki/Jamie_Barham,"Melbourne , Footscray",unique:11084,players/J/Jamie_Barham.html,unique,"name, played for a listed club (melbourne, western-bulldogs)",brothers,siblings/brothers,"Billy, Jamie and Ricky are brothers.",prose_rule,1365040810,
e16135ea52e19a8f503190c0,barham-0051,Barham,Billy Barham,sibling,https://en.wikipedia.org/wiki/Billy_Barham,Melbourne,unique:10773,players/B/Billy_Barham.html,unique,"name, played for a listed club (melbourne)",Ricky Barham,sibling,https://en.wikipedia.org/wiki/Ricky_Barham,Collingwood,unique:1510,players/R/Ricky_Barham.html,unique,"name, played for a listed club (collingwood)",brothers,siblings/brothers,"Billy, Jamie and Ricky are brothers.",prose_rule,1365040810,
655ce88f907ebaaaa458147a,barham-0051,Barham,Jamie Barham,sibling,https://en.wikipedia.org/wiki/Jamie_Barham,"Melbourne , Footscray",unique:11084,players/J/Jamie_Barham.html,unique,"name, played for a listed club (melbourne, western-bulldogs)",Ricky Barham,sibling,https://en.wikipedia.org/wiki/Ricky_Barham,Collingwood,unique:1510,players/R/Ricky_Barham.html,unique,"name, played for a listed club (collingwood)",brothers,siblings/brothers,"Billy, Jamie and Ricky are brothers.",prose_rule,1365040810,
8159673c25833c6d3e235a87,barker-1-0052,Barker (1),George Barker,sibling,"https://en.wikipedia.org/wiki/George_Barker_(footballer,_born_1885)",Essendon,resolved:5053,players/G/George_Barker1.html,unique,"name, played for a listed club (essendon)",Syd Barker Sr,brother,https://en.wikipedia.org/wiki/Syd_Barker_Sr.,"Richmond , Essendon , North Melbourne",resolved:5531,players/S/Syd_Barker0.html,unique,"name, sr. suffix, played for a listed club (richmond, essendon, north-melbourne)",brothers,siblings/brothers,Syd Senior was the brother of George and the father of Syd Junior.,prose_rule,1365040810,
3451ac1d3cb9b43984ad0abb,barker-2-0053,Barker (2),George Barker,sibling,"https://en.wikipedia.org/wiki/George_Barker_(footballer,_born_1916)",Hawthorn,resolved:8279,players/G/George_Barker0.html,unique,"name, played for a listed club (hawthorn)",Jack Barker,sibling,https://en.wikipedia.org/wiki/Jack_Barker_(Australian_rules_footballer),Hawthorn,unique:2519,players/J/Jack_Barker.html,unique,"name, played for a listed club (hawthorn)",brothers,siblings/brothers,George and Jack were brothers.,prose_rule,1365040810,
01be38fe4e778e9bc5dcf602,barlow-0054,Barlow,Kris Barlow,sibling,https://en.wikipedia.org/wiki/Kris_Barlow,Hawthorn,unique:668,players/K/Kris_Barlow.html,unique,"name, played for a listed club (hawthorn)",Paul Barlow,sibling,https://en.wikipedia.org/wiki/Paul_Barlow,"Richmond , West Adelaide",unique:11399,players/P/Paul_Barlow.html,unique,"name, played for a listed club (richmond)",brothers,siblings/brothers,Kris and Paul are brothers.,prose_rule,1365040810,
4e26430602a566e7a615de26,barrot-0057,Barrot,Bill Barrot,sibling,https://en.wikipedia.org/wiki/Bill_Barrot,"Richmond , St Kilda , Carlton , West Torrens",unique:2524,players/B/Bill_Barrot.html,unique,"name, played for a listed club (richmond, st-kilda, carlton)",Wes Barrot,sibling,https://en.wikipedia.org/wiki/Wes_Barrot,"Richmond , Collingwood",unique:10740,players/W/Wes_Barrot.html,unique,"name, played for a listed club (richmond, collingwood)",brothers,siblings/brothers,Bill and Wes were brothers.,prose_rule,1365040810,
4655d0bd0b6a28f5afb2b989,barton-0058,Barton,Bill Barton,sibling,https://en.wikipedia.org/wiki/Bill_Barton_(footballer),North Melbourne,unique:9504,players/B/Bill_Barton.html,unique,"name, played for a listed club (north-melbourne)",Colin Barton,sibling,https://en.wikipedia.org/wiki/Colin_Barton,Geelong,unique:9569,players/C/Colin_Barton.html,unique,"name, played for a listed club (geelong)",brothers,siblings/brothers,"Bill, Colin and George were brothers.",prose_rule,1365040810,
baa95158a7644f8c5ead6fc6,barton-0058,Barton,Bill Barton,sibling,https://en.wikipedia.org/wiki/Bill_Barton_(footballer),North Melbourne,unique:9504,players/B/Bill_Barton.html,unique,"name, played for a listed club (north-melbourne)",George Barton,sibling,https://en.wikipedia.org/wiki/George_Barton_(footballer),Hawthorn,unique:9651,players/G/George_Barton.html,unique,"name, played for a listed club (hawthorn)",brothers,siblings/brothers,"Bill, Colin and George were brothers.",prose_rule,1365040810,
0268cca4c61bc04fb2648aba,barton-0058,Barton,Colin Barton,sibling,https://en.wikipedia.org/wiki/Colin_Barton,Geelong,unique:9569,players/C/Colin_Barton.html,unique,"name, played for a listed club (geelong)",George Barton,sibling,https://en.wikipedia.org/wiki/George_Barton_(footballer),Hawthorn,unique:9651,players/G/George_Barton.html,unique,"name, played for a listed club (hawthorn)",brothers,siblings/brothers,"Bill, Colin and George were brothers.",prose_rule,1365040810,
41ee1ad73d498a23b9afd1a9,bassett-0059,Bassett,Nathan Bassett,brother,https://en.wikipedia.org/wiki/Nathan_Bassett,Adelaide,unique:56,players/N/Nathan_Bassett.html,unique,"name, played for a listed club (adelaide)",Scott Bassett,sibling,https://en.wikipedia.org/wiki/Scott_Bassett,"Norwood , Port Adelaide , Western Bulldogs",unique:849,players/S/Scott_Bassett.html,unique,"name, played for a listed club (port-adelaide, western-bulldogs)",brothers,siblings/brothers,Nathan is the elder brother of Scott.,prose_rule,1365040810,
b8b054d812ed479d9e3284df,batty-0061,Batty,Ern Batty,sibling,https://en.wikipedia.org/wiki/Ern_Batty,Geelong,unique:4969,players/E/Ern_Batty.html,unique,"name, played for a listed club (geelong)",Les Batty,sibling,https://en.wikipedia.org/wiki/Les_Batty,"Geelong , Carlton",unique:5751,players/L/Les_Batty.html,unique,"name, played for a listed club (geelong, carlton)",brothers,siblings/brothers,Ern and Les were brothers.,prose_rule,1365040810,
439b6f4f4719ee92fe5d70d4,baxter-3-0064,Baxter (3),Bernie Baxter,sibling,https://en.wikipedia.org/wiki/Bernie_Baxter,Carlton,unique:9155,players/B/Bernie_Baxter.html,unique,"name, played for a listed club (carlton)",Bill Baxter,sibling,https://en.wikipedia.org/wiki/Bill_Baxter_(Australian_footballer),Melbourne,unique:8224,players/B/Bill_Baxter.html,unique,"name, played for a listed club (melbourne)",brothers,siblings/brothers,"Bernie, Bill and Ken were brothers.",prose_rule,1365040810,
74ab57acd6c8d1954e3abd71,baxter-3-0064,Baxter (3),Bernie Baxter,sibling,https://en.wikipedia.org/wiki/Bernie_Baxter,Carlton,unique:9155,players/B/Bernie_Baxter.html,unique,"name, played for a listed club (carlton)",Ken Baxter,sibling,https://en.wikipedia.org/wiki/Ken_Baxter_(footballer),Carlton,unique:2530,players/K/Ken_Baxter.html,unique,"name, played for a listed club (carlton)",brothers,siblings/brothers,"Bernie, Bill and Ken were brothers.",prose_rule,1365040810,
449a85d9bfe65f4e73bc4a7e,baxter-3-0064,Baxter (3),Bill Baxter,sibling,https://en.wikipedia.org/wiki/Bill_Baxter_(Australian_footballer),Melbourne,unique:8224,players/B/Bill_Baxter.html,unique,"name, played for a listed club (melbourne)",Ken Baxter,sibling,https://en.wikipedia.org/wiki/Ken_Baxter_(footballer),Carlton,unique:2530,players/K/Ken_Baxter.html,unique,"name, played for a listed club (carlton)",brothers,siblings/brothers,"Bernie, Bill and Ken were brothers.",prose_rule,1365040810,
9aae1d6a3f8aff4a26c47d17,bayes-0065,Bayes,Gavin Bayes,sibling,https://en.wikipedia.org/wiki/Gavin_Bayes,Richmond,unique:11260,players/G/Gavin_Bayes.html,unique,"name, played for a listed club (richmond)",Mark Bayes,sibling,https://en.wikipedia.org/wiki/Mark_Bayes,Sydney,unique:988,players/M/Mark_Bayes.html,unique,"name, played for a listed club (sydney)",brothers,siblings/brothers,Gavin and Mark are brothers.,prose_rule,1365040810,
046fa9e7f1bcc9c075c3bbac,beams-0066,Beams,Claye Beams,sibling,https://en.wikipedia.org/wiki/Claye_Beams,Brisbane Lions,unique:11893,players/C/Claye_Beams.html,unique,"name, played for a listed club (brisbane-lions)",Dayne Beams,sibling,https://en.wikipedia.org/wiki/Dayne_Beams,"Collingwood , Brisbane Lions",unique:11728,players/D/Dayne_Beams.html,unique,"name, played for a listed club (collingwood, brisbane-lions)",brothers,siblings/brothers,Claye and Dayne are brothers.,prose_rule,1365040810,
1004acece4b83204111aaa40,belcher-0072,Belcher,Allan Belcher,brother,https://en.wikipedia.org/wiki/Allan_Belcher,"Collingwood , Essendon",unique:5187,players/A/Allan_Belcher.html,unique,"name, played for a listed club (collingwood, essendon)",Vic Belcher,brother,https://en.wikipedia.org/wiki/Vic_Belcher,South Melbourne,unique:5438,players/V/Vic_Belcher.html,unique,"name, played for a listed club (sydney)",brothers,siblings/brothers,Alan and Vic were brothers.,prose_rule,1365040810,
c599449885d1d25a678a693b,bell-0073,Bell,Dennis Bell,sibling,https://en.wikipedia.org/wiki/Dennis_Bell_(footballer),Collingwood,unique:10016,players/D/Dennis_Bell.html,unique,"name, played for a listed club (collingwood)",John Bell,sibling,https://en.wikipedia.org/wiki/John_Bell_Jr._(footballer),Collingwood,resolved:10550,players/J/John_Bell0.html,unique,"name, played for a listed club (collingwood)",brothers,siblings/brothers,Dennis and John were brothers.,prose_rule,1365040810,
3ee2f17f85d7916b2efed591,bendle-0074,Bendle,Alby Bendle,sibling,https://en.wikipedia.org/wiki/Alby_Bendle,Geelong,unique:6856,players/A/Alby_Bendle.html,unique,"name, played for a listed club (geelong)",Bill Bendle,sibling,https://en.wikipedia.org/wiki/Bill_Bendle,Geelong,unique:6531,players/B/Bill_Bendle.html,unique,"name, played for a listed club (geelong)",brothers,siblings/brothers,Alby and Bill were brothers.,prose_rule,1365040810,
06ef8cff6fa12b03c45c2d06,berry-0076,Berry,Jarrod Berry,brother,https://en.wikipedia.org/wiki/Jarrod_Berry,Brisbane Lions,unique:12519,players/J/Jarrod_Berry.html,unique,"name, played for a listed club (brisbane-lions)",Tom Berry,brother,https://en.wikipedia.org/wiki/Tom_Berry_(Australian_footballer),"Brisbane Lions , Gold Coast",unique:12780,players/T/Tom_Berry.html,unique,"name, played for a listed club (brisbane-lions, gold-coast)",brothers,siblings/brothers,Jarrod and Thomas are brothers.,prose_rule,1365040810,
bcd58f8e8249215a12ce276e,besanko-0077,Besanko,Barry Besanko,sibling,https://en.wikipedia.org/wiki/Barry_Besanko,Essendon,unique:11045,players/B/Barry_Besanko.html,unique,"name, played for a listed club (essendon)",Neil Besanko,sibling,https://en.wikipedia.org/wiki/Neil_Besanko,"St Kilda , Essendon",unique:1526,players/N/Neil_Besanko.html,unique,"name, played for a listed club (st-kilda, essendon)",brothers,siblings/brothers,Barry and Neil are brothers.,prose_rule,1365040810,
f1757aba79a316a1e4780fcf,bewick-0079,Bewick,Corey Bewick,sibling,,West Perth,out_of_scope,,unmatched,listed clubs are not VFL/AFL clubs (West Perth),Darren Bewick,sibling,https://en.wikipedia.org/wiki/Darren_Bewick,"Essendon , West Perth",unique:311,players/D/Darren_Bewick.html,unique,"name, played for a listed club (essendon)",brothers,siblings/brothers,"Darren and Corey are brothers, Rohan and Shaun are Corey's identical twin sons.",prose_rule,1365040810,
c9a94baeb3bd26044387c08c,bickford-0081,Bickford,Albert Bickford,sibling,https://en.wikipedia.org/wiki/Albert_Bickford,"Carlton , Melbourne",unique:5387,players/A/Albert_Bickford.html,unique,"name, played for a listed club (carlton, melbourne)",Edric Bickford,sibling,https://en.wikipedia.org/wiki/Edric_Bickford,"Essendon , Carlton",unique:6065,players/E/Edric_Bickford.html,unique,"name, played for a listed club (essendon, carlton)",brothers,siblings/brothers,Albert and Edric were brothers.,prose_rule,1365040810,
e4b29e4ab8d556b063e5bc1e,blake-2-0084,Blake (2),George Blake,sibling,https://en.wikipedia.org/wiki/George_Blake_(athlete),"St Kilda , Carlton",unique:4243,players/G/George_Blake.html,unique,"name, played for a listed club (st-kilda, carlton)",Mick Blake,sibling,https://en.wikipedia.org/wiki/Mick_Blake,St Kilda,unique:4244,players/M/Mick_Blake.html,unique,"name, played for a listed club (st-kilda)",brothers,siblings/brothers,"Tom, George and Mick were all brothers.",prose_rule,1365040810,
6774af6b9b1f1d72788a980b,blake-2-0084,Blake (2),George Blake,sibling,https://en.wikipedia.org/wiki/George_Blake_(athlete),"St Kilda , Carlton",unique:4243,players/G/George_Blake.html,unique,"name, played for a listed club (st-kilda, carlton)",Tom Blake,sibling,https://en.wikipedia.org/wiki/Tom_Blake_(footballer),"Carlton , St Kilda",unique:4419,players/T/Tom_Blake.html,unique,"name, played for a listed club (carlton, st-kilda)",brothers,siblings/brothers,"Tom, George and Mick were all brothers.",prose_rule,1365040810,
58727f6ed5ccf900101579ea,blake-2-0084,Blake (2),Mick Blake,sibling,https://en.wikipedia.org/wiki/Mick_Blake,St Kilda,unique:4244,players/M/Mick_Blake.html,unique,"name, played for a listed club (st-kilda)",Tom Blake,sibling,https://en.wikipedia.org/wiki/Tom_Blake_(footballer),"Carlton , St Kilda",unique:4419,players/T/Tom_Blake.html,unique,"name, played for a listed club (carlton, st-kilda)",brothers,siblings/brothers,"Tom, George and Mick were all brothers.",prose_rule,1365040810,
c1e5eb11678fc1c96740b971,bond-0089,Bond,Shane Bond,sibling,https://en.wikipedia.org/wiki/Shane_Bond_(Australian_rules_footballer),"West Coast , Port Adelaide",resolved:816,players/S/Shane_Bond0.html,unique,"name, played for a listed club (west-coast, port-adelaide)",Troy Bond,sibling,https://en.wikipedia.org/wiki/Troy_Bond,"Port Adelaide , Carlton , Adelaide",unique:37,players/T/Troy_Bond.html,unique,"name, played for a listed club (port-adelaide, carlton, adelaide)",brothers,siblings/brothers,Shane and Troy are brothers.,prose_rule,1365040810,
66f8e2ae2c6abb1183e2a8ca,bourke-1-0093,Bourke (1),Damian Bourke,sibling,https://en.wikipedia.org/wiki/Damian_Bourke,"Geelong , Brisbane Bears",unique:109,players/D/Damian_Bourke.html,unique,"name, played for a listed club (geelong, brisbane-bears)",Tim Bourke,sibling,https://en.wikipedia.org/wiki/Tim_Bourke_(footballer),Geelong,unique:11442,players/T/Tim_Bourke.html,unique,"name, played for a listed club (geelong)",brothers,siblings/brothers,Damian and Tim are brothers and Damian is the father of Jordon.,prose_rule,1365040810,
358071f1e5c950b4cac36d83,bower-0097,Bower,Brendan Bower,brother,https://en.wikipedia.org/wiki/Brendan_Bower,"Richmond , Essendon , North Melbourne",unique:4019,players/B/Brendan_Bower.html,unique,"name, played for a listed club (richmond, essendon, north-melbourne)",Darren Bower,sibling,https://en.wikipedia.org/wiki/Darren_Bower,Richmond,unique:11345,players/D/Darren_Bower.html,unique,"name, played for a listed club (richmond)",brothers,siblings/brothers,Brendan is the elder brother of Darren and Nathan.,prose_rule,1365040810,
74ef487ff99a2ea1cf4a900b,bower-0097,Bower,Brendan Bower,brother,https://en.wikipedia.org/wiki/Brendan_Bower,"Richmond , Essendon , North Melbourne",unique:4019,players/B/Brendan_Bower.html,unique,"name, played for a listed club (richmond, essendon, north-melbourne)",Nathan Bower,sibling,https://en.wikipedia.org/wiki/Nathan_Bower,Richmond,unique:875,players/N/Nathan_Bower.html,unique,"name, played for a listed club (richmond)",brothers,siblings/brothers,Brendan is the elder brother of Darren and Nathan.,prose_rule,1365040810,
b63a67b8e20cfd361498c7ad,braddy-0101,Braddy,Craig Braddy,brother,https://en.wikipedia.org/wiki/Craig_Braddy,"Fitzroy , Sydney",unique:11059,players/C/Craig_Braddy.html,unique,"name, played for a listed club (fitzroy, sydney)",Shane Braddy,sibling,https://en.wikipedia.org/wiki/Shane_Braddy,Melbourne,unique:11085,players/S/Shane_Braddy.html,unique,"name, played for a listed club (melbourne)",brothers,siblings/brothers,Craig is the elder brother of Shane.,prose_rule,1365040810,
cf274427ceadb3df8d1f2525,bradley-0102,Bradley,Rupe Bradley,sibling,https://en.wikipedia.org/wiki/Rupe_Bradley,"Carlton , Fitzroy",unique:5178,players/R/Rupe_Bradley.html,unique,"name, played for a listed club (carlton, fitzroy)",Syd Bradley,sibling,https://en.wikipedia.org/wiki/Syd_Bradley,St Kilda,unique:5658,players/S/Syd_Bradley.html,unique,"name, played for a listed club (st-kilda)",brothers,siblings/brothers,Rupe and Syd were brothers.,prose_rule,1365040810,
c3b9a141497142cbecc11c3f,bradshaw-0103,Bradshaw,Daniel Bradshaw,brother,https://en.wikipedia.org/wiki/Daniel_Bradshaw,"Brisbane Bears , Brisbane Lions , Sydney",unique:134,players/D/Daniel_Bradshaw.html,unique,"name, played for a listed club (brisbane-bears, brisbane-lions, sydney)",Darren Bradshaw,sibling,https://en.wikipedia.org/wiki/Darren_Bradshaw_(Australian_footballer),Brisbane Lions,unique:1207,players/D/Darren_Bradshaw.html,unique,"name, played for a listed club (brisbane-lions)",brothers,siblings/brothers,Daniel is the elder brother of Darren.,prose_rule,1365040810,
0d6376c49a107e2405faf44d,brady-0104,Brady,Campbell Brady,sibling,https://en.wikipedia.org/wiki/Campbell_Brady,Melbourne,unique:6122,players/C/Campbell_Brady.html,unique,"name, played for a listed club (melbourne)",Laurie Brady,sibling,https://en.wikipedia.org/wiki/Laurie_Brady,Melbourne,unique:6123,players/L/Laurie_Brady.html,unique,"name, played for a listed club (melbourne)",brothers,siblings/brothers,Campbell and Laurie were brothers.,prose_rule,1365040810,
afldb-sibling-supplement:002,brayshaw-0106,Brayshaw,Andrew Brayshaw,brother,,,,players/A/Andrew_Brayshaw.html,resolved,"supplement (2026-09-05): Families page entry (https://en.wikipedia.org/wiki/List_of_Australian_rules_football_families, revision 1365040810, 'Brayshaw'): 'Ian is the father of Mark, who is the father of Angus, Hamish and Andrew' — sons of one father only, not itself brother evidence; the relationship is explicit in the players' own articles: Wikipedia 'Angus Brayshaw' (born 9 January 1996, Melbourne 2015-2023): 'His younger brother, Andrew, plays for Fremantle'. AFL Tables Andrew_Brayshaw: born 1999, Fremantle debut 2018",Angus Brayshaw,brother,,,,players/A/Angus_Brayshaw.html,resolved,"supplement (2026-09-05): Families page entry (https://en.wikipedia.org/wiki/List_of_Australian_rules_football_families, revision 1365040810, 'Brayshaw'): 'Ian is the father of Mark, who is the father of Angus, Hamish and Andrew' — sons of one father only, not itself brother evidence; the relationship is explicit in the players' own articles: Wikipedia 'Angus Brayshaw' (born 9 January 1996, Melbourne 2015-2023): 'His younger brother, Andrew, plays for Fremantle'. AFL Tables Andrew_Brayshaw: born 1999, Fremantle debut 2018",brothers,supplement,"Families page entry (https://en.wikipedia.org/wiki/List_of_Australian_rules_football_families, revision 1365040810, 'Brayshaw'): 'Ian is the father of Mark, who is the father of Angus, Hamish and Andrew' — sons of one father only, not itself brother evidence; the relationship is explicit in the players' own articles: Wikipedia 'Angus Brayshaw' (born 9 January 1996, Melbourne 2015-2023): 'His younger brother, Andrew, plays for Fremantle'. AFL Tables Andrew_Brayshaw: born 1999, Fremantle debut 2018",adjudication,,
afldb-sibling-supplement:003,brayshaw-0106,Brayshaw,Angus Brayshaw,brother,,,,players/A/Angus_Brayshaw.html,resolved,"supplement (2026-09-05): Families page entry (https://en.wikipedia.org/wiki/List_of_Australian_rules_football_families, revision 1365040810, 'Brayshaw'): 'Ian is the father of Mark, who is the father of Angus, Hamish and Andrew' — sons of one father only, not itself brother evidence; the relationship is explicit in the players' own articles: Wikipedia 'Angus Brayshaw': 'his other younger brother, Hamish Brayshaw, used to play for West Coast Eagles'. AFL Tables Hamish_Brayshaw: born 1998, West Coast 2020, 1 game",Hamish Brayshaw,brother,,,,players/H/Hamish_Brayshaw.html,resolved,"supplement (2026-09-05): Families page entry (https://en.wikipedia.org/wiki/List_of_Australian_rules_football_families, revision 1365040810, 'Brayshaw'): 'Ian is the father of Mark, who is the father of Angus, Hamish and Andrew' — sons of one father only, not itself brother evidence; the relationship is explicit in the players' own articles: Wikipedia 'Angus Brayshaw': 'his other younger brother, Hamish Brayshaw, used to play for West Coast Eagles'. AFL Tables Hamish_Brayshaw: born 1998, West Coast 2020, 1 game",brothers,supplement,"Families page entry (https://en.wikipedia.org/wiki/List_of_Australian_rules_football_families, revision 1365040810, 'Brayshaw'): 'Ian is the father of Mark, who is the father of Angus, Hamish and Andrew' — sons of one father only, not itself brother evidence; the relationship is explicit in the players' own articles: Wikipedia 'Angus Brayshaw': 'his other younger brother, Hamish Brayshaw, used to play for West Coast Eagles'. AFL Tables Hamish_Brayshaw: born 1998, West Coast 2020, 1 game",adjudication,,
d16daca794e6370699382cdc,brewer-0109,Brewer,Ian Brewer,brother,https://en.wikipedia.org/wiki/Ian_Brewer,"Collingwood , Claremont , Norwood",unique:2594,players/I/Ian_Brewer.html,unique,"name, played for a listed club (collingwood)",Ross Brewer,sibling,https://en.wikipedia.org/wiki/Ross_Brewer,"Melbourne , Collingwood , Richmond",unique:1549,players/R/Ross_Brewer.html,unique,"name, played for a listed club (melbourne, collingwood, richmond)",brothers,siblings/brothers,Ian is the elder brother of Ross,prose_rule,1365040810,
5c248de111274620a25ccc50,briedis-0110,Briedis,Arnold Briedis,sibling,https://en.wikipedia.org/wiki/Arnold_Briedis,North Melbourne,unique:1553,players/A/Arnold_Briedis.html,unique,"name, played for a listed club (north-melbourne)",Robert Briedis,sibling,https://en.wikipedia.org/wiki/Robert_Briedis,North Melbourne,unique:10862,players/R/Robert_Briedis.html,unique,"name, played for a listed club (north-melbourne)",brothers,siblings/brothers,Arnold and Robert are brothers.,prose_rule,1365040810,
f613e2dc845df8a02841af45,brittain-0111,Brittain,Wayne Brittain,brother,https://en.wikipedia.org/wiki/Wayne_Brittain,Carlton coach,unmatched,,unmatched,listed clubs are not VFL/AFL clubs (Carlton coach),Craig Brittain,sibling,https://en.wikipedia.org/wiki/Craig_Brittain,North Melbourne,unique:11207,players/C/Craig_Brittain.html,unique,"name, played for a listed club (north-melbourne)",brothers,siblings/brothers,Wayne is the elder brother of Craig.,prose_rule,1365040810,
d09f4935749620f604558c94,brooksby-0113,Brooksby,Graham Brooksby,sibling,,,unmatched,,unmatched,no VFL/AFL player of that name,Phil Brooksby,sibling,,,unmatched,,unmatched,no VFL/AFL player of that name,brothers,siblings/brothers,Phil and Graham are brothers and Phil is the father of Keegan.,prose_rule,1365040810,
be20f3b38b473eed0d524289,brophy-0114,Brophy,Bernie Brophy,sibling,https://en.wikipedia.org/wiki/Bernie_Brophy_(footballer),Fitzroy,unique:5738,players/B/Bernie_Brophy.html,unique,"name, played for a listed club (fitzroy)",Frank Brophy,sibling,https://en.wikipedia.org/wiki/Frank_Brophy_(footballer),Fitzroy,unique:4957,players/F/Frank_Brophy.html,unique,"name, played for a listed club (fitzroy)",brothers,siblings/brothers,"Bernie, Frank and Joe were brothers.",prose_rule,1365040810,
b77e64e9979ba0b9587e1b5f,brophy-0114,Brophy,Bernie Brophy,sibling,https://en.wikipedia.org/wiki/Bernie_Brophy_(footballer),Fitzroy,unique:5738,players/B/Bernie_Brophy.html,unique,"name, played for a listed club (fitzroy)",Joe Brophy,sibling,https://en.wikipedia.org/wiki/Joe_Brophy,Fitzroy,unique:5857,players/J/Joe_Brophy.html,unique,"name, played for a listed club (fitzroy)",brothers,siblings/brothers,"Bernie, Frank and Joe were brothers.",prose_rule,1365040810,
21d3522acc8001dbfd5df97e,brophy-0114,Brophy,Frank Brophy,sibling,https://en.wikipedia.org/wiki/Frank_Brophy_(footballer),Fitzroy,unique:4957,players/F/Frank_Brophy.html,unique,"name, played for a listed club (fitzroy)",Joe Brophy,sibling,https://en.wikipedia.org/wiki/Joe_Brophy,Fitzroy,unique:5857,players/J/Joe_Brophy.html,unique,"name, played for a listed club (fitzroy)",brothers,siblings/brothers,"Bernie, Frank and Joe were brothers.",prose_rule,1365040810,
9fc5f587c37b97271bf13df3,brown-3-0117,Brown (3),Jack Brown,sibling,https://en.wikipedia.org/wiki/Jack_Brown_(Australian_footballer),St Kilda,unique:5659,players/J/Jack_Brown.html,unique,"name, played for a listed club (st-kilda)",Ted Brown,sibling,https://en.wikipedia.org/wiki/Ted_Brown_(Australian_footballer),"St Kilda , Carlton",unique:5908,players/T/Ted_Brown.html,unique,"name, played for a listed club (st-kilda, carlton)",brothers,siblings/brothers,Jack and Ted were brothers and Ted was the father of Vin and John.,prose_rule,1365040810,
c7f3584272a3285b34b25ef1,browne-3-0124,Browne (3),Mark Browne,sibling,https://en.wikipedia.org/wiki/Mark_Browne_(footballer),Geelong,unique:2326,players/M/Mark_Browne.html,unique,"name, played for a listed club (geelong)",Ricky Browne,sibling,https://en.wikipedia.org/wiki/Ricky_Browne,Geelong,unique:3002,players/R/Ricky_Browne.html,unique,"name, played for a listed club (geelong)",brothers,siblings/brothers,Mark and Ricky are brothers.,prose_rule,1365040810,
746b44f2c66940684d516626,brownlees-0126,Brownlees,Rupe Brownlees,sibling,https://en.wikipedia.org/wiki/Rupe_Brownlees,Geelong,unique:5606,players/R/Rupe_Brownlees.html,unique,"name, played for a listed club (geelong)",Tom Brownlees,sibling,https://en.wikipedia.org/wiki/Tom_Brownlees,Geelong,unique:6191,players/T/Tom_Brownlees.html,unique,"name, played for a listed club (geelong)",brothers,siblings/brothers,Rupe and Tom were brothers.,prose_rule,1365040810,
13ac6ada213a7fa2e8d1daf9,brownless-0127,Brownless,Anson Brownless,sibling,,Sydney,unmatched,,unmatched,no VFL/AFL player of that name played for a listed club,Billy Brownless,sibling,https://en.wikipedia.org/wiki/Billy_Brownless,Geelong,unmatched,,unmatched,no VFL/AFL player of that name played for a listed club,brothers,siblings/brothers,"Anson, Billy and Blair are brothers and Oscar Luke is Billy's son.",prose_rule,1365040810,
c261a472c6609d7c42b4808c,brownless-0127,Brownless,Anson Brownless,sibling,,Sydney,unmatched,,unmatched,no VFL/AFL player of that name played for a listed club,Blair Brownless,sibling,,Collingwood,unmatched,,unmatched,no VFL/AFL player of that name played for a listed club,brothers,siblings/brothers,"Anson, Billy and Blair are brothers and Oscar Luke is Billy's son.",prose_rule,1365040810,
52051c8d041f20125fcf1f90,brownless-0127,Brownless,Billy Brownless,sibling,https://en.wikipedia.org/wiki/Billy_Brownless,Geelong,unmatched,,unmatched,no VFL/AFL player of that name played for a listed club,Blair Brownless,sibling,,Collingwood,unmatched,,unmatched,no VFL/AFL player of that name played for a listed club,brothers,siblings/brothers,"Anson, Billy and Blair are brothers and Oscar Luke is Billy's son.",prose_rule,1365040810,
e021449b38e626991dcdb8a4,bruce-0128,Bruce,Jim Bruce,sibling,,West Adelaide,out_of_scope,,unmatched,listed clubs are not VFL/AFL clubs (West Adelaide),George Bruce,sibling,https://en.wikipedia.org/wiki/George_Bruce_(footballer),"Carlton , West Adelaide",unique:5082,players/G/George_Bruce.html,unique,"name, played for a listed club (carlton)",brothers,siblings/brothers,"George, Jim and Percy were brothers.",prose_rule,1365040810,
f310deecb29c3e2fe767095b,bruce-0128,Bruce,Jim Bruce,sibling,,West Adelaide,out_of_scope,,unmatched,listed clubs are not VFL/AFL clubs (West Adelaide),Percy Bruce,sibling,,West Adelaide,out_of_scope,,unmatched,listed clubs are not VFL/AFL clubs (West Adelaide),brothers,siblings/brothers,"George, Jim and Percy were brothers.",prose_rule,1365040810,
544a50de78b32c1a96334364,bruce-0128,Bruce,Percy Bruce,sibling,,West Adelaide,out_of_scope,,unmatched,listed clubs are not VFL/AFL clubs (West Adelaide),George Bruce,sibling,https://en.wikipedia.org/wiki/George_Bruce_(footballer),"Carlton , West Adelaide",unique:5082,players/G/George_Bruce.html,unique,"name, played for a listed club (carlton)",brothers,siblings/brothers,"George, Jim and Percy were brothers.",prose_rule,1365040810,
afldb-sibling-supplement:010,burgoyne-0138,Burgoyne,Peter Burgoyne,brother,,,,players/P/Peter_Burgoyne.html,resolved,"supplement (2026-09-05): Families page entry (https://en.wikipedia.org/wiki/List_of_Australian_rules_football_families, revision 1365040810, 'Burgoyne'): 'Peter (Snr.) is the father of Peter and Shaun' — sons of one father only, not itself brother evidence; the relationship is explicit in the players' own articles: Wikipedia 'Peter Burgoyne' (born 29 January 1978, Port Adelaide 1997-2009): 'He is the elder brother of former Hawthorn and Port Adelaide player, Shaun Burgoyne'. AFL Tables Shaun_Burgoyne: born 1982, Port Adelaide/Hawthorn 2002-2021",Shaun Burgoyne,brother,,,,players/S/Shaun_Burgoyne.html,resolved,"supplement (2026-09-05): Families page entry (https://en.wikipedia.org/wiki/List_of_Australian_rules_football_families, revision 1365040810, 'Burgoyne'): 'Peter (Snr.) is the father of Peter and Shaun' — sons of one father only, not itself brother evidence; the relationship is explicit in the players' own articles: Wikipedia 'Peter Burgoyne' (born 29 January 1978, Port Adelaide 1997-2009): 'He is the elder brother of former Hawthorn and Port Adelaide player, Shaun Burgoyne'. AFL Tables Shaun_Burgoyne: born 1982, Port Adelaide/Hawthorn 2002-2021",brothers,supplement,"Families page entry (https://en.wikipedia.org/wiki/List_of_Australian_rules_football_families, revision 1365040810, 'Burgoyne'): 'Peter (Snr.) is the father of Peter and Shaun' — sons of one father only, not itself brother evidence; the relationship is explicit in the players' own articles: Wikipedia 'Peter Burgoyne' (born 29 January 1978, Port Adelaide 1997-2009): 'He is the elder brother of former Hawthorn and Port Adelaide player, Shaun Burgoyne'. AFL Tables Shaun_Burgoyne: born 1982, Port Adelaide/Hawthorn 2002-2021",adjudication,,
1bf6c770565232bde0b0e5ce,burleigh-0141,Burleigh,Gordon Burleigh,sibling,https://en.wikipedia.org/wiki/Gordon_Burleigh,Geelong,unique:6297,players/G/Gordon_Burleigh.html,unique,"name, played for a listed club (geelong)",Wal Burleigh,sibling,https://en.wikipedia.org/wiki/Wal_Burleigh,Collingwood,unique:5767,players/W/Wal_Burleigh.html,unique,"name, played for a listed club (collingwood)",brothers,siblings/brothers,Gordon and Wal were brothers.,prose_rule,1365040810,
d22829bfe095d440cbb68768,burns-0142,Burns,Allen Burns,sibling,https://en.wikipedia.org/wiki/Allen_Burns_(footballer),South Melbourne,unique:4283,players/A/Allen_Burns.html,unique,"name, played for a listed club (sydney)",Peter Burns,sibling,"https://en.wikipedia.org/wiki/Peter_Burns_(footballer,_born_1866)","Geelong , South Melbourne",resolved:4384,players/P/Peter_Burns0.html,unique,"name, played for a listed club (geelong, sydney)",brothers,siblings/brothers,Allen and Peter were brothers.,prose_rule,1365040810,
94fa34f46034a71e1d36ba20,busbridge-0144,Busbridge,Bill Busbridge,sibling,https://en.wikipedia.org/wiki/Bill_Busbridge,Essendon,unique:5146,players/B/Bill_Busbridge.html,unique,"name, played for a listed club (essendon)",Norm Busbridge,sibling,https://en.wikipedia.org/wiki/Norm_Busbridge,Essendon,unique:5451,players/N/Norm_Busbridge.html,unique,"name, played for a listed club (essendon)",brothers,siblings/brothers,Bill and Norm were brothers.,prose_rule,1365040810,
4de669c8b336c5ab784302aa,butler-1-0145,Butler (1),Archie Butler,sibling,https://en.wikipedia.org/wiki/Archie_Butler_(footballer),,unique:5036,players/A/Archie_Butler.html,unique,name,Charlie Butler,sibling,https://en.wikipedia.org/wiki/Charlie_Butler_(Australian_footballer),,unique:5037,players/C/Charlie_Butler.html,unique,name,brothers,siblings/brothers,Archie and Charlie were brothers.,prose_rule,1365040810,
0e03d09086e0fd6865c7d116,butler-2-0146,Butler (2),Dan Butler,brother,https://en.wikipedia.org/wiki/Dan_Butler_(Australian_footballer),,unique:12490,players/D/Dan_Butler.html,unique,name,Sam Butler,sibling,"https://en.wikipedia.org/wiki/Sam_Butler_(footballer,_born_2003)",,ambiguous,players/S/Sam_Butler1.html,unique,"name, Wikipedia title birth year 2003",brothers,siblings/brothers,Dan is the older brother of Sam.,prose_rule,1365040810,
9d3eb7e5b24cb4082fd4ac40,button-martin-0148,Button/Martin,Hannah Button,sister,https://en.wikipedia.org/wiki/Hannah_Button,,unmatched,,unmatched,no VFL/AFL player of that name,Rachelle Martin,sibling,https://en.wikipedia.org/wiki/Rachelle_Martin,,unmatched,,unmatched,no VFL/AFL player of that name,sisters,siblings,Hannah is the older sister of Rachelle.,prose_rule,1365040810,
d890b0c19c7f7fb9948fd8db,buttsworth-0147,Buttsworth,Fred Buttsworth,sibling,https://en.wikipedia.org/wiki/Fred_Buttsworth,,unique:8846,players/F/Fred_Buttsworth.html,unique,name,Wally Buttsworth,brother,https://en.wikipedia.org/wiki/Wally_Buttsworth,,unique:2625,players/W/Wally_Buttsworth.html,unique,name,brothers,siblings/brothers,Wally is the elder brother of Fred,prose_rule,1365040810,
7f1fb7a62053d6f3d4408c86,byrne-1-0149,Byrne (1),Bill Byrne,sibling,"https://en.wikipedia.org/wiki/Bill_Byrne_(footballer,_born_1896)",,ambiguous,players/B/Bill_Byrne0.html,unique,"name, Wikipedia title birth year 1896",Charlie Byrne,brother,https://en.wikipedia.org/wiki/Charlie_Byrne_(Australian_footballer),,unique:6403,players/C/Charlie_Byrne.html,unique,name,brothers,siblings/brothers,Charlie is the older brother of Bill,prose_rule,1365040810,
e078ea5317b7e03baf31c58c,byrne-2-0150,Byrne (2),Alex Byrne,sibling,https://en.wikipedia.org/wiki/Alex_Byrne_(Australian_footballer),,unique:7490,players/A/Alex_Byrne.html,unique,name,Rex Byrne,sibling,https://en.wikipedia.org/wiki/Rex_Byrne,,unique:7904,players/R/Rex_Byrne.html,unique,name,brothers,siblings/brothers,"Alex, Rex and Tom were brothers.",prose_rule,1365040810,
e5f16550e5cb99a59cb08eb3,byrne-2-0150,Byrne (2),Alex Byrne,sibling,https://en.wikipedia.org/wiki/Alex_Byrne_(Australian_footballer),,unique:7490,players/A/Alex_Byrne.html,unique,name,Tom Byrne,sibling,https://en.wikipedia.org/wiki/Tom_Byrne,,unique:2626,players/T/Tom_Byrne.html,unique,name,brothers,siblings/brothers,"Alex, Rex and Tom were brothers.",prose_rule,1365040810,
560226358edcc9c1bcd78939,byrne-2-0150,Byrne (2),Rex Byrne,sibling,https://en.wikipedia.org/wiki/Rex_Byrne,,unique:7904,players/R/Rex_Byrne.html,unique,name,Tom Byrne,sibling,https://en.wikipedia.org/wiki/Tom_Byrne,,unique:2626,players/T/Tom_Byrne.html,unique,name,brothers,siblings/brothers,"Alex, Rex and Tom were brothers.",prose_rule,1365040810,
7f4772666c3bf55ecc7fb82b,cahill-2-0153,Cahill (2),Pat Cahill,sibling,https://en.wikipedia.org/wiki/Pat_Cahill_(footballer),,unique:8255,players/P/Pat_Cahill.html,unique,name,Ted Cahill,sibling,https://en.wikipedia.org/wiki/Ted_Cahill_(Australian_footballer),,unique:7287,players/T/Ted_Cahill.html,unique,name,brothers,siblings/brothers,Pat and Ted were brothers.,prose_rule,1365040810,
936796ccd8b3737d2a7b4422,caldwell-0155,Caldwell,Arthur Caldwell,brother,https://en.wikipedia.org/wiki/Arthur_Caldwell_(Australian_footballer),,unique:5660,players/A/Arthur_Caldwell.html,unique,name,Jim Caldwell,sibling,https://en.wikipedia.org/wiki/Jim_Caldwell_(footballer),,unique:5710,players/J/Jim_Caldwell.html,unique,name,brothers,siblings/brothers,Arthur was the elder brother of Jim.,prose_rule,1365040810,
1ff8c117afc0e90dbf8f03d4,calverley-0156,Calverley,Bruce Calverley,sibling,https://en.wikipedia.org/wiki/Bruce_Calverley,,unique:2630,players/B/Bruce_Calverley.html,unique,name,Des Calverley,brother,https://en.wikipedia.org/wiki/Des_Calverley,,unique:2631,players/D/Des_Calverley.html,unique,name,brothers,siblings/brothers,Des is the brother of Bruce and the father of Graham and Ray.,prose_rule,1365040810,
54d59e988d2f8e732fc705d9,calverley-0156,Calverley,Graham Calverley,brother,https://en.wikipedia.org/wiki/Graham_Calverley,,unique:10253,players/G/Graham_Calverley.html,unique,name,Ray Calverley,sibling,https://en.wikipedia.org/wiki/Ray_Calverley,,unique:10254,players/R/Ray_Calverley.html,unique,name,brothers,siblings/brothers,Graham is the elder brother of Ray.,prose_rule,1365040810,
6eca0fcf2774860c668c0b3e,cameron-2-0159,Cameron (2),Charlie Cameron,brother,"https://en.wikipedia.org/wiki/Charlie_Cameron_(footballer,_born_1994)",,ambiguous,players/C/Charlie_Cameron3.html,unique,"name, Wikipedia title birth year 1994",Jarrod Cameron,sibling,https://en.wikipedia.org/wiki/Jarrod_Cameron,,unique:12736,players/J/Jarrod_Cameron.html,unique,name,brothers,siblings/brothers,Charlie is the older brother of Jarrod.,prose_rule,1365040810,
17ddb824ff7374a04f8bbc1c,campbell-2-0161,Campbell (2),Colin Campbell,sibling,"https://en.wikipedia.org/wiki/Colin_Campbell_(footballer,_born_1918)",,ambiguous,players/C/Colin_Campbell0.html,unique,"name, Wikipedia title birth year 1918",Norm Campbell,sibling,https://en.wikipedia.org/wiki/Norm_Campbell_(footballer),,unique:2636,players/N/Norm_Campbell.html,unique,name,brothers,siblings/brothers,Colin and Norm were brothers.,prose_rule,1365040810,
16b3ab6194480e33c34d765d,carr-0167,Carr,Josh Carr,sibling,https://en.wikipedia.org/wiki/Josh_Carr,,unique:851,players/J/Josh_Carr.html,unique,name,Matthew Carr,sibling,https://en.wikipedia.org/wiki/Matthew_Carr,,unique:548,players/M/Matthew_Carr.html,unique,name,brothers,siblings/brothers,"Josh and Matthew are brothers, Matthew is Jaren's father.",prose_rule,1365040810,
474beae004049c28ba25079d,carroll-1-0168,Carroll (1),Nathan Carroll,sibling,https://en.wikipedia.org/wiki/Nathan_Carroll_(footballer),,unique:1442,players/N/Nathan_Carroll.html,unique,name,Trent Carroll,brother,https://en.wikipedia.org/wiki/Trent_Carroll,,unique:522,players/T/Trent_Carroll.html,unique,name,brothers,siblings/brothers,Trent is the elder brother of Nathan.,prose_rule,1365040810,
d6f41d0e5015388ef8d75b9e,cazaly-0172,Cazaly,Ernest Cazaly,sibling,https://en.wikipedia.org/wiki/Ernest_Cazaly,,unique:5791,players/E/Ernest_Cazaly.html,unique,name,Roy Cazaly,sibling,https://en.wikipedia.org/wiki/Roy_Cazaly,,unique:2665,players/R/Roy_Cazaly.html,unique,name,brothers,siblings/brothers,Ernest and Roy were brothers.,prose_rule,1365040810,
de6187b9738496706760c003,chamberlain-0175,Chamberlain,Cornelius Chamberlain,sibling,https://en.wikipedia.org/wiki/Cornelius_Chamberlain,,unmatched,,unmatched,no VFL/AFL player of that name,Jack Chamberlain,sibling,https://en.wikipedia.org/wiki/Jack_Chamberlain_(sportsman),,unmatched,,unmatched,no VFL/AFL player of that name,brothers,siblings/brothers,"Cornelius, Jack and Leonard were brothers.",prose_rule,1365040810,
43c64a35ab8a367442cefe49,chamberlain-0175,Chamberlain,Cornelius Chamberlain,sibling,https://en.wikipedia.org/wiki/Cornelius_Chamberlain,,unmatched,,unmatched,no VFL/AFL player of that name,Leonard Chamberlain,sibling,https://en.wikipedia.org/wiki/Leonard_Chamberlain,,unmatched,,unmatched,no VFL/AFL player of that name,brothers,siblings/brothers,"Cornelius, Jack and Leonard were brothers.",prose_rule,1365040810,
8e1c43018babfb37c38d0675,chamberlain-0175,Chamberlain,Jack Chamberlain,sibling,https://en.wikipedia.org/wiki/Jack_Chamberlain_(sportsman),,unmatched,,unmatched,no VFL/AFL player of that name,Leonard Chamberlain,sibling,https://en.wikipedia.org/wiki/Leonard_Chamberlain,,unmatched,,unmatched,no VFL/AFL player of that name,brothers,siblings/brothers,"Cornelius, Jack and Leonard were brothers.",prose_rule,1365040810,
feee0a619c5eb07c8769f1f1,chitty-0180,Chitty,Bob Chitty,sibling,https://en.wikipedia.org/wiki/Bob_Chitty,,unique:2681,players/B/Bob_Chitty.html,unique,name,Peter Chitty,brother,https://en.wikipedia.org/wiki/Peter_Chitty,,unique:8020,players/P/Peter_Chitty.html,unique,name,brothers,siblings/brothers,Peter was the elder brother of Bob.,prose_rule,1365040810,
7930bd692b677205041cb823,christensen-0181,Christensen,Marty Christensen,sibling,https://en.wikipedia.org/wiki/Marty_Christensen,,unmatched,,unmatched,no VFL/AFL player of that name,Damien Christensen,brother,https://en.wikipedia.org/wiki/Damien_Christensen,,unique:1596,players/D/Damien_Christensen.html,unique,name,brothers,siblings/brothers,Damien was the elder brother of Marty.,prose_rule,1365040810,
7068fa071792a7342b5966fb,christou-0182,Christou,Jim Christou,brother,https://en.wikipedia.org/wiki/Jim_Christou,,unique:1595,players/J/Jim_Christou.html,unique,name,John Christou,sibling,https://en.wikipedia.org/wiki/John_Christou,,unique:10847,players/J/John_Christou.html,unique,name,brothers,siblings/brothers,Jim is the elder brother of John.,prose_rule,1365040810,
ba9abd33fb38fa96d702c4eb,clarke-1-0184,Clarke (1),Raphael Clarke,sibling,https://en.wikipedia.org/wiki/Raphael_Clarke,,unique:4046,players/R/Raphael_Clarke.html,unique,name,Xavier Clarke,sibling,https://en.wikipedia.org/wiki/Xavier_Clarke,,unique:1127,players/X/Xavier_Clarke.html,unique,name,brothers,siblings/brothers,Raphael and Xavier are brothers.,prose_rule,1365040810,
b251c3e7ab2294eaa14c3d2f,clegg-0191,Clegg,Brian Clegg,sibling,https://en.wikipedia.org/wiki/Brian_Clegg_(footballer),,unique:9258,players/B/Brian_Clegg.html,unique,name,Ron Clegg,brother,https://en.wikipedia.org/wiki/Ron_Clegg,,unique:1605,players/R/Ron_Clegg.html,unique,name,brothers,siblings/brothers,Ron was the elder brother of Brian.,prose_rule,1365040810,
091ce67fdbc2b16a6af4ed13,clohesy-0192,Clohesy,Sam Clohesy,sibling,https://en.wikipedia.org/wiki/Sam_Clohesy,,unique:13119,players/S/Sam_Clohesy.html,unique,name,Ted Clohesy,sibling,https://en.wikipedia.org/wiki/Ted_Clohesy,,unique:13093,players/T/Ted_Clohesy.html,unique,name,brothers,siblings/brothers,Sam and Ted are brothers.,prose_rule,1365040810,
afldb-sibling-supplement:013,cloke-0193,Cloke,Cameron Cloke,brother,,,,players/C/Cameron_Cloke.html,resolved,"supplement (2026-09-05): Families page entry (https://en.wikipedia.org/wiki/List_of_Australian_rules_football_families, revision 1365040810, 'Cloke'): 'David is the father of Cameron, Jason and Travis' — sons of one father only, not itself brother evidence; the relationship is explicit in the players' own articles: Wikipedia 'Travis Cloke': 'Travis played alongside his two older brothers Jason and Cameron'; 'Cameron however was picked up in the AFL Pre-Season Draft by Carlton'. AFL Tables Cameron_Cloke: born 1984, Collingwood/Carlton/Port Adelaide 2004-2010, 58 games",Travis Cloke,brother,,,,players/T/Travis_Cloke.html,resolved,"supplement (2026-09-05): Families page entry (https://en.wikipedia.org/wiki/List_of_Australian_rules_football_families, revision 1365040810, 'Cloke'): 'David is the father of Cameron, Jason and Travis' — sons of one father only, not itself brother evidence; the relationship is explicit in the players' own articles: Wikipedia 'Travis Cloke': 'Travis played alongside his two older brothers Jason and Cameron'; 'Cameron however was picked up in the AFL Pre-Season Draft by Carlton'. AFL Tables Cameron_Cloke: born 1984, Collingwood/Carlton/Port Adelaide 2004-2010, 58 games",brothers,supplement,"Families page entry (https://en.wikipedia.org/wiki/List_of_Australian_rules_football_families, revision 1365040810, 'Cloke'): 'David is the father of Cameron, Jason and Travis' — sons of one father only, not itself brother evidence; the relationship is explicit in the players' own articles: Wikipedia 'Travis Cloke': 'Travis played alongside his two older brothers Jason and Cameron'; 'Cameron however was picked up in the AFL Pre-Season Draft by Carlton'. AFL Tables Cameron_Cloke: born 1984, Collingwood/Carlton/Port Adelaide 2004-2010, 58 games",adjudication,,
afldb-sibling-supplement:012,cloke-0193,Cloke,Jason Cloke,brother,,,,players/J/Jason_Cloke.html,resolved,"supplement (2026-09-05): Families page entry (https://en.wikipedia.org/wiki/List_of_Australian_rules_football_families, revision 1365040810, 'Cloke'): 'David is the father of Cameron, Jason and Travis' — sons of one father only, not itself brother evidence; the relationship is explicit in the players' own articles: Wikipedia 'Travis Cloke' (born 5 March 1987, Collingwood 2005-2016, Western Bulldogs 2017): 'Travis played alongside his two older brothers Jason and Cameron, until the end of the 2006 season'. AFL Tables Jason_Cloke: born 1982, Collingwood 2002-2006, 76 games",Travis Cloke,brother,,,,players/T/Travis_Cloke.html,resolved,"supplement (2026-09-05): Families page entry (https://en.wikipedia.org/wiki/List_of_Australian_rules_football_families, revision 1365040810, 'Cloke'): 'David is the father of Cameron, Jason and Travis' — sons of one father only, not itself brother evidence; the relationship is explicit in the players' own articles: Wikipedia 'Travis Cloke' (born 5 March 1987, Collingwood 2005-2016, Western Bulldogs 2017): 'Travis played alongside his two older brothers Jason and Cameron, until the end of the 2006 season'. AFL Tables Jason_Cloke: born 1982, Collingwood 2002-2006, 76 games",brothers,supplement,"Families page entry (https://en.wikipedia.org/wiki/List_of_Australian_rules_football_families, revision 1365040810, 'Cloke'): 'David is the father of Cameron, Jason and Travis' — sons of one father only, not itself brother evidence; the relationship is explicit in the players' own articles: Wikipedia 'Travis Cloke' (born 5 March 1987, Collingwood 2005-2016, Western Bulldogs 2017): 'Travis played alongside his two older brothers Jason and Cameron, until the end of the 2006 season'. AFL Tables Jason_Cloke: born 1982, Collingwood 2002-2006, 76 games",adjudication,,
3f5ce681d8bc38668f253f32,cock-0196,Cock,Arthur Cock,sibling,https://en.wikipedia.org/wiki/Arthur_Cock,,unique:6946,players/A/Arthur_Cock.html,unique,name,Eric Cock,sibling,https://en.wikipedia.org/wiki/Eric_Cock,,unique:6872,players/E/Eric_Cock.html,unique,name,brothers,siblings/brothers,"Arthur, Eric and Herbert were brothers.",prose_rule,1365040810,
d1278a3896aab1b6e32969af,cock-0196,Cock,Arthur Cock,sibling,https://en.wikipedia.org/wiki/Arthur_Cock,,unique:6946,players/A/Arthur_Cock.html,unique,name,Herbert Cock,sibling,https://en.wikipedia.org/wiki/Herbert_Cock_(Australian_footballer),,unique:5768,players/H/Herbert_Cock.html,unique,name,brothers,siblings/brothers,"Arthur, Eric and Herbert were brothers.",prose_rule,1365040810,
449851d58fa4c732a0dcb9aa,cock-0196,Cock,Eric Cock,sibling,https://en.wikipedia.org/wiki/Eric_Cock,,unique:6872,players/E/Eric_Cock.html,unique,name,Herbert Cock,sibling,https://en.wikipedia.org/wiki/Herbert_Cock_(Australian_footballer),,unique:5768,players/H/Herbert_Cock.html,unique,name,brothers,siblings/brothers,"Arthur, Eric and Herbert were brothers.",prose_rule,1365040810,
d102e009c70ddce920708bf3,cockatoo-collins-0197,Cockatoo-Collins,Che Cockatoo-Collins,sibling,https://en.wikipedia.org/wiki/Che_Cockatoo-Collins,,unique:328,players/C/Che_Cockatoo-Collins.html,unique,name,David Cockatoo-Collins,sibling,https://en.wikipedia.org/wiki/David_Cockatoo-Collins,,unique:718,players/D/David_Cockatoo-Collins.html,unique,name,brothers,siblings/brothers,"Che, David and Donald are brothers.",prose_rule,1365040810,
5c14bb2a4482b58b4d01e2a6,cockatoo-collins-0197,Cockatoo-Collins,Donald Cockatoo-Collins,sibling,https://en.wikipedia.org/wiki/Donald_Cockatoo-Collins,,unmatched,,unmatched,no VFL/AFL player of that name,Che Cockatoo-Collins,sibling,https://en.wikipedia.org/wiki/Che_Cockatoo-Collins,,unique:328,players/C/Che_Cockatoo-Collins.html,unique,name,brothers,siblings/brothers,"Che, David and Donald are brothers.",prose_rule,1365040810,
37a5f1e691a34c842c62ddce,cockatoo-collins-0197,Cockatoo-Collins,Donald Cockatoo-Collins,sibling,https://en.wikipedia.org/wiki/Donald_Cockatoo-Collins,,unmatched,,unmatched,no VFL/AFL player of that name,David Cockatoo-Collins,sibling,https://en.wikipedia.org/wiki/David_Cockatoo-Collins,,unique:718,players/D/David_Cockatoo-Collins.html,unique,name,brothers,siblings/brothers,"Che, David and Donald are brothers.",prose_rule,1365040810,
1c45a9d1b485ef9abe9c6eea,collier-0198,Collier,Albert Collier,sibling,https://en.wikipedia.org/wiki/Albert_Collier,,unique:2702,players/A/Albert_Collier.html,unique,name,Harry Collier,sibling,https://en.wikipedia.org/wiki/Harry_Collier,,unique:1612,players/H/Harry_Collier.html,unique,name,brothers,siblings/brothers,Albert and Harry were brothers.,prose_rule,1365040810,
b1eddf1c59f9ee91ee87d78d,collins-1-0199,Collins (1),Goldie Collins,sibling,https://en.wikipedia.org/wiki/Goldie_Collins,Fitzroy,unique:6849,players/G/Goldie_Collins.html,unique,"name, played for a listed club (fitzroy)",Harry Collins,sibling,https://en.wikipedia.org/wiki/Harry_Collins_(footballer),Fitzroy,unique:6087,players/H/Harry_Collins.html,unique,"name, played for a listed club (fitzroy)",brothers,siblings/brothers,"Goldie, Harry and Norm were brothers.",prose_rule,1365040810,
89dd67a101e9072ed32d108c,collins-1-0199,Collins (1),Goldie Collins,sibling,https://en.wikipedia.org/wiki/Goldie_Collins,Fitzroy,unique:6849,players/G/Goldie_Collins.html,unique,"name, played for a listed club (fitzroy)",Norm Collins,sibling,https://en.wikipedia.org/wiki/Norm_Collins,"Fitzroy, Carlton and Hawthorn",unique:2701,players/N/Norm_Collins.html,unique,"name, played for a listed club (fitzroy, carlton, hawthorn)",brothers,siblings/brothers,"Goldie, Harry and Norm were brothers.",prose_rule,1365040810,
c306735db7714a5aade7ccac,collins-1-0199,Collins (1),Harry Collins,sibling,https://en.wikipedia.org/wiki/Harry_Collins_(footballer),Fitzroy,unique:6087,players/H/Harry_Collins.html,unique,"name, played for a listed club (fitzroy)",Norm Collins,sibling,https://en.wikipedia.org/wiki/Norm_Collins,"Fitzroy, Carlton and Hawthorn",unique:2701,players/N/Norm_Collins.html,unique,"name, played for a listed club (fitzroy, carlton, hawthorn)",brothers,siblings/brothers,"Goldie, Harry and Norm were brothers.",prose_rule,1365040810,
13e48a722bdf24036b7b7424,considine-0205,Considine,Bernie Considine,sibling,https://en.wikipedia.org/wiki/Bernard_Considine,,unique:9354,players/B/Bernie_Considine.html,unique,name,Frank Considine,sibling,https://en.wikipedia.org/wiki/Frank_Considine,,unique:9487,players/F/Frank_Considine.html,unique,name,brothers,siblings/brothers,"Bernie, Maurie and Frank are brothers, Paul is Maurie's son.",prose_rule,1365040810,
b56052b0a1c020fbe8b2aa2c,considine-0205,Considine,Bernie Considine,sibling,https://en.wikipedia.org/wiki/Bernard_Considine,,unique:9354,players/B/Bernie_Considine.html,unique,name,Maurie Considine,sibling,https://en.wikipedia.org/wiki/Maurie_Considine,,unique:9355,players/M/Maurie_Considine.html,unique,name,brothers,siblings/brothers,"Bernie, Maurie and Frank are brothers, Paul is Maurie's son.",prose_rule,1365040810,
02d4e4ca1aa3dd0b9aba3d87,considine-0205,Considine,Frank Considine,sibling,https://en.wikipedia.org/wiki/Frank_Considine,,unique:9487,players/F/Frank_Considine.html,unique,name,Maurie Considine,sibling,https://en.wikipedia.org/wiki/Maurie_Considine,,unique:9355,players/M/Maurie_Considine.html,unique,name,brothers,siblings/brothers,"Bernie, Maurie and Frank are brothers, Paul is Maurie's son.",prose_rule,1365040810,
fa6626ece5a179e065e3a33e,conway-0206,Conway,Isaac Conway,brother,,,unmatched,,unmatched,no VFL/AFL player of that name,Sophie Conway,sibling,https://en.wikipedia.org/wiki/Sophie_Conway,,unmatched,,unmatched,no VFL/AFL player of that name,brothers,siblings/brothers,Isaac is the elder brother of Sophie.,prose_rule,1365040810,
0c16610b46813888b7f2a9d4,cook-0207,Cook,Fred Cook,twin,https://en.wikipedia.org/wiki/Fred_Cook_(Australian_footballer_born_1922),,ambiguous,players/F/Fred_Cook0.html,unique,"name, Wikipedia title birth year 1922",Keith Cook,twin,https://en.wikipedia.org/wiki/Keith_Cook,,unique:8730,players/K/Keith_Cook.html,unique,name,twin brothers,twins,Fred and Keith were twins.,prose_rule,1365040810,
fdb95447ca1a49e5ca0e458e,cooper-0208,Cooper,Graham Cooper,brother,https://en.wikipedia.org/wiki/Graham_Cooper_(Australian_rules_footballer),,unique:2720,players/G/Graham_Cooper.html,unique,name,Ian Cooper,sibling,https://en.wikipedia.org/wiki/Ian_Cooper_(Australian_footballer_born_1946),,ambiguous,players/I/Ian_Cooper1.html,unique,"name, Wikipedia title birth year 1946",brothers,siblings/brothers,Graham is the elder brother of Ian.,prose_rule,1365040810,
38c00ce3e68c2e77fc285835,cordy-0211,Cordy,Brian Cordy,sibling,https://en.wikipedia.org/wiki/Brian_Cordy,,unique:1625,players/B/Brian_Cordy.html,unique,name,Graeme Cordy,sibling,https://en.wikipedia.org/wiki/Graeme_Cordy,,unique:11274,players/G/Graeme_Cordy.html,unique,name,brothers,siblings/brothers,"Brian, Graeme and Neil are brothers.",prose_rule,1365040810,
e0d2354dde37a01935e939ac,cordy-0211,Cordy,Brian Cordy,sibling,https://en.wikipedia.org/wiki/Brian_Cordy,,unique:1625,players/B/Brian_Cordy.html,unique,name,Neil Cordy,sibling,https://en.wikipedia.org/wiki/Neil_Cordy,,unique:1288,players/N/Neil_Cordy.html,unique,name,brothers,siblings/brothers,"Brian, Graeme and Neil are brothers.",prose_rule,1365040810,
277e0575f1ee0d246121a44d,cordy-0211,Cordy,Graeme Cordy,sibling,https://en.wikipedia.org/wiki/Graeme_Cordy,,unique:11274,players/G/Graeme_Cordy.html,unique,name,Neil Cordy,sibling,https://en.wikipedia.org/wiki/Neil_Cordy,,unique:1288,players/N/Neil_Cordy.html,unique,name,brothers,siblings/brothers,"Brian, Graeme and Neil are brothers.",prose_rule,1365040810,
afldb-sibling-supplement:008,cornes-0213,Cornes,Chad Cornes,brother,,,,players/C/Chad_Cornes.html,resolved,"supplement (2026-09-05): Families page entry (https://en.wikipedia.org/wiki/List_of_Australian_rules_football_families, revision 1365040810, 'Cornes'): 'Graham is the father of Chad and Kane' — sons of one father only, not itself brother evidence; the relationship is explicit in the players' own articles: Wikipedia 'Kane Cornes' (born 5 January 1983, Port Adelaide 2001-2015): 'His All Australian brother, Chad Cornes, also attended Sacred Heart College'. AFL Tables Chad_Cornes: born 1979, Port Adelaide/GWS 1999-2012",Kane Cornes,brother,,,,players/K/Kane_Cornes.html,resolved,"supplement (2026-09-05): Families page entry (https://en.wikipedia.org/wiki/List_of_Australian_rules_football_families, revision 1365040810, 'Cornes'): 'Graham is the father of Chad and Kane' — sons of one father only, not itself brother evidence; the relationship is explicit in the players' own articles: Wikipedia 'Kane Cornes' (born 5 January 1983, Port Adelaide 2001-2015): 'His All Australian brother, Chad Cornes, also attended Sacred Heart College'. AFL Tables Chad_Cornes: born 1979, Port Adelaide/GWS 1999-2012",brothers,supplement,"Families page entry (https://en.wikipedia.org/wiki/List_of_Australian_rules_football_families, revision 1365040810, 'Cornes'): 'Graham is the father of Chad and Kane' — sons of one father only, not itself brother evidence; the relationship is explicit in the players' own articles: Wikipedia 'Kane Cornes' (born 5 January 1983, Port Adelaide 2001-2015): 'His All Australian brother, Chad Cornes, also attended Sacred Heart College'. AFL Tables Chad_Cornes: born 1979, Port Adelaide/GWS 1999-2012",adjudication,,
9e06a73c17758915170d2e76,corrigan-robertson-0212,Corrigan/Robertson,Glenn Robertson,sibling,https://en.wikipedia.org/wiki/Glenn_Robertson_(footballer),,unique:2419,players/G/Glenn_Robertson.html,unique,name,Leigh Robertson,sibling,https://en.wikipedia.org/wiki/Leigh_Robertson,,unique:2118,players/L/Leigh_Robertson.html,unique,name,brothers,siblings/brothers,"Leigh and Glenn are brothers, and are the grandsons of Tom Corrigan.",prose_rule,1365040810,
2ae053567df0bff6f6791741,crane-0218,Crane,Jack Crane,brother,https://en.wikipedia.org/wiki/Jack_Crane,,unique:2731,players/J/Jack_Crane.html,unique,name,Len Crane,sibling,https://en.wikipedia.org/wiki/Len_Crane,,unique:1633,players/L/Len_Crane.html,unique,name,brothers,siblings/brothers,Jack was the elder brother of Len and Tom.,prose_rule,1365040810,
577d07967bf1c7bf61caed98,crane-0218,Crane,Jack Crane,brother,https://en.wikipedia.org/wiki/Jack_Crane,,unique:2731,players/J/Jack_Crane.html,unique,name,Tom Crane,sibling,https://en.wikipedia.org/wiki/Tom_Crane_(footballer),,unique:8522,players/T/Tom_Crane.html,unique,name,brothers,siblings/brothers,Jack was the elder brother of Len and Tom.,prose_rule,1365040810,
9f93947ec8bbb1e701f0e405,cransberg-0219,Cransberg,Alan Cransberg,brother,https://en.wikipedia.org/wiki/Alan_Cransberg,,unmatched,,unmatched,no VFL/AFL player of that name,Peter Cransberg,sibling,https://en.wikipedia.org/wiki/Peter_Cransberg,,unique:323,players/P/Peter_Cransberg.html,unique,name,brothers,siblings/brothers,Alan is the elder brother of Peter.,prose_rule,1365040810,
ca7073d5d8178dd58bcdaa60,crawford-0221,Crawford,Justin Crawford,sibling,https://en.wikipedia.org/wiki/Justin_Crawford_(Australian_footballer),,unique:656,players/J/Justin_Crawford.html,unique,name,Shane Crawford,brother,https://en.wikipedia.org/wiki/Shane_Crawford,,unique:633,players/S/Shane_Crawford.html,unique,name,brothers,siblings/brothers,Shane is the elder brother of Justin.,prose_rule,1365040810,
ae570ced486ed84be3e1b9fa,crouch-0225,Crouch,Brad Crouch,sibling,https://en.wikipedia.org/wiki/Brad_Crouch,,unique:12156,players/B/Brad_Crouch.html,unique,name,Matt Crouch,sibling,https://en.wikipedia.org/wiki/Matt_Crouch_(footballer),,unique:12258,players/M/Matt_Crouch.html,unique,name,brothers,siblings/brothers,Brad and Matt are brothers.,prose_rule,1365040810,
ca5fca143586367d98aa33fb,cunningham-2-0229,Cunningham (2),Daryl Cunningham,sibling,https://en.wikipedia.org/wiki/Daryl_Cunningham,,unique:11178,players/D/Daryl_Cunningham.html,unique,name,Geoff Cunningham,sibling,https://en.wikipedia.org/wiki/Geoff_Cunningham,,unique:1391,players/G/Geoff_Cunningham.html,unique,name,brothers,siblings/brothers,Daryl and Geoff are brothers.,prose_rule,1365040810,
90d8273e561fa66694443234,curnow-0230,Curnow,Charlie Curnow,sibling,https://en.wikipedia.org/wiki/Charlie_Curnow,,unique:12421,players/C/Charlie_Curnow.html,unique,name,Ed Curnow,brother,https://en.wikipedia.org/wiki/Ed_Curnow,,unique:11883,players/E/Ed_Curnow.html,unique,name,brothers,siblings/brothers,Ed is the older brother of Charlie.,prose_rule,1365040810,
cace40450aa16af5be038fa4,curtin-0232,Curtin,Cody Curtin,sibling,https://en.wikipedia.org/wiki/Cody_Curtin,,unique:13319,,unmatched,no VFL/AFL player of that name,Daniel Curtin,brother,https://en.wikipedia.org/wiki/Daniel_Curtin_(footballer),,unique:13132,players/D/Daniel_Curtin.html,unique,name,brothers,siblings/brothers,Daniel is the older brother of Cody,prose_rule,1365040810,
afldb-sibling-supplement:007,daniher-0235,Daniher,Darcy Daniher,brother,,,,players/D/Darcy_Daniher.html,resolved,"supplement (2026-09-05): Families page entry (https://en.wikipedia.org/wiki/List_of_Australian_rules_football_families, revision 1365040810, 'Daniher'): 'Anthony is the father of Darcy and Joe and the brother of Chris, Neale and Terry' — sons of one father only, not itself brother evidence; the relationship is explicit in the players' own articles: Wikipedia 'Joe Daniher' (born 4 March 1994, Essendon 2013-2020, Brisbane 2021-2024): 'chose to join the Bombers, where his brother Darcy Daniher was a team member at the time'. AFL Tables Darcy_Daniher: born 1989, Essendon 2008-2009, 6 games",Joe Daniher,brother,,,,players/J/Joe_Daniher.html,resolved,"supplement (2026-09-05): Families page entry (https://en.wikipedia.org/wiki/List_of_Australian_rules_football_families, revision 1365040810, 'Daniher'): 'Anthony is the father of Darcy and Joe and the brother of Chris, Neale and Terry' — sons of one father only, not itself brother evidence; the relationship is explicit in the players' own articles: Wikipedia 'Joe Daniher' (born 4 March 1994, Essendon 2013-2020, Brisbane 2021-2024): 'chose to join the Bombers, where his brother Darcy Daniher was a team member at the time'. AFL Tables Darcy_Daniher: born 1989, Essendon 2008-2009, 6 games",brothers,supplement,"Families page entry (https://en.wikipedia.org/wiki/List_of_Australian_rules_football_families, revision 1365040810, 'Daniher'): 'Anthony is the father of Darcy and Joe and the brother of Chris, Neale and Terry' — sons of one father only, not itself brother evidence; the relationship is explicit in the players' own articles: Wikipedia 'Joe Daniher' (born 4 March 1994, Essendon 2013-2020, Brisbane 2021-2024): 'chose to join the Bombers, where his brother Darcy Daniher was a team member at the time'. AFL Tables Darcy_Daniher: born 1989, Essendon 2008-2009, 6 games",adjudication,,
d15f9b2f260a3c4890f4d03f,davey-0237,Davey,Aaron Davey,brother,https://en.wikipedia.org/wiki/Aaron_Davey,,unique:3943,players/A/Aaron_Davey.html,unique,name,Alwyn Davey,brother,https://en.wikipedia.org/wiki/Alwyn_Davey,,ambiguous,players/A/Alwyn_Davey0.html,resolved,"adjudicated (2026-09-05): Wikipedia 'Alwyn Davey': born 15 May 1984, Essendon 2007-2013, 100 games; brother of Aaron Davey (Melbourne). AFL Tables Alwyn_Davey0: debut 2007, born 1984, 100 games; Alwyn_Davey1 is the 2004-born son (debut 2023)",brothers,siblings/brothers,Aaron and Alwyn are brothers. Alwyn is the father of identical twins Alwyn Jr and Jayden.,prose_rule,1365040810,
c9f2b40ebc864d3faa98eca6,davies-0239,Davies,Darcie Davies,sibling,https://en.wikipedia.org/wiki/Darcie_Davies,,unmatched,,unmatched,no VFL/AFL player of that name,Fleur Davies,sibling,,,unmatched,,unmatched,no VFL/AFL player of that name,sisters,siblings,"Darcie, Fleur and Giselle are sisters.",prose_rule,1365040810,
a93f6d6a8f39de9a783733b0,davies-0239,Davies,Darcie Davies,sibling,https://en.wikipedia.org/wiki/Darcie_Davies,,unmatched,,unmatched,no VFL/AFL player of that name,Giselle Davies,sibling,,,unmatched,,unmatched,no VFL/AFL player of that name,sisters,siblings,"Darcie, Fleur and Giselle are sisters.",prose_rule,1365040810,
4c5e3cf1b1e32d042f813d99,davies-0239,Davies,Fleur Davies,sibling,,,unmatched,,unmatched,no VFL/AFL player of that name,Giselle Davies,sibling,,,unmatched,,unmatched,no VFL/AFL player of that name,sisters,siblings,"Darcie, Fleur and Giselle are sisters.",prose_rule,1365040810,
98d670c10a1d4d41c4ff28bc,day-0242,Day,Ian Day,sibling,https://en.wikipedia.org/wiki/Ian_Day,,unmatched,,unmatched,no VFL/AFL player of that name,Robert Day,sibling,https://en.wikipedia.org/wiki/Robert_Day_(footballer),,unique:10668,players/R/Robert_Day.html,unique,name,brothers,siblings/brothers,Ian and Robert are brothers.,prose_rule,1365040810,
269b2ca451a701d0f550319f,daykin-0243,Daykin,Bert Daykin,brother,https://en.wikipedia.org/wiki/Bert_Daykin,,unique:5568,players/B/Bert_Daykin.html,unique,name,Percy Daykin,sibling,https://en.wikipedia.org/wiki/Percy_Daykin,,unique:6304,players/P/Percy_Daykin.html,unique,name,brothers,siblings/brothers,Bert was the elder brother of Percy and Richard.,prose_rule,1365040810,
bb4ef49df23a0164e7e18c89,daykin-0243,Daykin,Bert Daykin,brother,https://en.wikipedia.org/wiki/Bert_Daykin,,unique:5568,players/B/Bert_Daykin.html,unique,name,Richard Daykin,sibling,https://en.wikipedia.org/wiki/Richard_Daykin,,unique:5628,players/R/Richard_Daykin.html,unique,name,brothers,siblings/brothers,Bert was the elder brother of Percy and Richard.,prose_rule,1365040810,
39ed4306d0c4a61e81534b67,dayman-0244,Dayman,Clem Dayman,sibling,https://en.wikipedia.org/wiki/Clem_Dayman,,unmatched,,unmatched,no VFL/AFL player of that name,Les Dayman,brother,https://en.wikipedia.org/wiki/Les_Dayman,,unique:2762,players/L/Les_Dayman.html,unique,name,brothers,siblings/brothers,Les was the younger brother of Clem and is the grandfather of Chris McDermott who was the Adelaide Crows first captain.,prose_rule,1365040810,
927fd079fb73de0e56e87fe2,de-gruchy-0248,de Gruchy,Bill de Gruchy,sibling,https://en.wikipedia.org/wiki/Bill_de_Gruchy,,unique:4764,players/B/Bill_De_Gruchy.html,unique,name,Harold de Gruchy,sibling,https://en.wikipedia.org/wiki/Harold_de_Gruchy,,unique:4806,players/H/Harold_De_Gruchy.html,unique,name,brothers,siblings/brothers,Bill and Harold were brothers.,prose_rule,1365040810,
c756b0ff08460cac3b08588a,dear-0246,Dear,Greg Dear,sibling,https://en.wikipedia.org/wiki/Greg_Dear,,unique:871,players/G/Greg_Dear.html,unique,name,Paul Dear,sibling,https://en.wikipedia.org/wiki/Paul_Dear,Hawthorn,unique:641,players/P/Paul_Dear.html,unique,"name, played for a listed club (hawthorn)",brothers,siblings/brothers,Greg and Paul are brothers.,prose_rule,1365040810,
75b17554f999d18846f6e71a,deas-0247,Deas,Bob Deas,sibling,https://en.wikipedia.org/wiki/Bob_Deas,,unique:5711,players/B/Bob_Deas.html,unique,name,Jack Deas,brother,https://en.wikipedia.org/wiki/Jack_Deas,,unique:4285,players/J/Jack_Deas.html,unique,name,brothers,siblings/brothers,Jack was the elder brother of Bob.,prose_rule,1365040810,
369ce111a9960795c5ea09bc,delahunty-0250,Delahunty,Hugh Delahunty,brother,https://en.wikipedia.org/wiki/Hugh_Delahunty,,unique:1666,players/H/Hugh_Delahunty.html,unique,name,Mike Delahunty,sibling,https://en.wikipedia.org/wiki/Mike_Delahunty,,unique:1665,players/M/Mike_Delahunty.html,unique,name,brothers,siblings/brothers,Hugh is the elder brother of Mike.,prose_rule,1365040810,
942f23d729897eaba2a308bc,demetriou-0253,Demetriou,Andrew Demetriou,sibling,https://en.wikipedia.org/wiki/Andrew_Demetriou,,unique:1668,players/A/Andrew_Demetriou.html,unique,name,Jim Demetriou,brother,https://en.wikipedia.org/wiki/Jim_Demetriou,,unique:10839,players/J/Jim_Demetriou.html,unique,name,brothers,siblings/brothers,Jim is the elder brother of Andrew.,prose_rule,1365040810,
a752e65aee84de6162bf0e26,dick-0255,Dick,Alec Dick,sibling,,,unmatched,,unmatched,no VFL/AFL player of that name,Robert Dick,sibling,,,unmatched,,unmatched,no VFL/AFL player of that name,brothers,siblings/brothers,Alec and Robert were brothers.,prose_rule,1365040810,
40b52bf5fef9c6cf845da056,donnelly-0259,Donnelly,Andy Donnelly,sibling,https://en.wikipedia.org/wiki/Andy_Donnelly,,unique:6690,players/A/Andy_Donnelly.html,unique,name,Gerry Donnelly,sibling,https://en.wikipedia.org/wiki/Gerry_Donnelly,,unique:7033,players/G/Gerry_Donnelly.html,unique,name,brothers,siblings/brothers,Andy and Gerry were brothers.,prose_rule,1365040810,
27bfb51d419a56a8f6f95254,dow-0260,Dow,Paddy Dow,brother,https://en.wikipedia.org/wiki/Paddy_Dow,,unique:12582,players/P/Paddy_Dow.html,unique,name,Thomson Dow,sibling,https://en.wikipedia.org/wiki/Thomson_Dow,,unique:12835,players/T/Thomson_Dow.html,unique,name,brothers,siblings/brothers,Paddy is the older brother of Thomson.,prose_rule,1365040810,
7dbfecbd215a2dc88c2afc84,dowrick-0261,Dowrick,Abbey Dowrick,sibling,https://en.wikipedia.org/wiki/Abbey_Dowrick,,unmatched,,unmatched,no VFL/AFL player of that name,McKenzie Dowrick,sister,https://en.wikipedia.org/wiki/McKenzie_Dowrick,,unmatched,,unmatched,no VFL/AFL player of that name,sisters,siblings,McKenzie is the older sister of Abbey.,prose_rule,1365040810,
70be52d64a7c7d773805ecb3,duckworth-0265,Duckworth,Billy Duckworth,sibling,https://en.wikipedia.org/wiki/Billy_Duckworth,,unmatched,,unmatched,no VFL/AFL player of that name,John Duckworth,brother,https://en.wikipedia.org/wiki/John_Duckworth_(footballer),,unique:2348,players/J/John_Duckworth.html,unique,name,brothers,siblings/brothers,John is the elder brother of Billy.,prose_rule,1365040810,
8b1d45b0fa55adfa3514aed8,dummett-0268,Dummett,Alf Dummett,brother,https://en.wikipedia.org/wiki/Alf_Dummett,,unique:4896,players/A/Alf_Dummett.html,unique,name,Charlie Dummett,sibling,https://en.wikipedia.org/wiki/Charlie_Dummett,,unique:5769,players/C/Charlie_Dummett.html,unique,name,brothers,siblings/brothers,Alf was the elder brother of Charlie.,prose_rule,1365040810,
8d1838cc790aef179966ed20,dunbar-0269,Dunbar,Edgar Dunbar,sibling,https://en.wikipedia.org/wiki/Edgar_Dunbar,,unique:6809,players/E/Edgar_Dunbar.html,unique,name,Harold Dunbar,sibling,https://en.wikipedia.org/wiki/Harold_Dunbar,,unique:6810,players/H/Harold_Dunbar.html,unique,name,brothers,siblings/brothers,"Edgar, Harold and Hugh were brothers.",prose_rule,1365040810,
a6ffef86f25c120d135973bb,dunbar-0269,Dunbar,Edgar Dunbar,sibling,https://en.wikipedia.org/wiki/Edgar_Dunbar,,unique:6809,players/E/Edgar_Dunbar.html,unique,name,Hugh Dunbar,sibling,https://en.wikipedia.org/wiki/Hugh_Dunbar,,unique:6811,players/H/Hugh_Dunbar.html,unique,name,brothers,siblings/brothers,"Edgar, Harold and Hugh were brothers.",prose_rule,1365040810,
f373c3b2a3177c5e58a01fa2,dunbar-0269,Dunbar,Harold Dunbar,sibling,https://en.wikipedia.org/wiki/Harold_Dunbar,,unique:6810,players/H/Harold_Dunbar.html,unique,name,Hugh Dunbar,sibling,https://en.wikipedia.org/wiki/Hugh_Dunbar,,unique:6811,players/H/Hugh_Dunbar.html,unique,name,brothers,siblings/brothers,"Edgar, Harold and Hugh were brothers.",prose_rule,1365040810,
6dee384319dc3f8325fb706c,duursma-0275,Duursma,Dean Duursma,sibling,,,unmatched,,unmatched,no VFL/AFL player of that name,Jamie Duursma,sibling,https://en.wikipedia.org/wiki/Jamie_Duursma,,unique:11265,players/J/Jamie_Duursma.html,unique,name,brothers,siblings/brothers,"Jamie and Dean are brothers and Dean is the father of Willem, Xavier, Yasmin and Zane.",prose_rule,1365040810,
c7627744b92d9e2663066667,eason-0278,Eason,Alec Eason,sibling,https://en.wikipedia.org/wiki/Alec_Eason,,unique:5753,players/A/Alec_Eason.html,unique,name,Bill Eason,sibling,https://en.wikipedia.org/wiki/Bill_Eason,,unique:4972,players/B/Bill_Eason.html,unique,name,brothers,siblings/brothers,Alec and Bill were brothers.,prose_rule,1365040810,
07f41cc7ec6fbe60e04f6824,ebert-0280,Ebert,Craig Ebert,sibling,https://en.wikipedia.org/wiki/Craig_Ebert,,unmatched,,unmatched,no VFL/AFL player of that name,Jeff Ebert,brother,,,unmatched,,unmatched,no VFL/AFL player of that name,brothers,siblings/brothers,Jeff is the brother of Russell and Craig.,prose_rule,1365040810,
724b55427bbfc11ad176c33f,ebert-0280,Ebert,Craig Ebert,sibling,https://en.wikipedia.org/wiki/Craig_Ebert,,unmatched,,unmatched,no VFL/AFL player of that name,Russell Ebert,brother,https://en.wikipedia.org/wiki/Russell_Ebert,,unique:1697,players/R/Russell_Ebert.html,unique,name,brothers,siblings/brothers,Russell is the brother of Craig and father of Brett.,prose_rule,1365040810,
de5d57640a961a7eecdea796,ebert-0280,Ebert,Jeff Ebert,brother,,,unmatched,,unmatched,no VFL/AFL player of that name,Russell Ebert,sibling,https://en.wikipedia.org/wiki/Russell_Ebert,,unique:1697,players/R/Russell_Ebert.html,unique,name,brothers,siblings/brothers,Jeff is the brother of Russell and Craig.,prose_rule,1365040810,
5116bca52d1fd7782f011377,edmond-0281,Edmond,Bob Edmond,brother,https://en.wikipedia.org/wiki/Bob_Edmond,,unique:10412,players/B/Bob_Edmond.html,unique,name,Jim Edmond,sibling,https://en.wikipedia.org/wiki/Jim_Edmond,,unique:1698,players/J/Jim_Edmond.html,unique,name,brothers,siblings/brothers,Bob was the elder brother of Jim.,prose_rule,1365040810,
f3801d8ca7363cd862338c8e,elliott-0285,Elliott,Bruce Elliott,sibling,https://en.wikipedia.org/wiki/Bruce_Elliott_(footballer),,unique:10990,players/B/Bruce_Elliott.html,unique,name,Glenn Elliott,sibling,https://en.wikipedia.org/wiki/Glenn_Elliott_(Australian_rules_footballer),,unique:1703,players/G/Glenn_Elliott.html,unique,name,brothers,siblings/brothers,"Bruce, Glenn and Robert are brothers.",prose_rule,1365040810,
0ba392f6d82095923ae749b8,elliott-0285,Elliott,Bruce Elliott,sibling,https://en.wikipedia.org/wiki/Bruce_Elliott_(footballer),,unique:10990,players/B/Bruce_Elliott.html,unique,name,Robert Elliott,sibling,https://en.wikipedia.org/wiki/Robert_Elliott_(Australian_rules_footballer),,unique:1704,players/R/Robert_Elliott.html,unique,name,brothers,siblings/brothers,"Bruce, Glenn and Robert are brothers.",prose_rule,1365040810,
4f05a910ac209f0680a8bc64,elliott-0285,Elliott,Glenn Elliott,sibling,https://en.wikipedia.org/wiki/Glenn_Elliott_(Australian_rules_footballer),,unique:1703,players/G/Glenn_Elliott.html,unique,name,Robert Elliott,sibling,https://en.wikipedia.org/wiki/Robert_Elliott_(Australian_rules_footballer),,unique:1704,players/R/Robert_Elliott.html,unique,name,brothers,siblings/brothers,"Bruce, Glenn and Robert are brothers.",prose_rule,1365040810,
b039dddc4d0a741e2520c267,evans-2-0290,Evans (2),Neil Evans,sibling,https://en.wikipedia.org/wiki/Neil_Evans_(footballer),,unique:2853,players/N/Neil_Evans.html,unique,name,Ron Evans,brother,https://en.wikipedia.org/wiki/Ron_Evans,,ambiguous,players/R/Ron_Evans1.html,resolved,"adjudicated (2026-09-05): Wikipedia 'Ron Evans': Ronald Barry Evans, born 7 July 1939, Essendon 1958-1962, 64 games, Coleman Medal 1959 and 1960. AFL Tables Ron_Evans1: debut 1958, born 1939, 64 games; Ron_Evans0 (born 1926, debut 1946) is a different player",brothers,siblings/brothers,Ron was the elder brother of Neil.,prose_rule,1365040810,
ff450ce8f799b4664dc924e1,everitt-0291,Everitt,Andrejs Everitt,sibling,https://en.wikipedia.org/wiki/Andrejs_Everitt,,unique:11591,players/A/Andrejs_Everitt.html,unique,name,Peter Everitt,brother,https://en.wikipedia.org/wiki/Peter_Everitt,,unique:922,players/P/Peter_Everitt.html,unique,name,brothers,siblings/brothers,Peter is the elder brother of Andrejs.,prose_rule,1365040810,
f6d3e95def5860f0119ce95b,farrant-0294,Farrant,Gary Farrant,brother,https://en.wikipedia.org/wiki/Gary_Farrant,,unmatched,,unmatched,no VFL/AFL player of that name,Doug Farrant,sibling,https://en.wikipedia.org/wiki/Doug_Farrant,,unique:10419,players/D/Doug_Farrant.html,unique,name,brothers,siblings/brothers,Gary is the elder brother of Doug.,prose_rule,1365040810,
537c176106ac63223548b556,febey-0295,Febey,Matthew Febey,twin,https://en.wikipedia.org/wiki/Matthew_Febey,,unique:691,players/M/Matthew_Febey.html,unique,name,Steven Febey,twin,https://en.wikipedia.org/wiki/Steven_Febey,,unique:690,players/S/Steven_Febey.html,unique,name,twin brothers,twins,Matthew and Steven are twins.,prose_rule,1365040810,
359ec443c902d8084ba46e74,fehring-0296,Fehring,Arthur Fehring,sibling,https://en.wikipedia.org/wiki/Arthur_Fehring,,unique:6586,players/A/Arthur_Fehring.html,unique,name,Charlie Fehring,brother,https://en.wikipedia.org/wiki/Charlie_Fehring,,unique:6431,players/C/Charlie_Fehring.html,unique,name,brothers,siblings/brothers,Charlie was the elder brother of Arthur.,prose_rule,1365040810,
ed360df3495de8e8fdfe4828,feldmann-0297,Feldmann,Derek Feldmann,sibling,https://en.wikipedia.org/wiki/Derek_Feldmann,,unique:2868,players/D/Derek_Feldmann.html,unique,name,Rick Feldmann,sibling,https://en.wikipedia.org/wiki/Rick_Feldmann,,unique:10222,players/R/Rick_Feldmann.html,unique,name,brothers,siblings/brothers,Derek and Rick are brothers.,prose_rule,1365040810,
2dd76dc86e5bb20996c0fe96,fidge-0300,Fidge,John Fidge,sibling,https://en.wikipedia.org/wiki/John_Fidge,,unique:11213,players/J/John_Fidge.html,unique,name,Ted Fidge,sibling,https://en.wikipedia.org/wiki/Ted_Fidge,,unique:11122,players/T/Ted_Fidge.html,unique,name,brothers,siblings/brothers,John and Ted are brothers.,prose_rule,1365040810,
6c553c25e7e3ff9d7b88fd35,fincher-0302,Fincher,Charlie Fincher,brother,https://en.wikipedia.org/wiki/Charlie_Fincher,South Melbourne,unique:6150,players/C/Charlie_Fincher.html,unique,"name, played for a listed club (sydney)",Jack Fincher,sibling,https://en.wikipedia.org/wiki/Jack_Fincher_(footballer),,unique:2874,players/J/Jack_Fincher.html,unique,name,brothers,siblings/brothers,Charlie was the elder brother of Jack.,prose_rule,1365040810,
d2e5da320a6c28ec10f9f68a,fleming-0303,Fleming,Ian Fleming,twin,"https://en.wikipedia.org/wiki/Ian_Fleming_(Australian_footballer,_born_1909)",,ambiguous,players/I/Ian_Fleming1.html,unique,"name, Wikipedia title birth year 1909",Keith Fleming,twin,https://en.wikipedia.org/wiki/Keith_Fleming,,unique:7607,players/K/Keith_Fleming.html,unique,name,twin brothers,twins,Ian and Keith were twins.,prose_rule,1365040810,
17052c906128ab78b19ed87a,fletcher-2-0305,Fletcher (2),Daniel Fletcher,sibling,https://en.wikipedia.org/wiki/Daniel_Fletcher,,unique:1244,players/D/Daniel_Fletcher.html,unique,name,Simon Fletcher,sibling,https://en.wikipedia.org/wiki/Simon_Fletcher_(Australian_footballer),,unique:193,players/S/Simon_Fletcher.html,unique,name,brothers,siblings/brothers,Daniel and Simon are brothers.,prose_rule,1365040810,
a51c7b5e921e3f81a984f411,flower-0307,Flower,Robert Flower,brother,https://en.wikipedia.org/wiki/Robert_Flower,,unique:1725,players/R/Robert_Flower.html,unique,name,Tom Flower,brother,https://en.wikipedia.org/wiki/Tom_Flower,,unique:10902,players/T/Tom_Flower.html,unique,name,brothers,siblings/brothers,Robbie and Tom are brothers.,prose_rule,1365040810,
f1634d0fb375ca9276925487,francis-1-0311,Francis (1),Jack Francis,sibling,https://en.wikipedia.org/wiki/Jack_Francis,,unique:7229,players/J/Jack_Francis.html,unique,name,Jim Francis,sibling,https://en.wikipedia.org/wiki/Jim_Francis,,unique:1738,players/J/Jim_Francis.html,unique,name,brothers,siblings/brothers,"Jack, Jim and Syd were brothers.",prose_rule,1365040810,
0bdf0d44445a64a7004d8ce6,francis-1-0311,Francis (1),Jack Francis,sibling,https://en.wikipedia.org/wiki/Jack_Francis,,unique:7229,players/J/Jack_Francis.html,unique,name,Syd Francis,sibling,https://en.wikipedia.org/wiki/Syd_Francis,,unique:7762,players/S/Syd_Francis.html,unique,name,brothers,siblings/brothers,"Jack, Jim and Syd were brothers.",prose_rule,1365040810,
06e7f82bb494efa66ac0ec7f,francis-1-0311,Francis (1),Jim Francis,sibling,https://en.wikipedia.org/wiki/Jim_Francis,,unique:1738,players/J/Jim_Francis.html,unique,name,Syd Francis,sibling,https://en.wikipedia.org/wiki/Syd_Francis,,unique:7762,players/S/Syd_Francis.html,unique,name,brothers,siblings/brothers,"Jack, Jim and Syd were brothers.",prose_rule,1365040810,
9c313fe94f47fe1cc5a1394c,freeborn-0317,Freeborn,Glenn Freeborn,brother,https://en.wikipedia.org/wiki/Glenn_Freeborn,,unique:273,players/G/Glenn_Freeborn.html,unique,name,Scott Freeborn,sibling,https://en.wikipedia.org/wiki/Scott_Freeborn,,unique:200,players/S/Scott_Freeborn.html,unique,name,brothers,siblings/brothers,Glenn is the elder brother of Scott.,prose_rule,1365040810,
48b7822a5b47474ecf62bd74,frost-0318,Frost,Jack Frost,sibling,"https://en.wikipedia.org/wiki/Jack_Frost_(footballer,_born_1992)",,ambiguous,players/J/Jack_Frost1.html,unique,"name, Wikipedia title birth year 1992",Sam Frost,sibling,https://en.wikipedia.org/wiki/Sam_Frost,,unique:12119,players/S/Sam_Frost.html,unique,name,brothers,siblings/brothers,Jack and Sam are brothers.,prose_rule,1365040810,
6f2b04569fe3173df6c8e851,fry-0319,Fry,Charlie Fry,sibling,https://en.wikipedia.org/wiki/Charlie_Fry,Port Adelaide,unmatched,,unmatched,no VFL/AFL player of that name played for a listed club,James Fry,sibling,,Port Adelaide,unmatched,,unmatched,no VFL/AFL player of that name played for a listed club,brothers,siblings/brothers,Charlie and James were brothers.,prose_rule,1365040810,
0c45d252cb7d45c41aa7ecdf,galbally-0320,Galbally,Bob Galbally,sibling,https://en.wikipedia.org/wiki/Bob_Galbally,,unique:8798,players/B/Bob_Galbally.html,unique,name,Jack Galbally,brother,https://en.wikipedia.org/wiki/John_Galbally,,unique:7853,players/J/Jack_Galbally.html,unique,name,brothers,siblings/brothers,Jack was the elder brother of Frank and Bob.,prose_rule,1365040810,
5e5b42aeee9689ac750d9a96,galbally-0320,Galbally,Frank Galbally,sibling,https://en.wikipedia.org/wiki/Frank_Galbally,,unique:8572,players/F/Frank_Galbally.html,unique,name,Jack Galbally,brother,https://en.wikipedia.org/wiki/John_Galbally,,unique:7853,players/J/Jack_Galbally.html,unique,name,brothers,siblings/brothers,Jack was the elder brother of Frank and Bob.,prose_rule,1365040810,
a7b1881ea24dc63c0050c3a4,gardiner-1-0325,Gardiner (1),Jack Gardiner,brother,https://en.wikipedia.org/wiki/Jack_Gardiner,,unique:4879,players/J/Jack_Gardiner.html,unique,name,Vin Gardiner,sibling,https://en.wikipedia.org/wiki/Vin_Gardiner,,unique:5201,players/V/Vin_Gardiner.html,unique,name,brothers,siblings/brothers,Jack was the elder brother of Vin.,prose_rule,1365040810,
5c07b37b3056c6694ff8e041,gardner-0324,Gardner,Corrie Gardner,sibling,https://en.wikipedia.org/wiki/Corrie_Gardner,,unique:4563,players/C/Corrie_Gardner.html,unique,name,Eric Gardner,sibling,https://en.wikipedia.org/wiki/Eric_Gardner,,unique:4716,players/E/Eric_Gardner.html,unique,name,brothers,siblings/brothers,"Corrie, Eric and Mark were brothers.",prose_rule,1365040810,969818162b89a942822a391d
188e2ccbbb2d2dda6e3dcaa5,gardner-0324,Gardner,Corrie Gardner,sibling,https://en.wikipedia.org/wiki/Corrie_Gardner,,unique:4563,players/C/Corrie_Gardner.html,unique,name,Mark Gardner,sibling,https://en.wikipedia.org/wiki/Mark_Gardner_(Australian_rules_footballer),,unique:5103,players/M/Mark_Gardner.html,unique,name,brothers,siblings/brothers,"Corrie, Eric and Mark were brothers.",prose_rule,1365040810,
f9f848545386f31dc1171fc3,gardner-0324,Gardner,Eric Gardner,sibling,https://en.wikipedia.org/wiki/Eric_Gardner,,unique:4716,players/E/Eric_Gardner.html,unique,name,Mark Gardner,sibling,https://en.wikipedia.org/wiki/Mark_Gardner_(Australian_rules_footballer),,unique:5103,players/M/Mark_Gardner.html,unique,name,brothers,siblings/brothers,"Corrie, Eric and Mark were brothers.",prose_rule,1365040810,
a88d9245b77a622bcb999204,gaspar-0329,Gaspar,Damien Gaspar,sibling,https://en.wikipedia.org/wiki/Damien_Gaspar,,unique:712,players/D/Damien_Gaspar.html,unique,name,Darren Gaspar,sibling,https://en.wikipedia.org/wiki/Darren_Gaspar,,unique:886,players/D/Darren_Gaspar.html,unique,name,brothers,siblings/brothers,"Damien, Darren and Travis are brothers",prose_rule,1365040810,
4953a043590dce8cb419df48,gaspar-0329,Gaspar,Damien Gaspar,sibling,https://en.wikipedia.org/wiki/Damien_Gaspar,,unique:712,players/D/Damien_Gaspar.html,unique,name,Travis Gaspar,sibling,https://en.wikipedia.org/wiki/Travis_Gaspar,,unique:1080,players/T/Travis_Gaspar.html,unique,name,brothers,siblings/brothers,"Damien, Darren and Travis are brothers",prose_rule,1365040810,
c9a72b5d4bc8bf9421db96a6,gaspar-0329,Gaspar,Darren Gaspar,sibling,https://en.wikipedia.org/wiki/Darren_Gaspar,,unique:886,players/D/Darren_Gaspar.html,unique,name,Travis Gaspar,sibling,https://en.wikipedia.org/wiki/Travis_Gaspar,,unique:1080,players/T/Travis_Gaspar.html,unique,name,brothers,siblings/brothers,"Damien, Darren and Travis are brothers",prose_rule,1365040810,
63b55933a93f62c919ef59c5,giles-0336,Giles,Glenn Giles,sibling,https://en.wikipedia.org/wiki/Glenn_Giles,,unique:11087,players/G/Glenn_Giles.html,unique,name,Peter Giles,sibling,https://en.wikipedia.org/wiki/Peter_Giles_(footballer),,unique:1756,players/P/Peter_Giles.html,unique,name,brothers,siblings/brothers,Glenn and Peter are brothers.,prose_rule,1365040810,
4f011b545257fa0aea93a296,gill-1-0337,Gill (1),Barry Gill,sibling,https://en.wikipedia.org/wiki/Barry_Gill,,unique:2933,players/B/Barry_Gill.html,unique,name,John Gill,brother,https://en.wikipedia.org/wiki/John_R._Gill,,ambiguous,players/J/John_Gill1.html,resolved,"adjudicated (2026-09-05): Wikipedia 'John R. Gill': born 26 October 1941, Carlton 1962-1967, 88 games; brother of Barry Gill (Carlton). AFL Tables John_Gill1: debut 1962, born 1941, 88 games",brothers,siblings/brothers,John is the elder brother of Barry.,prose_rule,1365040810,
2e34a2368cbe28bb67cc8a7d,glascott-0341,Glascott,David Glascott,brother,https://en.wikipedia.org/wiki/David_Glascott,,unique:1333,players/D/David_Glascott.html,unique,name,Stuart Glascott,sibling,https://en.wikipedia.org/wiki/Stuart_Glascott,,unique:11385,players/S/Stuart_Glascott.html,unique,name,brothers,siblings/brothers,David is the elder brother of Stuart.,prose_rule,1365040810,
051b635aee5bcab4903a914a,goggin-0344,Goggin,Bill Goggin,sibling,https://en.wikipedia.org/wiki/Bill_Goggin,,unique:2940,players/B/Bill_Goggin.html,unique,name,Matt Goggin,sibling,https://en.wikipedia.org/wiki/Matt_Goggin,,unique:2941,players/M/Matt_Goggin.html,unique,name,brothers,siblings/brothers,Bill and Matt are brothers.,prose_rule,1365040810,
8529e37b831667383a91d3b0,goodes-0346,Goodes,Adam Goodes,sibling,https://en.wikipedia.org/wiki/Adam_Goodes,,unique:1012,players/A/Adam_Goodes.html,unique,name,Brett Goodes,sibling,https://en.wikipedia.org/wiki/Brett_Goodes,,unique:12139,players/B/Brett_Goodes.html,unique,name,brothers,siblings/brothers,Adam and Brett are brothers.,prose_rule,1365040810,
8cc7453977cc5c123b3d97a1,gowans-0351,Gowans,Chris Gowans,twin,https://en.wikipedia.org/wiki/Chris_Gowans,,unmatched,,unmatched,no VFL/AFL player of that name,James Gowans,twin,https://en.wikipedia.org/wiki/James_Gowans_(Australian_footballer),,unique:968,players/J/James_Gowans.html,unique,name,twins,twins,Chris and James are twins.,prose_rule,1365040810,
4bce277c3880d1d3a444a610,green-1-0359,Green (1),Bob Green,sibling,https://en.wikipedia.org/wiki/Bob_Green_(footballer),,unique:2963,players/B/Bob_Green.html,unique,name,Jack Green,sibling,"https://en.wikipedia.org/wiki/Jack_Green_(footballer,_born_1905)",,ambiguous,players/J/Jack_Green0.html,unique,"name, Wikipedia title birth year 1905",brothers,siblings/brothers,Bob and Jack were brothers.,prose_rule,1365040810,
5019e606f51c1ab3890cf3f6,greenhill-0362,Greenhill,Charlie Greenhill,brother,https://en.wikipedia.org/wiki/Charlie_Greenhill,,unique:6867,players/C/Charlie_Greenhill.html,unique,name,Jack Greenhill,brother,https://en.wikipedia.org/wiki/Jack_Greenhill,,unique:6468,players/J/Jack_Greenhill.html,unique,name,brothers,siblings/brothers,Charles and Jack were brothers.,prose_rule,1365040810,
202688f17774cf920c43c405,gregory-0363,Gregory,John Gregory,sibling,https://en.wikipedia.org/wiki/Johnny_Gregory_(footballer),North Melbourne,unmatched,,unmatched,no VFL/AFL player of that name played for a listed club,Bruce Gregory,sibling,https://en.wikipedia.org/wiki/Bruce_Gregory_(Australian_footballer),North Melbourne,unique:8087,players/B/Bruce_Gregory.html,unique,"name, played for a listed club (north-melbourne)",brothers,siblings/brothers,Bruce and John were brothers.,prose_rule,1365040810,
f815ff1906febeef86d9e5f5,grigg-0365,Grigg,Dick Grigg,sibling,https://en.wikipedia.org/wiki/Dick_Grigg,,unique:5167,players/D/Dick_Grigg.html,unique,name,Norm Grigg,brother,https://en.wikipedia.org/wiki/Norm_Grigg,,unique:6002,players/N/Norm_Grigg.html,unique,name,brothers,siblings/brothers,Norm was the younger brother of Dick.,prose_rule,1365040810,
aa0aaaaf4f577d68acdd747f,grimes-0367,Grimes,Dylan Grimes,sibling,https://en.wikipedia.org/wiki/Dylan_Grimes,,unique:11879,players/D/Dylan_Grimes.html,unique,name,Jack Grimes,brother,https://en.wikipedia.org/wiki/Jack_Grimes_(footballer),,unique:11707,players/J/Jack_Grimes.html,unique,name,brothers,siblings/brothers,Jack is the older brother of Dylan.,prose_rule,1365040810,
40c4d086940152239b4a019d,guthrie-0373,Guthrie,Cameron Guthrie,brother,https://en.wikipedia.org/wiki/Cameron_Guthrie,,unique:11884,players/C/Cameron_Guthrie.html,unique,name,Zach Guthrie,sibling,https://en.wikipedia.org/wiki/Zach_Guthrie,,unique:12551,players/Z/Zach_Guthrie.html,unique,name,brothers,siblings/brothers,Cameron is the older brother of Zach.,prose_rule,1365040810,
421131208d08d46bdad310d9,hacker-0374,Hacker,Alf Hacker,brother,https://en.wikipedia.org/wiki/Alf_Hacker,,unique:8007,players/A/Alf_Hacker.html,unique,name,Jack Hacker,sibling,https://en.wikipedia.org/wiki/Jack_Hacker,,unique:2983,players/J/Jack_Hacker.html,unique,name,brothers,siblings/brothers,Alf was the elder brother of Jack.,prose_rule,1365040810,
3ddd957394886a7e996ead39,hamilton-0378,Hamilton,Alexia Hamilton,sibling,https://en.wikipedia.org/wiki/Alexia_Hamilton,Sydney Swans,unmatched,,unmatched,no VFL/AFL player of that name played for a listed club,Cynthia Hamilton,sibling,https://en.wikipedia.org/wiki/Cynthia_Hamilton,Sydney Swans,unmatched,,unmatched,no VFL/AFL player of that name played for a listed club,sisters,siblings,Alexia and Cynthia are sisters.,prose_rule,1365040810,
2ab59abfb40fea4516ae4779,hank-0381,Hank,Bill Hank,sibling,,,unmatched,,unmatched,no VFL/AFL player of that name,Bob Hank,sibling,https://en.wikipedia.org/wiki/Bob_Hank,,unmatched,,unmatched,no VFL/AFL player of that name,brothers,siblings/brothers,"Bill, Bob and Ray were brothers.",prose_rule,1365040810,
2af05df524330bd53506db55,hank-0381,Hank,Bill Hank,sibling,,,unmatched,,unmatched,no VFL/AFL player of that name,Ray Hank,sibling,,,unmatched,,unmatched,no VFL/AFL player of that name,brothers,siblings/brothers,"Bill, Bob and Ray were brothers.",prose_rule,1365040810,
ce6214364e2ce2e7d7e41ece,hank-0381,Hank,Bob Hank,sibling,https://en.wikipedia.org/wiki/Bob_Hank,,unmatched,,unmatched,no VFL/AFL player of that name,Ray Hank,sibling,,,unmatched,,unmatched,no VFL/AFL player of that name,brothers,siblings/brothers,"Bill, Bob and Ray were brothers.",prose_rule,1365040810,
c018059ca94f37f24ac9c653,hanley-0382,Hanley,Cian Hanley,sibling,,,unmatched,,unmatched,no VFL/AFL player of that name,Pearce Hanley,brother,https://en.wikipedia.org/wiki/Pearce_Hanley,,unique:11704,players/P/Pearce_Hanley.html,unique,name,brothers,siblings/brothers,Pearce is the elder brother of Cian.,prose_rule,1365040810,
40199522801a4953bf31be98,hannebery-0383,Hannebery,Luke O'Sullivan,brother,https://en.wikipedia.org/wiki/Luke_O%27Sullivan_(footballer),,unique:155,players/L/Luke_OSullivan.html,unique,name,Matt Hannebery,sibling,https://en.wikipedia.org/wiki/Matt_Hannebery,,unique:1406,players/M/Matt_Hannebery.html,unique,name,brothers,siblings/brothers,Luke O'Sullivan is the brother of Matt's wife.,prose_rule,1365040810,
38f9bcc2a778ca5988fc59f5,hardie-0385,Hardie,Wayne Hardie,sibling,,East Fremantle,out_of_scope,,unmatched,listed clubs are not VFL/AFL clubs (East Fremantle),Brad Hardie,sibling,https://en.wikipedia.org/wiki/Brad_Hardie,"South Fremantle , Footscray , Brisbane , Collingwood",unique:1300,players/B/Brad_Hardie.html,unique,"name, played for a listed club (western-bulldogs, brisbane-lions, collingwood)",brothers,siblings/brothers,Brad and Wayne are brothers.,prose_rule,1365040810,
8ab316ff80a487340b8b85f3,harper-0389,Harper,Bruce Harper,brother,https://en.wikipedia.org/wiki/Bruce_Harper_(Australian_footballer),,unmatched,,unmatched,no VFL/AFL player of that name,Roy Harper,brother,https://en.wikipedia.org/wiki/Roy_Harper_(footballer),,unique:3014,players/R/Roy_Harper.html,unique,name,brothers,siblings/brothers,Bruce and Ray were brothers.,prose_rule,1365040810,
ee6d09645c003749dc191364,harris-1-0390,Harris (1),Bernie Harris,sibling,https://en.wikipedia.org/wiki/Bernie_Harris,,unique:1794,players/B/Bernie_Harris.html,unique,name,Leon Harris,brother,https://en.wikipedia.org/wiki/Leon_Harris_(footballer),,unique:1791,players/L/Leon_Harris.html,unique,name,brothers,siblings/brothers,Leon is the elder brother of Bernie,prose_rule,1365040810,
67375fad1477ac4187d889fe,harris-2-0391,Harris (2),Brenton Harris,sibling,https://en.wikipedia.org/wiki/Brenton_Harris,"North Melbourne , South Adelaide",unique:11389,players/B/Brenton_Harris.html,unique,"name, played for a listed club (north-melbourne)",Darren Harris,brother,"https://en.wikipedia.org/wiki/Darren_Harris_(footballer,_born_1965)","North Melbourne , South Adelaide",unique:1388,players/D/Darren_Harris.html,unique,"name, played for a listed club (north-melbourne)",brothers,siblings/brothers,Darren is the elder brother of Brenton,prose_rule,1365040810,
795942344cbb439a3da166f1,hartlett-0394,Hartlett,Adam Hartlett,brother,https://en.wikipedia.org/wiki/Adam_Hartlett,,unique:11573,players/A/Adam_Hartlett.html,unique,name,Hamish Hartlett,sibling,https://en.wikipedia.org/wiki/Hamish_Hartlett,,unique:11740,players/H/Hamish_Hartlett.html,unique,name,brothers,siblings/brothers,Adam is the older brother of Hamish.,prose_rule,1365040810,
aff324d9792ee89c693343cb,harvey-1-0395,Harvey (1),Anthony Harvey,sibling,https://en.wikipedia.org/wiki/Anthony_Harvey_(footballer),,unique:920,players/A/Anthony_Harvey.html,unique,name,Robert Harvey,brother,https://en.wikipedia.org/wiki/Robert_Harvey_(footballer),,unique:930,players/R/Robert_Harvey.html,unique,name,brothers,siblings/brothers,Robert is the elder brother of Anthony,prose_rule,1365040810,
52e8238af2e9639cf24d08d5,harvey-2-0396,Harvey (2),Brent Harvey,brother,https://en.wikipedia.org/wiki/Brent_Harvey,,unique:788,players/B/Brent_Harvey.html,unique,name,Shane Harvey,sibling,https://en.wikipedia.org/wiki/Shane_Harvey,,unique:1138,players/S/Shane_Harvey.html,unique,name,brothers,siblings/brothers,Brent is the elder brother of Shane.,prose_rule,1365040810,
9171b9077dfc763c3c6ae6d7,hawkins-0398,Hawkins,Jack Hawkins,sibling,https://en.wikipedia.org/wiki/Jack_Hawkins_(footballer),,unique:1796,players/J/Jack_Hawkins.html,unique,name,Michael Hawkins,sibling,https://en.wikipedia.org/wiki/Michael_Hawkins_(footballer),,unique:10758,players/M/Michael_Hawkins.html,unique,name,brothers,siblings/brothers,"Jack, Michael and Robb are brothers.",prose_rule,1365040810,
4f69abef1cc8b8230e4b92b1,hawkins-0398,Hawkins,Jack Hawkins,sibling,https://en.wikipedia.org/wiki/Jack_Hawkins_(footballer),,unique:1796,players/J/Jack_Hawkins.html,unique,name,Robb Hawkins,sibling,https://en.wikipedia.org/wiki/Robb_Hawkins,,unique:11231,players/R/Robb_Hawkins.html,unique,name,brothers,siblings/brothers,"Jack, Michael and Robb are brothers.",prose_rule,1365040810,
dd9be4f1e0ce01685ece4380,hawkins-0398,Hawkins,Michael Hawkins,sibling,https://en.wikipedia.org/wiki/Michael_Hawkins_(footballer),,unique:10758,players/M/Michael_Hawkins.html,unique,name,Robb Hawkins,sibling,https://en.wikipedia.org/wiki/Robb_Hawkins,,unique:11231,players/R/Robb_Hawkins.html,unique,name,brothers,siblings/brothers,"Jack, Michael and Robb are brothers.",prose_rule,1365040810,
611c74852a26e77eeba3f315,hay-1-0399,Hay (1),Bill Hay,sibling,https://en.wikipedia.org/wiki/Bill_Hay_(footballer),,unique:9802,players/B/Bill_Hay.html,unique,name,Phil Hay,sibling,https://en.wikipedia.org/wiki/Phil_Hay_(footballer),,unique:3026,players/P/Phil_Hay.html,unique,name,brothers,siblings/brothers,"Bill, Phil and Sted were brothers.",prose_rule,1365040810,
5f7c27a3041e1a37af7e295c,hay-1-0399,Hay (1),Bill Hay,sibling,https://en.wikipedia.org/wiki/Bill_Hay_(footballer),,unique:9802,players/B/Bill_Hay.html,unique,name,Sted Hay,sibling,https://en.wikipedia.org/wiki/Sted_Hay,,unique:9886,players/S/Sted_Hay.html,unique,name,brothers,siblings/brothers,"Bill, Phil and Sted were brothers.",prose_rule,1365040810,
bf62ff5f703d278393c1ddd0,hay-1-0399,Hay (1),Phil Hay,sibling,https://en.wikipedia.org/wiki/Phil_Hay_(footballer),,unique:3026,players/P/Phil_Hay.html,unique,name,Sted Hay,sibling,https://en.wikipedia.org/wiki/Sted_Hay,,unique:9886,players/S/Sted_Hay.html,unique,name,brothers,siblings/brothers,"Bill, Phil and Sted were brothers.",prose_rule,1365040810,
1a79a869e1b490cc827284aa,hay-2-0400,Hay (2),Ced Hay,sibling,https://en.wikipedia.org/wiki/Ced_Hay,,unique:4718,players/C/Ced_Hay.html,unique,name,Harold Hay,sibling,https://en.wikipedia.org/wiki/Harold_Hay,,unique:4719,players/H/Harold_Hay.html,unique,name,brothers,siblings/brothers,Ced and Harold were brothers.,prose_rule,1365040810,
fc9074a6e082d708c689bc0c,hay-3-0401,Hay (3),Charlie Hay,sibling,https://en.wikipedia.org/wiki/Charlie_Hay,Port Adelaide,unmatched,,unmatched,no VFL/AFL player of that name played for a listed club,James Hay,sibling,,Port Adelaide,unmatched,,unmatched,no VFL/AFL player of that name played for a listed club,brothers,siblings/brothers,Charlie and James were brothers.,prose_rule,1365040810,
1d23c96b17e891b28dbeec9f,hayes-0402,Hayes,Phonse Hayes,sibling,https://en.wikipedia.org/wiki/Phonse_Hayes,,unmatched,,unmatched,no VFL/AFL player of that name,John Hayes,sibling,"https://en.wikipedia.org/wiki/John_Hayes_(footballer,_born_1903)",,ambiguous,players/J/John_Hayes2.html,unique,"name, Wikipedia title birth year 1903",brothers,siblings/brothers,Phonse and John were brothers.,prose_rule,1365040810,
42913989e1bff71b44c90f6b,heal-0404,Heal,Jack Heal,sibling,https://en.wikipedia.org/wiki/Jack_Heal,Melbourne,unique:8479,players/J/Jack_Heal.html,unique,"name, played for a listed club (melbourne)",Stan Heal,sibling,https://en.wikipedia.org/wiki/Stan_Heal,Melbourne,unique:8380,players/S/Stan_Heal.html,unique,"name, played for a listed club (melbourne)",brothers,siblings/brothers,Jack and Stan were brothers and Stan was the father of Graham.,prose_rule,1365040810,
28bfbaabb1d81be3d716e2fa,healy-0405,Healy,Gerard Healy,sibling,https://en.wikipedia.org/wiki/Gerard_Healy,,unique:1366,players/G/Gerard_Healy.html,unique,name,Greg Healy,sibling,https://en.wikipedia.org/wiki/Greg_Healy,,unique:1408,players/G/Greg_Healy.html,unique,name,brothers,siblings/brothers,Gerard and Greg are brothers.,prose_rule,1365040810,
5f57ec4cbbd1f11237a59c02,henry-0408,Henry,Jack Henry,brother,"https://en.wikipedia.org/wiki/Jack_Henry_(footballer,_born_1998)",,ambiguous,players/J/Jack_Henry1.html,unique,"name, Wikipedia title birth year 1998",Oliver Henry,sibling,https://en.wikipedia.org/wiki/Oliver_Henry_(footballer),,unique:12851,players/O/Oliver_Henry.html,unique,name,brothers,siblings/brothers,Jack is the older brother of Oliver.,prose_rule,1365040810,
d2fb0c6225fe1c700015070f,hill-0410,Hill,Bradley Hill,sibling,https://en.wikipedia.org/wiki/Bradley_Hill_(footballer),,unique:12060,players/B/Bradley_Hill.html,unique,name,Stephen Hill,brother,https://en.wikipedia.org/wiki/Stephen_Hill_(Australian_footballer),,unique:11716,players/S/Stephen_Hill.html,unique,name,brothers,siblings/brothers,Stephen is the elder brother of Bradley.,prose_rule,1365040810,
080b31c4d86e3d8bfc1e2142,himmelberg-0411,Himmelberg,Elliott Himmelberg,sibling,https://en.wikipedia.org/wiki/Elliott_Himmelberg,,unique:12675,players/E/Elliott_Himmelberg.html,unique,name,Harry Himmelberg,brother,https://en.wikipedia.org/wiki/Harry_Himmelberg,,unique:12462,players/H/Harry_Himmelberg.html,unique,name,brothers,siblings/brothers,Harry is the elder brother of Elliott.,prose_rule,1365040810,
fd4dade78462c4b3f1b99227,hinge-0412,Hinge,John Hinge,brother,https://en.wikipedia.org/wiki/John_Hinge,,unique:11564,players/J/John_Hinge.html,unique,name,Mitch Hinge,sibling,https://en.wikipedia.org/wiki/Mitch_Hinge,,unique:12727,players/M/Mitch_Hinge.html,unique,name,brothers,siblings/brothers,John is the elder brother of Mitch.,prose_rule,1365040810,
57cb65ecf7c11d1d8a5e47f0,hinman-0413,Hinman,Arthur Hinman,sibling,https://en.wikipedia.org/wiki/Arthur_Hinman,,unique:5852,players/A/Arthur_Hinman.html,unique,name,Bill Hinman,sibling,https://en.wikipedia.org/wiki/Bill_Hinman,,unique:5967,players/B/Bill_Hinman.html,unique,name,brothers,siblings/brothers,Arthur and Bill were brothers.,prose_rule,1365040810,
964f70dde0c03468a0f961b4,hiskins-0415,Hiskins,Arthur Hiskins,sibling,https://en.wikipedia.org/wiki/Arthur_Hiskins,,unique:5556,players/A/Arthur_Hiskins.html,unique,name,Fred Hiskins,sibling,https://en.wikipedia.org/wiki/Fred_Hiskins,,unique:4753,players/F/Fred_Hiskins.html,unique,name,brothers,siblings/brothers,"Arthur, Fred, Rupe and Stan were brothers.",prose_rule,1365040810,
0a54cc14e9f91c1fe5b225be,hiskins-0415,Hiskins,Arthur Hiskins,sibling,https://en.wikipedia.org/wiki/Arthur_Hiskins,,unique:5556,players/A/Arthur_Hiskins.html,unique,name,Rupe Hiskins,sibling,https://en.wikipedia.org/wiki/Rupe_Hiskins,,unique:6718,players/R/Rupe_Hiskins.html,unique,name,brothers,siblings/brothers,"Arthur, Fred, Rupe and Stan were brothers.",prose_rule,1365040810,
cd0e2b5e36d7c384d7e91202,hiskins-0415,Hiskins,Arthur Hiskins,sibling,https://en.wikipedia.org/wiki/Arthur_Hiskins,,unique:5556,players/A/Arthur_Hiskins.html,unique,name,Stan Hiskins,sibling,https://en.wikipedia.org/wiki/Stan_Hiskins,,unique:6153,players/S/Stan_Hiskins.html,unique,name,brothers,siblings/brothers,"Arthur, Fred, Rupe and Stan were brothers.",prose_rule,1365040810,
b2ad8bfa41ad6f12e8fa4225,hiskins-0415,Hiskins,Fred Hiskins,sibling,https://en.wikipedia.org/wiki/Fred_Hiskins,,unique:4753,players/F/Fred_Hiskins.html,unique,name,Rupe Hiskins,sibling,https://en.wikipedia.org/wiki/Rupe_Hiskins,,unique:6718,players/R/Rupe_Hiskins.html,unique,name,brothers,siblings/brothers,"Arthur, Fred, Rupe and Stan were brothers.",prose_rule,1365040810,
424dd98dcedd8b946e827a31,hiskins-0415,Hiskins,Fred Hiskins,sibling,https://en.wikipedia.org/wiki/Fred_Hiskins,,unique:4753,players/F/Fred_Hiskins.html,unique,name,Stan Hiskins,sibling,https://en.wikipedia.org/wiki/Stan_Hiskins,,unique:6153,players/S/Stan_Hiskins.html,unique,name,brothers,siblings/brothers,"Arthur, Fred, Rupe and Stan were brothers.",prose_rule,1365040810,
03228054526cd2c6f68b0a66,hiskins-0415,Hiskins,Rupe Hiskins,sibling,https://en.wikipedia.org/wiki/Rupe_Hiskins,,unique:6718,players/R/Rupe_Hiskins.html,unique,name,Stan Hiskins,sibling,https://en.wikipedia.org/wiki/Stan_Hiskins,,unique:6153,players/S/Stan_Hiskins.html,unique,name,brothers,siblings/brothers,"Arthur, Fred, Rupe and Stan were brothers.",prose_rule,1365040810,
17a59db225386f4ef663cd4a,holland-0421,Holland,Ben Holland,sibling,https://en.wikipedia.org/wiki/Ben_Holland,,unique:913,players/B/Ben_Holland.html,unique,name,Nick Holland,sibling,https://en.wikipedia.org/wiki/Nick_Holland,,unique:637,players/N/Nick_Holland.html,unique,name,brothers,siblings/brothers,Ben and Nick are brothers.,prose_rule,1365040810,
6adf87bfca06e7e138e36b9c,horman-0424,Horman,George Horman,sibling,https://en.wikipedia.org/wiki/George_Horman,,unique:5169,players/G/George_Horman.html,unique,name,James Horman,brother,https://en.wikipedia.org/wiki/James_Horman,,unique:4768,players/J/James_Horman.html,unique,name,brothers,siblings/brothers,James is the older brother of George.,prose_rule,1365040810,
6987cf4ae6f03d41baaf68fd,houghton-0428,Houghton,Gemma Houghton,sibling,https://en.wikipedia.org/wiki/Gemma_Houghton,,unmatched,,unmatched,no VFL/AFL player of that name,Joel Houghton,sibling,https://en.wikipedia.org/wiki/Joel_Houghton,"Perth , Swan Districts & East Perth",out_of_scope,,unmatched,"listed clubs are not VFL/AFL clubs (Perth , Swan Districts & East Perth)",siblings,siblings,Gemma and Joel are siblings.,prose_rule,1365040810,
2a6ab540714f028359939d45,houlihan-0429,Houlihan,Adam Houlihan,sibling,https://en.wikipedia.org/wiki/Adam_Houlihan,,unique:593,players/A/Adam_Houlihan.html,unique,name,Damian Houlihan,sibling,https://en.wikipedia.org/wiki/Damian_Houlihan,,unique:1234,players/D/Damian_Houlihan.html,unique,name,brothers,siblings/brothers,"Adam, Damian and Ryan are brothers.",prose_rule,1365040810,
13287c62574dfd617ee1f9fa,houlihan-0429,Houlihan,Adam Houlihan,sibling,https://en.wikipedia.org/wiki/Adam_Houlihan,,unique:593,players/A/Adam_Houlihan.html,unique,name,Ryan Houlihan,sibling,https://en.wikipedia.org/wiki/Ryan_Houlihan,,unique:201,players/R/Ryan_Houlihan.html,unique,name,brothers,siblings/brothers,"Adam, Damian and Ryan are brothers.",prose_rule,1365040810,
77ba13f7e542563ac272cdb9,houlihan-0429,Houlihan,Damian Houlihan,sibling,https://en.wikipedia.org/wiki/Damian_Houlihan,,unique:1234,players/D/Damian_Houlihan.html,unique,name,Ryan Houlihan,sibling,https://en.wikipedia.org/wiki/Ryan_Houlihan,,unique:201,players/R/Ryan_Houlihan.html,unique,name,brothers,siblings/brothers,"Adam, Damian and Ryan are brothers.",prose_rule,1365040810,
4f02dd4691e403932a7074b9,hovey-0430,Hovey,Ced Hovey,sibling,https://en.wikipedia.org/wiki/Ced_Hovey,,unique:8873,players/C/Ced_Hovey.html,unique,name,Jim Hovey,sibling,https://en.wikipedia.org/wiki/Jim_Hovey,,unique:3085,players/J/Jim_Hovey.html,unique,name,brothers,siblings/brothers,"Ron, Ced and Jim are brothers, Jim is the father of Wayne.",prose_rule,1365040810,
37c5c87729cb8777fd019465,hovey-0430,Hovey,Ced Hovey,sibling,https://en.wikipedia.org/wiki/Ced_Hovey,,unique:8873,players/C/Ced_Hovey.html,unique,name,Ron Hovey,sibling,https://en.wikipedia.org/wiki/Ron_Hovey,,unique:3086,players/R/Ron_Hovey.html,unique,name,brothers,siblings/brothers,"Ron, Ced and Jim are brothers, Jim is the father of Wayne.",prose_rule,1365040810,
1ea6911f512e9157cc8a0a8c,hovey-0430,Hovey,Jim Hovey,sibling,https://en.wikipedia.org/wiki/Jim_Hovey,,unique:3085,players/J/Jim_Hovey.html,unique,name,Ron Hovey,sibling,https://en.wikipedia.org/wiki/Ron_Hovey,,unique:3086,players/R/Ron_Hovey.html,unique,name,brothers,siblings/brothers,"Ron, Ced and Jim are brothers, Jim is the father of Wayne.",prose_rule,1365040810,
33d870f7797ff40392b8b40e,howell-2-0432,Howell (2),Bevis Howell,sibling,,,unmatched,,unmatched,no VFL/AFL player of that name,Verdun Howell,sibling,https://en.wikipedia.org/wiki/Verdun_Howell,,unique:3091,players/V/Verdun_Howell.html,unique,name,brothers,siblings/brothers,Bevis and Verdun were brothers.,prose_rule,1365040810,
857e64183c16ebf180f11d23,howson-0433,Howson,Herb Howson,sibling,https://en.wikipedia.org/wiki/Herb_Howson,,unmatched,,unmatched,no VFL/AFL player of that name,Henry Howson,sibling,https://en.wikipedia.org/wiki/Henry_Howson,,unique:4662,players/H/Henry_Howson.html,unique,name,brothers,siblings/brothers,Henry and Herb were brothers.,prose_rule,1365040810,
8614c226e44d4382b8bcd076,hughson-0437,Hughson,Fred Hughson,sibling,https://en.wikipedia.org/wiki/Fred_Hughson,,unique:3097,players/F/Fred_Hughson.html,unique,name,Mick Hughson,sibling,https://en.wikipedia.org/wiki/Mick_Hughson,,unique:3098,players/M/Mick_Hughson.html,unique,name,brothers,siblings/brothers,"Les, Mick and Fred were brothers, Les was the father of Les Jr. and Fred was the father of Denis.",prose_rule,1365040810,
91b55d9228217b1edd0b17f8,huntington-0439,Huntington,Jack Huntington,sibling,https://en.wikipedia.org/wiki/Jack_Huntington,,unique:6222,players/J/Jack_Huntington.html,unique,name,Les Huntington,sibling,https://en.wikipedia.org/wiki/Les_Huntington,,unique:6316,players/L/Les_Huntington.html,unique,name,brothers,siblings/brothers,"Jack, Les and Stan were brothers.",prose_rule,1365040810,
de6908e2740cdc2a21fc4c14,huntington-0439,Huntington,Jack Huntington,sibling,https://en.wikipedia.org/wiki/Jack_Huntington,,unique:6222,players/J/Jack_Huntington.html,unique,name,Stan Huntington,sibling,https://en.wikipedia.org/wiki/Stan_Huntington,,unique:6558,players/S/Stan_Huntington.html,unique,name,brothers,siblings/brothers,"Jack, Les and Stan were brothers.",prose_rule,1365040810,
d7325ad6be8e12245acb6b6c,huntington-0439,Huntington,Les Huntington,sibling,https://en.wikipedia.org/wiki/Les_Huntington,,unique:6316,players/L/Les_Huntington.html,unique,name,Stan Huntington,sibling,https://en.wikipedia.org/wiki/Stan_Huntington,,unique:6558,players/S/Stan_Huntington.html,unique,name,brothers,siblings/brothers,"Jack, Les and Stan were brothers.",prose_rule,1365040810,
8442b2a15fd33e256e12203a,icke-0442,Icke,Bill Icke,sibling,https://en.wikipedia.org/wiki/Bill_Icke,,unique:8635,players/B/Bill_Icke.html,unique,name,Laurie Icke,brother,https://en.wikipedia.org/wiki/Laurie_Icke,,unique:3110,players/L/Laurie_Icke.html,unique,name,brothers,siblings/brothers,Laurie is the brother of Bill and the father of Steven.,prose_rule,1365040810,
da0906e68d9a8522860e142b,incigneri-0443,Incigneri,Len Incigneri,sibling,https://en.wikipedia.org/wiki/Len_Incigneri,,unique:5043,players/L/Len_Incigneri.html,unique,name,Matt Incigneri,sibling,https://en.wikipedia.org/wiki/Matt_Incigneri,,unique:5940,players/M/Matt_Incigneri.html,unique,name,brothers,siblings/brothers,Len and Matt were brothers.,prose_rule,1365040810,
60580d213ecf148e16e2c1f2,ion-0444,Ion,Barry Ion,sibling,https://en.wikipedia.org/wiki/Barry_Ion,,unique:9999,players/B/Barry_Ion.html,unique,name,Graham Ion,brother,https://en.wikipedia.org/wiki/Graham_Ion,,unique:3112,players/G/Graham_Ion.html,unique,name,brothers,siblings/brothers,Graham is the elder brother of Barry.,prose_rule,1365040810,
860cd80b4744177b53662c2a,irwin-0445,Irwin,Frank Irwin,brother,https://en.wikipedia.org/wiki/Frank_Irwin,,unique:7133,players/F/Frank_Irwin.html,unique,name,Vince Irwin,sibling,https://en.wikipedia.org/wiki/Vince_Irwin,,unique:6779,players/V/Vince_Irwin.html,unique,name,brothers,siblings/brothers,Frank is the elder brother of Vince.,prose_rule,1365040810,
0478292d750423194ce12eaa,jack-0446,Jack,Brandon Jack,brother,https://en.wikipedia.org/wiki/Brandon_Jack,,unique:12200,players/B/Brandon_Jack.html,unique,name,Kieren Jack,sibling,https://en.wikipedia.org/wiki/Kieren_Jack,,unique:11546,players/K/Kieren_Jack.html,unique,name,brothers,siblings/brothers,"Brandon is the younger brother of Kieren, both are sons of rugby league legend Garry Jack .",prose_rule,1365040810,
83c75dc7a2c5892a732e2bf2,jakovich-0447,Jakovich,Allen Jakovich,sibling,https://en.wikipedia.org/wiki/Allen_Jakovich,"Footscray , Melbourne , South Fremantle & Woodville",unique:449,players/A/Allen_Jakovich.html,unique,"name, played for a listed club (western-bulldogs, melbourne)",Glen Jakovich,sibling,https://en.wikipedia.org/wiki/Glen_Jakovich,,unique:1038,players/G/Glen_Jakovich.html,unique,name,brothers,siblings/brothers,"Allen, Gary and Glen are brothers.",prose_rule,1365040810,
ed6fa0abf2bb9c4fb8a2ccd4,jakovich-0447,Jakovich,Gary Jakovich,sibling,,South Fremantle,out_of_scope,,unmatched,listed clubs are not VFL/AFL clubs (South Fremantle),Allen Jakovich,sibling,https://en.wikipedia.org/wiki/Allen_Jakovich,"Footscray , Melbourne , South Fremantle & Woodville",unique:449,players/A/Allen_Jakovich.html,unique,"name, played for a listed club (western-bulldogs, melbourne)",brothers,siblings/brothers,"Allen, Gary and Glen are brothers.",prose_rule,1365040810,
699781f464babab731275e3b,jakovich-0447,Jakovich,Gary Jakovich,sibling,,South Fremantle,out_of_scope,,unmatched,listed clubs are not VFL/AFL clubs (South Fremantle),Glen Jakovich,sibling,https://en.wikipedia.org/wiki/Glen_Jakovich,,unique:1038,players/G/Glen_Jakovich.html,unique,name,brothers,siblings/brothers,"Allen, Gary and Glen are brothers.",prose_rule,1365040810,
677e6da1a16f1489f1d3d4df,james-1-0448,James (1),Brett James,sibling,https://en.wikipedia.org/wiki/Brett_James_(footballer),,unique:46,players/B/Brett_James.html,unique,name,Roger James,sibling,https://en.wikipedia.org/wiki/Roger_James_(footballer),,unique:835,players/R/Roger_James.html,unique,name,brothers,siblings,Brett and Roger and Paul are siblings – Brett and Roger played AFL and SANFL and Paul played SANFL.,prose_rule,1365040810,
9b30645fe3a65a8bf6760415,james-1-0448,James (1),Paul James,sibling,,,unmatched,,unmatched,no VFL/AFL player of that name,Brett James,sibling,https://en.wikipedia.org/wiki/Brett_James_(footballer),,unique:46,players/B/Brett_James.html,unique,name,siblings,siblings,Brett and Roger and Paul are siblings – Brett and Roger played AFL and SANFL and Paul played SANFL.,prose_rule,1365040810,
14c221db249518f4f3bdbbb6,james-1-0448,James (1),Paul James,sibling,,,unmatched,,unmatched,no VFL/AFL player of that name,Roger James,sibling,https://en.wikipedia.org/wiki/Roger_James_(footballer),,unique:835,players/R/Roger_James.html,unique,name,siblings,siblings,Brett and Roger and Paul are siblings – Brett and Roger played AFL and SANFL and Paul played SANFL.,prose_rule,1365040810,
88a9f744bdcf661d105e5d8f,james-4-0451,James (4),Fred James,sibling,https://en.wikipedia.org/wiki/Fred_James_(Australian_footballer),,unique:5612,players/F/Fred_James.html,unique,name,Les James,sibling,https://en.wikipedia.org/wiki/Les_James,,unique:5754,players/L/Les_James.html,unique,name,brothers,siblings/brothers,"Fred, Les and Syd were brothers.",prose_rule,1365040810,
a25cceca317d54c402f2376c,james-4-0451,James (4),Fred James,sibling,https://en.wikipedia.org/wiki/Fred_James_(Australian_footballer),,unique:5612,players/F/Fred_James.html,unique,name,Syd James,sibling,"https://en.wikipedia.org/wiki/Syd_James_(footballer,_born_1898)",,ambiguous,players/S/Syd_James0.html,unique,"name, Wikipedia title birth year 1898",brothers,siblings/brothers,"Fred, Les and Syd were brothers.",prose_rule,1365040810,
919bfcde9d019bad558e54f2,james-4-0451,James (4),Les James,sibling,https://en.wikipedia.org/wiki/Les_James,,unique:5754,players/L/Les_James.html,unique,name,Syd James,sibling,"https://en.wikipedia.org/wiki/Syd_James_(footballer,_born_1898)",,ambiguous,players/S/Syd_James0.html,unique,"name, Wikipedia title birth year 1898",brothers,siblings/brothers,"Fred, Les and Syd were brothers.",prose_rule,1365040810,
518305217b415369bdcfddab,jarman-0452,Jarman,Andrew Jarman,sibling,https://en.wikipedia.org/wiki/Andrew_Jarman,,unique:8,players/A/Andrew_Jarman.html,unique,name,Darren Jarman,sibling,https://en.wikipedia.org/wiki/Darren_Jarman,,unique:36,players/D/Darren_Jarman.html,unique,name,brothers,siblings/brothers,Andrew and Darren are brothers.,prose_rule,1365040810,
ccf829f76ce927d0c579af97,jetta-0454,Jetta,Graham Jetta,sibling,,Swan Districts,out_of_scope,,unmatched,listed clubs are not VFL/AFL clubs (Swan Districts),Lewis Jetta,sibling,https://en.wikipedia.org/wiki/Lewis_Jetta,Sydney & West Coast,out_of_scope,players/L/Lewis_Jetta.html,unique,"name, played for a listed club (sydney, west-coast)",brothers,siblings/brothers,Graham and Lewis are brothers.,prose_rule,1365040810,
be4e572da0252a0e88e26e65,johns-0457,Johns,Alwyn Johns,sibling,https://en.wikipedia.org/wiki/Alwyn_Johns,,unique:6193,players/A/Alwyn_Johns.html,unique,name,Keith Johns,sibling,https://en.wikipedia.org/wiki/Keith_Johns,,unique:3126,players/K/Keith_Johns.html,unique,name,brothers,siblings/brothers,Alwyn and Keith were brothers.,prose_rule,1365040810,
42a0cc5ccdab94745a02c830,johnson-3-0460,Johnson (3),David Johnson,sibling,https://en.wikipedia.org/wiki/David_Johnson_(Australian_rules_footballer),,unique:1107,players/D/David_Johnson.html,unique,name,Mark Johnson,brother,https://en.wikipedia.org/wiki/Mark_Johnson_(footballer),,unique:354,players/M/Mark_Johnson.html,unique,name,brothers,siblings/brothers,Mark is the elder brother of David.,prose_rule,1365040810,
3da4658dd449e5714d5ae522,johnston-0461,Johnston,Charlie Johnston,sibling,https://en.wikipedia.org/wiki/Charlie_Johnston_(Australian_footballer),,unmatched,,unmatched,no VFL/AFL player of that name,Jack Johnston,sibling,https://en.wikipedia.org/wiki/Jack_Johnston_(footballer),,unmatched,,unmatched,no VFL/AFL player of that name,brothers,siblings/brothers,Charlie and Jack are brothers.,prose_rule,1365040810,
3e2daee891e4364f06a0569a,jones-1-0463,Jones (1),Brett Jones,brother,https://en.wikipedia.org/wiki/Brett_Jones_(footballer),,unique:3977,players/B/Brett_Jones.html,unique,name,Chad Jones,sibling,https://en.wikipedia.org/wiki/Chad_Jones,,unique:3973,players/C/Chad_Jones.html,unique,name,brothers,siblings/brothers,Brett is the elder brother of Chad.,prose_rule,1365040810,
6d6611519ea341b95bf66806,jones-2-0464,Jones (2),Nathan Jones,brother,https://en.wikipedia.org/wiki/Nathan_Jones_(Australian_footballer),,unique:2447,players/N/Nathan_Jones.html,unique,name,Zak Jones,sibling,https://en.wikipedia.org/wiki/Zak_Jones,,unique:12288,players/Z/Zak_Jones.html,unique,name,brothers,siblings/brothers,Nathan is the elder brother of Zak.,prose_rule,1365040810,
754b6f5acfd29b98d45bd208,kappler-0466,Kappler,David Kappler,sibling,,,unmatched,,unmatched,no VFL/AFL player of that name,Darren Kappler,sibling,https://en.wikipedia.org/wiki/Darren_Kappler,,unique:650,players/D/Darren_Kappler.html,unique,name,brothers,siblings/brothers,Darren and David are brothers.,prose_rule,1365040810,
f2cd72d50f0e439c836516aa,keating-0468,Keating,Aaron Keating,sibling,https://en.wikipedia.org/wiki/Aaron_Keating,,unique:50,players/A/Aaron_Keating.html,unique,name,Clark Keating,sibling,https://en.wikipedia.org/wiki/Clark_Keating,,unique:132,players/C/Clark_Keating.html,unique,name,brothers,siblings/brothers,Aaron and Clark are brothers.,prose_rule,1365040810,
5decb4b1895b50aa65630922,keeffe-0469,Keeffe,Jessy Keeffe,sibling,https://en.wikipedia.org/wiki/Jessy_Keeffe,,unmatched,,unmatched,no VFL/AFL player of that name,Lachlan Keeffe,brother,https://en.wikipedia.org/wiki/Lachlan_Keeffe,,unique:11991,players/L/Lachlan_Keeffe.html,unique,name,brothers,siblings/brothers,Lachlan is the elder brother of Jessy.,prose_rule,1365040810,
551475dbe44c749124c810bd,kekovich-0470,Kekovich,Brian Kekovich,sibling,https://en.wikipedia.org/wiki/Brian_Kekovich,,unique:3153,players/B/Brian_Kekovich.html,unique,name,Sam Kekovich,sibling,https://en.wikipedia.org/wiki/Sam_Kekovich,,unique:1864,players/S/Sam_Kekovich.html,unique,name,brothers,siblings/brothers,Brian and Sam are brothers.,prose_rule,1365040810,
7fc85c9bd86e4c6bd6be4bf3,kellaway-0471,Kellaway,Andrew Kellaway,sibling,https://en.wikipedia.org/wiki/Andrew_Kellaway_(Australian_rules_footballer),,unique:899,players/A/Andrew_Kellaway.html,unique,name,Duncan Kellaway,sibling,https://en.wikipedia.org/wiki/Duncan_Kellaway,,unique:861,players/D/Duncan_Kellaway.html,unique,name,brothers,siblings/brothers,Andrew and Duncan are brothers.,prose_rule,1365040810,
afldb-sibling-supplement:014,kelly-3-0474,Kelly,Jake Kelly,brother,,,,players/J/Jake_Kelly.html,resolved,"supplement (2026-09-05): Families page entry (https://en.wikipedia.org/wiki/List_of_Australian_rules_football_families, revision 1365040810, 'Kelly'): 'Craig is the father of Jake and Will' — sons of one father only, not itself brother evidence; the relationship is explicit in the players' own articles: Wikipedia 'Will Kelly (footballer)' (born 16 August 2000, Collingwood 2019-2023, 5 games): 'His brother, Jake, played football in the Australian Football League after Collingwood passed on drafting him'. Wikipedia 'Jake Kelly (Australian footballer)': born 21 January 1995, Adelaide 2014-2021 and Essendon 2022-2024, pick 40 in the 2014 Rookie Draft, 'the son of former Collingwood player Craig Kelly' (identity corroboration; his own article names no brother). AFL Tables Jake_Kelly: born 1995-01-21, Adelaide/Essendon 2015-2024; Will_Kelly: Collingwood 2020-2023, 5 games",Will Kelly,brother,,,,players/W/Will_Kelly.html,resolved,"supplement (2026-09-05): Families page entry (https://en.wikipedia.org/wiki/List_of_Australian_rules_football_families, revision 1365040810, 'Kelly'): 'Craig is the father of Jake and Will' — sons of one father only, not itself brother evidence; the relationship is explicit in the players' own articles: Wikipedia 'Will Kelly (footballer)' (born 16 August 2000, Collingwood 2019-2023, 5 games): 'His brother, Jake, played football in the Australian Football League after Collingwood passed on drafting him'. Wikipedia 'Jake Kelly (Australian footballer)': born 21 January 1995, Adelaide 2014-2021 and Essendon 2022-2024, pick 40 in the 2014 Rookie Draft, 'the son of former Collingwood player Craig Kelly' (identity corroboration; his own article names no brother). AFL Tables Jake_Kelly: born 1995-01-21, Adelaide/Essendon 2015-2024; Will_Kelly: Collingwood 2020-2023, 5 games",brothers,supplement,"Families page entry (https://en.wikipedia.org/wiki/List_of_Australian_rules_football_families, revision 1365040810, 'Kelly'): 'Craig is the father of Jake and Will' — sons of one father only, not itself brother evidence; the relationship is explicit in the players' own articles: Wikipedia 'Will Kelly (footballer)' (born 16 August 2000, Collingwood 2019-2023, 5 games): 'His brother, Jake, played football in the Australian Football League after Collingwood passed on drafting him'. Wikipedia 'Jake Kelly (Australian footballer)': born 21 January 1995, Adelaide 2014-2021 and Essendon 2022-2024, pick 40 in the 2014 Rookie Draft, 'the son of former Collingwood player Craig Kelly' (identity corroboration; his own article names no brother). AFL Tables Jake_Kelly: born 1995-01-21, Adelaide/Essendon 2015-2024; Will_Kelly: Collingwood 2020-2023, 5 games",adjudication,,
b369fbc47396fa2f0689b0b7,kelly-4-0475,Kelly (4),Lance Kelly,sibling,,,unmatched,,unmatched,no VFL/AFL player of that name,Phil Kelly,sibling,https://en.wikipedia.org/wiki/Phil_Kelly_(Australian_footballer),,unique:1868,players/P/Phil_Kelly.html,unique,name,brothers,siblings/brothers,Phil and Lance are brothers.,prose_rule,1365040810,
8f3ca054cc80023a85c4c8fe,kennedy-3-0478,Kennedy (3),James Kennedy,sibling,https://en.wikipedia.org/wiki/James_Kennedy_(Australian_politician),,unmatched,,unmatched,no VFL/AFL player of that name,Ted Kennedy,brother,https://en.wikipedia.org/wiki/Ted_Kennedy_(footballer),,unique:4849,players/T/Ted_Kennedy.html,unique,name,brothers,siblings/brothers,Ted was the elder brother of James,prose_rule,1365040810,
f9b3d5da3b0034af67d225cf,kerr-3-0483,Kerr (3),Alex Kerr,sibling,https://en.wikipedia.org/wiki/Alex_Kerr_(Australian_footballer),,unique:5335,players/A/Alex_Kerr.html,unique,name,Bill Kerr,sibling,https://en.wikipedia.org/wiki/Bill_Kerr_(footballer),,unique:5254,players/B/Bill_Kerr.html,unique,name,brothers,siblings/brothers,Alex and Bill were brothers.,prose_rule,1365040810,
da1fad3f343198dcafd6e832,kinnear-0488,Kinnear,Bill Kinnear,sibling,https://en.wikipedia.org/wiki/Bill_Kinnear,,unique:8043,players/B/Bill_Kinnear.html,unique,name,Joe Kinnear,brother,https://en.wikipedia.org/wiki/Joe_Kinnear_(Australian_footballer),,unique:3168,players/J/Joe_Kinnear.html,unique,name,brothers,siblings/brothers,Joe was the elder brother of Bill.,prose_rule,1365040810,
b515c1e848311afb663e4004,klomp-0489,Klomp,Kim Klomp,sibling,,North Adelaide & Sturt,out_of_scope,,unmatched,listed clubs are not VFL/AFL clubs (North Adelaide & Sturt),Robbert Klomp,sibling,https://en.wikipedia.org/wiki/Robbert_Klomp,,unique:1881,players/R/Robbert_Klomp.html,unique,name,brothers,siblings/brothers,Kim and Robbert are brothers.,prose_rule,1365040810,
63b173e5b4e2f8383bb65fba,knott-0491,Knott,Arch Knott,sibling,https://en.wikipedia.org/wiki/Arch_Knott,Fitzroy & St Kilda,out_of_scope,players/A/Arch_Knott.html,unique,"name, played for a listed club (fitzroy, st-kilda)",Dan Knott,sibling,https://en.wikipedia.org/wiki/Dan_Knott_(footballer),Collingwood & Richmond,out_of_scope,players/D/Dan_Knott.html,unique,"name, played for a listed club (collingwood, richmond)",brothers,siblings/brothers,Dan and Arch were brothers.,prose_rule,1365040810,
b1e53c47fbd1ef0bd93f97af,krakouer-0493,Krakouer,Andrew L. Krakouer,sibling,https://en.wikipedia.org/wiki/Andrew_L._Krakouer,,ambiguous,players/A/Andrew_Krakouer0.html,resolved,"adjudicated (2026-09-05): Wikipedia 'Andrew L. Krakouer': born 9 July 1971, North Melbourne 1989-1990, 8 games; younger brother of Jim and Phil Krakouer. AFL Tables Andrew_Krakouer0: debut 1989, born 1971, 8 games; Andrew_Krakouer1 (born 1983, debut 2001) is Jim's son",Jim Krakouer,sibling,https://en.wikipedia.org/wiki/Jim_Krakouer,,unique:1389,players/J/Jim_Krakouer.html,unique,name,brothers,siblings/brothers,"Jim, Phil and Andrew L. are brothers, Andrew J is Jim's son.",prose_rule,1365040810,
59735753d7ce8a0d09a08f77,krakouer-0493,Krakouer,Andrew L. Krakouer,sibling,https://en.wikipedia.org/wiki/Andrew_L._Krakouer,,ambiguous,players/A/Andrew_Krakouer0.html,resolved,"adjudicated (2026-09-05): Wikipedia 'Andrew L. Krakouer': born 9 July 1971, North Melbourne 1989-1990, 8 games; younger brother of Jim and Phil Krakouer. AFL Tables Andrew_Krakouer0: debut 1989, born 1971, 8 games; Andrew_Krakouer1 (born 1983, debut 2001) is Jim's son",Phil Krakouer,sibling,https://en.wikipedia.org/wiki/Phil_Krakouer,,unique:1906,players/P/Phil_Krakouer.html,unique,name,brothers,siblings/brothers,"Jim, Phil and Andrew L. are brothers, Andrew J is Jim's son.",prose_rule,1365040810,
523fdb69a46b3f58cd24897a,krakouer-0493,Krakouer,Jim Krakouer,sibling,https://en.wikipedia.org/wiki/Jim_Krakouer,,unique:1389,players/J/Jim_Krakouer.html,unique,name,Phil Krakouer,sibling,https://en.wikipedia.org/wiki/Phil_Krakouer,,unique:1906,players/P/Phil_Krakouer.html,unique,name,brothers,siblings/brothers,"Jim, Phil and Andrew L. are brothers, Andrew J is Jim's son.",prose_rule,1365040810,
2a91f04c16fc32964b4678ae,lambert-0499,Lambert,Chris Lambert,brother,https://en.wikipedia.org/wiki/Chris_Lambert_(footballer),,unique:3192,players/C/Chris_Lambert.html,unique,name,Harold Lambert,sibling,https://en.wikipedia.org/wiki/Harold_Lambert_(footballer),,unique:3191,players/H/Harold_Lambert.html,unique,name,brothers,siblings/brothers,Chris was the elder brother of Harold,prose_rule,1365040810,
8a0d8b7cc2c1705aa6e62fe0,lane-0498,Lane,Clarrie Lane,sibling,https://en.wikipedia.org/wiki/Clarrie_Lane,,unique:9461,players/C/Clarrie_Lane.html,unique,name,Eddie Lane,brother,https://en.wikipedia.org/wiki/Eddie_Lane,,unique:1910,players/E/Eddie_Lane.html,unique,name,brothers,siblings/brothers,Eddie was the elder brother of Clarrie.,prose_rule,1365040810,
a60ce28240a43870696e8d22,langdon-0500,Langdon,Ed Langdon,sibling,https://en.wikipedia.org/wiki/Ed_Langdon,,unique:12393,players/E/Ed_Langdon.html,unique,name,Tom Langdon,brother,https://en.wikipedia.org/wiki/Tom_Langdon,,unique:12233,players/T/Tom_Langdon.html,unique,name,brothers,siblings/brothers,Tom is the elder brother of Ed They are also related to the Cordner family .,prose_rule,1365040810,
59e87f3673310e8117e952ae,laurie-0502,Laurie,Jesse Laurie,sibling,,"Port Adelaide rookie, Claremont",out_of_scope,,unmatched,"listed clubs are not VFL/AFL clubs (Port Adelaide rookie, Claremont)",Parris Laurie,sibling,https://en.wikipedia.org/wiki/Parris_Laurie,,unmatched,,unmatched,no VFL/AFL player of that name,siblings,siblings,Jesse and Parris are siblings.,prose_rule,1365040810,
6ac3591e35b06be774bcfc66,leach-0504,Leach,Arthur Leach,sibling,https://en.wikipedia.org/wiki/Arthur_Leach,,unique:4327,players/A/Arthur_Leach.html,unique,name,Fred Leach,sibling,https://en.wikipedia.org/wiki/Fred_Leach,,unique:4469,players/F/Fred_Leach.html,unique,name,brothers,siblings/brothers,"Arthur, Fred and Ted were brothers.",prose_rule,1365040810,
592279b6403f4e1e156fdd02,leach-0504,Leach,Arthur Leach,sibling,https://en.wikipedia.org/wiki/Arthur_Leach,,unique:4327,players/A/Arthur_Leach.html,unique,name,Ted Leach,sibling,https://en.wikipedia.org/wiki/Ted_Leach,,unique:4900,players/T/Ted_Leach.html,unique,name,brothers,siblings/brothers,"Arthur, Fred and Ted were brothers.",prose_rule,1365040810,
acf03b92884953657f285127,leach-0504,Leach,Fred Leach,sibling,https://en.wikipedia.org/wiki/Fred_Leach,,unique:4469,players/F/Fred_Leach.html,unique,name,Ted Leach,sibling,https://en.wikipedia.org/wiki/Ted_Leach,,unique:4900,players/T/Ted_Leach.html,unique,name,brothers,siblings/brothers,"Arthur, Fred and Ted were brothers.",prose_rule,1365040810,
7fad4b542e0b87750f6379bf,leahy-0505,Leahy,Brian Leahy,sibling,https://en.wikipedia.org/wiki/Brian_Leahy,,unique:3201,players/B/Brian_Leahy.html,unique,name,John Leahy,sibling,https://en.wikipedia.org/wiki/John_Leahy_(footballer),,unique:9969,players/J/John_Leahy.html,unique,name,brothers,siblings/brothers,"Brian, John and Terry are all brothers.",prose_rule,1365040810,
24dbcd88d4f2e9eaa7ffa991,leahy-0505,Leahy,Brian Leahy,sibling,https://en.wikipedia.org/wiki/Brian_Leahy,,unique:3201,players/B/Brian_Leahy.html,unique,name,Terry Leahy,sibling,https://en.wikipedia.org/wiki/Terry_Leahy_(footballer),,unique:3202,players/T/Terry_Leahy.html,unique,name,brothers,siblings/brothers,"Brian, John and Terry are all brothers.",prose_rule,1365040810,
6fc310e1c45b0d3687a99113,leahy-0505,Leahy,John Leahy,sibling,https://en.wikipedia.org/wiki/John_Leahy_(footballer),,unique:9969,players/J/John_Leahy.html,unique,name,Terry Leahy,sibling,https://en.wikipedia.org/wiki/Terry_Leahy_(footballer),,unique:3202,players/T/Terry_Leahy.html,unique,name,brothers,siblings/brothers,"Brian, John and Terry are all brothers.",prose_rule,1365040810,
2e92975681bfd0411d7679e9,lenaghan-0509,Lenaghan,Mick Lenaghan,sibling,https://en.wikipedia.org/wiki/Mick_Lenaghan,,unmatched,,unmatched,no VFL/AFL player of that name,Denis Lenaghan,brother,https://en.wikipedia.org/wiki/Denis_Lenaghan,,unique:1919,players/D/Denis_Lenaghan.html,unique,name,brothers,siblings/brothers,Denis is the elder brother of Mick.,prose_rule,1365040810,
d6621112b9e5c0e53ff54abc,lester-smith-0510,Lester-Smith,Neil Lester-Smith,sibling,,,unmatched,,unmatched,no VFL/AFL player of that name,Rod Lester-Smith,sibling,https://en.wikipedia.org/wiki/Rod_Lester-Smith,,unique:1398,players/R/Rod_Lester-Smith.html,unique,name,brothers,siblings/brothers,"Rod and Neil are brothers, Ryan is Neil's son.",prose_rule,1365040810,
9d4317e7e925ad74c6cacb7b,longmuir-0520,Longmuir,Justin Longmuir,sibling,https://en.wikipedia.org/wiki/Justin_Longmuir,,unique:535,players/J/Justin_Longmuir.html,unique,name,Troy Longmuir,sibling,https://en.wikipedia.org/wiki/Troy_Longmuir,,unique:543,players/T/Troy_Longmuir.html,unique,name,brothers,siblings/brothers,Justin and Troy are brothers,prose_rule,1365040810,
03e8be67b1beebc552f2418e,lower-0524,Lower,Ed Lower,twin,https://en.wikipedia.org/wiki/Ed_Lower,,unique:4199,players/E/Ed_Lower.html,unique,name,Nick Lower,twin,https://en.wikipedia.org/wiki/Nick_Lower,,unique:1780,players/N/Nick_Lower.html,unique,name,twin brothers,twins,Ed and Nick are twins.,prose_rule,1365040810,
8036c2a8898c483502f0afc5,lucas-3-0527,Lucas (3),Bert Lucas,sibling,https://en.wikipedia.org/wiki/Bert_Lucas,"Carlton , South Melbourne",resolved:3237,players/B/Bert_Lucas0.html,resolved,"adjudicated (2026-09-05): Wikipedia 'Bert Lucas': Albert William Leslie Lucas, born 3 April 1922, Carlton 1944 then South Melbourne 1946-1950, 76 games, captain 1949; brother George Lucas joined South Melbourne 1947. AFL Tables Bert_Lucas0: debut 1944, born 1922, 76 games; both candidates played for a listed club so the club rule could not decide",George Lucas,sibling,"https://en.wikipedia.org/wiki/George_Lucas_(footballer,_born_1920)",South Melbourne,resolved:8996,players/G/George_Lucas1.html,unique,"name, played for a listed club (sydney)",brothers,siblings/brothers,Bert and George were brothers.,prose_rule,1365040810,
4906c06aa0e7058b48931e68,mackie-0536,Mackie,Gordon Mackie,brother,https://en.wikipedia.org/wiki/Gordon_Mackie_(footballer),,unique:3251,players/G/Gordon_Mackie.html,unique,name,Ken Mackie,sibling,https://en.wikipedia.org/wiki/Ken_Mackie,,unique:3252,players/K/Ken_Mackie.html,unique,name,brothers,siblings/brothers,Gordon was the elder brother of Ken.,prose_rule,1365040810,
842f99c77d2a33aa70a35599,macpherson-0538,MacPherson,Rod MacPherson,brother,https://en.wikipedia.org/wiki/Rod_MacPherson,,unique:1933,players/R/Rod_MacPherson.html,unique,name,Stephen MacPherson,sibling,https://en.wikipedia.org/wiki/Stephen_MacPherson,,unique:435,players/S/Stephen_Macpherson.html,unique,name,brothers,siblings/brothers,Rod is the elder brother of Stephen.,prose_rule,1365040810,
6a9404c66e46da9c080bc2a9,macrae-0539,Macrae,Finlay Macrae,sibling,https://en.wikipedia.org/wiki/Finlay_Macrae,,unique:12888,players/F/Finlay_Macrae.html,unique,name,Jack Macrae,sibling,https://en.wikipedia.org/wiki/Jack_Macrae,,unique:12166,players/J/Jack_Macrae.html,unique,name,brothers,siblings/brothers,Finlay and Jack are brothers.,prose_rule,1365040810,
7db6756b2235144e24839dc6,madden-0540,Madden,Justin Madden,sibling,https://en.wikipedia.org/wiki/Justin_Madden,,unique:150,players/J/Justin_Madden.html,unique,name,Simon Madden,sibling,https://en.wikipedia.org/wiki/Simon_Madden,,unique:1302,players/S/Simon_Madden.html,unique,name,brothers,siblings/brothers,Justin and Simon are brothers.,prose_rule,1365040810,
68f32dea4176c88fcaa0ebfd,magin-0541,Magin,Alik Magin,brother,https://en.wikipedia.org/wiki/Alik_Magin,,unique:11910,players/A/Alik_Magin.html,unique,name,Rhys Magin,sibling,https://en.wikipedia.org/wiki/Rhys_Magin,,unique:11698,players/R/Rhys_Magin.html,unique,name,brothers,siblings/brothers,Alik is the younger brother of Rhys.,prose_rule,1365040810,
07003a83e64b402678d057dc,malakellis-0543,Malakellis,Spiro Malakellis,brother,https://en.wikipedia.org/wiki/Spiro_Malakellis,,unique:1310,players/S/Spiro_Malakellis.html,unique,name,Tony Malakellis,sibling,https://en.wikipedia.org/wiki/Tony_Malakellis,,unique:1349,players/T/Tony_Malakellis.html,unique,name,brothers,siblings/brothers,Spiro is the elder brother of Tony.,prose_rule,1365040810,
0e24247751592809bc3d128a,malone-0544,Malone,Jack Malone,sibling,https://en.wikipedia.org/wiki/Jack_J._Malone,,ambiguous,players/J/Jack_Malone1.html,resolved,"adjudicated (2026-09-05): Wikipedia 'Jack J. Malone': John Joseph Malone, born 22 December 1919, Footscray 1941 and 1943, 6 games. AFL Tables Jack_Malone1: debut 1941, born 1919, 6 games; Jack_Malone0 (debut 1939, 1 game) shares the birth year so the title rule could not decide",Joe Malone,sibling,https://en.wikipedia.org/wiki/Joe_Malone_(footballer),,unique:8906,players/J/Joe_Malone.html,unique,name,brothers,siblings/brothers,Jack and Joe were brothers.,prose_rule,1365040810,
1d74a222906b04d959ae7c52,matera-0550,Matera,Peter Matera,sibling,https://en.wikipedia.org/wiki/Peter_Matera,,unique:1040,players/P/Peter_Matera.html,unique,name,Wally Matera,brother,https://en.wikipedia.org/wiki/Wally_Matera,,unique:1377,players/W/Wally_Matera.html,unique,name,brothers,siblings/brothers,Wally is the elder brother of Peter and Phillip.,prose_rule,1365040810,
08da33cbca5953e108b58649,matera-0550,Matera,Phillip Matera,sibling,https://en.wikipedia.org/wiki/Phillip_Matera,,unique:1052,players/P/Phillip_Matera.html,unique,name,Wally Matera,brother,https://en.wikipedia.org/wiki/Wally_Matera,,unique:1377,players/W/Wally_Matera.html,unique,name,brothers,siblings/brothers,Wally is the elder brother of Peter and Phillip.,prose_rule,1365040810,
5dcf5d65564846be7c0208a3,matthews-2-0552,Matthews (2),Kelvin Matthews,sibling,https://en.wikipedia.org/wiki/Kelvin_Matthews,,unique:1950,players/K/Kelvin_Matthews.html,unique,name,Leigh Matthews,sibling,https://en.wikipedia.org/wiki/Leigh_Matthews,,unique:1949,players/L/Leigh_Matthews.html,unique,name,brothers,siblings/brothers,Kelvin and Leigh are brothers.,prose_rule,1365040810,
a368d62ab33367de319a1dcd,mcadam-0556,McAdam,Adrian McAdam,sibling,https://en.wikipedia.org/wiki/Adrian_McAdam,,unique:779,players/A/Adrian_McAdam.html,unique,name,Gilbert McAdam,sibling,https://en.wikipedia.org/wiki/Gilbert_McAdam,,unique:113,players/G/Gilbert_McAdam.html,unique,name,brothers,siblings/brothers,"Adrian, Gilbert and Greg are brothers.",prose_rule,1365040810,
eb55be556cbaef6250b4b528,mcadam-0556,McAdam,Adrian McAdam,sibling,https://en.wikipedia.org/wiki/Adrian_McAdam,,unique:779,players/A/Adrian_McAdam.html,unique,name,Greg McAdam,sibling,https://en.wikipedia.org/wiki/Greg_McAdam,,unique:11258,players/G/Greg_McAdam.html,unique,name,brothers,siblings/brothers,"Adrian, Gilbert and Greg are brothers.",prose_rule,1365040810,
17d65ca24f9ae205bf5f1002,mcadam-0556,McAdam,Gilbert McAdam,sibling,https://en.wikipedia.org/wiki/Gilbert_McAdam,,unique:113,players/G/Gilbert_McAdam.html,unique,name,Greg McAdam,sibling,https://en.wikipedia.org/wiki/Greg_McAdam,,unique:11258,players/G/Greg_McAdam.html,unique,name,brothers,siblings/brothers,"Adrian, Gilbert and Greg are brothers.",prose_rule,1365040810,
4924b3f46327d30af5db5a8b,mcadam-johnson-benning-0557,McAdam/Johnson/Benning,Ash Johnson,sibling,https://en.wikipedia.org/wiki/Ash_Johnson,,unique:13013,players/A/Ash_Johnson.html,unique,name,Shane McAdam,sibling,https://en.wikipedia.org/wiki/Shane_McAdam,,unique:12783,players/S/Shane_McAdam.html,unique,name,brothers,siblings/brothers,"Shane, Ash and Roy are brothers.",prose_rule,1365040810,
01ed62cfccf62790f56bf5a6,mcadam-johnson-benning-0557,McAdam/Johnson/Benning,Roy Benning,sibling,,,unmatched,,unmatched,no VFL/AFL player of that name,Ash Johnson,sibling,https://en.wikipedia.org/wiki/Ash_Johnson,,unique:13013,players/A/Ash_Johnson.html,unique,name,brothers,siblings/brothers,"Shane, Ash and Roy are brothers.",prose_rule,1365040810,
f97d9ec4106daf3f5c1a5562,mcadam-johnson-benning-0557,McAdam/Johnson/Benning,Roy Benning,sibling,,,unmatched,,unmatched,no VFL/AFL player of that name,Shane McAdam,sibling,https://en.wikipedia.org/wiki/Shane_McAdam,,unique:12783,players/S/Shane_McAdam.html,unique,name,brothers,siblings/brothers,"Shane, Ash and Roy are brothers.",prose_rule,1365040810,
a6a5a0b6312ad3a1725e62cf,mccartin-0561,McCartin,Paddy McCartin,brother,https://en.wikipedia.org/wiki/Paddy_McCartin,"St Kilda , Sydney",unique:12339,players/P/Paddy_McCartin.html,unique,"name, played for a listed club (st-kilda, sydney)",Tom McCartin,sibling,https://en.wikipedia.org/wiki/Tom_McCartin,Sydney,unique:12627,players/T/Tom_McCartin.html,unique,"name, played for a listed club (sydney)",brothers,siblings/brothers,Paddy is the older brother of Tom.,prose_rule,1365040810,
d7650b84594858c147e17d1e,mcdonald-1-0562,McDonald (1),Alex McDonald,sibling,https://en.wikipedia.org/wiki/Alex_McDonald_(Australian_rules_footballer),,unique:243,players/A/Alex_McDonald.html,unique,name,Anthony McDonald,sibling,https://en.wikipedia.org/wiki/Anthony_McDonald_(Australian_footballer),,unique:727,players/A/Anthony_McDonald.html,unique,name,brothers,siblings/brothers,"Alex, Anthony and James are brothers",prose_rule,1365040810,
df0a4366729a7a9d519494d6,mcdonald-1-0562,McDonald (1),Alex McDonald,sibling,https://en.wikipedia.org/wiki/Alex_McDonald_(Australian_rules_footballer),,unique:243,players/A/Alex_McDonald.html,unique,name,James McDonald,sibling,https://en.wikipedia.org/wiki/James_McDonald_(Australian_footballer),,unique:730,players/J/James_McDonald.html,unique,name,brothers,siblings/brothers,"Alex, Anthony and James are brothers",prose_rule,1365040810,
3df167f1142540e62fe85661,mcdonald-1-0562,McDonald (1),Anthony McDonald,sibling,https://en.wikipedia.org/wiki/Anthony_McDonald_(Australian_footballer),,unique:727,players/A/Anthony_McDonald.html,unique,name,James McDonald,sibling,https://en.wikipedia.org/wiki/James_McDonald_(Australian_footballer),,unique:730,players/J/James_McDonald.html,unique,name,brothers,siblings/brothers,"Alex, Anthony and James are brothers",prose_rule,1365040810,
19173ec0db0b43c3b755759b,mcdonald-3-0564,McDonald (3),Oscar McDonald,sibling,https://en.wikipedia.org/wiki/Oscar_McDonald,,unique:12394,players/O/Oscar_McDonald.html,unique,name,Tom McDonald,brother,https://en.wikipedia.org/wiki/Tom_McDonald_(Australian_footballer),,unique:12009,players/T/Tom_McDonald.html,unique,name,brothers,siblings/brothers,Tom is the older brother of Oscar.,prose_rule,1365040810,
818b3cc710571e238201ce8f,mcentee-0537,McEntee,Kobe McEntee,sibling,,Sturt,out_of_scope,,unmatched,listed clubs are not VFL/AFL clubs (Sturt),Jed McEntee,sibling,https://en.wikipedia.org/wiki/Jed_McEntee,,unique:12924,players/J/Jed_McEntee.html,unique,name,brothers,siblings/brothers,Jed and Kobe are brothers.,prose_rule,1365040810,
fe29f14e163648d7f4b2370c,mcghie-0566,McGhie,Joe McGhie,brother,,Australian footballer,out_of_scope,,unmatched,listed clubs are not VFL/AFL clubs (Australian footballer),Robbie McGhie,brother,https://en.wikipedia.org/wiki/Robbie_McGhie,,unmatched,,unmatched,no VFL/AFL player of that name,brothers,siblings/brothers,"Joe and Robbie (""Bones"") are brothers.",prose_rule,1365040810,
f54309de97a1d6cea344b080,mcgrath-1-0568,McGrath (1),Ashley McGrath,sibling,https://en.wikipedia.org/wiki/Ashley_McGrath,,unique:1100,players/A/Ashley_McGrath.html,unique,name,Cory McGrath,sibling,https://en.wikipedia.org/wiki/Cory_McGrath,,unique:366,players/C/Cory_McGrath.html,unique,name,brothers,siblings/brothers,"Ashley, Cory and Toby are brothers.",prose_rule,1365040810,
23055ec971c6f94f8b397ef1,mcgrath-1-0568,McGrath (1),Toby McGrath,sibling,https://en.wikipedia.org/wiki/Toby_McGrath,,unmatched,,unmatched,no VFL/AFL player of that name,Ashley McGrath,sibling,https://en.wikipedia.org/wiki/Ashley_McGrath,,unique:1100,players/A/Ashley_McGrath.html,unique,name,brothers,siblings/brothers,"Ashley, Cory and Toby are brothers.",prose_rule,1365040810,
b4a49e838abbf545a173068b,mcgrath-1-0568,McGrath (1),Toby McGrath,sibling,https://en.wikipedia.org/wiki/Toby_McGrath,,unmatched,,unmatched,no VFL/AFL player of that name,Cory McGrath,sibling,https://en.wikipedia.org/wiki/Cory_McGrath,,unique:366,players/C/Cory_McGrath.html,unique,name,brothers,siblings/brothers,"Ashley, Cory and Toby are brothers.",prose_rule,1365040810,
8679b28e42273a3a52039d77,mcgrath-3-0570,McGrath (3),Frank McGrath,sibling,https://en.wikipedia.org/wiki/Frank_McGrath_(Australian_footballer),,unique:8714,players/F/Frank_McGrath.html,unique,name,Shane McGrath,sibling,"https://en.wikipedia.org/wiki/Shane_McGrath_(footballer,_born_1919)",,ambiguous,players/S/Shane_McGrath1.html,unique,"name, Wikipedia title birth year 1919",brothers,siblings/brothers,Frank and Shane were brothers.,prose_rule,1365040810,
58ef4659452d25e944c2e4cc,mcguinness-0571,McGuinness,Phil McGuinness,sibling,https://en.wikipedia.org/wiki/Phil_McGuinness,,unmatched,,unmatched,no VFL/AFL player of that name,Tony McGuinness,sibling,https://en.wikipedia.org/wiki/Tony_McGuinness_(footballer),,unique:18,players/T/Tony_McGuinness.html,unique,name,brothers,siblings/brothers,Phil and Tony are brothers.,prose_rule,1365040810,
e93c438945ef761eb301168d,mckenzie-3-0578,McKenzie (3),Alec McKenzie,sibling,https://en.wikipedia.org/wiki/Alexander_McKenzie_(footballer),,unique:4978,players/A/Alec_McKenzie.html,unique,name,Ken McKenzie,sibling,"https://en.wikipedia.org/wiki/Ken_McKenzie_(footballer,_born_1865)",,unique:5675,players/K/Ken_McKenzie.html,unique,name,brothers,siblings/brothers,"Alec, Jack and Ken were brothers.",prose_rule,1365040810,
e2ce4536975d05d48a178030,mckenzie-3-0578,McKenzie (3),Jack McKenzie,sibling,,Port Adelaide,ambiguous,,unmatched,no VFL/AFL player of that name played for a listed club,Alec McKenzie,sibling,https://en.wikipedia.org/wiki/Alexander_McKenzie_(footballer),,unique:4978,players/A/Alec_McKenzie.html,unique,name,brothers,siblings/brothers,"Alec, Jack and Ken were brothers.",prose_rule,1365040810,
9aaf519b49ec5b4b31a12318,mckenzie-3-0578,McKenzie (3),Jack McKenzie,sibling,,Port Adelaide,ambiguous,,unmatched,no VFL/AFL player of that name played for a listed club,Ken McKenzie,sibling,"https://en.wikipedia.org/wiki/Ken_McKenzie_(footballer,_born_1865)",,unique:5675,players/K/Ken_McKenzie.html,unique,name,brothers,siblings/brothers,"Alec, Jack and Ken were brothers.",prose_rule,1365040810,
e732a326b46861dacbde5432,mckernan-0579,McKernan,Corey McKernan,brother,https://en.wikipedia.org/wiki/Corey_McKernan,,unique:775,players/C/Corey_McKernan.html,unique,name,Shaun McKernan,sibling,https://en.wikipedia.org/wiki/Shaun_McKernan,,unique:11774,players/S/Shaun_McKernan.html,unique,name,brothers,siblings/brothers,Corey is the elder brother of Shaun.,prose_rule,1365040810,
814b101edae4c6929c98ee85,mcpartland-0584,McPartland,Andy McPartland,sibling,https://en.wikipedia.org/wiki/Andy_McPartland,,unique:8414,players/A/Andy_McPartland.html,unique,name,Leo McPartland,sibling,https://en.wikipedia.org/wiki/Leo_McPartland,,unique:8691,players/L/Leo_McPartland.html,unique,name,brothers,siblings/brothers,Andy and Leo were brothers.,prose_rule,1365040810,
eb856dbd9344c88c7194801e,mcshane-0586,McShane,Henry McShane,sibling,https://en.wikipedia.org/wiki/Henry_McShane,,unique:4397,players/H/Henry_McShane.html,unique,name,Jim McShane,sibling,https://en.wikipedia.org/wiki/Jim_McShane,,unique:4398,players/J/Jim_McShane.html,unique,name,brothers,siblings/brothers,"Henry, Jim and Joe were brothers.",prose_rule,1365040810,
3a163d6ba97ac9ea4aac6050,mcshane-0586,McShane,Henry McShane,sibling,https://en.wikipedia.org/wiki/Henry_McShane,,unique:4397,players/H/Henry_McShane.html,unique,name,Joe McShane,sibling,https://en.wikipedia.org/wiki/Joe_McShane,,unique:4399,players/J/Joe_McShane.html,unique,name,brothers,siblings/brothers,"Henry, Jim and Joe were brothers.",prose_rule,1365040810,
6347bd4328669fc3b8a8dd92,mcshane-0586,McShane,Jim McShane,sibling,https://en.wikipedia.org/wiki/Jim_McShane,,unique:4398,players/J/Jim_McShane.html,unique,name,Joe McShane,sibling,https://en.wikipedia.org/wiki/Joe_McShane,,unique:4399,players/J/Joe_McShane.html,unique,name,brothers,siblings/brothers,"Henry, Jim and Joe were brothers.",prose_rule,1365040810,
5f0ab7d0a9c5eef6959a6348,mcveigh-0587,McVeigh,Jarrad McVeigh,sibling,https://en.wikipedia.org/wiki/Jarrad_McVeigh,,unique:3950,players/J/Jarrad_McVeigh.html,unique,name,Mark McVeigh,sibling,https://en.wikipedia.org/wiki/Mark_McVeigh,,unique:355,players/M/Mark_McVeigh.html,unique,name,brothers,siblings/brothers,Jarrad and Mark are brothers.,prose_rule,1365040810,
f760bd1ad1239bb3d16bb7f2,menzel-0589,Menzel,Daniel Menzel,brother,https://en.wikipedia.org/wiki/Daniel_Menzel,,unique:11873,players/D/Daniel_Menzel.html,unique,name,Troy Menzel,sibling,https://en.wikipedia.org/wiki/Troy_Menzel,,unique:12189,players/T/Troy_Menzel.html,unique,name,brothers,siblings/brothers,Daniel is the older brother of Troy.,prose_rule,1365040810,
3150c11e16ab2485b01e591e,merrett-0591,Merrett,Jackson Merrett,sibling,https://en.wikipedia.org/wiki/Jackson_Merrett,,unique:12136,players/J/Jackson_Merrett.html,unique,name,Zach Merrett,sibling,https://en.wikipedia.org/wiki/Zach_Merrett,,unique:12241,players/Z/Zach_Merrett.html,unique,name,brothers,siblings/brothers,Jackson and Zach are brothers.,prose_rule,1365040810,
5679de47236d28b2322b18e4,metherell-0593,Metherell,Jack Metherell,sibling,https://en.wikipedia.org/wiki/Jack_Metherell,,unique:3348,players/J/Jack_Metherell.html,unique,name,Len Metherell,brother,https://en.wikipedia.org/wiki/Len_Metherell,,unique:1985,players/L/Len_Metherell.html,unique,name,brothers,siblings/brothers,Len was the elder brother of Jack.,prose_rule,1365040810,
d4722b96f2525c14785ec515,mills-0601,Mills,Arthur Mills,sibling,https://en.wikipedia.org/wiki/Arthur_Mills_(Australian_footballer),,unique:7619,players/A/Arthur_Mills.html,unique,name,Bert Mills,sibling,https://en.wikipedia.org/wiki/Bert_Mills,,unique:1986,players/B/Bert_Mills.html,unique,name,brothers,siblings/brothers,Bert and Arthur were brothers,prose_rule,1365040810,
c85039e41fa80413f9ff52cd,mithen-0603,Mithen,Kevin Mithen,sibling,https://en.wikipedia.org/wiki/Kevin_Mithen,,unique:9679,players/K/Kevin_Mithen.html,unique,name,Laurie Mithen,sibling,https://en.wikipedia.org/wiki/Laurie_Mithen,,unique:1992,players/L/Laurie_Mithen.html,unique,name,brothers,siblings/brothers,Kevin and Laurie are brothers.,prose_rule,1365040810,
6e6b064836ce130a14079d0c,montgomery-0610,Montgomery,Allan Montgomery,sibling,"https://en.wikipedia.org/wiki/Allan_Montgomery_(footballer,_born_1920)",,ambiguous,players/A/Allan_Montgomery1.html,unique,"name, Wikipedia title birth year 1920",Bill Montgomery,brother,https://en.wikipedia.org/wiki/Bill_Montgomery_(Australian_footballer),,unique:3373,players/B/Bill_Montgomery.html,unique,name,brothers,siblings/brothers,Bill was the brother of Allan and the father of Ken.,prose_rule,1365040810,
ad9d10e6b8e6e1d8bb38cf46,moody-0611,Moody,Breann Moody,twin,https://en.wikipedia.org/wiki/Breann_Moody,,unmatched,,unmatched,no VFL/AFL player of that name,Celine Moody,twin,https://en.wikipedia.org/wiki/Celine_Moody,,unmatched,,unmatched,no VFL/AFL player of that name,twins,twins,Breann and Celine are twins.,prose_rule,1365040810,
afldb-sibling-supplement:005,mooney-0612,Mooney,Cameron Mooney,brother,,,,players/C/Cameron_Mooney.html,resolved,"supplement (2026-09-05): Families page entry (https://en.wikipedia.org/wiki/List_of_Australian_rules_football_families, revision 1365040810, 'Mooney'): 'Jason is Cameron's elder brother' — explicit on the page itself; the export's prose rule produced no sibling row. Wikipedia 'Jason Mooney (Australian rules footballer)' (born 5 June 1973, Sydney 1992-1998, Geelong 1999-2001): 'He is the older brother of Geelong premiership player Cameron Mooney and played alongside him in 2000 and 2001'. AFL Tables Cameron_Mooney (born 1979, debut 1999) and Jason_Mooney (born 1973, debut 1992)",Jason Mooney,brother,,,,players/J/Jason_Mooney.html,resolved,"supplement (2026-09-05): Families page entry (https://en.wikipedia.org/wiki/List_of_Australian_rules_football_families, revision 1365040810, 'Mooney'): 'Jason is Cameron's elder brother' — explicit on the page itself; the export's prose rule produced no sibling row. Wikipedia 'Jason Mooney (Australian rules footballer)' (born 5 June 1973, Sydney 1992-1998, Geelong 1999-2001): 'He is the older brother of Geelong premiership player Cameron Mooney and played alongside him in 2000 and 2001'. AFL Tables Cameron_Mooney (born 1979, debut 1999) and Jason_Mooney (born 1973, debut 1992)",brothers,supplement,"Families page entry (https://en.wikipedia.org/wiki/List_of_Australian_rules_football_families, revision 1365040810, 'Mooney'): 'Jason is Cameron's elder brother' — explicit on the page itself; the export's prose rule produced no sibling row. Wikipedia 'Jason Mooney (Australian rules footballer)' (born 5 June 1973, Sydney 1992-1998, Geelong 1999-2001): 'He is the older brother of Geelong premiership player Cameron Mooney and played alongside him in 2000 and 2001'. AFL Tables Cameron_Mooney (born 1979, debut 1999) and Jason_Mooney (born 1973, debut 1992)",adjudication,,
d148c8b0c1fa945fcd3d46a8,moore-2-0614,Moore (2),Andrew Moore,sibling,https://en.wikipedia.org/wiki/Andrew_Moore_(Australian_footballer),,unique:11814,players/A/Andrew_Moore.html,unique,name,Kelvin Moore,brother,"https://en.wikipedia.org/wiki/Kelvin_Moore_(footballer,_born_1984)",,ambiguous,players/K/Kelvin_Moore1.html,unique,"name, Wikipedia title birth year 1984",brothers,siblings/brothers,Kelvin is the elder brother of Andrew,prose_rule,1365040810,
cf7dcb4b258d740368a79e79,moriarty-0617,Moriarty,Dan Moriarty,sibling,"https://en.wikipedia.org/wiki/Dan_Moriarty_(footballer,_born_1875)",,unique:4365,players/D/Dan_Moriarty.html,unique,name,Geoff Moriarty,sibling,https://en.wikipedia.org/wiki/Geoff_Moriarty,,unique:4366,players/G/Geoff_Moriarty.html,unique,name,brothers,siblings/brothers,Geoff and Dan were brothers and Geoff was the father of Jack.,prose_rule,1365040810,
4532f434cb2a0adb1d4f596f,motlop-0625,Motlop,Daniel Motlop,sibling,https://en.wikipedia.org/wiki/Daniel_Motlop,,unique:814,players/D/Daniel_Motlop.html,unique,name,Shannon Motlop,sibling,https://en.wikipedia.org/wiki/Shannon_Motlop,,unique:800,players/S/Shannon_Motlop.html,unique,name,brothers,siblings/brothers,"Daniel, Steven and Shannon are brothers.",prose_rule,1365040810,
4f0d0e853fe6eb13b754f65c,motlop-0625,Motlop,Daniel Motlop,sibling,https://en.wikipedia.org/wiki/Daniel_Motlop,,unique:814,players/D/Daniel_Motlop.html,unique,name,Steven Motlop,sibling,https://en.wikipedia.org/wiki/Steven_Motlop,,unique:11818,players/S/Steven_Motlop.html,unique,name,brothers,siblings/brothers,"Daniel, Steven and Shannon are brothers.",prose_rule,1365040810,
c6eaaacfa75234df8b81e491,motlop-0625,Motlop,Shannon Motlop,sibling,https://en.wikipedia.org/wiki/Shannon_Motlop,,unique:800,players/S/Shannon_Motlop.html,unique,name,Steven Motlop,sibling,https://en.wikipedia.org/wiki/Steven_Motlop,,unique:11818,players/S/Steven_Motlop.html,unique,name,brothers,siblings/brothers,"Daniel, Steven and Shannon are brothers.",prose_rule,1365040810,
4cd09135fa8c5a95138d56c7,mullenger-0626,Mullenger,Allan Mullenger,brother,https://en.wikipedia.org/wiki/Allan_Mullenger,,unique:8245,players/A/Allan_Mullenger.html,unique,name,Bobby Mullenger,brother,https://en.wikipedia.org/wiki/Bobby_Mullenger,,unique:8246,players/B/Bobby_Mullenger.html,unique,name,brothers,siblings/brothers,Allan and Robert were brothers.,prose_rule,1365040810,
6aa622036d6f6a75c6283fd3,muller-0627,Muller,Angie Muller,sibling,https://en.wikipedia.org/wiki/Angie_Muller,,unique:3401,players/A/Angie_Muller.html,unique,name,Nick Muller,sibling,https://en.wikipedia.org/wiki/Nick_Muller,,unique:8072,players/N/Nick_Muller.html,unique,name,brothers,siblings/brothers,Angie and Nick were brothers.,prose_rule,1365040810,
da2e9f4745e642b8093904f4,murdoch-0629,Murdoch,Brodie Murdoch,sibling,https://en.wikipedia.org/wiki/Brodie_Murdoch,,unique:12172,players/B/Brodie_Murdoch.html,unique,name,Jordan Murdoch,sibling,https://en.wikipedia.org/wiki/Jordan_Murdoch,,unique:12099,players/J/Jordan_Murdoch.html,unique,name,brothers,siblings/brothers,Brodie and Jordan are brothers,prose_rule,1365040810,
f0455852d39a92986b73ad1e,murphy-1-0630,Murphy (1),Frank Murphy,sibling,https://en.wikipedia.org/wiki/Frank_Murphy_(Australian_rules_footballer),,ambiguous,players/F/Frank_Murphy0.html,resolved,"adjudicated (2026-09-05): Wikipedia 'Frank Murphy (Australian rules footballer)': Francis John Murphy, born 1905, Collingwood 1925-1934, 145 games, four premierships three with brother Len Murphy. AFL Tables Frank_Murphy0: debut 1925, born 1905, 145 games",Len Murphy,sibling,https://en.wikipedia.org/wiki/Len_Murphy,,unique:1886,players/L/Len_Murphy.html,unique,name,brothers,siblings/brothers,Frank and Len were brothers,prose_rule,1365040810,
6a40dc459ff4b88b06eb34a4,murray-2-0634,Murray (2),Nick Murray,sibling,https://en.wikipedia.org/wiki/Nick_Murray_(footballer),,unique:12872,players/N/Nick_Murray.html,unique,name,Sam Murray,sibling,https://en.wikipedia.org/wiki/Sam_Murray_(footballer),,unique:12586,players/S/Sam_Murray.html,unique,name,brothers,siblings/brothers,Sam and Nick are brothers.,prose_rule,1365040810,
e09bed1b8df157127cc8234e,murray-3-0635,Murray (3),Allan Murray,sibling,https://en.wikipedia.org/wiki/Allan_Murray_(Australian_footballer),,unique:1214,players/A/Allan_Murray.html,unique,name,Derek Murray,sibling,https://en.wikipedia.org/wiki/Derek_Murray_(Australian_footballer),,unique:848,players/D/Derek_Murray.html,unique,name,brothers,siblings/brothers,Allan and Derek are brothers.,prose_rule,1365040810,
390ae261663beccde9177524,nankervis-1-0637,Nankervis (1),Bruce Nankervis,sibling,https://en.wikipedia.org/wiki/Bruce_Nankervis,,unique:2022,players/B/Bruce_Nankervis.html,unique,name,Ian Nankervis,sibling,https://en.wikipedia.org/wiki/Ian_Nankervis,,ambiguous,players/I/Ian_Nankervis0.html,resolved,"adjudicated (2026-09-05): Wikipedia 'Ian Nankervis': Ian James Nankervis, born 3 January 1948, Geelong 1967-1983, 325 games; brother Bruce Nankervis also Geelong. AFL Tables Ian_Nankervis0: debut 1967, born 1948, 325 games",brothers,siblings/brothers,Bruce and Ian are brothers.,prose_rule,1365040810,
8c2b0dc5072f36f454231e48,narkle-0639,Narkle,Keith Narkle,brother,https://en.wikipedia.org/wiki/Keith_Narkle,,unmatched,,unmatched,no VFL/AFL player of that name,Phil Narkle,sibling,https://en.wikipedia.org/wiki/Phil_Narkle,,unique:2024,players/P/Phil_Narkle.html,unique,name,brothers,siblings/brothers,Keith is the elder brother of Phil.,prose_rule,1365040810,
6c8e168ce6acd2eb6f349949,negri-0642,Negri,Des Negri,sibling,https://en.wikipedia.org/wiki/Des_Negri,,unique:8576,players/D/Des_Negri.html,unique,name,Frank Negri,sibling,https://en.wikipedia.org/wiki/Frank_Negri,,unique:8693,players/F/Frank_Negri.html,unique,name,brothers,siblings/brothers,Des and Frank were brothers.,prose_rule,1365040810,
9d9c32f67d48d51413dd45aa,nicholls-0644,Nicholls,Geoff Nicholls,brother,https://en.wikipedia.org/wiki/Geoff_Nicholls_(footballer),,unique:3421,players/G/Geoff_Nicholls.html,unique,name,Reg Nicholls,sibling,https://en.wikipedia.org/wiki/Reg_Nicholls_(footballer),,unique:3420,players/R/Reg_Nicholls.html,unique,name,brothers,siblings/brothers,Geoff was the elder brother of Reg.,prose_rule,1365040810,
b46254281e8b37db2b71ed07,niven-0646,Niven,Colin Niven,sibling,https://en.wikipedia.org/wiki/Colin_Niven,,unique:2029,players/C/Colin_Niven.html,unique,name,Ray Niven,sibling,https://en.wikipedia.org/wiki/Ray_Niven,,unique:3426,players/R/Ray_Niven.html,unique,name,brothers,siblings/brothers,Colin and Ray were brothers.,prose_rule,1365040810,
57a28da60292531222f80188,nolan-0648,Nolan,Herb Nolan,sibling,https://en.wikipedia.org/wiki/Herb_Nolan,,unique:4368,players/H/Herb_Nolan.html,unique,name,Jerry Nolan,sibling,https://en.wikipedia.org/wiki/Jerry_Nolan_(footballer),,unique:4369,players/J/Jerry_Nolan.html,unique,name,brothers,siblings/brothers,"Bernard, Herb, Jerry and Tom were brothers.",prose_rule,1365040810,
aba8a6e03cadf09c5c76e17b,nolan-0648,Nolan,Herb Nolan,sibling,https://en.wikipedia.org/wiki/Herb_Nolan,,unique:4368,players/H/Herb_Nolan.html,unique,name,Tom Nolan,sibling,https://en.wikipedia.org/wiki/Tom_Nolan_(Australian_rules_footballer),,unique:4680,players/T/Tom_Nolan.html,unique,name,brothers,siblings/brothers,"Bernard, Herb, Jerry and Tom were brothers.",prose_rule,1365040810,
a3f44753dcc0beb2c1625753,nolan-0648,Nolan,Jerry Nolan,sibling,https://en.wikipedia.org/wiki/Jerry_Nolan_(footballer),,unique:4369,players/J/Jerry_Nolan.html,unique,name,Tom Nolan,sibling,https://en.wikipedia.org/wiki/Tom_Nolan_(Australian_rules_footballer),,unique:4680,players/T/Tom_Nolan.html,unique,name,brothers,siblings/brothers,"Bernard, Herb, Jerry and Tom were brothers.",prose_rule,1365040810,
84a72b013fa1fae66283de81,o-brien-1-0652,O'Brien (1),Dally O'Brien,sibling,https://en.wikipedia.org/wiki/Dally_O%27Brien,,unique:3440,players/D/Dally_OBrien.html,unique,name,Jock O'Brien,brother,"https://en.wikipedia.org/wiki/Jock_O%27Brien_(footballer,_born_1909)",,ambiguous,players/J/Jock_OBrien0.html,unique,"name, Wikipedia title birth year 1909",brothers,siblings/brothers,Jock was the elder brother of Dally.,prose_rule,1365040810,
ac32ec451b05ef76e91f4d56,o-driscoll-0658,O'Driscoll,Emma O'Driscoll,sibling,https://en.wikipedia.org/wiki/Emma_O%27Driscoll_(footballer),,unmatched,,unmatched,no VFL/AFL player of that name,Nathan O'Driscoll,sibling,https://en.wikipedia.org/wiki/Nathan_O%27Driscoll,,unique:12960,players/N/Nathan_ODriscoll.html,unique,name,siblings,siblings,Emma and Nathan are siblings.,prose_rule,1365040810,
b631430b7c8063ceaf7ba235,o-hara-0661,O'Hara,Frank O'Hara,sibling,https://en.wikipedia.org/wiki/Frank_O%27Hara_(footballer),,unique:4296,players/F/Frank_OHara.html,unique,name,Jack O'Hara,sibling,https://en.wikipedia.org/wiki/Jack_O%27Hara,,unique:4553,players/J/Jack_OHara.html,unique,name,brothers,siblings/brothers,"Frank, Jack and Jim were brothers.",prose_rule,1365040810,
ac8eba5b064efc3ffb9f78d2,o-hara-0661,O'Hara,Frank O'Hara,sibling,https://en.wikipedia.org/wiki/Frank_O%27Hara_(footballer),,unique:4296,players/F/Frank_OHara.html,unique,name,Jim O'Hara,sibling,https://en.wikipedia.org/wiki/Jim_O%27Hara_(footballer),,unique:4297,players/J/Jim_OHara.html,unique,name,brothers,siblings/brothers,"Frank, Jack and Jim were brothers.",prose_rule,1365040810,
06c1100a9d79b251b13a5c74,o-hara-0661,O'Hara,Jack O'Hara,sibling,https://en.wikipedia.org/wiki/Jack_O%27Hara,,unique:4553,players/J/Jack_OHara.html,unique,name,Jim O'Hara,sibling,https://en.wikipedia.org/wiki/Jim_O%27Hara_(footballer),,unique:4297,players/J/Jim_OHara.html,unique,name,brothers,siblings/brothers,"Frank, Jack and Jim were brothers.",prose_rule,1365040810,
03e4a9aadc0838cd71b98fea,o-loughlin-0662,O'Loughlin,Michael O'Loughlin,sibling,https://en.wikipedia.org/wiki/Michael_O%27Loughlin,,unique:1000,players/M/Michael_OLoughlin.html,unique,name,Ricky O'Loughlin,sibling,https://en.wikipedia.org/wiki/Ricky_O%27Loughlin,,unique:84,players/R/Ricky_OLoughlin.html,unique,name,brothers,siblings/brothers,Michael and Ricky are brothers.,prose_rule,1365040810,
13eec3fb25f3479c4b5ac27a,osborne-0666,Osborne,Graham Osborne,sibling,"https://en.wikipedia.org/wiki/Graham_Osborne_(footballer,_born_1963)",,ambiguous,players/G/Graham_Osborne1.html,unique,"name, Wikipedia title birth year 1963",Richard Osborne,brother,https://en.wikipedia.org/wiki/Richard_Osborne,,unique:253,players/R/Richard_Osborne.html,unique,name,brothers,siblings/brothers,Richard is the elder brother of Graham.,prose_rule,1365040810,
afldb-sibling-supplement:004,ottens-0668,Ottens,Brad Ottens,brother,,,,players/B/Brad_Ottens.html,resolved,"supplement (2026-09-05): Families page entry (https://en.wikipedia.org/wiki/List_of_Australian_rules_football_families, revision 1365040810, 'Ottens'): 'Dean is the father of Brad and Luke' — sons of one father only, not itself brother evidence; the relationship is explicit in the players' own articles: Wikipedia 'Luke Ottens' (born 22 May 1976, Melbourne, 4 games): 'His brother, Brad, had a successful AFL career, winning three premierships with Geelong'; 'Ottens made his AFL debut in the first round of the 1999 season, playing against his brother, Brad'. AFL Tables Brad_Ottens (born 1980, Richmond/Geelong 1998-2011) and Luke_Ottens (Melbourne 1999, 4 games)",Luke Ottens,brother,,,,players/L/Luke_Ottens.html,resolved,"supplement (2026-09-05): Families page entry (https://en.wikipedia.org/wiki/List_of_Australian_rules_football_families, revision 1365040810, 'Ottens'): 'Dean is the father of Brad and Luke' — sons of one father only, not itself brother evidence; the relationship is explicit in the players' own articles: Wikipedia 'Luke Ottens' (born 22 May 1976, Melbourne, 4 games): 'His brother, Brad, had a successful AFL career, winning three premierships with Geelong'; 'Ottens made his AFL debut in the first round of the 1999 season, playing against his brother, Brad'. AFL Tables Brad_Ottens (born 1980, Richmond/Geelong 1998-2011) and Luke_Ottens (Melbourne 1999, 4 games)",brothers,supplement,"Families page entry (https://en.wikipedia.org/wiki/List_of_Australian_rules_football_families, revision 1365040810, 'Ottens'): 'Dean is the father of Brad and Luke' — sons of one father only, not itself brother evidence; the relationship is explicit in the players' own articles: Wikipedia 'Luke Ottens' (born 22 May 1976, Melbourne, 4 games): 'His brother, Brad, had a successful AFL career, winning three premierships with Geelong'; 'Ottens made his AFL debut in the first round of the 1999 season, playing against his brother, Brad'. AFL Tables Brad_Ottens (born 1980, Richmond/Geelong 1998-2011) and Luke_Ottens (Melbourne 1999, 4 games)",adjudication,,
12d056f2df3a1e37a3760f04,palfreyman-0671,Palfreyman,Brent Palfreyman,sibling,https://en.wikipedia.org/wiki/Brent_Palfreyman,Sandy Bay,out_of_scope,,unmatched,listed clubs are not VFL/AFL clubs (Sandy Bay),Stewart Palfreyman,sibling,https://en.wikipedia.org/wiki/Stewart_Palfreyman,"Geelong , Sandy Bay",unique:3498,players/S/Stewart_Palfreyman.html,unique,"name, played for a listed club (geelong)",brothers,siblings/brothers,Brent and Stewart are brothers.,prose_rule,1365040810,
3d6aa429d0eb6fc2063cf41f,parker-0674,Parker,Daniel Parker,sibling,https://en.wikipedia.org/wiki/Daniel_Parker_(Australian_rules_footballer),,unique:519,players/D/Daniel_Parker.html,unique,name,Shane Parker,sibling,https://en.wikipedia.org/wiki/Shane_Parker_(footballer),,unique:501,players/S/Shane_Parker.html,unique,name,brothers,siblings/brothers,Shane and Daniel are brothers.,prose_rule,1365040810,
fda6de0f580212ce1260e516,pascoe-0675,Pascoe,Barry Pascoe,sibling,https://en.wikipedia.org/wiki/Barry_Pascoe,,unique:3507,players/B/Barry_Pascoe.html,unique,name,Bob Pascoe,brother,https://en.wikipedia.org/wiki/Bob_Pascoe,,unique:3506,players/B/Bob_Pascoe.html,unique,name,brothers,siblings/brothers,Bob is the elder brother of Barry,prose_rule,1365040810,
380656f01425174aa061993b,paternoster-0676,Paternoster,Jim Paternoster,sibling,https://en.wikipedia.org/wiki/Jim_Paternoster,,unique:4860,players/J/Jim_Paternoster.html,unique,name,Matt Paternoster,sibling,https://en.wikipedia.org/wiki/Matt_Paternoster,Fitzroy,unique:4861,players/M/Matt_Paternoster.html,unique,"name, played for a listed club (fitzroy)",brothers,siblings/brothers,Jim and Matt were brothers.,prose_rule,1365040810,
b57ec34b8b8c7acf339331a6,pender-0682,Pender,Dan Pender,sibling,https://en.wikipedia.org/wiki/Dan_Pender,,unique:4609,players/D/Dan_Pender.html,unique,name,Jim Pender,sibling,"https://en.wikipedia.org/wiki/Jim_Pender_(footballer,_born_1877)",,ambiguous,players/J/Jim_Pender0.html,unique,"name, Wikipedia title birth year 1877",brothers,siblings/brothers,"Dan, Jim, Laurie and Mick were brothers .",prose_rule,1365040810,
1969cfb53c0f5480bcdf99af,pender-0682,Pender,Dan Pender,sibling,https://en.wikipedia.org/wiki/Dan_Pender,,unique:4609,players/D/Dan_Pender.html,unique,name,Laurie Pender,sibling,https://en.wikipedia.org/wiki/Laurie_Pender,,unique:6098,players/L/Laurie_Pender.html,unique,name,brothers,siblings/brothers,"Dan, Jim, Laurie and Mick were brothers .",prose_rule,1365040810,
e0680719fd92207c3ccd505f,pender-0682,Pender,Dan Pender,sibling,https://en.wikipedia.org/wiki/Dan_Pender,,unique:4609,players/D/Dan_Pender.html,unique,name,Mick Pender,sibling,https://en.wikipedia.org/wiki/Mick_Pender,,unique:4611,players/M/Mick_Pender.html,unique,name,brothers,siblings/brothers,"Dan, Jim, Laurie and Mick were brothers .",prose_rule,1365040810,
20491f553c680540e613d47d,pender-0682,Pender,Jim Pender,sibling,"https://en.wikipedia.org/wiki/Jim_Pender_(footballer,_born_1877)",,ambiguous,players/J/Jim_Pender0.html,unique,"name, Wikipedia title birth year 1877",Laurie Pender,sibling,https://en.wikipedia.org/wiki/Laurie_Pender,,unique:6098,players/L/Laurie_Pender.html,unique,name,brothers,siblings/brothers,"Dan, Jim, Laurie and Mick were brothers .",prose_rule,1365040810,
864310417d8348a5b0f70e12,pender-0682,Pender,Jim Pender,sibling,"https://en.wikipedia.org/wiki/Jim_Pender_(footballer,_born_1877)",,ambiguous,players/J/Jim_Pender0.html,unique,"name, Wikipedia title birth year 1877",Mick Pender,sibling,https://en.wikipedia.org/wiki/Mick_Pender,,unique:4611,players/M/Mick_Pender.html,unique,name,brothers,siblings/brothers,"Dan, Jim, Laurie and Mick were brothers .",prose_rule,1365040810,
6578ddb58c05640e7dfaa3da,pender-0682,Pender,Laurie Pender,sibling,https://en.wikipedia.org/wiki/Laurie_Pender,,unique:6098,players/L/Laurie_Pender.html,unique,name,Mick Pender,sibling,https://en.wikipedia.org/wiki/Mick_Pender,,unique:4611,players/M/Mick_Pender.html,unique,name,brothers,siblings/brothers,"Dan, Jim, Laurie and Mick were brothers .",prose_rule,1365040810,
0e8711329490983987e729bd,phillips-3-0687,Phillips (3),Ed Phillips,sibling,https://en.wikipedia.org/wiki/Ed_Phillips_(footballer),,unique:12630,players/E/Ed_Phillips.html,unique,name,Tom Phillips,brother,https://en.wikipedia.org/wiki/Tom_Phillips_(Australian_footballer),,unique:12452,players/T/Tom_Phillips.html,unique,name,brothers,siblings/brothers,Tom is the older brother of Ed.,prose_rule,1365040810,
96743d44a96851760da7b70f,polak-0693,Polak,Troy Polak,brother,,,unmatched,,unmatched,no VFL/AFL player of that name,Graham Polak,sibling,https://en.wikipedia.org/wiki/Graham_Polak,,unique:1116,players/G/Graham_Polak.html,unique,name,brothers,siblings/brothers,Troy is the elder brother of Graham.,prose_rule,1365040810,
3ad854f846f4cae4dca70c16,polkinghorne-0694,Polkinghorne,David Polkinghorne,sibling,https://en.wikipedia.org/wiki/David_Polkinghorne_(footballer),Hawthorn,unique:2078,players/D/David_Polkinghorne.html,unique,"name, played for a listed club (hawthorn)",Robert Polkinghorne,brother,https://en.wikipedia.org/wiki/Robert_Polkinghorne,Hawthorn,unique:11021,players/R/Robert_Polkinghorne.html,unique,"name, played for a listed club (hawthorn)",brothers,siblings/brothers,Robert is the brother of David and father of James.,prose_rule,1365040810,
538ae96245fad6ed6ca60383,power-0697,Power,Luke Power,brother,https://en.wikipedia.org/wiki/Luke_Power,,unique:1084,players/L/Luke_Power.html,unique,name,Sam Power,sibling,https://en.wikipedia.org/wiki/Sam_Power,,unique:1212,players/S/Sam_Power.html,unique,name,brothers,siblings/brothers,Luke is the elder brother of Sam.,prose_rule,1365040810,
6f75fa0360fc502fc475ef68,rankin-0712,Rankin,Teddy Rankin,brother,https://en.wikipedia.org/wiki/Teddy_Rankin,,unique:4409,players/T/Teddy_Rankin.html,unique,name,Tom Rankin,sibling,https://en.wikipedia.org/wiki/Tom_Rankin,,unique:5174,players/T/Tom_Rankin.html,unique,name,brothers,siblings/brothers,"Teddy was the brother of Tom and father of Bert, Cliff and Doug, and the great-great-grandfather of Georgie.",prose_rule,1365040810,
0049c7dbbcaf1a20225ef41e,rawlings-0714,Rawlings,Brady Rawlings,sibling,https://en.wikipedia.org/wiki/Brady_Rawlings,,unique:799,players/B/Brady_Rawlings.html,unique,name,Jade Rawlings,sibling,https://en.wikipedia.org/wiki/Jade_Rawlings,,unique:654,players/J/Jade_Rawlings.html,unique,name,brothers,siblings/brothers,Brady and Jade are brothers.,prose_rule,1365040810,
f34de011d9050d1e23f6d9ea,reedman-0716,Reedman,Jack Reedman,sibling,https://en.wikipedia.org/wiki/Jack_Reedman,North Adelaide and South Adelaide,out_of_scope,,unmatched,listed clubs are not VFL/AFL clubs (North Adelaide and South Adelaide),Sid Reedman,sibling,,,unmatched,,unmatched,no VFL/AFL player of that name,brothers,siblings/brothers,Jack and Sid were brothers.,prose_rule,1365040810,
afldb-sibling-supplement:011,reid-1-0718,Reid,Ben Reid,brother,,,,players/B/Ben_Reid.html,resolved,"supplement (2026-09-05): Families page entry (https://en.wikipedia.org/wiki/List_of_Australian_rules_football_families, revision 1365040810, 'Reid'): 'Bruce Jr. is the father of Ben and Sam' — sons of one father only, not itself brother evidence; the relationship is explicit in the players' own articles: Wikipedia 'Sam Reid (footballer, born 1991)' (born 27 December 1991, Sydney 2010-2022): 'He is also the younger brother of Collingwood premiership player Ben Reid'. AFL Tables Sam_Reid2 (born 1991, Sydney debut 2010; Sam_Reid0 1897 and Sam_Reid1 born 1989 are other players) and Ben_Reid (born 1989, Collingwood 2007-2020)",Sam Reid,brother,,,,players/S/Sam_Reid2.html,resolved,"supplement (2026-09-05): Families page entry (https://en.wikipedia.org/wiki/List_of_Australian_rules_football_families, revision 1365040810, 'Reid'): 'Bruce Jr. is the father of Ben and Sam' — sons of one father only, not itself brother evidence; the relationship is explicit in the players' own articles: Wikipedia 'Sam Reid (footballer, born 1991)' (born 27 December 1991, Sydney 2010-2022): 'He is also the younger brother of Collingwood premiership player Ben Reid'. AFL Tables Sam_Reid2 (born 1991, Sydney debut 2010; Sam_Reid0 1897 and Sam_Reid1 born 1989 are other players) and Ben_Reid (born 1989, Collingwood 2007-2020)",brothers,supplement,"Families page entry (https://en.wikipedia.org/wiki/List_of_Australian_rules_football_families, revision 1365040810, 'Reid'): 'Bruce Jr. is the father of Ben and Sam' — sons of one father only, not itself brother evidence; the relationship is explicit in the players' own articles: Wikipedia 'Sam Reid (footballer, born 1991)' (born 27 December 1991, Sydney 2010-2022): 'He is also the younger brother of Collingwood premiership player Ben Reid'. AFL Tables Sam_Reid2 (born 1991, Sydney debut 2010; Sam_Reid0 1897 and Sam_Reid1 born 1989 are other players) and Ben_Reid (born 1989, Collingwood 2007-2020)",adjudication,,
975cee51633bb174ebefbc9a,reilly-0721,Reilly,"Jack 'Corp' Reilly - 204 games for South Fremantle, captain and B&F winner, 11 state games for Western Australia",sibling,,,unmatched,,unmatched,no VFL/AFL player of that name,Jim Reilly Played at Norwood during the 2nd world war,sibling,,,unmatched,,unmatched,no VFL/AFL player of that name,brothers,siblings/brothers,Jack and Jim are brothers.,prose_rule,1365040810,
f8e10c5aa8b4b801da43f2be,rendell-0722,Rendell,Tim Rendell,sibling,,"West Torrens , Fitzroy and Caulfield",out_of_scope,,unmatched,no VFL/AFL player of that name played for a listed club,Matthew Rendell,sibling,https://en.wikipedia.org/wiki/Matthew_Rendell,"West Torrens , Fitzroy and Brisbane",out_of_scope,players/M/Matthew_Rendell.html,unique,"name, played for a listed club (fitzroy, brisbane-lions)",brothers,siblings/brothers,Matthew and Tim are brothers.,prose_rule,1365040810,
c94e8140a7d8b4ecd05dfe9c,reynolds-0723,Reynolds,Dick Reynolds,sibling,https://en.wikipedia.org/wiki/Dick_Reynolds,,unique:3578,players/D/Dick_Reynolds.html,unique,name,Tom Reynolds,sibling,https://en.wikipedia.org/wiki/Tom_Reynolds_(footballer),,unique:3580,players/T/Tom_Reynolds.html,unique,name,brothers,siblings/brothers,Dick and Tom were brothers and Joel is Dick's grandson.,prose_rule,1365040810,
07b65e917d3e11e0461b80b1,richards-0724,Richards,Lou Richards,brother,https://en.wikipedia.org/wiki/Lou_Richards,,unique:3582,players/L/Lou_Richards.html,unique,name,Ron Richards,sibling,"https://en.wikipedia.org/wiki/Ron_Richards_(footballer,_born_1928)",,ambiguous,players/R/Ron_Richards1.html,unique,"name, Wikipedia title birth year 1928",brothers,siblings/brothers,Lou is the elder brother of Ron.,prose_rule,1365040810,
a211ae47865770edbdfb3a7a,richardson-1-0725,Richardson (1),Alan Richardson,sibling,"https://en.wikipedia.org/wiki/Alan_Richardson_(footballer,_born_1940)",,ambiguous,players/A/Alan_Richardson0.html,unique,"name, Wikipedia title birth year 1940",Rodger Richardson,sibling,https://en.wikipedia.org/wiki/Rodger_Richardson,,unique:10167,players/R/Rodger_Richardson.html,unique,name,brothers,siblings/brothers,Alan and Rodger were brothers.,prose_rule,1365040810,
d88c5e6b9e2299a8d11244ab,richardson-2-0726,Richardson (2),Max Richardson,sibling,https://en.wikipedia.org/wiki/Max_Richardson,,unique:1896,players/M/Max_Richardson.html,unique,name,Wayne Richardson,sibling,https://en.wikipedia.org/wiki/Wayne_Richardson,,unique:2109,players/W/Wayne_Richardson.html,unique,name,brothers,siblings/brothers,Max and Wayne are brothers.,prose_rule,1365040810,
c1b2feacd786c11acc74583d,riley-0729,Riley,Stephen Riley,sibling,,North Adelaide,out_of_scope,,unmatched,listed clubs are not VFL/AFL clubs (North Adelaide),John Riley,sibling,https://en.wikipedia.org/wiki/John_Riley_(physicist),"Footscray , North Adelaide",unique:11227,players/J/John_Riley.html,unique,"name, played for a listed club (western-bulldogs)",brothers,siblings/brothers,John and Stephen are brothers.,prose_rule,1365040810,
831cbcc0a3790d150c4c48c0,rippon-0731,Rippon,Harold Rippon,sibling,https://en.wikipedia.org/wiki/Harold_Rippon,,unique:4498,players/H/Harold_Rippon.html,unique,name,Les Rippon,sibling,https://en.wikipedia.org/wiki/Les_Rippon,,unique:4499,players/L/Les_Rippon.html,unique,name,brothers,siblings/brothers,"Les, Harold and Norm were brothers.",prose_rule,1365040810,
5d9a403e4578fda3d535c6f4,rippon-0731,Rippon,Harold Rippon,sibling,https://en.wikipedia.org/wiki/Harold_Rippon,,unique:4498,players/H/Harold_Rippon.html,unique,name,Norm Rippon,sibling,https://en.wikipedia.org/wiki/Norm_Rippon,,unique:4500,players/N/Norm_Rippon.html,unique,name,brothers,siblings/brothers,"Les, Harold and Norm were brothers.",prose_rule,1365040810,
d0f6f50d34f0e8ecfefed90d,rippon-0731,Rippon,Les Rippon,sibling,https://en.wikipedia.org/wiki/Les_Rippon,,unique:4499,players/L/Les_Rippon.html,unique,name,Norm Rippon,sibling,https://en.wikipedia.org/wiki/Norm_Rippon,,unique:4500,players/N/Norm_Rippon.html,unique,name,brothers,siblings/brothers,"Les, Harold and Norm were brothers.",prose_rule,1365040810,
444d63274336c7f487058c5d,rocca-0741,Rocca,Anthony Rocca,sibling,https://en.wikipedia.org/wiki/Anthony_Rocca,,unique:251,players/A/Anthony_Rocca.html,unique,name,Saverio Rocca,sibling,https://en.wikipedia.org/wiki/Saverio_Rocca,,unique:228,players/S/Saverio_Rocca.html,unique,name,brothers,siblings/brothers,Anthony and Saverio are brothers.,prose_rule,1365040810,
420b8eeba039c925e9806282,rugolo-0752,Rugolo,Frank Rugolo,sibling,https://en.wikipedia.org/wiki/Frank_Rugolo,,unmatched,,unmatched,no VFL/AFL player of that name,Joe Rugolo,sibling,https://en.wikipedia.org/wiki/Joe_Rugolo,,unmatched,,unmatched,no VFL/AFL player of that name,brothers,siblings/brothers,Frank and Joe are brothers.,prose_rule,1365040810,
49c453e77df53bf6b0d85a42,ruscuklic-0753,Ruscuklic,Alex Ruscuklic,brother,https://en.wikipedia.org/wiki/Alex_Ruscuklic,,unique:3643,players/A/Alex_Ruscuklic.html,unique,name,Peter Ruscuklic,sibling,https://en.wikipedia.org/wiki/Peter_Ruscuklic,,unique:2420,players/P/Peter_Ruscuklic.html,unique,name,brothers,siblings/brothers,Alex is the elder brother of Peter.,prose_rule,1365040810,
4e67aee370280da5d3fb0bda,russell-2-0756,Russell (2),Kym Russell,brother,https://en.wikipedia.org/wiki/Kym_Russell,,unique:11502,players/K/Kym_Russell.html,unique,name,Scott Russell,sibling,https://en.wikipedia.org/wiki/Scott_Russell_(footballer),,unique:218,players/S/Scott_Russell.html,unique,name,brothers,siblings/brothers,Kym is the elder brother of Scott,prose_rule,1365040810,
e55666e21f725b37937933ad,ryan-0758,Ryan,Phil Ryan,brother,"https://en.wikipedia.org/wiki/Phil_Ryan_(footballer,_born_1915)",,ambiguous,players/P/Phil_Ryan2.html,unique,"name, Wikipedia title birth year 1915",Ted Ryan,sibling,"https://en.wikipedia.org/wiki/Ted_Ryan_(footballer,_born_1921)",,ambiguous,players/T/Ted_Ryan0.html,unique,"name, Wikipedia title birth year 1921",brothers,siblings/brothers,Phil was the elder brother of Ted.,prose_rule,1365040810,
f539b31d37a4cdb12dff7ee1,sampson-0760,Sampson,Brian Sampson,sibling,https://en.wikipedia.org/wiki/Brian_Sampson_(footballer),,unique:3655,players/B/Brian_Sampson.html,unique,name,Ray Sampson,sibling,https://en.wikipedia.org/wiki/Ray_Sampson,,unique:10502,players/R/Ray_Sampson.html,unique,name,brothers,siblings/brothers,Brian and Ray are brothers.,prose_rule,1365040810,
c99d31fd20bcff98cab82651,sawley-0762,Sawley,Albert Sawley,sibling,https://en.wikipedia.org/wiki/Albert_Sawley,,unique:8236,players/A/Albert_Sawley.html,unique,name,Gordon Sawley,brother,https://en.wikipedia.org/wiki/Gordon_Sawley,,unique:8409,players/G/Gordon_Sawley.html,unique,name,brothers,siblings/brothers,Gordon was the elder brother of Albert.,prose_rule,1365040810,
51225c189b2a00e2781efad2,scanlan-0763,Scanlan,Joe Scanlan,sibling,https://en.wikipedia.org/wiki/Joe_Scanlan_(footballer),,unique:2143,players/J/Joe_Scanlan.html,unique,name,Pat Scanlan,sibling,https://en.wikipedia.org/wiki/Pat_Scanlan,,unique:4503,players/P/Pat_Scanlan.html,unique,name,brothers,siblings/brothers,Joe and Pat were brothers and Pat was the father of Kevin.,prose_rule,1365040810,
9be08da27ea7fb473bec6015,schimmelbusch-0766,Schimmelbusch,Daryl Schimmelbusch,sibling,https://en.wikipedia.org/wiki/Daryl_Schimmelbusch,,unique:2146,players/D/Daryl_Schimmelbusch.html,unique,name,Wayne Schimmelbusch,sibling,https://en.wikipedia.org/wiki/Wayne_Schimmelbusch,,unique:2145,players/W/Wayne_Schimmelbusch.html,unique,name,brothers,siblings/brothers,Daryl and Wayne are brothers.,prose_rule,1365040810,
e8f59078d5aecf4be380c24d,scholz-0767,Scholz,Matilda Scholz,sibling,https://en.wikipedia.org/wiki/Matilda_Scholz,Port Adelaide,unmatched,,unmatched,no VFL/AFL player of that name played for a listed club,Poppy Scholz,sibling,https://en.wikipedia.org/wiki/Poppy_Scholz,Carlton,unmatched,,unmatched,no VFL/AFL player of that name played for a listed club,sisters,siblings,Matilda and Poppy are sisters.,prose_rule,1365040810,
c932bd781fb11c519cb157e4,schwarze-0768,Schwarze,Ben Schwarze,sibling,https://en.wikipedia.org/wiki/Ben_Schwarze,,unique:4174,players/B/Ben_Schwarze.html,unique,name,Troy Schwarze,brother,https://en.wikipedia.org/wiki/Troy_Schwarze,,unique:971,players/T/Troy_Schwarze.html,unique,name,brothers,siblings/brothers,Troy is the elder brother of Ben.,prose_rule,1365040810,
1858e2a6d2c1db23c2fd7f5f,selwood-0773,Selwood,Adam Selwood,twin,https://en.wikipedia.org/wiki/Adam_Selwood,,unique:2310,players/A/Adam_Selwood.html,unique,name,Troy Selwood,twin,https://en.wikipedia.org/wiki/Troy_Selwood,,unique:4063,players/T/Troy_Selwood.html,unique,name,twin brothers,twins,All four were brothers (Adam and Troy were twins).,prose_rule,1365040810,
1591c88e14c8a47286f3f74d,serafini-0774,Serafini,Laurie Serafini,sibling,https://en.wikipedia.org/wiki/Laurie_Serafini,,unique:2155,players/L/Laurie_Serafini.html,unique,name,Renato Serafini,brother,https://en.wikipedia.org/wiki/Renato_Serafini,,unique:2426,players/R/Renato_Serafini.html,unique,name,brothers,siblings/brothers,Renato is the elder brother of Laurie.,prose_rule,1365040810,
a7031feb19bbf85e29ef457d,serong-0775,Serong,Caleb Serong,brother,https://en.wikipedia.org/wiki/Caleb_Serong,,unique:12786,players/C/Caleb_Serong.html,unique,name,Jai Serong,sibling,https://en.wikipedia.org/wiki/Jai_Serong,,unique:13022,players/J/Jai_Serong.html,unique,name,brothers,siblings/brothers,Caleb is the older brother of Jai.,prose_rule,1365040810,
c0ab72d5c7f12beb23a1662d,sexton-1-0776,Sexton (1),Ben Sexton,sibling,https://en.wikipedia.org/wiki/Ben_Sexton,,unique:168,players/B/Ben_Sexton.html,unique,name,Michael Sexton,brother,https://en.wikipedia.org/wiki/Michael_Sexton_(footballer),,unique:137,players/M/Michael_Sexton.html,unique,name,brothers,siblings/brothers,Michael is the elder brother of Ben.,prose_rule,1365040810,
bf65c795771e5ad710f7ff76,shea-0780,Shea,Mark Shea,brother,https://en.wikipedia.org/wiki/Mark_Shea,,unique:4967,players/M/Mark_Shea.html,unique,name,Paddy Shea,sibling,https://en.wikipedia.org/wiki/Paddy_Shea,,unique:5159,players/P/Paddy_Shea.html,unique,name,brothers,siblings/brothers,Mark was the elder brother of Paddy.,prose_rule,1365040810,
d6c0765da083916640530eb2,sheahan-2-0782,Sheahan (2),Fred Sheahan,sibling,https://en.wikipedia.org/wiki/Fred_Sheahan,,unique:4228,players/F/Fred_Sheahan.html,unique,name,Gerald Sheahan,sibling,https://en.wikipedia.org/wiki/Gerald_Sheahan,,unique:4229,players/G/Gerald_Sheahan.html,unique,name,brothers,siblings/brothers,Fred and Gerald were brothers.,prose_rule,1365040810,
0ab1d527c54267a47c37b7ca,shinners-0787,Shinners,Brian Shinners,sibling,https://en.wikipedia.org/wiki/Brian_Shinners,,unique:10509,players/B/Brian_Shinners.html,unique,name,Kevin Shinners,sibling,https://en.wikipedia.org/wiki/Kevin_Shinners,,unique:10375,players/K/Kevin_Shinners.html,unique,name,brothers,siblings/brothers,Brian and Kevin are brothers.,prose_rule,1365040810,
42e5f80510fca1f68eaaa5b7,sholl-0788,Sholl,Brad Sholl,sibling,https://en.wikipedia.org/wiki/Brad_Sholl,,unique:555,players/B/Brad_Sholl.html,unique,name,Craig Sholl,sibling,https://en.wikipedia.org/wiki/Craig_Sholl,,unique:761,players/C/Craig_Sholl.html,unique,name,brothers,siblings/brothers,Craig and Brad are brothers.,prose_rule,1365040810,
0c1ab8ea25da2d35ff13d288,sidebottom-0789,Sidebottom,Allan Sidebottom,sibling,https://en.wikipedia.org/wiki/Allan_Sidebottom,,unique:2169,players/A/Allan_Sidebottom.html,unique,name,Garry Sidebottom,brother,https://en.wikipedia.org/wiki/Garry_Sidebottom,,unique:2168,players/G/Garry_Sidebottom.html,unique,name,brothers,siblings/brothers,"Garry is the elder brother of Allan, and the uncle of Beau McDonald.",prose_rule,1365040810,
f86ad9cc88d00decb8e86d5a,smith-1-0798,Smith (1),Len Smith,sibling,"https://en.wikipedia.org/wiki/Len_Smith_(footballer,_born_1912)",,ambiguous,players/L/Len_Smith0.html,unique,"name, Wikipedia title birth year 1912",Norm Smith,brother,https://en.wikipedia.org/wiki/Norm_Smith,,unique:3711,players/N/Norm_Smith.html,unique,name,brothers,siblings/brothers,Norm was the younger brother of Len and the father of Peter.,prose_rule,1365040810,
83b361013c4f06c94abf1d33,smith-7-0804,Smith (7),Clive Smith,sibling,"https://en.wikipedia.org/wiki/Clive_Smith_(footballer,_born_1923)",North Melbourne,unique:8699,players/C/Clive_Smith.html,unique,"name, played for a listed club (north-melbourne)",Max Smith,sibling,https://en.wikipedia.org/wiki/Max_Smith_(footballer),Essendon,unique:8335,players/M/Max_Smith.html,unique,"name, played for a listed club (essendon)",brothers,siblings/brothers,Clive and Max were brothers.,prose_rule,1365040810,
ab2519bc647bf26ec44acbc2,somerville-0805,Somerville,John Somerville,sibling,https://en.wikipedia.org/wiki/John_Somerville_(Australian_rules_footballer),,unique:3723,players/J/John_Somerville.html,unique,name,Trevor Somerville,sibling,https://en.wikipedia.org/wiki/Trevor_Somerville,,unique:10108,players/T/Trevor_Somerville.html,unique,name,brothers,siblings/brothers,"John and Trevor were brothers, and John was Peter's father.",prose_rule,1365040810,
3f467bf52e86eb0d0155e021,sporn-0807,Sporn,Garry Sporn,sibling,,North Adelaide,out_of_scope,,unmatched,listed clubs are not VFL/AFL clubs (North Adelaide),Peter Sporn,sibling,,North Adelaide,out_of_scope,,unmatched,listed clubs are not VFL/AFL clubs (North Adelaide),brothers,siblings/brothers,Garry and Peter are brothers.,prose_rule,1365040810,
8c98e73a377824ee923ff77a,standfield-0808,Standfield,Bob Standfield,sibling,https://en.wikipedia.org/wiki/Bob_Standfield,,unique:3733,players/B/Bob_Standfield.html,unique,name,Paul Standfield,sibling,https://en.wikipedia.org/wiki/Paul_Standfield,,unique:8056,players/P/Paul_Standfield.html,unique,name,brothers,siblings/brothers,Bob and Paul were brothers.,prose_rule,1365040810,
51b44aa0f34102212d65199d,stevens-2-0811,Stevens (2),Danny Stevens,brother,https://en.wikipedia.org/wiki/Danny_Stevens_(Australian_footballer),,unique:792,players/D/Danny_Stevens.html,unique,name,Nick Stevens,sibling,https://en.wikipedia.org/wiki/Nick_Stevens,,unique:842,players/N/Nick_Stevens.html,unique,name,brothers,siblings/brothers,Danny is the elder brother of Nick,prose_rule,1365040810,
d63384ecc283758d1c2071b5,stokes-0816,Stokes,Jervis Stokes,sibling,https://en.wikipedia.org/wiki/Jervis_Stokes,,unique:9057,players/J/Jervis_Stokes.html,unique,name,Ray Stokes,brother,https://en.wikipedia.org/wiki/Ray_Stokes,,unique:3746,players/R/Ray_Stokes.html,unique,name,brothers,siblings/brothers,Ray is the elder brother of Jervis,prose_rule,1365040810,
31a11c82cf3135e3cf9479ba,stringer-0818,Stringer,Alan Stringer,sibling,,Glenelg & North Adelaide,out_of_scope,,unmatched,listed clubs are not VFL/AFL clubs (Glenelg & North Adelaide),Barry Stringer,sibling,,North Adelaide,out_of_scope,,unmatched,listed clubs are not VFL/AFL clubs (North Adelaide),brothers,siblings/brothers,"Alan, Barry and Wayne are brothers.",prose_rule,1365040810,
4ed24a747deeaf6b7c9c346c,stringer-0818,Stringer,Alan Stringer,sibling,,Glenelg & North Adelaide,out_of_scope,,unmatched,listed clubs are not VFL/AFL clubs (Glenelg & North Adelaide),Wayne Stringer,sibling,,Glenelg & North Adelaide,out_of_scope,,unmatched,listed clubs are not VFL/AFL clubs (Glenelg & North Adelaide),brothers,siblings/brothers,"Alan, Barry and Wayne are brothers.",prose_rule,1365040810,
d76bf770bcfc2034761dc930,stringer-0818,Stringer,Barry Stringer,sibling,,North Adelaide,out_of_scope,,unmatched,listed clubs are not VFL/AFL clubs (North Adelaide),Wayne Stringer,sibling,,Glenelg & North Adelaide,out_of_scope,,unmatched,listed clubs are not VFL/AFL clubs (Glenelg & North Adelaide),brothers,siblings/brothers,"Alan, Barry and Wayne are brothers.",prose_rule,1365040810,
bb1d3d81207f4a73ad0e681b,strom-0819,Strom,Indi Strom,sibling,https://en.wikipedia.org/wiki/Indi_Strom,,unmatched,,unmatched,no VFL/AFL player of that name,Mim Strom,sibling,https://en.wikipedia.org/wiki/Mim_Strom,,unmatched,,unmatched,no VFL/AFL player of that name,siblings,siblings,"Mim, Zac, Noah & Indi are siblings.",prose_rule,1365040810,
b8ba98dc48ee5b5eacf38124,strom-0819,Strom,Indi Strom,sibling,https://en.wikipedia.org/wiki/Indi_Strom,,unmatched,,unmatched,no VFL/AFL player of that name,Noah Strom,sibling,,South Fremantle,out_of_scope,,unmatched,listed clubs are not VFL/AFL clubs (South Fremantle),siblings,siblings,"Mim, Zac, Noah & Indi are siblings.",prose_rule,1365040810,
61bd7b71ee14f17dd3c29b96,strom-0819,Strom,Indi Strom,sibling,https://en.wikipedia.org/wiki/Indi_Strom,,unmatched,,unmatched,no VFL/AFL player of that name,Zac Strom,sibling,,South Fremantle,out_of_scope,,unmatched,listed clubs are not VFL/AFL clubs (South Fremantle),siblings,siblings,"Mim, Zac, Noah & Indi are siblings.",prose_rule,1365040810,
9019a468eb66e58dd17c3cb7,strom-0819,Strom,Mim Strom,sibling,https://en.wikipedia.org/wiki/Mim_Strom,,unmatched,,unmatched,no VFL/AFL player of that name,Noah Strom,sibling,,South Fremantle,out_of_scope,,unmatched,listed clubs are not VFL/AFL clubs (South Fremantle),siblings,siblings,"Mim, Zac, Noah & Indi are siblings.",prose_rule,1365040810,
6e2c427d28f3198b4e88466c,strom-0819,Strom,Mim Strom,sibling,https://en.wikipedia.org/wiki/Mim_Strom,,unmatched,,unmatched,no VFL/AFL player of that name,Zac Strom,sibling,,South Fremantle,out_of_scope,,unmatched,listed clubs are not VFL/AFL clubs (South Fremantle),siblings,siblings,"Mim, Zac, Noah & Indi are siblings.",prose_rule,1365040810,
32bd44a88a1a0da478104185,strom-0819,Strom,Noah Strom,sibling,,South Fremantle,out_of_scope,,unmatched,listed clubs are not VFL/AFL clubs (South Fremantle),Zac Strom,sibling,,South Fremantle,out_of_scope,,unmatched,listed clubs are not VFL/AFL clubs (South Fremantle),siblings,siblings,"Mim, Zac, Noah & Indi are siblings.",prose_rule,1365040810,
fa348703f6433c2d23fbe5c2,stynes-0820,Stynes,Brian Stynes,brother,https://en.wikipedia.org/wiki/Brian_Stynes,,unique:11523,players/B/Brian_Stynes.html,unique,name,Jim Stynes,sibling,https://en.wikipedia.org/wiki/Jim_Stynes,,unique:702,players/J/Jim_Stynes.html,unique,name,brothers,siblings/brothers,Brian is the younger brother of Jim.,prose_rule,1365040810,
2e69c8b3d125a81cadf38e73,sumner-0822,Sumner,Tim Sumner,sibling,https://en.wikipedia.org/wiki/Tim_Sumner_(footballer),,unmatched,,unmatched,no VFL/AFL player of that name,Byron Sumner,sibling,https://en.wikipedia.org/wiki/Byron_Sumner,,unique:11900,players/B/Byron_Sumner.html,unique,name,brothers,siblings/brothers,Byron and Tim are brothers.,prose_rule,1365040810,
02c2b5f28d09fcfd6e7b213b,svarc-0823,Svarc,Cathy Svarc,sibling,https://en.wikipedia.org/wiki/Cathy_Svarc,,unmatched,,unmatched,no VFL/AFL player of that name,Ruby Svarc,sibling,https://en.wikipedia.org/wiki/Ruby_Svarc,,unmatched,,unmatched,no VFL/AFL player of that name,sisters,siblings,Cathy and Ruby are sisters.,prose_rule,1365040810,
b71c49cb1ae3a1cbc6238a26,swallow-0824,Swallow,Andrew Swallow,brother,https://en.wikipedia.org/wiki/Andrew_Swallow,,unique:4176,players/A/Andrew_Swallow.html,unique,name,David Swallow,sibling,https://en.wikipedia.org/wiki/David_Swallow,,unique:11919,players/D/David_Swallow.html,unique,name,brothers,siblings/brothers,Andrew is the elder brother of David.,prose_rule,1365040810,
ab7b18440d63632065eb5e0b,sweet-0826,Sweet,Eric Sweet,sibling,https://en.wikipedia.org/wiki/Eric_Sweet,,unique:8410,players/E/Eric_Sweet.html,unique,name,Jack Sweet,sibling,https://en.wikipedia.org/wiki/Jack_Sweet,,unique:8640,players/J/Jack_Sweet.html,unique,name,brothers,siblings/brothers,Eric and Jack were brothers.,prose_rule,1365040810,
a073171b5a14ed42320b2415,tanner-2-0829,Tanner (2),Wayne Tanner,sibling,,Norwood,out_of_scope,,unmatched,listed clubs are not VFL/AFL clubs (Norwood),Grant Tanner,sibling,https://en.wikipedia.org/wiki/Grant_Tanner,"Geelong , Norwood",unique:572,players/G/Grant_Tanner.html,unique,"name, played for a listed club (geelong)",brothers,siblings/brothers,Grant and Wayne are brothers.,prose_rule,1365040810,
d2161b4abbc7fea08adfd28a,tarpey-0830,Tarpey,Andrew Tarpey,sibling,https://en.wikipedia.org/wiki/Andrew_Tarpey,,unique:11420,players/A/Andrew_Tarpey.html,unique,name,Howard Tarpey,sibling,https://en.wikipedia.org/wiki/Howard_Tarpey,,unique:11007,players/H/Howard_Tarpey.html,unique,name,brothers,siblings/brothers,Andrew and Howard are brothers.,prose_rule,1365040810,
be9df3196041abfe505b3086,tarrant-0831,Tarrant,Chris Tarrant,brother,https://en.wikipedia.org/wiki/Chris_Tarrant_(footballer),,unique:264,players/C/Chris_Tarrant.html,unique,name,Robbie Tarrant,sibling,https://en.wikipedia.org/wiki/Robbie_Tarrant,,unique:11859,players/R/Robbie_Tarrant.html,unique,name,brothers,siblings/brothers,Chris is the elder brother of Robbie.,prose_rule,1365040810,
c7aac70855819043bcbed3b6,tippett-0839,Tippett,Joel Tippett,sibling,https://en.wikipedia.org/wiki/Joel_Tippett,,unique:12004,players/J/Joel_Tippett.html,unique,name,Kurt Tippett,sibling,https://en.wikipedia.org/wiki/Kurt_Tippett,,unique:11633,players/K/Kurt_Tippett.html,unique,name,brothers,siblings/brothers,Kurt and Joel are brothers,prose_rule,1365040810,
fff65012d72b10dfd4e68734,toohey-2-0842,Toohey (2),Bernard Toohey,sibling,https://en.wikipedia.org/wiki/Bernard_Toohey,,unique:1313,players/B/Bernard_Toohey.html,unique,name,Gerard Toohey,sibling,https://en.wikipedia.org/wiki/Gerard_Toohey,,unique:11284,players/G/Gerard_Toohey.html,unique,name,brothers,siblings/brothers,Bernard and Gerard are brothers.,prose_rule,1365040810,
7932249b1492fcbbd2ee09ce,tossol-0843,Tossol,John Tossol,sibling,https://en.wikipedia.org/wiki/John_Tossol,,unique:11091,players/J/John_Tossol.html,unique,name,Peter Tossol,sibling,https://en.wikipedia.org/wiki/Peter_Tossol,,unique:11126,players/P/Peter_Tossol.html,unique,name,brothers,siblings/brothers,John and Peter are brothers.,prose_rule,1365040810,
b8c8041b83868fd9db2b4adf,tribe-0845,Tribe,George Tribe,sibling,https://en.wikipedia.org/wiki/George_Tribe,Footscray,unique:8341,players/G/George_Tribe.html,unique,"name, played for a listed club (western-bulldogs)",Tom Tribe,sibling,https://en.wikipedia.org/wiki/Tom_Tribe,Footscray,unique:8267,players/T/Tom_Tribe.html,unique,"name, played for a listed club (western-bulldogs)",brothers,siblings/brothers,George and Tom were brothers.,prose_rule,1365040810,
e3e1458648ef8be8c1c0bc10,troughton-0846,Troughton,Bob Troughton,sibling,https://en.wikipedia.org/wiki/Bob_Troughton,Geelong,unique:2227,players/B/Bob_Troughton.html,unique,"name, played for a listed club (geelong)",Charlie Troughton,sibling,https://en.wikipedia.org/wiki/Charlie_Troughton,South Melbourne,unique:7586,players/C/Charlie_Troughton.html,unique,"name, played for a listed club (sydney)",brothers,siblings/brothers,Charlie and Bob were brothers.,prose_rule,1365040810,
64c076331d82ba5912296fec,uwland-0853,Uwland,Zeke Uwland,sibling,https://en.wikipedia.org/wiki/Zeke_Uwland,Gold Coast,unique:13278,,unmatched,no VFL/AFL player of that name played for a listed club,Bodhi Uwland,sibling,https://en.wikipedia.org/wiki/Bodhi_Uwland,Gold Coast,unique:13041,players/B/Bodhi_Uwland.html,unique,"name, played for a listed club (gold-coast)",brothers,siblings/brothers,Bodhi and Zeke are brothers.,prose_rule,1365040810,
82229aec803dde4b8ccf09e7,van-berlo-0854,van Berlo,Jay van Berlo,sibling,https://en.wikipedia.org/wiki/Jay_van_Berlo,Fremantle,unique:11784,players/J/Jay_van_Berlo.html,unique,"name, played for a listed club (fremantle)",Nathan van Berlo,sibling,https://en.wikipedia.org/wiki/Nathan_van_Berlo,Adelaide,unique:4075,players/N/Nathan_van_Berlo.html,unique,"name, played for a listed club (adelaide)",brothers,siblings/brothers,Jay and Nathan are brothers.,prose_rule,1365040810,
96763393673073c669ed7b79,vinar-0856,Vinar,Eric Vinar,sibling,https://en.wikipedia.org/wiki/Eric_Vinar,Fitzroy,unique:10195,players/E/Eric_Vinar.html,unique,"name, played for a listed club (fitzroy)",Paul Vinar,brother,https://en.wikipedia.org/wiki/Paul_Vinar,Geelong,unique:3825,players/P/Paul_Vinar.html,unique,"name, played for a listed club (geelong)",brothers,siblings/brothers,Paul was the elder brother of Eric.,prose_rule,1365040810,
31facf58fbb3e14ed5034c45,viney-0857,Viney,Jay Viney,sibling,https://en.wikipedia.org/wiki/Jay_Viney,Melbourne,unique:11393,players/J/Jay_Viney.html,unique,"name, played for a listed club (melbourne)",Todd Viney,brother,https://en.wikipedia.org/wiki/Todd_Viney,"Sturt , Melbourne",unique:700,players/T/Todd_Viney.html,unique,"name, played for a listed club (melbourne)",brothers,siblings/brothers,Todd is the elder brother of Jay and the father of Jack.,prose_rule,1365040810,
52936eb0b19415303c601f5b,voss-0858,Voss,Brett Voss,sibling,https://en.wikipedia.org/wiki/Brett_Voss,"Brisbane Lions , St Kilda",unique:975,players/B/Brett_Voss.html,unique,"name, played for a listed club (brisbane-lions, st-kilda)",Michael Voss,sibling,https://en.wikipedia.org/wiki/Michael_Voss,"Brisbane Bears , Brisbane Lions",unique:102,players/M/Michael_Voss.html,unique,"name, played for a listed club (brisbane-bears, brisbane-lions)",brothers,siblings/brothers,Brett and Michael are brothers.,prose_rule,1365040810,
cebf20ad0f10a10e10c65fcb,wagner-0859,Wagner,Corey Wagner,sibling,https://en.wikipedia.org/wiki/Corey_Wagner,,unique:12453,players/C/Corey_Wagner.html,unique,name,Josh Wagner,sibling,https://en.wikipedia.org/wiki/Josh_Wagner_(footballer),,unique:12424,players/J/Josh_Wagner.html,unique,name,brothers,siblings/brothers,Josh and Corey are brothers.,prose_rule,1365040810,
0b33529fde1433e3c5e0f019,waite-2-0861,Waite (2),Don Waite,sibling,,,unmatched,,unmatched,no VFL/AFL player of that name,Merv Waite,sibling,https://en.wikipedia.org/wiki/Merv_Waite,,unmatched,,unmatched,no VFL/AFL player of that name,brothers,siblings/brothers,Don and Merv were brothers.,prose_rule,1365040810,
afldb-sibling-supplement:006,wakelin-0862,Wakelin,Darryl Wakelin,brother,,,,players/D/Darryl_Wakelin.html,resolved,"supplement (2026-09-05): Families page entry (https://en.wikipedia.org/wiki/List_of_Australian_rules_football_families, revision 1365040810, 'Wakelin'): 'Darryl and Shane are identical twin brothers' — explicit on the page itself; the export's prose rule produced no sibling row. Wikipedia 'Darryl Wakelin' (born 11 August 1974, St Kilda/Port Adelaide 1995-2007): 'Wakelin's identical twin, Shane Wakelin, played alongside him at St Kilda'; 'the Wakelin brothers became the most capped pair of twin brothers'. AFL Tables Shane_Wakelin: born 12 August 1974 (AFL Tables date), St Kilda/Collingwood 1994-2008",Shane Wakelin,brother,,,,players/S/Shane_Wakelin.html,resolved,"supplement (2026-09-05): Families page entry (https://en.wikipedia.org/wiki/List_of_Australian_rules_football_families, revision 1365040810, 'Wakelin'): 'Darryl and Shane are identical twin brothers' — explicit on the page itself; the export's prose rule produced no sibling row. Wikipedia 'Darryl Wakelin' (born 11 August 1974, St Kilda/Port Adelaide 1995-2007): 'Wakelin's identical twin, Shane Wakelin, played alongside him at St Kilda'; 'the Wakelin brothers became the most capped pair of twin brothers'. AFL Tables Shane_Wakelin: born 12 August 1974 (AFL Tables date), St Kilda/Collingwood 1994-2008",twin brothers,supplement,"Families page entry (https://en.wikipedia.org/wiki/List_of_Australian_rules_football_families, revision 1365040810, 'Wakelin'): 'Darryl and Shane are identical twin brothers' — explicit on the page itself; the export's prose rule produced no sibling row. Wikipedia 'Darryl Wakelin' (born 11 August 1974, St Kilda/Port Adelaide 1995-2007): 'Wakelin's identical twin, Shane Wakelin, played alongside him at St Kilda'; 'the Wakelin brothers became the most capped pair of twin brothers'. AFL Tables Shane_Wakelin: born 12 August 1974 (AFL Tables date), St Kilda/Collingwood 1994-2008",adjudication,,
d375debcc30ef97033abe91b,walker-2-0866,Walker (2),Daisy Walker,sibling,https://en.wikipedia.org/wiki/Daisy_Walker,,unmatched,,unmatched,no VFL/AFL player of that name,Will Walker,sibling,https://en.wikipedia.org/wiki/Will_Walker_(Australian_footballer),,unique:12662,players/W/Will_Walker.html,unique,name,siblings,siblings,Daisy and Will are siblings.,prose_rule,1365040810,
52e7ef153a6a94247570f46d,waters-0878,Waters,Bryan Waters,brother,https://en.wikipedia.org/wiki/Bryan_Waters,,unique:9656,players/B/Bryan_Waters.html,unique,name,Terry Waters,sibling,https://en.wikipedia.org/wiki/Terry_Waters,,unique:3857,players/T/Terry_Waters.html,unique,name,brothers,siblings/brothers,Bryan is the elder brother of Terry,prose_rule,1365040810,
0fca5a8950071ed2927f6ded,watt-0880,Watt,Rod Watt,sibling,https://en.wikipedia.org/wiki/Rod_Watt,,unique:7079,players/R/Rod_Watt.html,unique,name,Rowley Watt,sibling,https://en.wikipedia.org/wiki/Rowley_Watt,,unique:1891,players/R/Rowley_Watt.html,unique,name,brothers,siblings/brothers,Rod and Rowley were brothers.,prose_rule,1365040810,
d7d57b7c31dacd1eb647a492,wearne-0883,Wearne,David Wearne,sibling,https://en.wikipedia.org/wiki/David_Wearne,,unique:11482,players/D/David_Wearne.html,unique,name,Stephen Wearne,sibling,https://en.wikipedia.org/wiki/Stephen_Wearne_(Australian_footballer),,unique:11524,players/S/Stephen_Wearne.html,unique,name,brothers,siblings/brothers,David and Stephen are brothers.,prose_rule,1365040810,
6945561e8f49cc8378ead1b0,weatherill-0884,Weatherill,Robert Weatherill,brother,https://en.wikipedia.org/wiki/Robert_Weatherill,,unmatched,,unmatched,no VFL/AFL player of that name,George Weatherill,sibling,https://en.wikipedia.org/wiki/George_Weatherill_(footballer),,unique:6592,players/G/George_Weatherill.html,unique,name,brothers,siblings/brothers,Robert was the elder brother of George.,prose_rule,1365040810,
a6e8ac7586684c94c507651d,weller-0886,Weller,Lachie Weller,sibling,https://en.wikipedia.org/wiki/Lachie_Weller,,unique:12385,players/L/Lachie_Weller.html,unique,name,Maverick Weller,brother,https://en.wikipedia.org/wiki/Maverick_Weller,,unique:11922,players/M/Maverick_Weller.html,unique,name,brothers,siblings/brothers,Maverick is the older brother of Lachie.,prose_rule,1365040810,
32d35a8d7ecf2842724658cc,western-0892,Western,Mikayla Western,sibling,https://en.wikipedia.org/wiki/Mikayla_Western,,unmatched,,unmatched,no VFL/AFL player of that name,Joel Western,sibling,https://en.wikipedia.org/wiki/Joel_Western,,unique:12913,players/J/Joel_Western.html,unique,name,siblings,siblings,Joel and Mikayla are siblings.,prose_rule,1365040810,
1dac4ffeddeeb4c0157230f6,westhoff-0893,Westhoff,Justin Westhoff,sibling,https://en.wikipedia.org/wiki/Justin_Westhoff,,unique:11579,players/J/Justin_Westhoff.html,unique,name,Matthew Westhoff,sibling,https://en.wikipedia.org/wiki/Matthew_Westhoff,,unique:11699,players/M/Matthew_Westhoff.html,unique,name,brothers,siblings/brothers,"Leigh, Justin and Matthew are brothers.",prose_rule,1365040810,
c56541c0237e0c60a00c3c24,westhoff-0893,Westhoff,Leigh Westhoff,sibling,,Central District,out_of_scope,,unmatched,listed clubs are not VFL/AFL clubs (Central District),Justin Westhoff,sibling,https://en.wikipedia.org/wiki/Justin_Westhoff,,unique:11579,players/J/Justin_Westhoff.html,unique,name,brothers,siblings/brothers,"Leigh, Justin and Matthew are brothers.",prose_rule,1365040810,
bcc5b96a12bb1c6a4883a29c,westhoff-0893,Westhoff,Leigh Westhoff,sibling,,Central District,out_of_scope,,unmatched,listed clubs are not VFL/AFL clubs (Central District),Matthew Westhoff,sibling,https://en.wikipedia.org/wiki/Matthew_Westhoff,,unique:11699,players/M/Matthew_Westhoff.html,unique,name,brothers,siblings/brothers,"Leigh, Justin and Matthew are brothers.",prose_rule,1365040810,
ab94b6e19cd3e6ded15b5b5d,wiggins-0900,Wiggins,Patrick Wiggins,sibling,https://en.wikipedia.org/wiki/Patrick_Wiggins_(footballer),,unique:470,players/P/Patrick_Wiggins.html,unique,name,Simon Wiggins,sibling,https://en.wikipedia.org/wiki/Simon_Wiggins,,unique:206,players/S/Simon_Wiggins.html,unique,name,brothers,siblings/brothers,Patrick and Simon are brothers.,prose_rule,1365040810,
2dda208f8552bbc107d6c542,williams-1-0901,Williams (1),Anthony Williams,twin,,,unmatched,,unmatched,no VFL/AFL player of that name,Mark Williams,twin,https://en.wikipedia.org/wiki/Mark_Williams_(Australian_footballer_born_1958),,ambiguous,players/M/Mark_Williams2.html,unique,"name, Wikipedia title birth year 1958",twins,twins,Anthony and Mark were twins.,prose_rule,1365040810,
ed6a025631e25ac4582891d4,williams-6-0906,Williams (6),Lyall Williams,sibling,https://en.wikipedia.org/wiki/Lyall_Williams,,unique:7522,players/L/Lyall_Williams.html,unique,name,Richard Williams,sibling,https://en.wikipedia.org/wiki/Richard_Williams_(Australian_rules_footballer),,unique:7523,players/R/Richard_Williams.html,unique,name,brothers,siblings/brothers,Richard and Lyall were brothers.,prose_rule,1365040810,
2ed06a044e3144793e19e532,wilson-2-0908,Wilson (2),Alf Wilson,sibling,https://en.wikipedia.org/wiki/Alf_Wilson_(Australian_footballer),,unique:6744,players/A/Alf_Wilson.html,unique,name,Percy Wilson,sibling,https://en.wikipedia.org/wiki/Percy_Wilson_(footballer),,unique:5775,players/P/Percy_Wilson.html,unique,name,brothers,siblings/brothers,Alf and Percy were brothers.,prose_rule,1365040810,
e9e5d199955829685a421a5a,woodfield-0911,Woodfield,Clarrie Woodfield,sibling,https://en.wikipedia.org/wiki/Clarrie_Woodfield,,unique:6784,players/C/Clarrie_Woodfield.html,unique,name,Les Woodfield,brother,https://en.wikipedia.org/wiki/Les_Woodfield,,unique:3909,players/L/Les_Woodfield.html,unique,name,brothers,siblings/brothers,Les was the elder brother of Clarrie.,prose_rule,1365040810,
5955d41c410e7aa756e7fc54,worland-0913,Worland,Don Worland,brother,https://en.wikipedia.org/wiki/Don_Worland,,unique:9420,players/D/Don_Worland.html,unique,name,John Worland,sibling,https://en.wikipedia.org/wiki/John_Worland,,unique:9743,players/J/John_Worland.html,unique,name,brothers,siblings/brothers,Don is the elder brother of John.,prose_rule,1365040810,
30bed7cf5ed20b98931dd03f,worle-0914,Worle,Len Worle,sibling,https://en.wikipedia.org/wiki/Len_Worle,Essendon,unique:6071,players/L/Len_Worle.html,unique,"name, played for a listed club (essendon)",Tommy Worle,brother,https://en.wikipedia.org/wiki/Tommy_Worle,,unique:5504,players/T/Tommy_Worle.html,unique,name,brothers,siblings/brothers,Tommy is the older brother of Len.,prose_rule,1365040810,
48c53a9d57a8488499699545,worsfold-0915,Worsfold,John Worsfold,brother,https://en.wikipedia.org/wiki/John_Worsfold,,unique:1037,players/J/John_Worsfold.html,unique,name,Peter Worsfold,sibling,https://en.wikipedia.org/wiki/Peter_Worsfold,,unique:3997,players/P/Peter_Worsfold.html,unique,name,brothers,siblings/brothers,John is the elder brother of Peter.,prose_rule,1365040810,
9837e2cb7de3063caa9f4f88,wright-0916,Wright,Michael Wright,brother,https://en.wikipedia.org/wiki/Michael_Wright_(Australian_footballer),,unique:2297,players/M/Michael_Wright.html,unique,name,Stephen Wright,sibling,https://en.wikipedia.org/wiki/Stephen_Wright_(Australian_rules_footballer),,unique:1368,players/S/Stephen_Wright.html,unique,name,brothers,siblings/brothers,"Michael is the elder brother of Stephen, their father John played for Box Hill in the VFA .",prose_rule,1365040810,
7c7a9e979c72539d346faea2,yates-0918,Yates,Percy Yates,brother,https://en.wikipedia.org/wiki/Percy_Yates,,unique:6426,players/P/Percy_Yates.html,unique,name,Stan Yates,sibling,https://en.wikipedia.org/wiki/Stan_Yates,,unique:6548,players/S/Stan_Yates.html,unique,name,brothers,siblings/brothers,Percy was the elder brother of Stan.,prose_rule,1365040810,
a8849e7aa7b8e659bf67a572,young-1-0920,Young (1),Garry Young,sibling,https://en.wikipedia.org/wiki/Garry_Young_(footballer),,unique:3928,players/G/Garry_Young.html,unique,name,Maurie Young,brother,https://en.wikipedia.org/wiki/Maurie_Young,,unique:3925,players/M/Maurie_Young.html,unique,name,brothers,siblings/brothers,Maurie was the elder brother of Garry.,prose_rule,1365040810,
290d22a952838e3b01b546ab,young-2-0921,Young (2),Hayden Young,sibling,https://en.wikipedia.org/wiki/Hayden_Young,,unique:12777,players/H/Hayden_Young.html,unique,name,Lachie Young,brother,https://en.wikipedia.org/wiki/Lachie_Young,,unique:12717,players/L/Lachie_Young.html,unique,name,brothers,siblings/brothers,Lachie is the elder brother of Hayden.,prose_rule,1365040810,
