sample_index,stratum,player_url,expected_afltables_identity,child_status,outcome,reason_codes,visible_name,title_birth_year,retained_birth_year,retained_debut_season,retained_last_season,retained_career_games,earliest_recruitment_year,earliest_recruitment_event_type,numeric_suffix,continuity_rule_url,name_variant,known_exception_class,ledger_status,weak_evidence,operator_review_required,missing_fields
1,census,https://www.draftguru.com.au/players/aaron_cadman/1,players/A/Aaron_Cadman.html,bridged,offline_strong,BIRTH_YEAR_CONSISTENT;DEBUT_NOT_BEFORE_EARLIEST_RECRUITMENT;GAMES_CONSISTENT;CLUB_HISTORY_OVERLAPS,Aaron Cadman,2004,2004,2023,2025,59,2022,National,False,False,False,,none,False,False,
2,census,https://www.draftguru.com.au/players/aaron_fiora/1,players/A/Aaron_Fiora.html,bridged,offline_strong,BIRTH_YEAR_CONSISTENT;DEBUT_NOT_BEFORE_EARLIEST_RECRUITMENT;GAMES_CONSISTENT;CLUB_HISTORY_OVERLAPS,Aaron Fiora,1981,1981,2000,2008,140,1999,National,False,False,False,,none,False,False,
3,census,https://www.draftguru.com.au/players/aaron_francis/1,players/A/Aaron_Francis.html,bridged,offline_strong,BIRTH_YEAR_CONSISTENT;DEBUT_NOT_BEFORE_EARLIEST_RECRUITMENT;GAMES_CONSISTENT;CLUB_HISTORY_OVERLAPS,Aaron Francis,1997,1997,2016,2025,84,2015,National,False,False,False,,none,False,False,
4,census,https://www.draftguru.com.au/players/aaron_naughton/1,players/A/Aaron_Naughton.html,bridged,offline_strong,BIRTH_YEAR_CONSISTENT;DEBUT_NOT_BEFORE_EARLIEST_RECRUITMENT;GAMES_CONSISTENT;CLUB_HISTORY_OVERLAPS,Aaron Naughton,1999,1999,2018,2025,166,2017,National,False,False,False,,none,False,False,
5,census,https://www.draftguru.com.au/players/adam_cerra/1,players/A/Adam_Cerra.html,bridged,offline_strong,BIRTH_YEAR_CONSISTENT;DEBUT_NOT_BEFORE_EARLIEST_RECRUITMENT;GAMES_CONSISTENT;CLUB_HISTORY_OVERLAPS,Adam Cerra,1999,1999,2018,2025,148,2017,National,False,False,False,,none,False,False,
6,census,https://www.draftguru.com.au/players/adam_cooney/1,players/A/Adam_Cooney.html,bridged,offline_strong,BIRTH_YEAR_CONSISTENT_TOLERANCE;DEBUT_NOT_BEFORE_EARLIEST_RECRUITMENT;GAMES_CONSISTENT;CLUB_HISTORY_OVERLAPS,Adam Cooney,1985,1986,2004,2016,250,2003,National,False,False,False,,none,False,False,
7,census,https://www.draftguru.com.au/players/adam_heuskes/1,players/A/Adam_Heuskes.html,bridged,offline_strong,BIRTH_YEAR_CONSISTENT;DEBUT_NOT_BEFORE_EARLIEST_RECRUITMENT;GAMES_CONSISTENT;CLUB_HISTORY_OVERLAPS,Adam Heuskes,1976,1976,1994,2000,125,1993,National,False,False,False,,none,False,False,
8,census,https://www.draftguru.com.au/players/adam_tomlinson/1,players/A/Adam_Tomlinson.html,bridged,offline_strong,BIRTH_YEAR_CONSISTENT;DEBUT_NOT_BEFORE_EARLIEST_RECRUITMENT;GAMES_CONSISTENT;CLUB_HISTORY_OVERLAPS,Adam Tomlinson,1993,1993,2012,2024,185,2011,National,False,False,False,,none,False,False,
9,census,https://www.draftguru.com.au/players/alan_didak/1,players/A/Alan_Didak.html,bridged,offline_strong,BIRTH_YEAR_CONSISTENT;DEBUT_NOT_BEFORE_EARLIEST_RECRUITMENT;GAMES_CONSISTENT;CLUB_HISTORY_OVERLAPS,Alan Didak,1983,1983,2001,2013,218,2000,National,False,False,False,,none,False,False,
10,census,https://www.draftguru.com.au/players/alan_johnson/1,players/A/Alan_Johnson.html,bridged,offline_strong,BIRTH_YEAR_CONSISTENT_TOLERANCE;DEBUT_NOT_BEFORE_EARLIEST_RECRUITMENT;GAMES_CONSISTENT;CLUB_HISTORY_OVERLAPS,Alan Johnson,1956,1957,1982,1990,135,1981,,False,False,False,,none,False,False,
11,census,https://www.draftguru.com.au/players/alex_mcdonald/1,players/A/Alex_McDonald.html,bridged,offline_strong,BIRTH_YEAR_CONSISTENT;DEBUT_NOT_BEFORE_EARLIEST_RECRUITMENT;GAMES_CONSISTENT;CLUB_HISTORY_OVERLAPS,Alex McDonald,1970,1970,1990,1999,107,1988,National,False,False,False,,none,False,False,
12,census,https://www.draftguru.com.au/players/alix_tauru/1,players/A/Alix_Tauru.html,bridged,offline_strong,BIRTH_YEAR_CONSISTENT;DEBUT_NOT_BEFORE_EARLIEST_RECRUITMENT;GAMES_CONSISTENT;CLUB_HISTORY_OVERLAPS,Alix Tauru,2006,2006,2025,2025,10,2024,National,False,False,False,,none,False,False,
13,census,https://www.draftguru.com.au/players/allan_sidebottom/1,players/A/Allan_Sidebottom.html,bridged,offline_strong,BIRTH_YEAR_CONSISTENT;DEBUT_NOT_BEFORE_EARLIEST_RECRUITMENT;GAMES_INCONSISTENT;CLUB_HISTORY_OVERLAPS,Allan Sidebottom,1959,1959,1983,1987,56,1982,,False,False,False,,none,False,False,
14,census,https://www.draftguru.com.au/players/allen_jakovich/1,players/A/Allen_Jakovich.html,bridged,offline_strong,BIRTH_YEAR_CONSISTENT;DEBUT_NOT_BEFORE_EARLIEST_RECRUITMENT;GAMES_CONSISTENT;CLUB_HISTORY_OVERLAPS,Allen Jakovich,1968,1968,1991,1996,54,1990,National,False,False,False,,none,False,False,
15,census,https://www.draftguru.com.au/players/andrew_brayshaw/1,players/A/Andrew_Brayshaw.html,bridged,offline_strong,BIRTH_YEAR_CONSISTENT;DEBUT_NOT_BEFORE_EARLIEST_RECRUITMENT;GAMES_CONSISTENT;CLUB_HISTORY_OVERLAPS,Andrew Brayshaw,1999,1999,2018,2025,170,2017,National,False,False,False,,none,False,False,
16,census,https://www.draftguru.com.au/players/andrew_brockhurst/1,players/A/Andrew_Brockhurst.html,bridged,offline_strong,BIRTH_YEAR_CONSISTENT;DEBUT_NOT_BEFORE_EARLIEST_RECRUITMENT;GAMES_CONSISTENT;CLUB_HISTORY_OVERLAPS,Andrew Brockhurst,1964,1964,1988,1990,38,1987,,False,False,False,,none,False,False,
17,census,https://www.draftguru.com.au/players/andrew_gaff/1,players/A/Andrew_Gaff.html,bridged,offline_strong,BIRTH_YEAR_CONSISTENT;DEBUT_NOT_BEFORE_EARLIEST_RECRUITMENT;GAMES_CONSISTENT;CLUB_HISTORY_OVERLAPS,Andrew Gaff,1992,1992,2011,2024,280,2010,National,False,False,False,,none,False,False,
18,census,https://www.draftguru.com.au/players/andrew_lamprill/1,players/A/Andrew_Lamprill.html,bridged,offline_strong,BIRTH_YEAR_CONSISTENT;DEBUT_NOT_BEFORE_EARLIEST_RECRUITMENT;GAMES_CONSISTENT;CLUB_HISTORY_OVERLAPS,Andrew Lamprill,1969,1969,1992,1997,36,1991,National,False,False,False,,none,False,False,
19,census,https://www.draftguru.com.au/players/andrew_mackie/1,players/A/Andrew_Mackie.html,bridged,offline_strong,BIRTH_YEAR_CONSISTENT;DEBUT_NOT_BEFORE_EARLIEST_RECRUITMENT;GAMES_CONSISTENT;CLUB_HISTORY_OVERLAPS,Andrew Mackie,1984,1984,2004,2017,280,2002,National,False,False,False,,none,False,False,
20,census,https://www.draftguru.com.au/players/andrew_mcdougall/1,players/A/Andrew_McDougall.html,bridged,offline_strong,BIRTH_YEAR_CONSISTENT;DEBUT_NOT_BEFORE_EARLIEST_RECRUITMENT;GAMES_CONSISTENT;CLUB_HISTORY_OVERLAPS,Andrew McDougall,1983,1983,2002,2007,43,2000,National,False,False,False,,none,False,False,
21,census,https://www.draftguru.com.au/players/andrew_mcgovern/1,players/A/Andrew_McGovern.html,bridged,offline_strong,BIRTH_YEAR_CONSISTENT;DEBUT_NOT_BEFORE_EARLIEST_RECRUITMENT;GAMES_CONSISTENT;CLUB_HISTORY_OVERLAPS,Andrew McGovern,1968,1968,1992,1998,83,1991,National,False,False,False,,none,False,False,
22,census,https://www.draftguru.com.au/players/andrew_mcgrath/1,players/A/Andrew_McGrath.html,bridged,offline_strong,BIRTH_YEAR_CONSISTENT;DEBUT_NOT_BEFORE_EARLIEST_RECRUITMENT;GAMES_CONSISTENT;CLUB_HISTORY_OVERLAPS,Andrew McGrath,1998,1998,2017,2025,180,2016,National,False,False,False,,none,False,False,
23,census,https://www.draftguru.com.au/players/andrew_moore/1,players/A/Andrew_Moore.html,bridged,offline_strong,BIRTH_YEAR_CONSISTENT;DEBUT_NOT_BEFORE_EARLIEST_RECRUITMENT;GAMES_CONSISTENT;CLUB_HISTORY_OVERLAPS,Andrew Moore,1991,1991,2010,2016,60,2009,National,False,False,False,,none,False,False,
24,census,https://www.draftguru.com.au/players/andrew_payze/1,players/A/Andrew_Payze.html,bridged,offline_strong,BIRTH_YEAR_CONSISTENT;DEBUT_NOT_BEFORE_EARLIEST_RECRUITMENT;GAMES_CONSISTENT;CLUB_HISTORY_OVERLAPS,Andrew Payze,1966,1966,1991,1992,14,1986,National,False,False,False,,none,False,False,
25,census,https://www.draftguru.com.au/players/andrew_purser/1,players/A/Andrew_Purser.html,bridged,offline_strong,BIRTH_YEAR_CONSISTENT_TOLERANCE;DEBUT_NOT_BEFORE_EARLIEST_RECRUITMENT;GAMES_CONSISTENT;CLUB_HISTORY_OVERLAPS,Andrew Purser,1958,1959,1983,1987,112,1982,,False,False,False,,none,False,False,
26,census,https://www.draftguru.com.au/players/andrew_rogers/1,players/A/Andrew_Rogers.html,bridged,offline_strong,BIRTH_YEAR_CONSISTENT;DEBUT_NOT_BEFORE_EARLIEST_RECRUITMENT;GAMES_CONSISTENT;CLUB_HISTORY_OVERLAPS,Andrew Rogers,1964,1964,1988,1992,83,1987,,False,False,False,,none,False,False,
27,census,https://www.draftguru.com.au/players/andrew_walker/1,players/A/Andrew_Walker.html,bridged,offline_strong,BIRTH_YEAR_CONSISTENT;DEBUT_NOT_BEFORE_EARLIEST_RECRUITMENT;GAMES_CONSISTENT;CLUB_HISTORY_OVERLAPS,Andrew Walker,1986,1986,2004,2016,202,2003,National,False,False,False,,none,False,False,
28,census,https://www.draftguru.com.au/players/angus_brayshaw/1,players/A/Angus_Brayshaw.html,bridged,offline_strong,BIRTH_YEAR_CONSISTENT;DEBUT_NOT_BEFORE_EARLIEST_RECRUITMENT;GAMES_CONSISTENT;CLUB_HISTORY_OVERLAPS,Angus Brayshaw,1996,1996,2015,2023,167,2014,National,False,False,False,,none,False,False,
29,census,https://www.draftguru.com.au/players/anthony_banik/1,players/A/Anthony_Banik.html,bridged,offline_strong,BIRTH_YEAR_CONSISTENT;DEBUT_NOT_BEFORE_EARLIEST_RECRUITMENT;GAMES_CONSISTENT;CLUB_HISTORY_OVERLAPS,Anthony Banik,1973,1973,1990,1994,49,1989,National,False,False,False,,none,False,False,
30,census,https://www.draftguru.com.au/players/anthony_morabito/1,players/A/Anthony_Morabito.html,bridged,offline_strong,BIRTH_YEAR_CONSISTENT_TOLERANCE;DEBUT_NOT_BEFORE_EARLIEST_RECRUITMENT;GAMES_CONSISTENT;CLUB_HISTORY_OVERLAPS,Anthony Morabito,1991,1992,2010,2014,26,2009,National,False,False,False,,none,False,False,
31,census,https://www.draftguru.com.au/players/anthony_rocca/1,players/A/Anthony_Rocca.html,bridged,offline_strong,BIRTH_YEAR_CONSISTENT;DEBUT_NOT_BEFORE_EARLIEST_RECRUITMENT;GAMES_CONSISTENT;CLUB_HISTORY_OVERLAPS,Anthony Rocca,1977,1977,1995,2009,242,1994,National,False,False,False,,none,False,False,
32,census,https://www.draftguru.com.au/players/archie_perkins/1,players/A/Archie_Perkins.html,bridged,offline_strong,BIRTH_YEAR_CONSISTENT;DEBUT_NOT_BEFORE_EARLIEST_RECRUITMENT;GAMES_CONSISTENT;CLUB_HISTORY_OVERLAPS,Archie Perkins,2002,2002,2021,2025,101,2020,National,False,False,False,,none,False,False,
33,census,https://www.draftguru.com.au/players/ashley_sampi/1,players/A/Ashley_Sampi.html,bridged,offline_strong,BIRTH_YEAR_CONSISTENT;DEBUT_NOT_BEFORE_EARLIEST_RECRUITMENT;GAMES_CONSISTENT;CLUB_HISTORY_OVERLAPS,Ashley Sampi,1984,1984,2002,2006,78,2001,National,False,False,False,,none,False,False,
34,census,https://www.draftguru.com.au/players/bailey_humphrey/1,players/B/Bailey_Humphrey.html,bridged,offline_strong,BIRTH_YEAR_CONSISTENT;DEBUT_NOT_BEFORE_EARLIEST_RECRUITMENT;GAMES_CONSISTENT;CLUB_HISTORY_OVERLAPS,Bailey Humphrey,2004,2004,2023,2025,63,2022,National,False,False,False,,none,False,False,
35,census,https://www.draftguru.com.au/players/bailey_smith/2,players/B/Bailey_Smith.html,bridged,offline_strong,BIRTH_YEAR_CONSISTENT;DEBUT_NOT_BEFORE_EARLIEST_RECRUITMENT;GAMES_CONSISTENT;CLUB_HISTORY_OVERLAPS,Bailey Smith,2000,2000,2019,2025,126,2018,National,False,False,False,,none,False,False,
36,census,https://www.draftguru.com.au/players/beau_dowler/1,players/B/Beau_Dowler.html,bridged,offline_strong,BIRTH_YEAR_CONSISTENT;DEBUT_NOT_BEFORE_EARLIEST_RECRUITMENT;GAMES_CONSISTENT;CLUB_HISTORY_OVERLAPS,Beau Dowler,1987,1987,2006,2009,16,2005,National,False,False,False,,none,False,False,
37,census,https://www.draftguru.com.au/players/ben_ainsworth/1,players/B/Ben_Ainsworth.html,bridged,offline_strong,BIRTH_YEAR_CONSISTENT;DEBUT_NOT_BEFORE_EARLIEST_RECRUITMENT;GAMES_CONSISTENT;CLUB_HISTORY_OVERLAPS,Ben Ainsworth,1998,1998,2017,2025,158,2016,National,False,False,False,,none,False,False,
38,census,https://www.draftguru.com.au/players/ben_cunnington/1,players/B/Ben_Cunnington.html,bridged,offline_strong,BIRTH_YEAR_CONSISTENT;DEBUT_NOT_BEFORE_EARLIEST_RECRUITMENT;GAMES_CONSISTENT;CLUB_HISTORY_OVERLAPS,Ben Cunnington,1991,1991,2010,2023,238,2009,National,False,False,False,,none,False,False,
39,census,https://www.draftguru.com.au/players/ben_king/1,players/B/Ben_King.html,bridged,offline_strong,BIRTH_YEAR_CONSISTENT;DEBUT_NOT_BEFORE_EARLIEST_RECRUITMENT;GAMES_CONSISTENT;CLUB_HISTORY_OVERLAPS,Ben King,2000,2000,2019,2025,120,2018,National,False,False,False,,none,False,False,
40,census,https://www.draftguru.com.au/players/ben_mcevoy/1,players/B/Ben_McEvoy.html,bridged,offline_strong,BIRTH_YEAR_CONSISTENT;DEBUT_NOT_BEFORE_EARLIEST_RECRUITMENT;GAMES_CONSISTENT;CLUB_HISTORY_OVERLAPS,Ben McEvoy,1989,1989,2008,2022,252,2007,National,False,False,False,,none,False,False,
41,census,https://www.draftguru.com.au/players/ben_reid/1,players/B/Ben_Reid.html,bridged,offline_strong,BIRTH_YEAR_CONSISTENT;DEBUT_NOT_BEFORE_EARLIEST_RECRUITMENT;GAMES_CONSISTENT;CLUB_HISTORY_OVERLAPS,Ben Reid,1989,1989,2007,2020,152,2006,National,False,False,False,,none,False,False,
42,census,https://www.draftguru.com.au/players/ben_wilson/1,players/B/Ben_Wilson.html,bridged,offline_strong,BIRTH_YEAR_CONSISTENT;DEBUT_NOT_BEFORE_EARLIEST_RECRUITMENT;GAMES_CONSISTENT;CLUB_HISTORY_OVERLAPS,Ben Wilson,1977,1977,1996,1997,6,1994,National,False,False,False,,none,False,False,
43,census,https://www.draftguru.com.au/players/bill_lokan/1,players/B/Bill_Lokan.html,bridged,offline_strong,BIRTH_YEAR_CONSISTENT_TOLERANCE;DEBUT_NOT_BEFORE_EARLIEST_RECRUITMENT;GAMES_CONSISTENT;CLUB_HISTORY_OVERLAPS,Bill Lokan,1959,1960,1983,1988,87,1982,,False,False,False,,none,False,False,
44,census,https://www.draftguru.com.au/players/billy_longer/1,players/B/Billy_Longer.html,bridged,offline_strong,BIRTH_YEAR_CONSISTENT;DEBUT_NOT_BEFORE_EARLIEST_RECRUITMENT;GAMES_CONSISTENT;CLUB_HISTORY_OVERLAPS,Billy Longer,1993,1993,2012,2019,66,2011,National,False,False,False,,none,False,False,
45,census,https://www.draftguru.com.au/players/blake_caracella/1,players/B/Blake_Caracella.html,bridged,offline_strong,BIRTH_YEAR_CONSISTENT;DEBUT_NOT_BEFORE_EARLIEST_RECRUITMENT;GAMES_CONSISTENT;CLUB_HISTORY_OVERLAPS,Blake Caracella,1977,1977,1997,2006,187,1994,National,False,False,False,,none,False,False,
46,census,https://www.draftguru.com.au/players/bowen_lockwood/1,players/B/Bowen_Lockwood.html,bridged,offline_strong,BIRTH_YEAR_CONSISTENT;DEBUT_NOT_BEFORE_EARLIEST_RECRUITMENT;GAMES_CONSISTENT;CLUB_HISTORY_OVERLAPS,Bowen Lockwood,1978,1978,1997,2001,50,1996,National,False,False,False,,none,False,False,
47,census,https://www.draftguru.com.au/players/brad_ottens/1,players/B/Brad_Ottens.html,bridged,offline_strong,BIRTH_YEAR_CONSISTENT;DEBUT_NOT_BEFORE_EARLIEST_RECRUITMENT;GAMES_CONSISTENT;CLUB_HISTORY_OVERLAPS,Brad Ottens,1980,1980,1998,2011,245,1997,National,False,False,False,,none,False,False,
48,census,https://www.draftguru.com.au/players/brad_rowe/1,players/B/Brad_Rowe.html,bridged,offline_strong,BIRTH_YEAR_CONSISTENT_TOLERANCE;DEBUT_NOT_BEFORE_EARLIEST_RECRUITMENT;GAMES_CONSISTENT;CLUB_HISTORY_OVERLAPS,Brad Rowe,1969,1970,1990,1996,73,1989,National,False,False,False,,none,False,False,
49,census,https://www.draftguru.com.au/players/brad_sheppard/1,players/B/Brad_Sheppard.html,bridged,offline_strong,BIRTH_YEAR_CONSISTENT;DEBUT_NOT_BEFORE_EARLIEST_RECRUITMENT;GAMES_CONSISTENT;CLUB_HISTORY_OVERLAPS,Brad Sheppard,1991,1991,2010,2021,216,2009,National,False,False,False,,none,False,False,
50,census,https://www.draftguru.com.au/players/brad_tunbridge/1,players/B/Brad_Tunbridge.html,bridged,offline_strong,BIRTH_YEAR_CONSISTENT;DEBUT_NOT_BEFORE_EARLIEST_RECRUITMENT;GAMES_CONSISTENT;CLUB_HISTORY_OVERLAPS,Brad Tunbridge,1964,1964,1990,1993,50,1989,National,False,False,False,,none,False,False,
51,census,https://www.draftguru.com.au/players/braeden_campbell/1,players/B/Braeden_Campbell.html,bridged,offline_strong,BIRTH_YEAR_CONSISTENT;DEBUT_NOT_BEFORE_EARLIEST_RECRUITMENT;GAMES_CONSISTENT;CLUB_HISTORY_OVERLAPS,Braeden Campbell,2002,2002,2021,2025,94,2020,National,False,False,False,,none,False,False,
52,census,https://www.draftguru.com.au/players/brendan_krummel/1,players/B/Brendan_Krummel.html,bridged,offline_strong,BIRTH_YEAR_CONSISTENT;DEBUT_NOT_BEFORE_EARLIEST_RECRUITMENT;GAMES_CONSISTENT;CLUB_HISTORY_OVERLAPS,Brendan Krummel,1972,1972,1992,2000,74,1991,National,False,False,False,,none,False,False,
53,census,https://www.draftguru.com.au/players/brendon_fewster/1,players/B/Brendon_Fewster.html,bridged,offline_strong,BIRTH_YEAR_CONSISTENT;DEBUT_NOT_BEFORE_EARLIEST_RECRUITMENT;GAMES_CONSISTENT;CLUB_HISTORY_OVERLAPS,Brendon Fewster,1974,1974,1996,2002,70,1995,National,False,False,False,,none,False,False,
54,census,https://www.draftguru.com.au/players/brendon_goddard/1,players/B/Brendon_Goddard.html,bridged,offline_strong,BIRTH_YEAR_CONSISTENT;DEBUT_NOT_BEFORE_EARLIEST_RECRUITMENT;GAMES_CONSISTENT;CLUB_HISTORY_OVERLAPS,Brendon Goddard,1985,1985,2003,2018,334,2002,National,False,False,False,,none,False,False,
55,census,https://www.draftguru.com.au/players/brenton_phillips/1,players/B/Brenton_Phillips.html,bridged,offline_strong,BIRTH_YEAR_CONSISTENT_TOLERANCE;DEBUT_NOT_BEFORE_EARLIEST_RECRUITMENT;GAMES_CONSISTENT;CLUB_HISTORY_OVERLAPS,Brenton Phillips,1962,1963,1986,1991,71,1982,,False,False,False,,none,False,False,
56,census,https://www.draftguru.com.au/players/brett_chalmers/1,players/B/Brett_Chalmers.html,bridged,offline_strong,BIRTH_YEAR_CONSISTENT;DEBUT_NOT_BEFORE_EARLIEST_RECRUITMENT;GAMES_CONSISTENT;CLUB_HISTORY_OVERLAPS,Brett Chalmers,1973,1973,1994,1999,75,1989,National,False,False,False,,none,False,False,
57,census,https://www.draftguru.com.au/players/brett_deledio/1,players/B/Brett_Deledio.html,bridged,offline_strong,BIRTH_YEAR_CONSISTENT;DEBUT_NOT_BEFORE_EARLIEST_RECRUITMENT;GAMES_CONSISTENT;CLUB_HISTORY_OVERLAPS,Brett Deledio,1987,1987,2005,2019,275,2004,National,False,False,False,,none,False,False,
58,census,https://www.draftguru.com.au/players/brock_mclean/1,players/B/Brock_McLean.html,bridged,offline_strong,BIRTH_YEAR_CONSISTENT;DEBUT_NOT_BEFORE_EARLIEST_RECRUITMENT;GAMES_CONSISTENT;CLUB_HISTORY_OVERLAPS,Brock McLean,1986,1986,2004,2014,157,2003,National,False,False,False,,none,False,False,
59,census,https://www.draftguru.com.au/players/bryce_gibbs/1,players/B/Bryce_Gibbs.html,bridged,offline_strong,BIRTH_YEAR_CONSISTENT;DEBUT_NOT_BEFORE_EARLIEST_RECRUITMENT;GAMES_CONSISTENT;CLUB_HISTORY_OVERLAPS,Bryce Gibbs,1989,1989,2007,2020,268,2006,National,False,False,False,,none,False,False,
60,census,https://www.draftguru.com.au/players/cale_morton/1,players/C/Cale_Morton.html,bridged,offline_strong,BIRTH_YEAR_CONSISTENT;DEBUT_NOT_BEFORE_EARLIEST_RECRUITMENT;GAMES_CONSISTENT;CLUB_HISTORY_OVERLAPS,Cale Morton,1990,1990,2008,2013,76,2007,National,False,False,False,,none,False,False,
61,census,https://www.draftguru.com.au/players/caleb_marchbank/1,players/C/Caleb_Marchbank.html,bridged,offline_strong,BIRTH_YEAR_CONSISTENT;DEBUT_NOT_BEFORE_EARLIEST_RECRUITMENT;GAMES_CONSISTENT;CLUB_HISTORY_OVERLAPS,Caleb Marchbank,1996,1996,2015,2024,63,2014,National,False,False,False,,none,False,False,
62,census,https://www.draftguru.com.au/players/caleb_serong/1,players/C/Caleb_Serong.html,bridged,offline_strong,BIRTH_YEAR_CONSISTENT;DEBUT_NOT_BEFORE_EARLIEST_RECRUITMENT;GAMES_CONSISTENT;CLUB_HISTORY_OVERLAPS,Caleb Serong,2001,2001,2020,2025,127,2019,National,False,False,False,,none,False,False,
63,census,https://www.draftguru.com.au/players/caleb_windsor/1,players/C/Caleb_Windsor.html,bridged,offline_strong,BIRTH_YEAR_CONSISTENT;DEBUT_NOT_BEFORE_EARLIEST_RECRUITMENT;GAMES_CONSISTENT;CLUB_HISTORY_OVERLAPS,Caleb Windsor,2005,2005,2024,2025,36,2023,National,False,False,False,,none,False,False,
64,census,https://www.draftguru.com.au/players/callum_ah%20chee/1,players/C/Callum_Ah_Chee.html,bridged,offline_strong,BIRTH_YEAR_CONSISTENT;DEBUT_NOT_BEFORE_EARLIEST_RECRUITMENT;GAMES_CONSISTENT;CLUB_HISTORY_OVERLAPS,Callum Ah Chee,1997,1997,2016,2025,169,2015,National,False,False,False,,none,False,False,
65,census,https://www.draftguru.com.au/players/callum_mills/1,players/C/Callum_Mills.html,bridged,offline_strong,BIRTH_YEAR_CONSISTENT;DEBUT_NOT_BEFORE_EARLIEST_RECRUITMENT;GAMES_CONSISTENT;CLUB_HISTORY_OVERLAPS,Callum Mills,1997,1997,2016,2025,174,2015,National,False,False,False,,none,False,False,
66,census,https://www.draftguru.com.au/players/cam_mackenzie/1,players/C/Cam_Mackenzie.html,bridged,offline_strong,BIRTH_YEAR_CONSISTENT;DEBUT_NOT_BEFORE_EARLIEST_RECRUITMENT;GAMES_CONSISTENT;CLUB_HISTORY_OVERLAPS,Cam Mackenzie,2004,2004,2023,2025,46,2022,National,False,False,False,,none,False,False,
67,census,https://www.draftguru.com.au/players/cam_rayner/1,players/C/Cam_Rayner.html,bridged,offline_strong,BIRTH_YEAR_CONSISTENT;DEBUT_NOT_BEFORE_EARLIEST_RECRUITMENT;GAMES_CONSISTENT;CLUB_HISTORY_OVERLAPS,Cam Rayner,1999,1999,2018,2025,167,2017,National,False,False,False,,none,False,False,
68,census,https://www.draftguru.com.au/players/carl_dilena/1,players/C/Carl_Dilena.html,bridged,offline_strong,BIRTH_YEAR_CONSISTENT;DEBUT_NOT_BEFORE_EARLIEST_RECRUITMENT;GAMES_CONSISTENT;CLUB_HISTORY_OVERLAPS,Carl Dilena,1967,1967,1989,1992,33,1988,National,False,False,False,,none,False,False,
69,census,https://www.draftguru.com.au/players/caydn_beetham/1,players/C/Caydn_Beetham.html,bridged,offline_strong,BIRTH_YEAR_CONSISTENT;DEBUT_NOT_BEFORE_EARLIEST_RECRUITMENT;GAMES_CONSISTENT;CLUB_HISTORY_OVERLAPS,Caydn Beetham,1982,1982,2000,2002,37,1999,National,False,False,False,,none,False,False,
70,census,https://www.draftguru.com.au/players/chad_cornes/1,players/C/Chad_Cornes.html,bridged,offline_strong,BIRTH_YEAR_CONSISTENT_TOLERANCE;DEBUT_NOT_BEFORE_EARLIEST_RECRUITMENT;GAMES_CONSISTENT;CLUB_HISTORY_OVERLAPS,Chad Cornes,1979,1980,1999,2012,255,1997,National,False,False,False,,none,False,False,
71,census,https://www.draftguru.com.au/players/chad_wingard/1,players/C/Chad_Wingard.html,bridged,offline_strong,BIRTH_YEAR_CONSISTENT;DEBUT_NOT_BEFORE_EARLIEST_RECRUITMENT;GAMES_CONSISTENT;CLUB_HISTORY_OVERLAPS,Chad Wingard,1993,1993,2012,2023,218,2011,National,False,False,False,,none,False,False,
72,census,https://www.draftguru.com.au/players/chayce_jones/1,players/C/Chayce_Jones.html,bridged,offline_strong,BIRTH_YEAR_CONSISTENT;DEBUT_NOT_BEFORE_EARLIEST_RECRUITMENT;GAMES_CONSISTENT;CLUB_HISTORY_OVERLAPS,Chayce Jones,2000,2000,2019,2025,97,2018,National,False,False,False,,none,False,False,
73,census,https://www.draftguru.com.au/players/chris_egan/1,players/C/Chris_Egan.html,bridged,offline_strong,BIRTH_YEAR_CONSISTENT;DEBUT_NOT_BEFORE_EARLIEST_RECRUITMENT;GAMES_CONSISTENT;CLUB_HISTORY_OVERLAPS,Chris Egan,1986,1986,2005,2008,27,2004,National,False,False,False,,none,False,False,
74,census,https://www.draftguru.com.au/players/chris_heffernan/1,players/C/Chris_Heffernan.html,bridged,offline_strong,BIRTH_YEAR_CONSISTENT_TOLERANCE;DEBUT_NOT_BEFORE_EARLIEST_RECRUITMENT;GAMES_CONSISTENT;CLUB_HISTORY_OVERLAPS,Chris Heffernan,1979,1978,1997,2007,170,1996,National,False,False,False,,none,False,False,
75,census,https://www.draftguru.com.au/players/chris_johnson/1,players/C/Chris_Johnson0.html,bridged,offline_strong,BIRTH_YEAR_CONSISTENT;DEBUT_NOT_BEFORE_EARLIEST_RECRUITMENT;GAMES_CONSISTENT;CLUB_HISTORY_OVERLAPS,Chris Johnson,1976,1976,1994,2007,264,1993,National,True,False,False,,none,False,True,
76,census,https://www.draftguru.com.au/players/chris_judd/1,players/C/Chris_Judd.html,bridged,offline_strong,BIRTH_YEAR_CONSISTENT;DEBUT_NOT_BEFORE_EARLIEST_RECRUITMENT;GAMES_CONSISTENT;CLUB_HISTORY_OVERLAPS,Chris Judd,1983,1983,2002,2015,279,2001,National,False,False,False,,none,False,False,
77,census,https://www.draftguru.com.au/players/chris_masten/1,players/C/Chris_Masten.html,bridged,offline_strong,BIRTH_YEAR_CONSISTENT;DEBUT_NOT_BEFORE_EARLIEST_RECRUITMENT;GAMES_CONSISTENT;CLUB_HISTORY_OVERLAPS,Chris Masten,1989,1989,2008,2019,215,2007,National,False,False,False,,none,False,False,
78,census,https://www.draftguru.com.au/players/chris_mcdermott/1,players/C/Chris_McDermott.html,bridged,offline_strong,BIRTH_YEAR_CONSISTENT_TOLERANCE;DEBUT_NOT_BEFORE_EARLIEST_RECRUITMENT;GAMES_CONSISTENT;CLUB_HISTORY_OVERLAPS,Chris McDermott,1963,1964,1991,1996,117,1981,,False,False,False,,none,False,False,
79,census,https://www.draftguru.com.au/players/chris_naish/1,players/C/Chris_Naish.html,bridged,offline_strong,BIRTH_YEAR_CONSISTENT;DEBUT_NOT_BEFORE_EARLIEST_RECRUITMENT;GAMES_CONSISTENT;CLUB_HISTORY_OVERLAPS,Chris Naish,1971,1971,1990,1999,161,1988,National,False,False,False,,none,False,False,
80,census,https://www.draftguru.com.au/players/chris_tarrant/1,players/C/Chris_Tarrant.html,bridged,offline_strong,BIRTH_YEAR_CONSISTENT;DEBUT_NOT_BEFORE_EARLIEST_RECRUITMENT;GAMES_CONSISTENT;CLUB_HISTORY_OVERLAPS,Chris Tarrant,1980,1980,1998,2012,268,1997,National,False,False,False,,none,False,False,
81,census,https://www.draftguru.com.au/players/chris_yarran/1,players/C/Chris_Yarran.html,bridged,offline_strong,BIRTH_YEAR_CONSISTENT_TOLERANCE;DEBUT_NOT_BEFORE_EARLIEST_RECRUITMENT;GAMES_CONSISTENT;CLUB_HISTORY_OVERLAPS,Chris Yarran,1990,1991,2009,2015,119,2008,National,False,False,False,,none,False,False,
82,census,https://www.draftguru.com.au/players/christian_petracca/1,players/C/Christian_Petracca.html,bridged,offline_strong,BIRTH_YEAR_CONSISTENT;DEBUT_NOT_BEFORE_EARLIEST_RECRUITMENT;GAMES_CONSISTENT;CLUB_HISTORY_OVERLAPS,Christian Petracca,1996,1996,2016,2025,212,2014,National,False,False,False,,none,False,False,
83,census,https://www.draftguru.com.au/players/christian_salem/1,players/C/Christian_Salem.html,bridged,offline_strong,BIRTH_YEAR_CONSISTENT;DEBUT_NOT_BEFORE_EARLIEST_RECRUITMENT;GAMES_CONSISTENT;CLUB_HISTORY_OVERLAPS,Christian Salem,1995,1995,2014,2025,199,2013,National,False,False,False,,none,False,False,
84,census,https://www.draftguru.com.au/players/clayton_oliver/1,players/C/Clayton_Oliver.html,bridged,offline_strong,BIRTH_YEAR_CONSISTENT;DEBUT_NOT_BEFORE_EARLIEST_RECRUITMENT;GAMES_CONSISTENT;CLUB_HISTORY_OVERLAPS,Clayton Oliver,1997,1997,2016,2025,205,2015,National,False,False,False,,none,False,False,
85,census,https://www.draftguru.com.au/players/clive_waterhouse/1,players/C/Clive_Waterhouse.html,bridged,offline_strong,BIRTH_YEAR_CONSISTENT;DEBUT_NOT_BEFORE_EARLIEST_RECRUITMENT;GAMES_CONSISTENT;CLUB_HISTORY_OVERLAPS,Clive Waterhouse,1974,1974,1996,2004,106,1995,National,False,False,False,,none,False,False,
86,census,https://www.draftguru.com.au/players/colby_mckercher/1,players/C/Colby_McKercher.html,bridged,offline_strong,BIRTH_YEAR_CONSISTENT;DEBUT_NOT_BEFORE_EARLIEST_RECRUITMENT;GAMES_CONSISTENT;CLUB_HISTORY_OVERLAPS,Colby McKercher,2005,2005,2024,2025,39,2023,National,False,False,False,,none,False,False,
87,census,https://www.draftguru.com.au/players/colin_sylvia/1,players/C/Colin_Sylvia.html,bridged,offline_strong,BIRTH_YEAR_CONSISTENT;DEBUT_NOT_BEFORE_EARLIEST_RECRUITMENT;GAMES_CONSISTENT;CLUB_HISTORY_OVERLAPS,Colin Sylvia,1985,1985,2004,2014,163,2003,National,False,False,False,,none,False,False,
88,census,https://www.draftguru.com.au/players/connor_rozee/1,players/C/Connor_Rozee.html,bridged,offline_strong,BIRTH_YEAR_CONSISTENT;DEBUT_NOT_BEFORE_EARLIEST_RECRUITMENT;GAMES_CONSISTENT;CLUB_HISTORY_OVERLAPS,Connor Rozee,2000,2000,2019,2025,150,2018,National,False,False,False,,none,False,False,
89,census,https://www.draftguru.com.au/players/cooper_duff-tytler/1,players/C/Cooper_Duff-Tytler.html,target_not_registered,target_unregistered,TARGET_NOT_REGISTERED,Cooper Duff-Tytler,2007,,,,,2025,National,False,False,False,,none,False,True,
90,census,https://www.draftguru.com.au/players/craig_holden/1,players/C/Craig_Holden.html,bridged,offline_strong,BIRTH_YEAR_CONSISTENT;DEBUT_NOT_BEFORE_EARLIEST_RECRUITMENT;GAMES_CONSISTENT;CLUB_HISTORY_OVERLAPS,Craig Holden,1957,1957,1982,1988,109,1981,,False,False,False,,none,False,False,
91,census,https://www.draftguru.com.au/players/dale_kickett/1,players/D/Dale_Kickett.html,bridged,offline_strong,BIRTH_YEAR_CONSISTENT;DEBUT_NOT_BEFORE_EARLIEST_RECRUITMENT;GAMES_CONSISTENT;CLUB_HISTORY_OVERLAPS,Dale Kickett,1968,1968,1990,2002,181,1989,National,False,False,False,,none,False,False,
92,census,https://www.draftguru.com.au/players/dale_thomas/1,players/D/Dale_Thomas.html,bridged,offline_strong,BIRTH_YEAR_CONSISTENT;DEBUT_NOT_BEFORE_EARLIEST_RECRUITMENT;GAMES_CONSISTENT;CLUB_HISTORY_OVERLAPS,Dale Thomas,1987,1987,2006,2019,258,2005,National,False,False,False,,none,False,False,
93,census,https://www.draftguru.com.au/players/damian_cupido/1,players/D/Damian_Cupido.html,bridged,offline_strong,BIRTH_YEAR_CONSISTENT;DEBUT_NOT_BEFORE_EARLIEST_RECRUITMENT;GAMES_CONSISTENT;CLUB_HISTORY_OVERLAPS,Damian Cupido,1982,1982,2000,2005,53,1999,National,False,False,False,,none,False,False,
94,census,https://www.draftguru.com.au/players/damian_hampson/1,players/D/Damian_Hampson.html,bridged,offline_strong,BIRTH_YEAR_CONSISTENT;DEBUT_NOT_BEFORE_EARLIEST_RECRUITMENT;GAMES_CONSISTENT;CLUB_HISTORY_OVERLAPS,Damian Hampson,1970,1970,1993,1994,6,1990,National,False,False,False,,none,False,False,
95,census,https://www.draftguru.com.au/players/dan_curtin/1,players/D/Daniel_Curtin.html,bridged,offline_strong,NAME_VARIANT;BIRTH_YEAR_CONSISTENT;DEBUT_NOT_BEFORE_EARLIEST_RECRUITMENT;GAMES_CONSISTENT;CLUB_HISTORY_OVERLAPS,Dan Curtin,2005,2005,2024,2025,32,2023,National,False,False,True,,none,False,True,
96,census,https://www.draftguru.com.au/players/daniel_annable/1,players/D/Daniel_Annable.html,target_not_registered,target_unregistered,TARGET_NOT_REGISTERED,Daniel Annable,2007,,,,,2025,National,False,False,False,,none,False,True,
97,census,https://www.draftguru.com.au/players/daniel_gorringe/1,players/D/Daniel_Gorringe.html,bridged,offline_strong,BIRTH_YEAR_CONSISTENT;DEBUT_NOT_BEFORE_EARLIEST_RECRUITMENT;GAMES_CONSISTENT;CLUB_HISTORY_OVERLAPS,Daniel Gorringe,1992,1992,2011,2016,26,2010,National,False,False,False,,none,False,False,
98,census,https://www.draftguru.com.au/players/daniel_harford/1,players/D/Daniel_Harford.html,bridged,offline_strong,BIRTH_YEAR_CONSISTENT;DEBUT_NOT_BEFORE_EARLIEST_RECRUITMENT;GAMES_CONSISTENT;CLUB_HISTORY_OVERLAPS,Daniel Harford,1977,1977,1995,2004,162,1994,National,False,False,False,,none,False,False,
99,census,https://www.draftguru.com.au/players/daniel_healy/1,players/D/Daniel_Healy.html,bridged,offline_strong,BIRTH_YEAR_CONSISTENT;DEBUT_NOT_BEFORE_EARLIEST_RECRUITMENT;GAMES_CONSISTENT;CLUB_HISTORY_OVERLAPS,Daniel Healy,1974,1974,1996,1999,38,1995,National,False,False,False,,none,False,False,
100,census,https://www.draftguru.com.au/players/daniel_mcalister/1,players/D/Daniel_McAlister.html,bridged,offline_strong,BIRTH_YEAR_CONSISTENT;DEBUT_NOT_BEFORE_EARLIEST_RECRUITMENT;GAMES_CONSISTENT;CLUB_HISTORY_OVERLAPS,Daniel McAlister,1978,1978,1997,2002,6,1996,National,False,False,False,,none,False,False,
101,census,https://www.draftguru.com.au/players/daniel_motlop/1,players/D/Daniel_Motlop.html,bridged,offline_strong,BIRTH_YEAR_CONSISTENT;DEBUT_NOT_BEFORE_EARLIEST_RECRUITMENT;GAMES_CONSISTENT;CLUB_HISTORY_OVERLAPS,Daniel Motlop,1982,1982,2001,2011,130,2000,National,False,False,False,,none,False,False,
102,census,https://www.draftguru.com.au/players/daniel_rich/1,players/D/Daniel_Rich.html,bridged,offline_strong,BIRTH_YEAR_CONSISTENT;DEBUT_NOT_BEFORE_EARLIEST_RECRUITMENT;GAMES_CONSISTENT;CLUB_HISTORY_OVERLAPS,Daniel Rich,1990,1990,2009,2023,275,2008,National,False,False,False,,none,False,False,
103,census,https://www.draftguru.com.au/players/daniel_wells/1,players/D/Daniel_Wells.html,bridged,offline_strong,BIRTH_YEAR_CONSISTENT;DEBUT_NOT_BEFORE_EARLIEST_RECRUITMENT;GAMES_CONSISTENT;CLUB_HISTORY_OVERLAPS,Daniel Wells,1985,1985,2003,2019,258,2002,National,False,False,False,,none,False,False,
104,census,https://www.draftguru.com.au/players/danny_roach/1,players/D/Danny_Roach.html,bridged,offline_strong,BIRTH_YEAR_CONSISTENT;DEBUT_NOT_BEFORE_EARLIEST_RECRUITMENT;GAMES_CONSISTENT;CLUB_HISTORY_OVERLAPS,Danny Roach,1982,1982,2001,2001,1,1999,National,False,False,False,,none,False,False,
105,census,https://www.draftguru.com.au/players/darcy_moore/1,players/D/Darcy_Moore.html,bridged,offline_strong,BIRTH_YEAR_CONSISTENT;DEBUT_NOT_BEFORE_EARLIEST_RECRUITMENT;GAMES_CONSISTENT;CLUB_HISTORY_OVERLAPS,Darcy Moore,1996,1996,2015,2025,195,2014,National,False,False,False,,none,False,False,
106,census,https://www.draftguru.com.au/players/darcy_parish/1,players/D/Darcy_Parish.html,bridged,offline_strong,BIRTH_YEAR_CONSISTENT;DEBUT_NOT_BEFORE_EARLIEST_RECRUITMENT;GAMES_CONSISTENT;CLUB_HISTORY_OVERLAPS,Darcy Parish,1997,1997,2016,2025,165,2015,National,False,False,False,,none,False,False,
107,census,https://www.draftguru.com.au/players/darren_davies/1,players/D/Darren_Davies.html,bridged,offline_strong,BIRTH_YEAR_CONSISTENT_TOLERANCE;DEBUT_NOT_BEFORE_EARLIEST_RECRUITMENT;GAMES_CONSISTENT;CLUB_HISTORY_OVERLAPS,Darren Davies,1965,1966,1988,1991,39,1987,,False,False,False,,none,False,False,
108,census,https://www.draftguru.com.au/players/darren_gaspar/1,players/D/Darren_Gaspar.html,bridged,offline_strong,BIRTH_YEAR_CONSISTENT;DEBUT_NOT_BEFORE_EARLIEST_RECRUITMENT;GAMES_CONSISTENT;CLUB_HISTORY_OVERLAPS,Darren Gaspar,1976,1976,1994,2007,228,1993,National,False,False,False,,none,False,False,
109,census,https://www.draftguru.com.au/players/darren_kowal/1,players/D/Darren_Kowal.html,bridged,offline_strong,BIRTH_YEAR_CONSISTENT;DEBUT_NOT_BEFORE_EARLIEST_RECRUITMENT;GAMES_CONSISTENT;CLUB_HISTORY_OVERLAPS,Darren Kowal,1972,1972,1992,1999,105,1991,National,False,False,False,,none,False,False,
110,census,https://www.draftguru.com.au/players/david_armitage/1,players/D/David_Armitage.html,bridged,offline_strong,BIRTH_YEAR_CONSISTENT;DEBUT_NOT_BEFORE_EARLIEST_RECRUITMENT;GAMES_CONSISTENT;CLUB_HISTORY_OVERLAPS,David Armitage,1988,1988,2007,2019,169,2006,National,False,False,False,,none,False,False,
111,census,https://www.draftguru.com.au/players/david_donato/1,players/D/David_Donato.html,bridged,offline_strong,BIRTH_YEAR_CONSISTENT;DEBUT_NOT_BEFORE_EARLIEST_RECRUITMENT;GAMES_CONSISTENT;CLUB_HISTORY_OVERLAPS,David Donato,1970,1970,1991,1991,12,1990,National,False,False,False,,none,False,False,
112,census,https://www.draftguru.com.au/players/david_hale/1,players/D/David_Hale.html,bridged,offline_strong,BIRTH_YEAR_CONSISTENT;DEBUT_NOT_BEFORE_EARLIEST_RECRUITMENT;GAMES_CONSISTENT;CLUB_HISTORY_OVERLAPS,David Hale,1984,1984,2003,2015,237,2001,National,False,False,False,,none,False,False,
113,census,https://www.draftguru.com.au/players/david_myers/1,players/D/David_Myers.html,bridged,offline_strong,BIRTH_YEAR_CONSISTENT;DEBUT_NOT_BEFORE_EARLIEST_RECRUITMENT;GAMES_CONSISTENT;CLUB_HISTORY_OVERLAPS,David Myers,1989,1989,2008,2019,123,2007,National,False,False,False,,none,False,False,
114,census,https://www.draftguru.com.au/players/david_ogg/1,players/D/David_Ogg.html,bridged,offline_strong,BIRTH_YEAR_CONSISTENT_TOLERANCE;DEBUT_NOT_BEFORE_EARLIEST_RECRUITMENT;GAMES_CONSISTENT;CLUB_HISTORY_OVERLAPS,David Ogg,1967,1968,1991,1991,9,1990,National,False,False,False,,none,False,False,
115,census,https://www.draftguru.com.au/players/david_swallow/1,players/D/David_Swallow.html,bridged,offline_strong,BIRTH_YEAR_CONSISTENT;DEBUT_NOT_BEFORE_EARLIEST_RECRUITMENT;GAMES_CONSISTENT;CLUB_HISTORY_OVERLAPS,David Swallow,1992,1992,2011,2025,249,2010,National,False,False,False,,none,False,False,
116,census,https://www.draftguru.com.au/players/david_trotter/1,players/D/David_Trotter.html,bridged,offline_strong,BIRTH_YEAR_CONSISTENT;DEBUT_NOT_BEFORE_EARLIEST_RECRUITMENT;GAMES_CONSISTENT;CLUB_HISTORY_OVERLAPS,David Trotter,1986,1986,2005,2007,7,2003,National,False,False,False,,none,False,False,
117,census,https://www.draftguru.com.au/players/dean_turner/1,players/D/Dean_Turner.html,bridged,offline_strong,BIRTH_YEAR_CONSISTENT_TOLERANCE;DEBUT_NOT_BEFORE_EARLIEST_RECRUITMENT;GAMES_CONSISTENT;CLUB_HISTORY_OVERLAPS,Dean Turner,1959,1960,1984,1990,110,1981,,False,False,False,,none,False,False,
118,census,https://www.draftguru.com.au/players/denver_grainger-barras/1,players/D/Denver_Grainger-Barras.html,bridged,offline_strong,BIRTH_YEAR_CONSISTENT;DEBUT_NOT_BEFORE_EARLIEST_RECRUITMENT;GAMES_CONSISTENT;CLUB_HISTORY_OVERLAPS,Denver Grainger-Barras,2002,2002,2021,2023,28,2020,National,False,False,False,,none,False,False,
119,census,https://www.draftguru.com.au/players/des_headland/1,players/D/Des_Headland.html,bridged,offline_strong,BIRTH_YEAR_CONSISTENT;DEBUT_NOT_BEFORE_EARLIEST_RECRUITMENT;GAMES_CONSISTENT;CLUB_HISTORY_OVERLAPS,Des Headland,1981,1981,1999,2010,166,1998,National,False,False,False,,none,False,False,
120,census,https://www.draftguru.com.au/players/dion_prestia/1,players/D/Dion_Prestia.html,bridged,offline_strong,BIRTH_YEAR_CONSISTENT;DEBUT_NOT_BEFORE_EARLIEST_RECRUITMENT;GAMES_CONSISTENT;CLUB_HISTORY_OVERLAPS,Dion Prestia,1992,1992,2011,2025,237,2010,National,False,False,False,,none,False,False,
121,census,https://www.draftguru.com.au/players/dion_scott/1,players/D/Dion_Scott.html,bridged,offline_strong,BIRTH_YEAR_CONSISTENT;DEBUT_NOT_BEFORE_EARLIEST_RECRUITMENT;GAMES_CONSISTENT;CLUB_HISTORY_OVERLAPS,Dion Scott,1970,1970,1990,1999,79,1988,National,False,False,False,,none,False,False,
122,census,https://www.draftguru.com.au/players/dom_tyson/1,players/D/Dom_Tyson.html,bridged,offline_strong,BIRTH_YEAR_CONSISTENT;DEBUT_NOT_BEFORE_EARLIEST_RECRUITMENT;GAMES_CONSISTENT;CLUB_HISTORY_OVERLAPS,Dom Tyson,1993,1993,2012,2021,113,2011,National,False,False,False,,none,False,False,
123,census,https://www.draftguru.com.au/players/drew_banfield/1,players/D/Drew_Banfield.html,bridged,offline_strong,BIRTH_YEAR_CONSISTENT;DEBUT_NOT_BEFORE_EARLIEST_RECRUITMENT;GAMES_CONSISTENT;CLUB_HISTORY_OVERLAPS,Drew Banfield,1974,1974,1993,2006,265,1992,National,False,False,False,,none,False,False,
124,census,https://www.draftguru.com.au/players/dustin_martin/1,players/D/Dustin_Martin.html,bridged,offline_strong,BIRTH_YEAR_CONSISTENT;DEBUT_NOT_BEFORE_EARLIEST_RECRUITMENT;GAMES_CONSISTENT;CLUB_HISTORY_OVERLAPS,Dustin Martin,1991,1991,2010,2024,302,2009,National,False,False,False,,none,False,False,
125,census,https://www.draftguru.com.au/players/dylan_patterson/1,players/D/Dylan_Patterson.html,target_not_registered,target_unregistered,TARGET_NOT_REGISTERED,Dylan Patterson,2007,,,,,2025,National,False,False,False,,none,False,True,
126,census,https://www.draftguru.com.au/players/dylan_smith/1,players/D/Dylan_Smith.html,bridged,offline_strong,BIRTH_YEAR_CONSISTENT;DEBUT_NOT_BEFORE_EARLIEST_RECRUITMENT;GAMES_CONSISTENT;CLUB_HISTORY_OVERLAPS,Dylan Smith,1982,1982,2001,2005,21,2000,National,False,False,False,,none,False,False,
127,census,https://www.draftguru.com.au/players/dylan_stephens/1,players/D/Dylan_Stephens.html,bridged,offline_strong,BIRTH_YEAR_CONSISTENT;DEBUT_NOT_BEFORE_EARLIEST_RECRUITMENT;GAMES_CONSISTENT;CLUB_HISTORY_OVERLAPS,Dylan Stephens,2001,2001,2020,2025,81,2019,National,False,False,False,,none,False,False,
128,census,https://www.draftguru.com.au/players/dyson_heppell/1,players/D/Dyson_Heppell.html,bridged,offline_strong,BIRTH_YEAR_CONSISTENT;DEBUT_NOT_BEFORE_EARLIEST_RECRUITMENT;GAMES_CONSISTENT;CLUB_HISTORY_OVERLAPS,Dyson Heppell,1992,1992,2011,2024,253,2010,National,False,False,False,,none,False,False,
129,census,https://www.draftguru.com.au/players/elijah_hollands/1,players/E/Elijah_Hollands.html,bridged,offline_strong,BIRTH_YEAR_CONSISTENT;DEBUT_NOT_BEFORE_EARLIEST_RECRUITMENT;GAMES_CONSISTENT;CLUB_HISTORY_OVERLAPS,Elijah Hollands,2002,2002,2022,2025,41,2020,National,False,False,False,,none,False,False,
130,census,https://www.draftguru.com.au/players/elijah_tsatas/1,players/E/Elijah_Tsatas.html,bridged,offline_strong,BIRTH_YEAR_CONSISTENT;DEBUT_NOT_BEFORE_EARLIEST_RECRUITMENT;GAMES_CONSISTENT;CLUB_HISTORY_OVERLAPS,Elijah Tsatas,2004,2004,2023,2025,16,2022,National,False,False,False,,none,False,False,
131,census,https://www.draftguru.com.au/players/ethan_read/1,players/E/Ethan_Read.html,bridged,offline_strong,BIRTH_YEAR_CONSISTENT;DEBUT_NOT_BEFORE_EARLIEST_RECRUITMENT;GAMES_CONSISTENT;CLUB_HISTORY_OVERLAPS,Ethan Read,2005,2005,2024,2025,25,2023,National,False,False,False,,none,False,False,
132,census,https://www.draftguru.com.au/players/farren_ray/1,players/F/Farren_Ray.html,bridged,offline_strong,BIRTH_YEAR_CONSISTENT;DEBUT_NOT_BEFORE_EARLIEST_RECRUITMENT;GAMES_CONSISTENT;CLUB_HISTORY_OVERLAPS,Farren Ray,1986,1986,2004,2016,209,2003,National,False,False,False,,none,False,False,
133,census,https://www.draftguru.com.au/players/finn_callaghan/1,players/F/Finn_Callaghan.html,bridged,offline_strong,BIRTH_YEAR_CONSISTENT;DEBUT_NOT_BEFORE_EARLIEST_RECRUITMENT;GAMES_CONSISTENT;CLUB_HISTORY_OVERLAPS,Finn Callaghan,2003,2003,2022,2025,71,2021,National,False,False,False,,none,False,False,
134,census,https://www.draftguru.com.au/players/finn_o'sullivan/1,players/F/Finn_OSullivan.html,bridged,offline_strong,BIRTH_YEAR_CONSISTENT;DEBUT_NOT_BEFORE_EARLIEST_RECRUITMENT;GAMES_CONSISTENT;CLUB_HISTORY_OVERLAPS,Finn O'Sullivan,2006,2006,2025,2025,22,2024,National,False,False,False,,none,False,False,
135,census,https://www.draftguru.com.au/players/fischer_mcasey/1,players/F/Fischer_McAsey.html,bridged,offline_strong,BIRTH_YEAR_CONSISTENT;DEBUT_NOT_BEFORE_EARLIEST_RECRUITMENT;GAMES_CONSISTENT;CLUB_HISTORY_OVERLAPS,Fischer McAsey,2001,2001,2020,2020,10,2019,National,False,False,False,,none,False,False,
136,census,https://www.draftguru.com.au/players/gary_rohan/1,players/G/Gary_Rohan.html,bridged,offline_strong,BIRTH_YEAR_CONSISTENT;DEBUT_NOT_BEFORE_EARLIEST_RECRUITMENT;GAMES_CONSISTENT;CLUB_HISTORY_OVERLAPS,Gary Rohan,1991,1991,2010,2024,204,2009,National,False,False,False,,none,False,False,
137,census,https://www.draftguru.com.au/players/gary_shaw/1,players/G/Gary_Shaw.html,bridged,offline_strong,BIRTH_YEAR_CONSISTENT;DEBUT_NOT_BEFORE_EARLIEST_RECRUITMENT;GAMES_CONSISTENT;CLUB_HISTORY_OVERLAPS,Gary Shaw,1959,1959,1983,1987,38,1982,,False,False,False,,none,False,False,
138,census,https://www.draftguru.com.au/players/george_wardlaw/1,players/G/George_Wardlaw.html,bridged,offline_strong,BIRTH_YEAR_CONSISTENT;DEBUT_NOT_BEFORE_EARLIEST_RECRUITMENT;GAMES_CONSISTENT;CLUB_HISTORY_OVERLAPS,George Wardlaw,2004,2004,2023,2025,39,2022,National,False,False,False,,none,False,False,
139,census,https://www.draftguru.com.au/players/glenn_gorman/1,players/G/Glenn_Gorman.html,bridged,offline_strong,BIRTH_YEAR_CONSISTENT;DEBUT_NOT_BEFORE_EARLIEST_RECRUITMENT;GAMES_CONSISTENT;CLUB_HISTORY_OVERLAPS,Glenn Gorman,1976,1976,1996,1996,2,1993,National,False,False,False,,none,False,False,
140,census,https://www.draftguru.com.au/players/graham_polak/1,players/G/Graham_Polak.html,bridged,offline_strong,BIRTH_YEAR_CONSISTENT;DEBUT_NOT_BEFORE_EARLIEST_RECRUITMENT;GAMES_CONSISTENT;CLUB_HISTORY_OVERLAPS,Graham Polak,1984,1984,2002,2010,111,2001,National,False,False,False,,none,False,False,
141,census,https://www.draftguru.com.au/players/graham_wright/1,players/G/Graham_Wright.html,bridged,offline_strong,BIRTH_YEAR_CONSISTENT;DEBUT_NOT_BEFORE_EARLIEST_RECRUITMENT;GAMES_CONSISTENT;CLUB_HISTORY_OVERLAPS,Graham Wright,1968,1968,1988,1998,201,1987,,False,False,False,,none,False,False,
142,census,https://www.draftguru.com.au/players/grantley_fielke/1,players/G/Grantley_Fielke.html,bridged,offline_strong,BIRTH_YEAR_CONSISTENT;DEBUT_NOT_BEFORE_EARLIEST_RECRUITMENT;GAMES_CONSISTENT;CLUB_HISTORY_OVERLAPS,Grantley Fielke,1962,1962,1987,1992,40,1982,,False,False,False,,none,False,False,
143,census,https://www.draftguru.com.au/players/griffin_logue/1,players/G/Griffin_Logue.html,bridged,offline_strong,BIRTH_YEAR_CONSISTENT;DEBUT_NOT_BEFORE_EARLIEST_RECRUITMENT;GAMES_CONSISTENT;CLUB_HISTORY_OVERLAPS,Griffin Logue,1998,1998,2017,2025,97,2016,National,False,False,False,,none,False,False,
144,census,https://www.draftguru.com.au/players/hamish_hartlett/1,players/H/Hamish_Hartlett.html,bridged,offline_strong,BIRTH_YEAR_CONSISTENT;DEBUT_NOT_BEFORE_EARLIEST_RECRUITMENT;GAMES_CONSISTENT;CLUB_HISTORY_OVERLAPS,Hamish Hartlett,1990,1990,2009,2021,193,2008,National,False,False,False,,none,False,False,
145,census,https://www.draftguru.com.au/players/hamish_mcintosh/1,players/H/Hamish_McIntosh.html,bridged,offline_strong,BIRTH_YEAR_CONSISTENT;DEBUT_NOT_BEFORE_EARLIEST_RECRUITMENT;GAMES_CONSISTENT;CLUB_HISTORY_OVERLAPS,Hamish McIntosh,1984,1984,2005,2014,126,2002,National,False,False,False,,none,False,False,
146,census,https://www.draftguru.com.au/players/harley_bennell/1,players/H/Harley_Bennell.html,bridged,offline_strong,BIRTH_YEAR_CONSISTENT_TOLERANCE;DEBUT_NOT_BEFORE_EARLIEST_RECRUITMENT;GAMES_CONSISTENT;CLUB_HISTORY_OVERLAPS,Harley Bennell,1992,1993,2011,2020,88,2010,National,False,False,False,,none,False,False,
147,census,https://www.draftguru.com.au/players/harley_reid/1,players/H/Harley_Reid.html,bridged,offline_strong,BIRTH_YEAR_CONSISTENT;DEBUT_NOT_BEFORE_EARLIEST_RECRUITMENT;GAMES_CONSISTENT;CLUB_HISTORY_OVERLAPS,Harley Reid,2005,2005,2024,2025,39,2023,National,False,False,False,,none,False,False,
148,census,https://www.draftguru.com.au/players/harry_dean/1,players/H/Harry_Dean.html,target_not_registered,target_unregistered,TARGET_NOT_REGISTERED,Harry Dean,2007,,,,,2025,National,False,False,False,,none,False,True,
149,census,https://www.draftguru.com.au/players/harry_mckay/1,players/H/Harry_McKay.html,bridged,offline_strong,BIRTH_YEAR_CONSISTENT;DEBUT_NOT_BEFORE_EARLIEST_RECRUITMENT;GAMES_CONSISTENT;CLUB_HISTORY_OVERLAPS,Harry McKay,1997,1997,2017,2025,140,2015,National,False,False,False,,none,False,False,
150,census,https://www.draftguru.com.au/players/harry_sheezel/1,players/H/Harry_Sheezel.html,bridged,offline_strong,BIRTH_YEAR_CONSISTENT;DEBUT_NOT_BEFORE_EARLIEST_RECRUITMENT;GAMES_CONSISTENT;CLUB_HISTORY_OVERLAPS,Harry Sheezel,2004,2004,2023,2025,67,2022,National,False,False,False,,none,False,False,
151,census,https://www.draftguru.com.au/players/harvey_langford/1,players/H/Harvey_Langford.html,bridged,offline_strong,BIRTH_YEAR_CONSISTENT;DEBUT_NOT_BEFORE_EARLIEST_RECRUITMENT;GAMES_CONSISTENT;CLUB_HISTORY_OVERLAPS,Harvey Langford,2006,2006,2025,2025,22,2024,National,False,False,False,,none,False,False,
152,census,https://www.draftguru.com.au/players/hayden_young/1,players/H/Hayden_Young.html,bridged,offline_strong,BIRTH_YEAR_CONSISTENT;DEBUT_NOT_BEFORE_EARLIEST_RECRUITMENT;GAMES_CONSISTENT;CLUB_HISTORY_OVERLAPS,Hayden Young,2001,2001,2020,2025,89,2019,National,False,False,False,,none,False,False,
153,census,https://www.draftguru.com.au/players/hugh_mccluggage/1,players/H/Hugh_McCluggage.html,bridged,offline_strong,BIRTH_YEAR_CONSISTENT;DEBUT_NOT_BEFORE_EARLIEST_RECRUITMENT;GAMES_CONSISTENT;CLUB_HISTORY_OVERLAPS,Hugh McCluggage,1998,1998,2017,2025,209,2016,National,False,False,False,,none,False,False,
154,census,https://www.draftguru.com.au/players/hunter_clark/1,players/H/Hunter_Clark.html,bridged,offline_strong,BIRTH_YEAR_CONSISTENT;DEBUT_NOT_BEFORE_EARLIEST_RECRUITMENT;GAMES_CONSISTENT;CLUB_HISTORY_OVERLAPS,Hunter Clark,1999,1999,2018,2025,111,2017,National,False,False,False,,none,False,False,
155,census,https://www.draftguru.com.au/players/izak_rankine/1,players/I/Izak_Rankine.html,bridged,offline_strong,BIRTH_YEAR_CONSISTENT;DEBUT_NOT_BEFORE_EARLIEST_RECRUITMENT;GAMES_CONSISTENT;CLUB_HISTORY_OVERLAPS,Izak Rankine,2000,2000,2020,2025,105,2018,National,False,False,False,,none,False,False,
156,census,https://www.draftguru.com.au/players/jack_billings/1,players/J/Jack_Billings.html,bridged,offline_strong,BIRTH_YEAR_CONSISTENT;DEBUT_NOT_BEFORE_EARLIEST_RECRUITMENT;GAMES_CONSISTENT;CLUB_HISTORY_OVERLAPS,Jack Billings,1995,1995,2014,2025,172,2013,National,False,False,False,,none,False,False,
157,census,https://www.draftguru.com.au/players/jack_bowes/1,players/J/Jack_Bowes.html,bridged,offline_strong,BIRTH_YEAR_CONSISTENT;DEBUT_NOT_BEFORE_EARLIEST_RECRUITMENT;GAMES_CONSISTENT;CLUB_HISTORY_OVERLAPS,Jack Bowes,1998,1998,2017,2025,143,2016,National,False,False,False,,none,False,False,
158,census,https://www.draftguru.com.au/players/jack_lukosius/1,players/J/Jack_Lukosius.html,bridged,offline_strong,BIRTH_YEAR_CONSISTENT;DEBUT_NOT_BEFORE_EARLIEST_RECRUITMENT;GAMES_CONSISTENT;CLUB_HISTORY_OVERLAPS,Jack Lukosius,2000,2000,2019,2025,123,2018,National,False,False,False,,none,False,False,
159,census,https://www.draftguru.com.au/players/jack_macrae/1,players/J/Jack_Macrae.html,bridged,offline_strong,BIRTH_YEAR_CONSISTENT;DEBUT_NOT_BEFORE_EARLIEST_RECRUITMENT;GAMES_CONSISTENT;CLUB_HISTORY_OVERLAPS,Jack Macrae,1994,1994,2013,2025,270,2012,National,False,False,False,,none,False,False,
160,census,https://www.draftguru.com.au/players/jack_scrimshaw/1,players/J/Jack_Scrimshaw.html,bridged,offline_strong,BIRTH_YEAR_CONSISTENT;DEBUT_NOT_BEFORE_EARLIEST_RECRUITMENT;GAMES_CONSISTENT;CLUB_HISTORY_OVERLAPS,Jack Scrimshaw,1998,1998,2017,2025,123,2016,National,False,False,False,,none,False,False,
161,census,https://www.draftguru.com.au/players/jack_trengove/1,players/J/Jack_Trengove.html,bridged,offline_strong,BIRTH_YEAR_CONSISTENT;DEBUT_NOT_BEFORE_EARLIEST_RECRUITMENT;GAMES_CONSISTENT;CLUB_HISTORY_OVERLAPS,Jack Trengove,1991,1991,2010,2018,89,2009,National,False,False,False,,none,False,False,
162,census,https://www.draftguru.com.au/players/jack_watts/1,players/J/Jack_Watts.html,bridged,offline_strong,BIRTH_YEAR_CONSISTENT;DEBUT_NOT_BEFORE_EARLIEST_RECRUITMENT;GAMES_CONSISTENT;CLUB_HISTORY_OVERLAPS,Jack Watts,1991,1991,2009,2019,174,2008,National,False,False,False,,none,False,False,
163,census,https://www.draftguru.com.au/players/jack_ziebell/1,players/J/Jack_Ziebell.html,bridged,offline_strong,BIRTH_YEAR_CONSISTENT;DEBUT_NOT_BEFORE_EARLIEST_RECRUITMENT;GAMES_CONSISTENT;CLUB_HISTORY_OVERLAPS,Jack Ziebell,1991,1991,2009,2023,280,2008,National,False,False,False,,none,False,False,
164,census,https://www.draftguru.com.au/players/jacob_farrow/1,players/J/Jacob_Farrow.html,target_not_registered,target_unregistered,TARGET_NOT_REGISTERED,Jacob Farrow,2007,,,,,2025,National,False,False,False,,none,False,True,
165,census,https://www.draftguru.com.au/players/jacob_hopper/1,players/J/Jacob_Hopper.html,bridged,offline_strong,BIRTH_YEAR_CONSISTENT;DEBUT_NOT_BEFORE_EARLIEST_RECRUITMENT;GAMES_CONSISTENT;CLUB_HISTORY_OVERLAPS,Jacob Hopper,1997,1997,2016,2025,165,2015,National,False,False,False,,none,False,False,
166,census,https://www.draftguru.com.au/players/jacob_weitering/1,players/J/Jacob_Weitering.html,bridged,offline_strong,BIRTH_YEAR_CONSISTENT;DEBUT_NOT_BEFORE_EARLIEST_RECRUITMENT;GAMES_CONSISTENT;CLUB_HISTORY_OVERLAPS,Jacob Weitering,1997,1997,2016,2025,204,2015,National,False,False,False,,none,False,False,
167,census,https://www.draftguru.com.au/players/jagga_smith/1,players/J/Jagga_Smith.html,target_not_registered,target_unregistered,TARGET_NOT_REGISTERED,Jagga Smith,2006,,,,,2024,National,False,False,False,,none,False,True,
168,census,https://www.draftguru.com.au/players/jaidyn_stephenson/1,players/J/Jaidyn_Stephenson.html,bridged,offline_strong,BIRTH_YEAR_CONSISTENT;DEBUT_NOT_BEFORE_EARLIEST_RECRUITMENT;GAMES_CONSISTENT;CLUB_HISTORY_OVERLAPS,Jaidyn Stephenson,1999,1999,2018,2024,122,2017,National,False,False,False,,none,False,False,
169,census,https://www.draftguru.com.au/players/jake_melksham/1,players/J/Jake_Melksham.html,bridged,offline_strong,BIRTH_YEAR_CONSISTENT;DEBUT_NOT_BEFORE_EARLIEST_RECRUITMENT;GAMES_CONSISTENT;CLUB_HISTORY_OVERLAPS,Jake Melksham,1991,1991,2010,2025,248,2009,National,False,False,False,,none,False,False,
170,census,https://www.draftguru.com.au/players/jake_stringer/1,players/J/Jake_Stringer.html,bridged,offline_strong,BIRTH_YEAR_CONSISTENT;DEBUT_NOT_BEFORE_EARLIEST_RECRUITMENT;GAMES_CONSISTENT;CLUB_HISTORY_OVERLAPS,Jake Stringer,1994,1994,2013,2025,227,2012,National,False,False,False,,none,False,False,
171,census,https://www.draftguru.com.au/players/jamarra_ugle-hagan/1,players/J/Jamarra_Ugle-Hagan.html,bridged,offline_strong,BIRTH_YEAR_CONSISTENT;DEBUT_NOT_BEFORE_EARLIEST_RECRUITMENT;GAMES_INCONSISTENT;CLUB_HISTORY_OVERLAPS,Jamarra Ugle-Hagan,2002,2002,2021,2024,67,2020,National,False,False,False,,none,False,False,
172,census,https://www.draftguru.com.au/players/james_aish/1,players/J/James_Aish.html,bridged,offline_strong,BIRTH_YEAR_CONSISTENT;DEBUT_NOT_BEFORE_EARLIEST_RECRUITMENT;GAMES_CONSISTENT;CLUB_HISTORY_OVERLAPS,James Aish,1995,1995,2014,2025,186,2013,National,False,False,False,,none,False,False,
173,census,https://www.draftguru.com.au/players/james_cook/1,players/J/James_Cook.html,bridged,offline_strong,BIRTH_YEAR_CONSISTENT;DEBUT_NOT_BEFORE_EARLIEST_RECRUITMENT;GAMES_CONSISTENT;CLUB_HISTORY_OVERLAPS,James Cook,1974,1974,1994,2000,77,1990,National,False,False,False,,none,False,False,
174,census,https://www.draftguru.com.au/players/james_walker/1,players/J/James_Walker.html,bridged,offline_strong,BIRTH_YEAR_CONSISTENT_TOLERANCE;DEBUT_NOT_BEFORE_EARLIEST_RECRUITMENT;GAMES_CONSISTENT;CLUB_HISTORY_OVERLAPS,James Walker,1979,1978,1998,2007,151,1997,National,False,False,False,,none,False,False,
175,census,https://www.draftguru.com.au/players/jared_brennan/1,players/J/Jared_Brennan.html,bridged,offline_strong,BIRTH_YEAR_CONSISTENT;DEBUT_NOT_BEFORE_EARLIEST_RECRUITMENT;GAMES_CONSISTENT;CLUB_HISTORY_OVERLAPS,Jared Brennan,1984,1984,2003,2013,173,2002,National,False,False,False,,none,False,False,
176,census,https://www.draftguru.com.au/players/jared_crouch/1,players/J/Jared_Crouch.html,bridged,offline_strong,BIRTH_YEAR_CONSISTENT;DEBUT_NOT_BEFORE_EARLIEST_RECRUITMENT;GAMES_CONSISTENT;CLUB_HISTORY_OVERLAPS,Jared Crouch,1978,1978,1998,2009,223,1995,National,False,False,False,,none,False,False,
177,census,https://www.draftguru.com.au/players/jared_polec/1,players/J/Jared_Polec.html,bridged,offline_strong,BIRTH_YEAR_CONSISTENT_TOLERANCE;DEBUT_NOT_BEFORE_EARLIEST_RECRUITMENT;GAMES_CONSISTENT;CLUB_HISTORY_OVERLAPS,Jared Polec,1992,1993,2011,2022,148,2010,National,False,False,False,,none,False,False,
178,census,https://www.draftguru.com.au/players/jarrad_grant/1,players/J/Jarrad_Grant.html,bridged,offline_strong,BIRTH_YEAR_CONSISTENT;DEBUT_NOT_BEFORE_EARLIEST_RECRUITMENT;GAMES_CONSISTENT;CLUB_HISTORY_OVERLAPS,Jarrad Grant,1989,1989,2009,2017,95,2007,National,False,False,False,,none,False,False,
179,census,https://www.draftguru.com.au/players/jarrad_mcveigh/1,players/J/Jarrad_McVeigh.html,bridged,offline_strong,BIRTH_YEAR_CONSISTENT;DEBUT_NOT_BEFORE_EARLIEST_RECRUITMENT;GAMES_CONSISTENT;CLUB_HISTORY_OVERLAPS,Jarrad McVeigh,1985,1985,2004,2019,325,2002,National,False,False,False,,none,False,False,
180,census,https://www.draftguru.com.au/players/jarrad_oakley-nicholls/1,players/J/Jarrad_Oakley-Nicholls.html,bridged,offline_strong,BIRTH_YEAR_CONSISTENT;DEBUT_NOT_BEFORE_EARLIEST_RECRUITMENT;GAMES_CONSISTENT;CLUB_HISTORY_OVERLAPS,Jarrad Oakley-Nicholls,1988,1988,2006,2009,13,2005,National,False,False,False,,none,False,False,
181,census,https://www.draftguru.com.au/players/jarrod_pickett/1,players/J/Jarrod_Pickett.html,bridged,offline_strong,BIRTH_YEAR_CONSISTENT;DEBUT_NOT_BEFORE_EARLIEST_RECRUITMENT;GAMES_CONSISTENT;CLUB_HISTORY_OVERLAPS,Jarrod Pickett,1996,1996,2017,2018,17,2014,National,False,False,False,,none,False,False,
182,census,https://www.draftguru.com.au/players/jarryd_roughead/1,players/J/Jarryd_Roughead.html,bridged,offline_strong,BIRTH_YEAR_CONSISTENT;DEBUT_NOT_BEFORE_EARLIEST_RECRUITMENT;GAMES_CONSISTENT;CLUB_HISTORY_OVERLAPS,Jarryd Roughead,1987,1987,2005,2019,283,2004,National,False,False,False,,none,False,False,
183,census,https://www.draftguru.com.au/players/jason_horne-francis/1,players/J/Jason_Horne-Francis.html,bridged,offline_strong,BIRTH_YEAR_CONSISTENT;DEBUT_NOT_BEFORE_EARLIEST_RECRUITMENT;GAMES_CONSISTENT;CLUB_HISTORY_OVERLAPS,Jason Horne-Francis,2003,2003,2022,2025,80,2021,National,False,False,False,,none,False,False,
184,census,https://www.draftguru.com.au/players/jason_laycock/1,players/J/Jason_Laycock.html,bridged,offline_strong,BIRTH_YEAR_CONSISTENT;DEBUT_NOT_BEFORE_EARLIEST_RECRUITMENT;GAMES_CONSISTENT;CLUB_HISTORY_OVERLAPS,Jason Laycock,1984,1984,2004,2008,58,2002,National,False,False,False,,none,False,False,
185,census,https://www.draftguru.com.au/players/jason_mccartney/1,players/J/Jason_McCartney.html,bridged,offline_strong,BIRTH_YEAR_CONSISTENT;DEBUT_NOT_BEFORE_EARLIEST_RECRUITMENT;GAMES_CONSISTENT;CLUB_HISTORY_OVERLAPS,Jason McCartney,1974,1974,1991,2003,182,1990,National,False,False,False,,none,False,False,
186,census,https://www.draftguru.com.au/players/jason_norrish/1,players/J/Jason_Norrish.html,bridged,offline_strong,BIRTH_YEAR_CONSISTENT;DEBUT_NOT_BEFORE_EARLIEST_RECRUITMENT;GAMES_CONSISTENT;CLUB_HISTORY_OVERLAPS,Jason Norrish,1972,1972,1993,2002,148,1991,National,False,False,False,,none,False,False,
187,census,https://www.draftguru.com.au/players/jed_walter/1,players/J/Jed_Walter.html,bridged,offline_strong,BIRTH_YEAR_CONSISTENT;DEBUT_NOT_BEFORE_EARLIEST_RECRUITMENT;GAMES_CONSISTENT;CLUB_HISTORY_OVERLAPS,Jed Walter,2005,2005,2024,2025,30,2023,National,False,False,False,,none,False,False,
188,census,https://www.draftguru.com.au/players/jeff_white/1,players/J/Jeff_White.html,bridged,offline_strong,BIRTH_YEAR_CONSISTENT;DEBUT_NOT_BEFORE_EARLIEST_RECRUITMENT;GAMES_CONSISTENT;CLUB_HISTORY_OVERLAPS,Jeff White,1977,1977,1995,2008,268,1994,National,False,False,False,,none,False,False,
189,census,https://www.draftguru.com.au/players/jeremy_guard/1,players/J/Jeremy_Guard.html,bridged,offline_strong,BIRTH_YEAR_CONSISTENT;DEBUT_NOT_BEFORE_EARLIEST_RECRUITMENT;GAMES_CONSISTENT;CLUB_HISTORY_OVERLAPS,Jeremy Guard,1970,1970,1992,1995,68,1991,National,False,False,False,,none,False,False,
190,census,https://www.draftguru.com.au/players/jhye_clark/1,players/J/Jhye_Clark.html,bridged,offline_strong,BIRTH_YEAR_CONSISTENT;DEBUT_NOT_BEFORE_EARLIEST_RECRUITMENT;GAMES_CONSISTENT;CLUB_HISTORY_OVERLAPS,Jhye Clark,2004,2004,2023,2025,26,2022,National,False,False,False,,none,False,False,
191,census,https://www.draftguru.com.au/players/jimmy_bartel/1,players/J/Jimmy_Bartel.html,bridged,offline_strong,BIRTH_YEAR_CONSISTENT_TOLERANCE;DEBUT_NOT_BEFORE_EARLIEST_RECRUITMENT;GAMES_CONSISTENT;CLUB_HISTORY_OVERLAPS,Jimmy Bartel,1983,1984,2002,2016,305,2001,National,False,False,False,,none,False,False,
192,census,https://www.draftguru.com.au/players/jimmy_toumpas/1,players/J/Jimmy_Toumpas.html,bridged,offline_strong,BIRTH_YEAR_CONSISTENT;DEBUT_NOT_BEFORE_EARLIEST_RECRUITMENT;GAMES_CONSISTENT;CLUB_HISTORY_OVERLAPS,Jimmy Toumpas,1994,1994,2013,2017,37,2012,National,False,False,False,,none,False,False,
193,census,https://www.draftguru.com.au/players/jody_arnol/1,players/J/Jody_Arnol.html,bridged,offline_strong,BIRTH_YEAR_CONSISTENT;DEBUT_NOT_BEFORE_EARLIEST_RECRUITMENT;GAMES_CONSISTENT;CLUB_HISTORY_OVERLAPS,Jody Arnol,1968,1968,1990,1991,13,1989,National,False,False,False,,none,False,False,
194,census,https://www.draftguru.com.au/players/joe_daniher/1,players/J/Joe_Daniher.html,bridged,offline_strong,BIRTH_YEAR_CONSISTENT;DEBUT_NOT_BEFORE_EARLIEST_RECRUITMENT;GAMES_CONSISTENT;CLUB_HISTORY_OVERLAPS,Joe Daniher,1994,1994,2013,2024,204,2012,National,False,False,False,,none,False,False,
195,census,https://www.draftguru.com.au/players/joel_corey/1,players/J/Joel_Corey.html,bridged,offline_strong,BIRTH_YEAR_CONSISTENT;DEBUT_NOT_BEFORE_EARLIEST_RECRUITMENT;GAMES_CONSISTENT;CLUB_HISTORY_OVERLAPS,Joel Corey,1982,1982,2000,2013,276,1999,National,False,False,False,,none,False,False,
196,census,https://www.draftguru.com.au/players/joel_selwood/1,players/J/Joel_Selwood.html,bridged,offline_strong,BIRTH_YEAR_CONSISTENT;DEBUT_NOT_BEFORE_EARLIEST_RECRUITMENT;GAMES_CONSISTENT;CLUB_HISTORY_OVERLAPS,Joel Selwood,1988,1988,2007,2022,355,2006,National,False,False,False,,none,False,False,
197,census,https://www.draftguru.com.au/players/joel_smith/1,players/J/Joel_Smith.html,target_not_registered,target_unregistered,TARGET_NOT_REGISTERED,Joel Smith,1977,,,,,1994,National,False,False,False,numbering,none,False,True,
198,census,https://www.draftguru.com.au/players/john_brinkkotter/1,players/J/John_Brinkkotter.html,bridged,offline_strong,BIRTH_YEAR_CONSISTENT;DEBUT_NOT_BEFORE_EARLIEST_RECRUITMENT;GAMES_CONSISTENT;CLUB_HISTORY_OVERLAPS,John Brinkkotter,1966,1966,1988,1989,5,1986,National,False,False,False,,none,False,False,
199,census,https://www.draftguru.com.au/players/john_butcher/1,players/J/John_Butcher.html,bridged,offline_strong,BIRTH_YEAR_CONSISTENT;DEBUT_NOT_BEFORE_EARLIEST_RECRUITMENT;GAMES_CONSISTENT;CLUB_HISTORY_OVERLAPS,John Butcher,1991,1991,2011,2016,31,2009,National,False,False,False,,none,False,False,
200,census,https://www.draftguru.com.au/players/john_hutton/1,players/J/John_Hutton.html,bridged,offline_strong,BIRTH_YEAR_CONSISTENT;DEBUT_NOT_BEFORE_EARLIEST_RECRUITMENT;GAMES_CONSISTENT;CLUB_HISTORY_OVERLAPS,John Hutton,1966,1966,1992,1995,36,1991,National,False,False,False,,none,False,False,
201,census,https://www.draftguru.com.au/players/john_meesen/1,players/J/John_Meesen.html,bridged,offline_strong,BIRTH_YEAR_CONSISTENT;DEBUT_NOT_BEFORE_EARLIEST_RECRUITMENT;GAMES_CONSISTENT;CLUB_HISTORY_OVERLAPS,John Meesen,1986,1986,2007,2009,6,2004,National,False,False,False,,none,False,False,
202,census,https://www.draftguru.com.au/players/john_rombotis/1,players/J/John_Rombotis.html,bridged,offline_strong,BIRTH_YEAR_CONSISTENT;DEBUT_NOT_BEFORE_EARLIEST_RECRUITMENT;GAMES_CONSISTENT;CLUB_HISTORY_OVERLAPS,John Rombotis,1976,1976,1995,2000,48,1994,National,False,False,False,,none,False,False,
203,census,https://www.draftguru.com.au/players/jonathan_o'rourke/1,players/J/Jonathan_ORourke.html,bridged,offline_strong,BIRTH_YEAR_CONSISTENT;DEBUT_NOT_BEFORE_EARLIEST_RECRUITMENT;GAMES_CONSISTENT;CLUB_HISTORY_OVERLAPS,Jonathan O'Rourke,1994,1994,2013,2018,21,2012,National,False,False,False,,none,False,False,
204,census,https://www.draftguru.com.au/players/jonathon_patton/1,players/J/Jonathon_Patton.html,bridged,offline_strong,BIRTH_YEAR_CONSISTENT;DEBUT_NOT_BEFORE_EARLIEST_RECRUITMENT;GAMES_CONSISTENT;CLUB_HISTORY_OVERLAPS,Jonathon Patton,1993,1993,2012,2020,95,2011,National,False,False,False,,none,False,False,
205,census,https://www.draftguru.com.au/players/jordan_de%20goey/1,players/J/Jordan_de_Goey.html,bridged,offline_strong,BIRTH_YEAR_CONSISTENT;DEBUT_NOT_BEFORE_EARLIEST_RECRUITMENT;GAMES_CONSISTENT;CLUB_HISTORY_OVERLAPS,Jordan De Goey,1996,1996,2015,2025,182,2014,National,False,False,False,,none,False,False,
206,census,https://www.draftguru.com.au/players/jordan_lewis/1,players/J/Jordan_Lewis.html,bridged,offline_strong,BIRTH_YEAR_CONSISTENT;DEBUT_NOT_BEFORE_EARLIEST_RECRUITMENT;GAMES_CONSISTENT;CLUB_HISTORY_OVERLAPS,Jordan Lewis,1986,1986,2005,2019,319,2004,National,False,False,False,,none,False,False,
207,census,https://www.draftguru.com.au/players/jordan_mcmahon/1,players/J/Jordan_McMahon.html,bridged,offline_strong,BIRTH_YEAR_CONSISTENT;DEBUT_NOT_BEFORE_EARLIEST_RECRUITMENT;GAMES_CONSISTENT;CLUB_HISTORY_OVERLAPS,Jordan McMahon,1983,1983,2001,2009,148,2000,National,False,False,False,,none,False,False,
208,census,https://www.draftguru.com.au/players/jordan_russell/1,players/J/Jordan_Russell.html,bridged,offline_strong,BIRTH_YEAR_CONSISTENT;DEBUT_NOT_BEFORE_EARLIEST_RECRUITMENT;GAMES_CONSISTENT;CLUB_HISTORY_OVERLAPS,Jordan Russell,1986,1986,2005,2013,125,2004,National,False,False,False,,none,False,False,
209,census,https://www.draftguru.com.au/players/josh_caddy/1,players/J/Josh_Caddy.html,bridged,offline_strong,BIRTH_YEAR_CONSISTENT;DEBUT_NOT_BEFORE_EARLIEST_RECRUITMENT;GAMES_CONSISTENT;CLUB_HISTORY_OVERLAPS,Josh Caddy,1992,1992,2011,2021,174,2010,National,False,False,False,,none,False,False,
210,census,https://www.draftguru.com.au/players/josh_carr/1,players/J/Josh_Carr.html,bridged,offline_strong,BIRTH_YEAR_CONSISTENT;DEBUT_NOT_BEFORE_EARLIEST_RECRUITMENT;GAMES_CONSISTENT;CLUB_HISTORY_OVERLAPS,Josh Carr,1980,1980,2000,2010,207,1998,National,False,False,False,,none,False,False,
211,census,https://www.draftguru.com.au/players/josh_fraser/1,players/J/Josh_Fraser.html,bridged,offline_strong,BIRTH_YEAR_CONSISTENT;DEBUT_NOT_BEFORE_EARLIEST_RECRUITMENT;GAMES_CONSISTENT;CLUB_HISTORY_OVERLAPS,Josh Fraser,1982,1982,2000,2012,218,1999,National,False,False,False,,none,False,False,
212,census,https://www.draftguru.com.au/players/josh_gibcus/1,players/J/Josh_Gibcus.html,bridged,offline_strong,BIRTH_YEAR_CONSISTENT;DEBUT_NOT_BEFORE_EARLIEST_RECRUITMENT;GAMES_CONSISTENT;CLUB_HISTORY_OVERLAPS,Josh Gibcus,2003,2003,2022,2025,21,2021,National,False,False,False,,none,False,False,
213,census,https://www.draftguru.com.au/players/josh_kelly/1,players/J/Josh_Kelly.html,bridged,offline_strong,BIRTH_YEAR_CONSISTENT;DEBUT_NOT_BEFORE_EARLIEST_RECRUITMENT;GAMES_CONSISTENT;CLUB_HISTORY_OVERLAPS,Josh Kelly,1995,1995,2014,2025,230,2013,National,False,False,False,,none,False,False,
214,census,https://www.draftguru.com.au/players/josh_kennedy/1,players/J/Josh_Kennedy0.html,bridged,offline_strong,BIRTH_YEAR_CONSISTENT;DEBUT_NOT_BEFORE_EARLIEST_RECRUITMENT;GAMES_CONSISTENT;CLUB_HISTORY_OVERLAPS,Josh Kennedy,1987,1987,2006,2022,293,2005,National,True,False,False,,none,False,True,
215,census,https://www.draftguru.com.au/players/josh_rachele/1,players/J/Josh_Rachele.html,bridged,offline_strong,BIRTH_YEAR_CONSISTENT;DEBUT_NOT_BEFORE_EARLIEST_RECRUITMENT;GAMES_CONSISTENT;CLUB_HISTORY_OVERLAPS,Josh Rachele,2003,2003,2022,2025,70,2021,National,False,False,False,,none,False,False,
216,census,https://www.draftguru.com.au/players/josh_schache/1,players/J/Josh_Schache.html,bridged,offline_strong,BIRTH_YEAR_CONSISTENT;DEBUT_NOT_BEFORE_EARLIEST_RECRUITMENT;GAMES_CONSISTENT;CLUB_HISTORY_OVERLAPS,Josh Schache,1997,1997,2016,2024,76,2015,National,False,False,False,,none,False,False,
217,census,https://www.draftguru.com.au/players/josh_ward/2,players/J/Josh_Ward.html,bridged,offline_strong,BIRTH_YEAR_CONSISTENT;DEBUT_NOT_BEFORE_EARLIEST_RECRUITMENT;GAMES_CONSISTENT;CLUB_HISTORY_OVERLAPS,Josh Ward,2003,2003,2022,2025,67,2021,National,False,False,False,,none,False,False,
218,census,https://www.draftguru.com.au/players/jude_bolton/1,players/J/Jude_Bolton.html,bridged,offline_strong,BIRTH_YEAR_CONSISTENT;DEBUT_NOT_BEFORE_EARLIEST_RECRUITMENT;GAMES_CONSISTENT;CLUB_HISTORY_OVERLAPS,Jude Bolton,1980,1980,1999,2013,325,1998,National,False,False,False,,none,False,False,
219,census,https://www.draftguru.com.au/players/justin_koschitzke/1,players/J/Justin_Koschitzke.html,bridged,offline_strong,BIRTH_YEAR_CONSISTENT;DEBUT_NOT_BEFORE_EARLIEST_RECRUITMENT;GAMES_CONSISTENT;CLUB_HISTORY_OVERLAPS,Justin Koschitzke,1982,1982,2001,2013,200,2000,National,False,False,False,,none,False,False,
220,census,https://www.draftguru.com.au/players/justin_leppitsch/1,players/J/Justin_Leppitsch.html,bridged,offline_strong,BIRTH_YEAR_CONSISTENT_TOLERANCE;DEBUT_NOT_BEFORE_EARLIEST_RECRUITMENT;GAMES_CONSISTENT;CLUB_HISTORY_OVERLAPS,Justin Leppitsch,1975,1976,1993,2006,227,1992,National,False,False,False,,none,False,False,
221,census,https://www.draftguru.com.au/players/justin_longmuir/1,players/J/Justin_Longmuir.html,bridged,offline_strong,BIRTH_YEAR_CONSISTENT_TOLERANCE;DEBUT_NOT_BEFORE_EARLIEST_RECRUITMENT;GAMES_CONSISTENT;CLUB_HISTORY_OVERLAPS,Justin Longmuir,1981,1980,1999,2007,139,1998,National,False,False,False,,none,False,False,
222,census,https://www.draftguru.com.au/players/justin_murphy/1,players/J/Justin_Murphy.html,bridged,offline_strong,BIRTH_YEAR_CONSISTENT;DEBUT_NOT_BEFORE_EARLIEST_RECRUITMENT;GAMES_CONSISTENT;CLUB_HISTORY_OVERLAPS,Justin Murphy,1976,1976,1994,2005,185,1993,National,False,False,False,,none,False,False,
223,census,https://www.draftguru.com.au/players/jye_amiss/1,players/J/Jye_Amiss.html,bridged,offline_strong,BIRTH_YEAR_CONSISTENT;DEBUT_NOT_BEFORE_EARLIEST_RECRUITMENT;GAMES_CONSISTENT;CLUB_HISTORY_OVERLAPS,Jye Amiss,2003,2003,2022,2025,71,2021,National,False,False,False,,none,False,False,
224,census,https://www.draftguru.com.au/players/kade_kolodjashnij/1,players/K/Kade_Kolodjashnij.html,bridged,offline_strong,BIRTH_YEAR_CONSISTENT;DEBUT_NOT_BEFORE_EARLIEST_RECRUITMENT;GAMES_CONSISTENT;CLUB_HISTORY_OVERLAPS,Kade Kolodjashnij,1995,1995,2014,2019,80,2013,National,False,False,False,,none,False,False,
225,census,https://www.draftguru.com.au/players/kane_tenace/1,players/K/Kane_Tenace.html,bridged,offline_strong,BIRTH_YEAR_CONSISTENT;DEBUT_NOT_BEFORE_EARLIEST_RECRUITMENT;GAMES_CONSISTENT;CLUB_HISTORY_OVERLAPS,Kane Tenace,1985,1985,2004,2009,59,2003,National,False,False,False,,none,False,False,
226,census,https://www.draftguru.com.au/players/kayne_pettifer/1,players/K/Kayne_Pettifer.html,bridged,offline_strong,BIRTH_YEAR_CONSISTENT;DEBUT_NOT_BEFORE_EARLIEST_RECRUITMENT;GAMES_CONSISTENT;CLUB_HISTORY_OVERLAPS,Kayne Pettifer,1982,1982,2001,2009,113,2000,National,False,False,False,,none,False,False,
227,census,https://www.draftguru.com.au/players/keith_thomas/2,players/K/Keith_Thomas1.html,bridged,offline_limited,BIRTH_YEAR_CONSISTENT;DEBUT_NOT_BEFORE_EARLIEST_RECRUITMENT;GAMES_CONSISTENT,Keith Thomas,1961,1961,1987,1988,28,1982,,True,False,False,,none,False,True,
228,census,https://www.draftguru.com.au/players/ken_judge/1,players/K/Ken_Judge.html,bridged,offline_strong,BIRTH_YEAR_CONSISTENT;DEBUT_NOT_BEFORE_EARLIEST_RECRUITMENT;GAMES_CONSISTENT;CLUB_HISTORY_OVERLAPS,Ken Judge,1958,1958,1983,1988,89,1981,,False,False,False,,none,False,False,
229,census,https://www.draftguru.com.au/players/kepler_bradley/1,players/K/Kepler_Bradley.html,bridged,offline_strong,BIRTH_YEAR_CONSISTENT_TOLERANCE;DEBUT_NOT_BEFORE_EARLIEST_RECRUITMENT;GAMES_CONSISTENT;CLUB_HISTORY_OVERLAPS,Kepler Bradley,1985,1986,2004,2013,117,2003,National,False,False,False,,none,False,False,
230,census,https://www.draftguru.com.au/players/kris_massie/1,players/K/Kris_Massie.html,bridged,offline_strong,BIRTH_YEAR_CONSISTENT;DEBUT_NOT_BEFORE_EARLIEST_RECRUITMENT;GAMES_CONSISTENT;CLUB_HISTORY_OVERLAPS,Kris Massie,1980,1980,1998,2008,131,1997,National,False,False,False,,none,False,False,
231,census,https://www.draftguru.com.au/players/lachie_ash/1,players/L/Lachie_Ash.html,bridged,offline_strong,BIRTH_YEAR_CONSISTENT;DEBUT_NOT_BEFORE_EARLIEST_RECRUITMENT;GAMES_CONSISTENT;CLUB_HISTORY_OVERLAPS,Lachie Ash,2001,2001,2020,2025,125,2019,National,False,False,False,,none,False,False,
232,census,https://www.draftguru.com.au/players/lachie_henderson/1,players/L/Lachie_Henderson.html,bridged,offline_strong,BIRTH_YEAR_CONSISTENT_TOLERANCE;DEBUT_NOT_BEFORE_EARLIEST_RECRUITMENT;GAMES_CONSISTENT;CLUB_HISTORY_OVERLAPS,Lachie Henderson,1989,1990,2008,2021,206,2007,National,False,False,False,,none,False,False,
233,census,https://www.draftguru.com.au/players/lachie_plowman/1,players/L/Lachie_Plowman.html,bridged,offline_strong,BIRTH_YEAR_CONSISTENT;DEBUT_NOT_BEFORE_EARLIEST_RECRUITMENT;GAMES_CONSISTENT;CLUB_HISTORY_OVERLAPS,Lachie Plowman,1994,1994,2013,2023,145,2012,National,False,False,False,,none,False,False,
234,census,https://www.draftguru.com.au/players/lachie_whitfield/1,players/L/Lachie_Whitfield.html,bridged,offline_strong,BIRTH_YEAR_CONSISTENT;DEBUT_NOT_BEFORE_EARLIEST_RECRUITMENT;GAMES_CONSISTENT;CLUB_HISTORY_OVERLAPS,Lachie Whitfield,1994,1994,2013,2025,257,2012,National,False,False,False,,none,False,False,
235,census,https://www.draftguru.com.au/players/lachlan_hansen/1,players/L/Lachlan_Hansen.html,bridged,offline_strong,BIRTH_YEAR_CONSISTENT;DEBUT_NOT_BEFORE_EARLIEST_RECRUITMENT;GAMES_CONSISTENT;CLUB_HISTORY_OVERLAPS,Lachlan Hansen,1988,1988,2007,2017,151,2006,National,False,False,False,,none,False,False,
236,census,https://www.draftguru.com.au/players/lance_franklin/1,players/L/Lance_Franklin.html,bridged,offline_strong,BIRTH_YEAR_CONSISTENT;DEBUT_NOT_BEFORE_EARLIEST_RECRUITMENT;GAMES_CONSISTENT;CLUB_HISTORY_OVERLAPS,Lance Franklin,1987,1987,2005,2023,354,2004,National,False,False,False,,none,False,False,
237,census,https://www.draftguru.com.au/players/laurence_angwin/1,players/L/Laurence_Angwin.html,bridged,offline_strong,BIRTH_YEAR_CONSISTENT;DEBUT_NOT_BEFORE_EARLIEST_RECRUITMENT;GAMES_CONSISTENT;CLUB_HISTORY_OVERLAPS,Laurence Angwin,1982,1982,2003,2003,4,2000,National,False,False,False,,none,False,False,
238,census,https://www.draftguru.com.au/players/leigh_brockman/1,players/L/Leigh_Brockman.html,bridged,offline_strong,BIRTH_YEAR_CONSISTENT;DEBUT_NOT_BEFORE_EARLIEST_RECRUITMENT;GAMES_CONSISTENT;CLUB_HISTORY_OVERLAPS,Leigh Brockman,1978,1978,1998,2002,12,1996,National,False,False,False,,none,False,False,
239,census,https://www.draftguru.com.au/players/leigh_brown/1,players/L/Leigh_Brown.html,bridged,offline_strong,BIRTH_YEAR_CONSISTENT;DEBUT_NOT_BEFORE_EARLIEST_RECRUITMENT;GAMES_CONSISTENT;CLUB_HISTORY_OVERLAPS,Leigh Brown,1982,1982,2000,2011,246,1999,National,False,False,False,,none,False,False,
240,census,https://www.draftguru.com.au/players/leo_lombard/1,players/L/Leo_Lombard.html,bridged,offline_strong,BIRTH_YEAR_CONSISTENT;DEBUT_NOT_BEFORE_EARLIEST_RECRUITMENT;GAMES_CONSISTENT;CLUB_HISTORY_OVERLAPS,Leo Lombard,2006,2006,2025,2025,4,2024,National,False,False,False,,none,False,False,
241,census,https://www.draftguru.com.au/players/leon_cameron/1,players/L/Leon_Cameron.html,bridged,offline_strong,BIRTH_YEAR_CONSISTENT;DEBUT_NOT_BEFORE_EARLIEST_RECRUITMENT;GAMES_CONSISTENT;CLUB_HISTORY_OVERLAPS,Leon Cameron,1972,1972,1990,2003,256,1988,National,False,False,False,,none,False,False,
242,census,https://www.draftguru.com.au/players/levi_ashcroft/1,players/L/Levi_Ashcroft.html,bridged,offline_strong,BIRTH_YEAR_CONSISTENT;DEBUT_NOT_BEFORE_EARLIEST_RECRUITMENT;GAMES_CONSISTENT;CLUB_HISTORY_OVERLAPS,Levi Ashcroft,2006,2006,2025,2025,27,2024,National,False,False,False,,none,False,False,
243,census,https://www.draftguru.com.au/players/liam_henry/2,players/L/Liam_Henry.html,bridged,offline_strong,BIRTH_YEAR_CONSISTENT;DEBUT_NOT_BEFORE_EARLIEST_RECRUITMENT;GAMES_CONSISTENT;CLUB_HISTORY_OVERLAPS,Liam Henry,2001,2001,2020,2025,61,2019,National,False,False,False,,none,False,False,
244,census,https://www.draftguru.com.au/players/liam_sumner/1,players/L/Liam_Sumner.html,bridged,offline_strong,BIRTH_YEAR_CONSISTENT;DEBUT_NOT_BEFORE_EARLIEST_RECRUITMENT;GAMES_CONSISTENT;CLUB_HISTORY_OVERLAPS,Liam Sumner,1993,1993,2012,2017,32,2011,National,False,False,False,,none,False,False,
245,census,https://www.draftguru.com.au/players/lochie_o'brien/1,players/L/Lochie_OBrien.html,bridged,offline_strong,BIRTH_YEAR_CONSISTENT;DEBUT_NOT_BEFORE_EARLIEST_RECRUITMENT;GAMES_CONSISTENT;CLUB_HISTORY_OVERLAPS,Lochie O'Brien,1999,1999,2018,2023,66,2017,National,False,False,False,,none,False,False,
246,census,https://www.draftguru.com.au/players/logan_mcdonald/1,players/L/Logan_McDonald.html,bridged,offline_strong,BIRTH_YEAR_CONSISTENT;DEBUT_NOT_BEFORE_EARLIEST_RECRUITMENT;GAMES_INCONSISTENT;CLUB_HISTORY_OVERLAPS,Logan McDonald,2002,2002,2021,2024,70,2020,National,False,False,False,,none,False,False,
247,census,https://www.draftguru.com.au/players/luke_ball/1,players/L/Luke_Ball.html,bridged,offline_strong,BIRTH_YEAR_CONSISTENT;DEBUT_NOT_BEFORE_EARLIEST_RECRUITMENT;GAMES_CONSISTENT;CLUB_HISTORY_OVERLAPS,Luke Ball,1984,1984,2003,2014,223,2001,National,False,False,False,,none,False,False,
248,census,https://www.draftguru.com.au/players/luke_brennan/1,players/L/Luke_Brennan.html,bridged,offline_strong,BIRTH_YEAR_CONSISTENT;DEBUT_NOT_BEFORE_EARLIEST_RECRUITMENT;GAMES_CONSISTENT;CLUB_HISTORY_OVERLAPS,Luke Brennan,1985,1985,2004,2008,28,2002,National,False,False,False,,none,False,False,
249,census,https://www.draftguru.com.au/players/luke_davies-uniacke/1,players/L/Luke_Davies-Uniacke.html,bridged,offline_strong,BIRTH_YEAR_CONSISTENT;DEBUT_NOT_BEFORE_EARLIEST_RECRUITMENT;GAMES_CONSISTENT;CLUB_HISTORY_OVERLAPS,Luke Davies-Uniacke,1999,1999,2018,2025,130,2017,National,False,False,False,,none,False,False,
250,census,https://www.draftguru.com.au/players/luke_hodge/1,players/L/Luke_Hodge.html,bridged,offline_strong,BIRTH_YEAR_CONSISTENT;DEBUT_NOT_BEFORE_EARLIEST_RECRUITMENT;GAMES_CONSISTENT;CLUB_HISTORY_OVERLAPS,Luke Hodge,1984,1984,2002,2019,346,2001,National,False,False,False,,none,False,False,
251,census,https://www.draftguru.com.au/players/luke_jackson/1,players/L/Luke_Jackson.html,bridged,offline_strong,BIRTH_YEAR_CONSISTENT;DEBUT_NOT_BEFORE_EARLIEST_RECRUITMENT;GAMES_CONSISTENT;CLUB_HISTORY_OVERLAPS,Luke Jackson,2001,2001,2020,2025,119,2019,National,False,False,False,,none,False,False,
252,census,https://www.draftguru.com.au/players/luke_livingston/1,players/L/Luke_Livingston.html,bridged,offline_strong,BIRTH_YEAR_CONSISTENT_TOLERANCE;DEBUT_NOT_BEFORE_EARLIEST_RECRUITMENT;GAMES_CONSISTENT;CLUB_HISTORY_OVERLAPS,Luke Livingston,1982,1983,2002,2006,46,2000,National,False,False,False,,none,False,False,
253,census,https://www.draftguru.com.au/players/luke_mcdonald/1,players/L/Luke_McDonald.html,bridged,offline_strong,BIRTH_YEAR_CONSISTENT;DEBUT_NOT_BEFORE_EARLIEST_RECRUITMENT;GAMES_CONSISTENT;CLUB_HISTORY_OVERLAPS,Luke McDonald,1995,1995,2014,2025,218,2013,National,False,False,False,,none,False,False,
254,census,https://www.draftguru.com.au/players/luke_mcpharlin/1,players/L/Luke_McPharlin.html,bridged,offline_strong,BIRTH_YEAR_CONSISTENT_TOLERANCE;DEBUT_NOT_BEFORE_EARLIEST_RECRUITMENT;GAMES_CONSISTENT;CLUB_HISTORY_OVERLAPS,Luke McPharlin,1981,1982,2000,2015,256,1999,National,False,False,False,,none,False,False,
255,census,https://www.draftguru.com.au/players/luke_power/1,players/L/Luke_Power.html,bridged,offline_strong,BIRTH_YEAR_CONSISTENT;DEBUT_NOT_BEFORE_EARLIEST_RECRUITMENT;GAMES_CONSISTENT;CLUB_HISTORY_OVERLAPS,Luke Power,1980,1980,1998,2012,302,1997,National,False,False,False,,none,False,False,
256,census,https://www.draftguru.com.au/players/mac_andrew/1,players/M/Mac_Andrew.html,bridged,offline_strong,BIRTH_YEAR_CONSISTENT;DEBUT_NOT_BEFORE_EARLIEST_RECRUITMENT;GAMES_CONSISTENT;CLUB_HISTORY_OVERLAPS,Mac Andrew,2003,2003,2022,2025,65,2021,National,False,False,False,,none,False,False,
257,census,https://www.draftguru.com.au/players/marc_murphy/1,players/M/Marc_Murphy.html,bridged,offline_strong,BIRTH_YEAR_CONSISTENT;DEBUT_NOT_BEFORE_EARLIEST_RECRUITMENT;GAMES_CONSISTENT;CLUB_HISTORY_OVERLAPS,Marc Murphy,1987,1987,2006,2021,300,2005,National,False,False,False,,none,False,False,
258,census,https://www.draftguru.com.au/players/marcus_bontempelli/1,players/M/Marcus_Bontempelli.html,bridged,offline_strong,BIRTH_YEAR_CONSISTENT;DEBUT_NOT_BEFORE_EARLIEST_RECRUITMENT;GAMES_CONSISTENT;CLUB_HISTORY_OVERLAPS,Marcus Bontempelli,1995,1995,2014,2025,258,2013,National,False,False,False,,none,False,False,
259,census,https://www.draftguru.com.au/players/marcus_drum/1,players/M/Marcus_Drum.html,bridged,offline_strong,BIRTH_YEAR_CONSISTENT;DEBUT_NOT_BEFORE_EARLIEST_RECRUITMENT;GAMES_CONSISTENT;CLUB_HISTORY_OVERLAPS,Marcus Drum,1987,1987,2006,2009,22,2005,National,False,False,False,,none,False,False,
260,census,https://www.draftguru.com.au/players/marcus_seecamp/1,players/M/Marcus_Seecamp.html,bridged,offline_strong,BIRTH_YEAR_CONSISTENT;DEBUT_NOT_BEFORE_EARLIEST_RECRUITMENT;GAMES_CONSISTENT;CLUB_HISTORY_OVERLAPS,Marcus Seecamp,1972,1972,1992,2000,140,1991,National,False,False,False,,none,False,False,
261,census,https://www.draftguru.com.au/players/mark_bolton/1,players/M/Mark_Bolton.html,bridged,offline_strong,BIRTH_YEAR_CONSISTENT;DEBUT_NOT_BEFORE_EARLIEST_RECRUITMENT;GAMES_CONSISTENT;CLUB_HISTORY_OVERLAPS,Mark Bolton,1979,1979,1998,2007,124,1997,National,False,False,False,,none,False,False,
262,census,https://www.draftguru.com.au/players/mark_brayshaw/1,players/M/Mark_Brayshaw.html,bridged,offline_strong,BIRTH_YEAR_CONSISTENT;DEBUT_NOT_BEFORE_EARLIEST_RECRUITMENT;GAMES_CONSISTENT;CLUB_HISTORY_OVERLAPS,Mark Brayshaw,1966,1966,1990,1992,32,1989,National,False,False,False,,none,False,False,
263,census,https://www.draftguru.com.au/players/mark_harwood/1,players/M/Mark_Harwood.html,bridged,offline_strong,BIRTH_YEAR_CONSISTENT;DEBUT_NOT_BEFORE_EARLIEST_RECRUITMENT;GAMES_CONSISTENT;CLUB_HISTORY_OVERLAPS,Mark Harwood,1978,1978,1998,2001,30,1996,National,False,False,False,,none,False,False,
264,census,https://www.draftguru.com.au/players/mark_kinnear/1,players/M/Mark_Kinnear.html,bridged,offline_strong,BIRTH_YEAR_CONSISTENT;DEBUT_NOT_BEFORE_EARLIEST_RECRUITMENT;GAMES_CONSISTENT;CLUB_HISTORY_OVERLAPS,Mark Kinnear,1979,1979,1997,1998,6,1996,National,False,False,False,,none,False,False,
265,census,https://www.draftguru.com.au/players/mark_mcveigh/1,players/M/Mark_McVeigh.html,bridged,offline_strong,BIRTH_YEAR_CONSISTENT;DEBUT_NOT_BEFORE_EARLIEST_RECRUITMENT;GAMES_CONSISTENT;CLUB_HISTORY_OVERLAPS,Mark McVeigh,1981,1981,1999,2012,232,1998,National,False,False,False,,none,False,False,
266,census,https://www.draftguru.com.au/players/mark_naley/1,players/M/Mark_Naley.html,bridged,offline_strong,BIRTH_YEAR_CONSISTENT;DEBUT_NOT_BEFORE_EARLIEST_RECRUITMENT;GAMES_CONSISTENT,Mark Naley,1961,1961,1987,1990,65,1981,,False,False,False,,none,False,False,
267,census,https://www.draftguru.com.au/players/martin_leslie/1,players/M/Martin_Leslie.html,bridged,offline_strong,BIRTH_YEAR_CONSISTENT_TOLERANCE;DEBUT_NOT_BEFORE_EARLIEST_RECRUITMENT;GAMES_CONSISTENT;CLUB_HISTORY_OVERLAPS,Martin Leslie,1962,1963,1989,1995,107,1986,National,False,False,False,,none,False,False,
268,census,https://www.draftguru.com.au/players/martin_pike/1,players/M/Martin_Pike.html,bridged,offline_strong,BIRTH_YEAR_CONSISTENT_TOLERANCE;DEBUT_NOT_BEFORE_EARLIEST_RECRUITMENT;GAMES_CONSISTENT;CLUB_HISTORY_OVERLAPS,Martin Pike,1972,1973,1993,2005,247,1992,National,False,False,False,,none,False,False,
269,census,https://www.draftguru.com.au/players/matt_buntine/1,players/M/Matt_Buntine.html,bridged,offline_strong,BIRTH_YEAR_CONSISTENT;DEBUT_NOT_BEFORE_EARLIEST_RECRUITMENT;GAMES_CONSISTENT;CLUB_HISTORY_OVERLAPS,Matt Buntine,1993,1993,2012,2021,67,2011,National,False,False,False,,none,False,False,
270,census,https://www.draftguru.com.au/players/matt_clape/1,players/M/Matt_Clape.html,bridged,offline_strong,BIRTH_YEAR_CONSISTENT;DEBUT_NOT_BEFORE_EARLIEST_RECRUITMENT;GAMES_CONSISTENT;CLUB_HISTORY_OVERLAPS,Matt Clape,1969,1969,1992,1998,87,1990,National,False,False,False,,none,False,False,
271,census,https://www.draftguru.com.au/players/matt_rowell/1,players/M/Matt_Rowell.html,bridged,offline_strong,BIRTH_YEAR_CONSISTENT;DEBUT_NOT_BEFORE_EARLIEST_RECRUITMENT;GAMES_CONSISTENT;CLUB_HISTORY_OVERLAPS,Matt Rowell,2001,2001,2020,2025,110,2019,National,False,False,False,,none,False,False,
272,census,https://www.draftguru.com.au/players/mattaes_phillipou/1,players/M/Mattaes_Phillipou.html,bridged,offline_strong,BIRTH_YEAR_CONSISTENT;DEBUT_NOT_BEFORE_EARLIEST_RECRUITMENT;GAMES_CONSISTENT;CLUB_HISTORY_OVERLAPS,Mattaes Phillipou,2004,2004,2023,2025,44,2022,National,False,False,False,,none,False,False,
273,census,https://www.draftguru.com.au/players/matthew_croft/1,players/M/Matthew_Croft.html,bridged,offline_strong,BIRTH_YEAR_CONSISTENT;DEBUT_NOT_BEFORE_EARLIEST_RECRUITMENT;GAMES_CONSISTENT;CLUB_HISTORY_OVERLAPS,Matthew Croft,1973,1973,1991,2004,186,1989,National,False,False,False,,none,False,False,
274,census,https://www.draftguru.com.au/players/matthew_kreuzer/1,players/M/Matthew_Kreuzer.html,bridged,offline_strong,BIRTH_YEAR_CONSISTENT;DEBUT_NOT_BEFORE_EARLIEST_RECRUITMENT;GAMES_CONSISTENT;CLUB_HISTORY_OVERLAPS,Matthew Kreuzer,1989,1989,2008,2020,189,2007,National,False,False,False,,none,False,False,
275,census,https://www.draftguru.com.au/players/matthew_leuenberger/1,players/M/Matthew_Leuenberger.html,bridged,offline_strong,BIRTH_YEAR_CONSISTENT;DEBUT_NOT_BEFORE_EARLIEST_RECRUITMENT;GAMES_CONSISTENT;CLUB_HISTORY_OVERLAPS,Matthew Leuenberger,1988,1988,2007,2018,137,2006,National,False,False,False,,none,False,False,
276,census,https://www.draftguru.com.au/players/matthew_pavlich/1,players/M/Matthew_Pavlich.html,bridged,offline_strong,BIRTH_YEAR_CONSISTENT_TOLERANCE;DEBUT_NOT_BEFORE_EARLIEST_RECRUITMENT;GAMES_CONSISTENT;CLUB_HISTORY_OVERLAPS,Matthew Pavlich,1981,1982,2000,2016,353,1999,National,False,False,False,,none,False,False,
277,census,https://www.draftguru.com.au/players/matthew_primus/1,players/M/Matthew_Primus.html,bridged,offline_strong,BIRTH_YEAR_CONSISTENT;DEBUT_NOT_BEFORE_EARLIEST_RECRUITMENT;GAMES_CONSISTENT;CLUB_HISTORY_OVERLAPS,Matthew Primus,1975,1975,1996,2005,157,1995,National,False,False,False,,none,False,False,
278,census,https://www.draftguru.com.au/players/matthew_scharenberg/1,players/M/Matt_Scharenberg.html,bridged,offline_strong,NAME_VARIANT;BIRTH_YEAR_CONSISTENT;DEBUT_NOT_BEFORE_EARLIEST_RECRUITMENT;GAMES_CONSISTENT;CLUB_HISTORY_OVERLAPS,Matthew Scharenberg,1995,1995,2015,2020,41,2013,National,False,False,True,,none,False,True,
279,census,https://www.draftguru.com.au/players/max_king/2,players/M/Max_King.html,bridged,offline_strong,BIRTH_YEAR_CONSISTENT;DEBUT_NOT_BEFORE_EARLIEST_RECRUITMENT;GAMES_INCONSISTENT;CLUB_HISTORY_OVERLAPS,Max King,2000,2000,2020,2024,83,2018,National,False,False,False,,none,False,False,
280,census,https://www.draftguru.com.au/players/michael_frost/1,players/M/Michael_Frost.html,bridged,offline_strong,BIRTH_YEAR_CONSISTENT_TOLERANCE;DEBUT_NOT_BEFORE_EARLIEST_RECRUITMENT;GAMES_CONSISTENT;CLUB_HISTORY_OVERLAPS,Michael Frost,1970,1971,1992,1994,24,1989,Mid-Season,False,False,False,,none,False,False,
281,census,https://www.draftguru.com.au/players/michael_gardiner/2,players/M/Michael_Gardiner0.html,bridged,offline_strong,BIRTH_YEAR_CONSISTENT;DEBUT_NOT_BEFORE_EARLIEST_RECRUITMENT;GAMES_CONSISTENT;CLUB_HISTORY_OVERLAPS,Michael Gardiner,1979,1979,1997,2011,181,1996,National,True,False,False,,none,False,True,
282,census,https://www.draftguru.com.au/players/michael_hurley/1,players/M/Michael_Hurley.html,bridged,offline_strong,BIRTH_YEAR_CONSISTENT;DEBUT_NOT_BEFORE_EARLIEST_RECRUITMENT;GAMES_CONSISTENT;CLUB_HISTORY_OVERLAPS,Michael Hurley,1990,1990,2009,2022,194,2008,National,False,False,False,,none,False,False,
283,census,https://www.draftguru.com.au/players/michael_murphy/1,players/M/Michael_Murphy.html,bridged,offline_strong,BIRTH_YEAR_CONSISTENT;DEBUT_NOT_BEFORE_EARLIEST_RECRUITMENT;GAMES_CONSISTENT;CLUB_HISTORY_OVERLAPS,Michael Murphy,1965,1965,1988,1993,29,1987,,False,False,False,,none,False,False,
284,census,https://www.draftguru.com.au/players/michael_parsons/1,players/M/Michael_Parsons.html,bridged,offline_strong,BIRTH_YEAR_CONSISTENT;DEBUT_NOT_BEFORE_EARLIEST_RECRUITMENT;GAMES_CONSISTENT;CLUB_HISTORY_OVERLAPS,Michael Parsons,1960,1960,1988,1990,25,1987,,False,False,False,,none,False,False,
285,census,https://www.draftguru.com.au/players/michael_prior/1,players/M/Michael_Prior.html,bridged,offline_strong,BIRTH_YEAR_CONSISTENT;DEBUT_NOT_BEFORE_EARLIEST_RECRUITMENT;GAMES_CONSISTENT;CLUB_HISTORY_OVERLAPS,Michael Prior,1973,1973,1994,2002,90,1992,National,False,False,False,,none,False,False,
286,census,https://www.draftguru.com.au/players/michael_stevens/1,players/M/Michael_Stevens.html,bridged,offline_strong,BIRTH_YEAR_CONSISTENT;DEBUT_NOT_BEFORE_EARLIEST_RECRUITMENT;GAMES_CONSISTENT;CLUB_HISTORY_OVERLAPS,Michael Stevens,1980,1980,1999,2005,61,1998,National,False,False,False,,none,False,False,
287,census,https://www.draftguru.com.au/players/michael_symons/1,players/M/Michael_Symons.html,bridged,offline_strong,BIRTH_YEAR_CONSISTENT;DEBUT_NOT_BEFORE_EARLIEST_RECRUITMENT;GAMES_CONSISTENT;CLUB_HISTORY_OVERLAPS,Michael Symons,1971,1971,1992,1999,109,1991,National,False,False,False,,none,False,False,
288,census,https://www.draftguru.com.au/players/michael_werner/1,players/M/Michael_Werner.html,bridged,offline_strong,BIRTH_YEAR_CONSISTENT;DEBUT_NOT_BEFORE_EARLIEST_RECRUITMENT;GAMES_CONSISTENT;CLUB_HISTORY_OVERLAPS,Michael Werner,1969,1969,1989,1994,60,1988,National,False,False,False,,none,False,False,
289,census,https://www.draftguru.com.au/players/mitch_clark/1,players/M/Mitch_Clark.html,bridged,offline_strong,BIRTH_YEAR_CONSISTENT_TOLERANCE;DEBUT_NOT_BEFORE_EARLIEST_RECRUITMENT;GAMES_CONSISTENT;CLUB_HISTORY_OVERLAPS,Mitch Clark,1987,1988,2006,2016,106,2005,National,False,False,False,,none,False,False,
290,census,https://www.draftguru.com.au/players/mitch_thorp/1,players/M/Mitch_Thorp.html,bridged,offline_strong,BIRTH_YEAR_CONSISTENT;DEBUT_NOT_BEFORE_EARLIEST_RECRUITMENT;GAMES_CONSISTENT;CLUB_HISTORY_OVERLAPS,Mitch Thorp,1988,1988,2007,2009,2,2006,National,False,False,False,,none,False,False,
291,census,https://www.draftguru.com.au/players/murray_vance/1,players/M/Murray_Vance.html,bridged,offline_strong,BIRTH_YEAR_CONSISTENT;DEBUT_NOT_BEFORE_EARLIEST_RECRUITMENT;GAMES_CONSISTENT;CLUB_HISTORY_OVERLAPS,Murray Vance,1980,1980,1999,2001,5,1998,National,False,False,False,,none,False,False,
292,census,https://www.draftguru.com.au/players/nakia_cockatoo/1,players/N/Nakia_Cockatoo.html,bridged,offline_strong,BIRTH_YEAR_CONSISTENT_TOLERANCE;DEBUT_NOT_BEFORE_EARLIEST_RECRUITMENT;GAMES_CONSISTENT;CLUB_HISTORY_OVERLAPS,Nakia Cockatoo,1996,1997,2015,2022,49,2014,National,False,False,False,,none,False,False,
293,census,https://www.draftguru.com.au/players/nate_caddy/1,players/N/Nate_Caddy.html,bridged,offline_strong,BIRTH_YEAR_CONSISTENT;DEBUT_NOT_BEFORE_EARLIEST_RECRUITMENT;GAMES_CONSISTENT;CLUB_HISTORY_OVERLAPS,Nate Caddy,2005,2005,2024,2025,27,2023,National,False,False,False,,none,False,False,
294,census,https://www.draftguru.com.au/players/nathan_brown/2,players/N/Nathan_Brown1.html,bridged,offline_strong,BIRTH_YEAR_CONSISTENT;DEBUT_NOT_BEFORE_EARLIEST_RECRUITMENT;GAMES_CONSISTENT;CLUB_HISTORY_OVERLAPS,Nathan Brown,1978,1978,1997,2009,219,1996,National,True,False,False,,none,False,True,
295,census,https://www.draftguru.com.au/players/nathan_brown/3,players/N/Nathan_Brown2.html,bridged,offline_strong,BIRTH_YEAR_CONSISTENT_TOLERANCE;DEBUT_NOT_BEFORE_EARLIEST_RECRUITMENT;GAMES_CONSISTENT;CLUB_HISTORY_OVERLAPS,Nathan Brown,1988,1989,2008,2019,183,2006,National,True,False,False,,none,False,True,
296,census,https://www.draftguru.com.au/players/nathan_chapman/1,players/N/Nathan_Chapman.html,bridged,offline_strong,BIRTH_YEAR_CONSISTENT;DEBUT_NOT_BEFORE_EARLIEST_RECRUITMENT;GAMES_CONSISTENT;CLUB_HISTORY_OVERLAPS,Nathan Chapman,1975,1975,1993,2000,76,1992,National,False,False,False,,none,False,False,
297,census,https://www.draftguru.com.au/players/nathan_freeman/1,players/N/Nathan_Freeman.html,bridged,offline_strong,BIRTH_YEAR_CONSISTENT;DEBUT_NOT_BEFORE_EARLIEST_RECRUITMENT;GAMES_CONSISTENT;CLUB_HISTORY_OVERLAPS,Nathan Freeman,1995,1995,2018,2018,2,2013,National,False,False,False,,none,False,False,
298,census,https://www.draftguru.com.au/players/neil_erasmus/1,players/N/Neil_Erasmus.html,bridged,offline_strong,BIRTH_YEAR_CONSISTENT;DEBUT_NOT_BEFORE_EARLIEST_RECRUITMENT;GAMES_CONSISTENT;CLUB_HISTORY_OVERLAPS,Neil Erasmus,2003,2003,2022,2025,39,2021,National,False,False,False,,none,False,False,
299,census,https://www.draftguru.com.au/players/nic_fosdike/1,players/N/Nic_Fosdike.html,bridged,offline_strong,BIRTH_YEAR_CONSISTENT;DEBUT_NOT_BEFORE_EARLIEST_RECRUITMENT;GAMES_CONSISTENT;CLUB_HISTORY_OVERLAPS,Nic Fosdike,1980,1980,1999,2008,164,1998,National,False,False,False,,none,False,False,
300,census,https://www.draftguru.com.au/players/nic_naitanui/1,players/N/Nic_Naitanui.html,bridged,offline_strong,BIRTH_YEAR_CONSISTENT;DEBUT_NOT_BEFORE_EARLIEST_RECRUITMENT;GAMES_CONSISTENT;CLUB_HISTORY_OVERLAPS,Nic Naitanui,1990,1990,2009,2022,213,2008,National,False,False,False,,none,False,False,
301,census,https://www.draftguru.com.au/players/nick_blakey/1,players/N/Nick_Blakey.html,bridged,offline_strong,BIRTH_YEAR_CONSISTENT;DEBUT_NOT_BEFORE_EARLIEST_RECRUITMENT;GAMES_CONSISTENT;CLUB_HISTORY_OVERLAPS,Nick Blakey,2000,2000,2019,2025,151,2018,National,False,False,False,,none,False,False,
302,census,https://www.draftguru.com.au/players/nick_coffield/1,players/N/Nick_Coffield.html,bridged,offline_strong,BIRTH_YEAR_CONSISTENT;DEBUT_NOT_BEFORE_EARLIEST_RECRUITMENT;GAMES_CONSISTENT;CLUB_HISTORY_OVERLAPS,Nick Coffield,1999,1999,2018,2025,64,2017,National,False,False,False,,none,False,False,
303,census,https://www.draftguru.com.au/players/nick_daicos/1,players/N/Nick_Daicos.html,bridged,offline_strong,BIRTH_YEAR_CONSISTENT;DEBUT_NOT_BEFORE_EARLIEST_RECRUITMENT;GAMES_CONSISTENT;CLUB_HISTORY_OVERLAPS,Nick Daicos,2003,2003,2022,2025,95,2021,National,False,False,False,,none,False,False,
304,census,https://www.draftguru.com.au/players/nick_haynes/1,players/N/Nick_Haynes.html,bridged,offline_strong,BIRTH_YEAR_CONSISTENT;DEBUT_NOT_BEFORE_EARLIEST_RECRUITMENT;GAMES_CONSISTENT;CLUB_HISTORY_OVERLAPS,Nick Haynes,1992,1992,2012,2025,234,2011,National,False,False,False,,none,False,False,
305,census,https://www.draftguru.com.au/players/nick_riewoldt/1,players/N/Nick_Riewoldt.html,bridged,offline_strong,BIRTH_YEAR_CONSISTENT;DEBUT_NOT_BEFORE_EARLIEST_RECRUITMENT;GAMES_CONSISTENT;CLUB_HISTORY_OVERLAPS,Nick Riewoldt,1982,1982,2001,2017,336,2000,National,False,False,False,,none,False,False,
306,census,https://www.draftguru.com.au/players/nick_vlastuin/1,players/N/Nick_Vlastuin.html,bridged,offline_strong,BIRTH_YEAR_CONSISTENT;DEBUT_NOT_BEFORE_EARLIEST_RECRUITMENT;GAMES_CONSISTENT;CLUB_HISTORY_OVERLAPS,Nick Vlastuin,1994,1994,2013,2025,255,2012,National,False,False,False,,none,False,False,
307,census,https://www.draftguru.com.au/players/nick_watson/1,players/N/Nick_Watson.html,bridged,offline_strong,BIRTH_YEAR_CONSISTENT;DEBUT_NOT_BEFORE_EARLIEST_RECRUITMENT;GAMES_CONSISTENT;CLUB_HISTORY_OVERLAPS,Nick Watson,2005,2005,2024,2025,43,2023,National,False,False,False,,none,False,False,
308,census,https://www.draftguru.com.au/players/nigel_lappin/1,players/N/Nigel_Lappin.html,bridged,offline_strong,BIRTH_YEAR_CONSISTENT;DEBUT_NOT_BEFORE_EARLIEST_RECRUITMENT;GAMES_CONSISTENT;CLUB_HISTORY_OVERLAPS,Nigel Lappin,1976,1976,1994,2008,279,1993,National,False,False,False,,none,False,False,
309,census,https://www.draftguru.com.au/players/nik_cox/1,players/N/Nik_Cox.html,bridged,offline_strong,BIRTH_YEAR_CONSISTENT;DEBUT_NOT_BEFORE_EARLIEST_RECRUITMENT;GAMES_INCONSISTENT;CLUB_HISTORY_OVERLAPS,Nik Cox,2002,2002,2021,2024,53,2020,National,False,False,False,,none,False,False,
310,census,https://www.draftguru.com.au/players/noah_anderson/1,players/N/Noah_Anderson.html,bridged,offline_strong,BIRTH_YEAR_CONSISTENT;DEBUT_NOT_BEFORE_EARLIEST_RECRUITMENT;GAMES_CONSISTENT;CLUB_HISTORY_OVERLAPS,Noah Anderson,2001,2001,2020,2025,129,2019,National,False,False,False,,none,False,False,
311,census,https://www.draftguru.com.au/players/ollie_wines/1,players/O/Ollie_Wines.html,bridged,offline_strong,BIRTH_YEAR_CONSISTENT;DEBUT_NOT_BEFORE_EARLIEST_RECRUITMENT;GAMES_CONSISTENT;CLUB_HISTORY_OVERLAPS,Ollie Wines,1994,1994,2013,2025,273,2012,National,False,False,False,,none,False,False,
312,census,https://www.draftguru.com.au/players/paddy_dow/1,players/P/Paddy_Dow.html,bridged,offline_strong,BIRTH_YEAR_CONSISTENT;DEBUT_NOT_BEFORE_EARLIEST_RECRUITMENT;GAMES_CONSISTENT;CLUB_HISTORY_OVERLAPS,Paddy Dow,1999,1999,2018,2024,83,2017,National,False,False,False,,none,False,False,
313,census,https://www.draftguru.com.au/players/paddy_mccartin/1,players/P/Paddy_McCartin.html,bridged,offline_strong,BIRTH_YEAR_CONSISTENT;DEBUT_NOT_BEFORE_EARLIEST_RECRUITMENT;GAMES_CONSISTENT;CLUB_HISTORY_OVERLAPS,Paddy McCartin,1996,1996,2015,2023,63,2014,National,False,False,False,,none,False,False,
314,census,https://www.draftguru.com.au/players/paddy_ryder/1,players/P/Paddy_Ryder.html,bridged,offline_strong,BIRTH_YEAR_CONSISTENT;DEBUT_NOT_BEFORE_EARLIEST_RECRUITMENT;GAMES_CONSISTENT;CLUB_HISTORY_OVERLAPS,Paddy Ryder,1988,1988,2006,2022,281,2005,National,False,False,False,,none,False,False,
315,census,https://www.draftguru.com.au/players/patrick_dangerfield/1,players/P/Patrick_Dangerfield.html,bridged,offline_strong,BIRTH_YEAR_CONSISTENT;DEBUT_NOT_BEFORE_EARLIEST_RECRUITMENT;GAMES_CONSISTENT;CLUB_HISTORY_OVERLAPS,Patrick Dangerfield,1990,1990,2008,2025,360,2007,National,False,False,False,,none,False,False,
316,census,https://www.draftguru.com.au/players/paul_ahern/1,players/P/Paul_Ahern.html,bridged,offline_strong,BIRTH_YEAR_CONSISTENT;DEBUT_NOT_BEFORE_EARLIEST_RECRUITMENT;GAMES_CONSISTENT;CLUB_HISTORY_OVERLAPS,Paul Ahern,1996,1996,2018,2020,24,2014,National,False,False,False,,none,False,False,
317,census,https://www.draftguru.com.au/players/paul_gow/1,players/P/Paul_Gow.html,bridged,offline_strong,BIRTH_YEAR_CONSISTENT;DEBUT_NOT_BEFORE_EARLIEST_RECRUITMENT;GAMES_CONSISTENT;CLUB_HISTORY_OVERLAPS,Paul Gow,1969,1969,1991,1991,7,1990,National,False,False,False,,none,False,False,
318,census,https://www.draftguru.com.au/players/paul_hasleby/1,players/P/Paul_Hasleby.html,bridged,offline_strong,BIRTH_YEAR_CONSISTENT;DEBUT_NOT_BEFORE_EARLIEST_RECRUITMENT;GAMES_CONSISTENT;CLUB_HISTORY_OVERLAPS,Paul Hasleby,1981,1981,2000,2010,208,1999,National,False,False,False,,none,False,False,
319,census,https://www.draftguru.com.au/players/paul_symmons/1,players/P/Paul_Symmons.html,bridged,offline_strong,BIRTH_YEAR_CONSISTENT;DEBUT_NOT_BEFORE_EARLIEST_RECRUITMENT;GAMES_CONSISTENT;CLUB_HISTORY_OVERLAPS,Paul Symmons,1973,1973,1994,2000,99,1992,National,False,False,False,,none,False,False,
320,census,https://www.draftguru.com.au/players/peter_higgins/1,players/P/Peter_Higgins.html,bridged,offline_strong,BIRTH_YEAR_CONSISTENT;DEBUT_NOT_BEFORE_EARLIEST_RECRUITMENT;GAMES_CONSISTENT;CLUB_HISTORY_OVERLAPS,Peter Higgins,1966,1966,1989,1989,4,1988,National,False,False,False,,none,False,False,
321,census,https://www.draftguru.com.au/players/peter_matera/1,players/P/Peter_Matera.html,bridged,offline_strong,BIRTH_YEAR_CONSISTENT;DEBUT_NOT_BEFORE_EARLIEST_RECRUITMENT;GAMES_CONSISTENT;CLUB_HISTORY_OVERLAPS,Peter Matera,1969,1969,1990,2002,253,1989,National,False,False,False,,none,False,False,
322,census,https://www.draftguru.com.au/players/peter_motley/1,players/P/Peter_Motley.html,bridged,offline_strong,BIRTH_YEAR_CONSISTENT;DEBUT_NOT_BEFORE_EARLIEST_RECRUITMENT;GAMES_CONSISTENT,Peter Motley,1964,1964,1986,1987,19,1982,,False,False,False,,none,False,False,
323,census,https://www.draftguru.com.au/players/peter_wright/1,players/P/Peter_Wright.html,bridged,offline_strong,BIRTH_YEAR_CONSISTENT;DEBUT_NOT_BEFORE_EARLIEST_RECRUITMENT;GAMES_CONSISTENT;CLUB_HISTORY_OVERLAPS,Peter Wright,1996,1996,2015,2025,152,2014,National,False,False,False,,none,False,False,
324,census,https://www.draftguru.com.au/players/phil_davis/1,players/P/Phil_Davis.html,bridged,offline_strong,BIRTH_YEAR_CONSISTENT;DEBUT_NOT_BEFORE_EARLIEST_RECRUITMENT;GAMES_CONSISTENT;CLUB_HISTORY_OVERLAPS,Phil Davis,1990,1990,2010,2022,192,2008,National,False,False,False,,none,False,False,
325,census,https://www.draftguru.com.au/players/raphael_clarke/1,players/R/Raphael_Clarke.html,bridged,offline_strong,BIRTH_YEAR_CONSISTENT;DEBUT_NOT_BEFORE_EARLIEST_RECRUITMENT;GAMES_CONSISTENT;CLUB_HISTORY_OVERLAPS,Raphael Clarke,1985,1985,2004,2012,85,2003,National,False,False,False,,none,False,False,
326,census,https://www.draftguru.com.au/players/ray_sterrett/1,players/R/Ray_Sterrett.html,bridged,offline_strong,BIRTH_YEAR_CONSISTENT;DEBUT_NOT_BEFORE_EARLIEST_RECRUITMENT;GAMES_CONSISTENT;CLUB_HISTORY_OVERLAPS,Ray Sterrett,1965,1965,1989,1991,20,1988,National,False,False,False,,none,False,False,
327,census,https://www.draftguru.com.au/players/reece_conca/1,players/R/Reece_Conca.html,bridged,offline_strong,BIRTH_YEAR_CONSISTENT;DEBUT_NOT_BEFORE_EARLIEST_RECRUITMENT;GAMES_CONSISTENT;CLUB_HISTORY_OVERLAPS,Reece Conca,1992,1992,2011,2021,150,2010,National,False,False,False,,none,False,False,
328,census,https://www.draftguru.com.au/players/reuben_ginbey/1,players/R/Reuben_Ginbey.html,bridged,offline_strong,BIRTH_YEAR_CONSISTENT;DEBUT_NOT_BEFORE_EARLIEST_RECRUITMENT;GAMES_CONSISTENT;CLUB_HISTORY_OVERLAPS,Reuben Ginbey,2004,2004,2023,2025,63,2022,National,False,False,False,,none,False,False,
329,census,https://www.draftguru.com.au/players/rhys_palmer/1,players/R/Rhys_Palmer.html,bridged,offline_strong,BIRTH_YEAR_CONSISTENT;DEBUT_NOT_BEFORE_EARLIEST_RECRUITMENT;GAMES_CONSISTENT;CLUB_HISTORY_OVERLAPS,Rhys Palmer,1989,1989,2008,2017,123,2007,National,False,False,False,,none,False,False,
330,census,https://www.draftguru.com.au/players/richard_cousins/1,players/R/Richard_Cousins.html,bridged,offline_strong,BIRTH_YEAR_CONSISTENT;DEBUT_NOT_BEFORE_EARLIEST_RECRUITMENT;GAMES_CONSISTENT;CLUB_HISTORY_OVERLAPS,Richard Cousins,1962,1962,1987,1991,60,1982,,False,False,False,,none,False,False,
331,census,https://www.draftguru.com.au/players/richard_lounder/1,players/R/Richard_Lounder.html,bridged,offline_strong,BIRTH_YEAR_CONSISTENT;DEBUT_NOT_BEFORE_EARLIEST_RECRUITMENT;GAMES_CONSISTENT;CLUB_HISTORY_OVERLAPS,Richard Lounder,1967,1967,1989,1989,4,1987,,False,False,False,,none,False,False,
332,census,https://www.draftguru.com.au/players/richard_tambling/1,players/R/Richard_Tambling.html,bridged,offline_strong,BIRTH_YEAR_CONSISTENT;DEBUT_NOT_BEFORE_EARLIEST_RECRUITMENT;GAMES_CONSISTENT;CLUB_HISTORY_OVERLAPS,Richard Tambling,1986,1986,2005,2013,124,2004,National,False,False,False,,none,False,False,
333,census,https://www.draftguru.com.au/players/riley_thilthorpe/1,players/R/Riley_Thilthorpe.html,bridged,offline_strong,BIRTH_YEAR_CONSISTENT;DEBUT_NOT_BEFORE_EARLIEST_RECRUITMENT;GAMES_CONSISTENT;CLUB_HISTORY_OVERLAPS,Riley Thilthorpe,2002,2002,2021,2025,78,2020,National,False,False,False,,none,False,False,
334,census,https://www.draftguru.com.au/players/robert_mcmahon/1,players/R/Robert_McMahon.html,bridged,offline_strong,BIRTH_YEAR_CONSISTENT;DEBUT_NOT_BEFORE_EARLIEST_RECRUITMENT;GAMES_CONSISTENT;CLUB_HISTORY_OVERLAPS,Robert McMahon,1977,1977,1996,1996,2,1994,National,False,False,False,,none,False,False,
335,census,https://www.draftguru.com.au/players/robert_pyman/1,players/R/Robert_Pyman.html,bridged,offline_strong,BIRTH_YEAR_CONSISTENT;DEBUT_NOT_BEFORE_EARLIEST_RECRUITMENT;GAMES_CONSISTENT;CLUB_HISTORY_OVERLAPS,Robert Pyman,1971,1971,1993,1997,40,1992,National,False,False,False,,none,False,False,
336,census,https://www.draftguru.com.au/players/rod_lester-smith/1,players/R/Rod_Lester-Smith.html,bridged,offline_strong,BIRTH_YEAR_CONSISTENT;DEBUT_NOT_BEFORE_EARLIEST_RECRUITMENT;GAMES_CONSISTENT;CLUB_HISTORY_OVERLAPS,Rod Lester-Smith,1959,1959,1984,1991,109,1982,,False,False,False,,none,False,False,
337,census,https://www.draftguru.com.au/players/rory_hilton/1,players/R/Rory_Hilton.html,bridged,offline_strong,BIRTH_YEAR_CONSISTENT;DEBUT_NOT_BEFORE_EARLIEST_RECRUITMENT;GAMES_CONSISTENT;CLUB_HISTORY_OVERLAPS,Rory Hilton,1979,1979,1998,2005,91,1996,National,False,False,False,,none,False,False,
338,census,https://www.draftguru.com.au/players/rowan_warfe/1,players/R/Rowan_Warfe.html,bridged,offline_strong,BIRTH_YEAR_CONSISTENT;DEBUT_NOT_BEFORE_EARLIEST_RECRUITMENT;GAMES_CONSISTENT;CLUB_HISTORY_OVERLAPS,Rowan Warfe,1976,1976,1994,2004,110,1993,National,False,False,False,,none,False,False,
339,census,https://www.draftguru.com.au/players/ryan_fitzgerald/1,players/R/Ryan_Fitzgerald.html,bridged,offline_strong,BIRTH_YEAR_CONSISTENT_TOLERANCE;DEBUT_NOT_BEFORE_EARLIEST_RECRUITMENT;GAMES_CONSISTENT;CLUB_HISTORY_OVERLAPS,Ryan Fitzgerald,1976,1977,2000,2002,18,1998,National,False,False,False,,none,False,False,
340,census,https://www.draftguru.com.au/players/ryan_griffen/1,players/R/Ryan_Griffen.html,bridged,offline_strong,BIRTH_YEAR_CONSISTENT;DEBUT_NOT_BEFORE_EARLIEST_RECRUITMENT;GAMES_CONSISTENT;CLUB_HISTORY_OVERLAPS,Ryan Griffen,1986,1986,2005,2018,257,2004,National,False,False,False,,none,False,False,
341,census,https://www.draftguru.com.au/players/ryley_dunn/1,players/R/Ryley_Dunn.html,bridged,offline_strong,BIRTH_YEAR_CONSISTENT_TOLERANCE;DEBUT_NOT_BEFORE_EARLIEST_RECRUITMENT;GAMES_CONSISTENT;CLUB_HISTORY_OVERLAPS,Ryley Dunn,1985,1986,2004,2008,8,2003,National,False,False,False,,none,False,False,
342,census,https://www.draftguru.com.au/players/ryley_sanders/1,players/R/Ryley_Sanders.html,bridged,offline_strong,BIRTH_YEAR_CONSISTENT;DEBUT_NOT_BEFORE_EARLIEST_RECRUITMENT;GAMES_CONSISTENT;CLUB_HISTORY_OVERLAPS,Ryley Sanders,2005,2005,2024,2025,35,2023,National,False,False,False,,none,False,False,
343,census,https://www.draftguru.com.au/players/sam_cumming/1,players/S/Sam_Cumming.html,target_not_registered,target_unregistered,TARGET_NOT_REGISTERED,Sam Cumming,2007,,,,,2025,National,False,False,False,,none,False,True,
344,census,https://www.draftguru.com.au/players/sam_darcy/1,players/S/Sam_Darcy.html,bridged,offline_strong,BIRTH_YEAR_CONSISTENT;DEBUT_NOT_BEFORE_EARLIEST_RECRUITMENT;GAMES_CONSISTENT;CLUB_HISTORY_OVERLAPS,Sam Darcy,2003,2003,2022,2025,45,2021,National,False,False,False,,none,False,False,
345,census,https://www.draftguru.com.au/players/sam_day/1,players/S/Sam_Day.html,bridged,offline_strong,BIRTH_YEAR_CONSISTENT;DEBUT_NOT_BEFORE_EARLIEST_RECRUITMENT;GAMES_CONSISTENT;CLUB_HISTORY_OVERLAPS,Sam Day,1992,1992,2011,2025,168,2010,National,False,False,False,,none,False,False,
346,census,https://www.draftguru.com.au/players/sam_grlj/1,players/S/Sam_Grlj.html,target_not_registered,target_unregistered,TARGET_NOT_REGISTERED,Sam Grlj,2007,,,,,2025,National,False,False,False,,none,False,True,
347,census,https://www.draftguru.com.au/players/sam_lalor/1,players/S/Sam_Lalor.html,bridged,offline_strong,BIRTH_YEAR_CONSISTENT;DEBUT_NOT_BEFORE_EARLIEST_RECRUITMENT;GAMES_CONSISTENT;CLUB_HISTORY_OVERLAPS,Sam Lalor,2006,2006,2025,2025,11,2024,National,False,False,False,,none,False,False,
348,census,https://www.draftguru.com.au/players/sam_mayes/1,players/S/Sam_Mayes.html,bridged,offline_strong,BIRTH_YEAR_CONSISTENT;DEBUT_NOT_BEFORE_EARLIEST_RECRUITMENT;GAMES_CONSISTENT;CLUB_HISTORY_OVERLAPS,Sam Mayes,1994,1994,2013,2022,121,2012,National,False,False,False,,none,False,False,
349,census,https://www.draftguru.com.au/players/sam_petrevski-seton/1,players/S/Sam_Petrevski-Seton.html,bridged,offline_strong,BIRTH_YEAR_CONSISTENT;DEBUT_NOT_BEFORE_EARLIEST_RECRUITMENT;GAMES_CONSISTENT;CLUB_HISTORY_OVERLAPS,Sam Petrevski-Seton,1998,1998,2017,2023,121,2016,National,False,False,False,,none,False,False,
350,census,https://www.draftguru.com.au/players/sam_power/1,players/S/Sam_Power.html,bridged,offline_strong,BIRTH_YEAR_CONSISTENT;DEBUT_NOT_BEFORE_EARLIEST_RECRUITMENT;GAMES_CONSISTENT;CLUB_HISTORY_OVERLAPS,Sam Power,1983,1983,2002,2009,123,2001,National,False,False,False,,none,False,False,
351,census,https://www.draftguru.com.au/players/sam_walsh/1,players/S/Sam_Walsh.html,bridged,offline_strong,BIRTH_YEAR_CONSISTENT;DEBUT_NOT_BEFORE_EARLIEST_RECRUITMENT;GAMES_CONSISTENT;CLUB_HISTORY_OVERLAPS,Sam Walsh,2000,2000,2019,2025,133,2018,National,False,False,False,,none,False,False,
352,census,https://www.draftguru.com.au/players/sam_weideman/1,players/S/Sam_Weideman.html,bridged,offline_strong,BIRTH_YEAR_CONSISTENT;DEBUT_NOT_BEFORE_EARLIEST_RECRUITMENT;GAMES_CONSISTENT;CLUB_HISTORY_OVERLAPS,Sam Weideman,1997,1997,2016,2024,76,2015,National,False,False,False,,none,False,False,
353,census,https://www.draftguru.com.au/players/scott_bamford/1,players/S/Scott_Bamford.html,bridged,offline_strong,BIRTH_YEAR_CONSISTENT;DEBUT_NOT_BEFORE_EARLIEST_RECRUITMENT;GAMES_CONSISTENT;CLUB_HISTORY_OVERLAPS,Scott Bamford,1974,1974,1996,1999,59,1995,National,False,False,False,,none,False,False,
354,census,https://www.draftguru.com.au/players/scott_gumbleton/1,players/S/Scott_Gumbleton.html,bridged,offline_strong,BIRTH_YEAR_CONSISTENT;DEBUT_NOT_BEFORE_EARLIEST_RECRUITMENT;GAMES_CONSISTENT;CLUB_HISTORY_OVERLAPS,Scott Gumbleton,1988,1988,2007,2013,35,2006,National,False,False,False,,none,False,False,
355,census,https://www.draftguru.com.au/players/scott_lucas/1,players/S/Scott_Lucas.html,bridged,offline_strong,BIRTH_YEAR_CONSISTENT_TOLERANCE;DEBUT_NOT_BEFORE_EARLIEST_RECRUITMENT;GAMES_CONSISTENT;CLUB_HISTORY_OVERLAPS,Scott Lucas,1977,1978,1996,2009,270,1994,National,False,False,False,,none,False,False,
356,census,https://www.draftguru.com.au/players/scott_pendlebury/1,players/S/Scott_Pendlebury.html,bridged,offline_strong,BIRTH_YEAR_CONSISTENT;DEBUT_NOT_BEFORE_EARLIEST_RECRUITMENT;GAMES_CONSISTENT;CLUB_HISTORY_OVERLAPS,Scott Pendlebury,1988,1988,2006,2025,425,2005,National,False,False,False,,none,False,False,
357,census,https://www.draftguru.com.au/players/shane_o'bree/1,players/S/Shane_OBree.html,bridged,offline_strong,BIRTH_YEAR_CONSISTENT;DEBUT_NOT_BEFORE_EARLIEST_RECRUITMENT;GAMES_CONSISTENT;CLUB_HISTORY_OVERLAPS,Shane O'Bree,1979,1979,1998,2010,246,1997,National,False,False,False,,none,False,False,
358,census,https://www.draftguru.com.au/players/shannon_grant/1,players/S/Shannon_Grant.html,bridged,offline_strong,BIRTH_YEAR_CONSISTENT;DEBUT_NOT_BEFORE_EARLIEST_RECRUITMENT;GAMES_CONSISTENT;CLUB_HISTORY_OVERLAPS,Shannon Grant,1977,1977,1995,2008,301,1994,National,False,False,False,,none,False,False,
359,census,https://www.draftguru.com.au/players/sid_draper/1,players/S/Sid_Draper.html,bridged,offline_strong,BIRTH_YEAR_CONSISTENT;DEBUT_NOT_BEFORE_EARLIEST_RECRUITMENT;GAMES_CONSISTENT;CLUB_HISTORY_OVERLAPS,Sid Draper,2006,2006,2025,2025,10,2024,National,False,False,False,,none,False,False,
360,census,https://www.draftguru.com.au/players/simon_prestigiacomo/1,players/S/Simon_Prestigiacomo.html,bridged,offline_strong,BIRTH_YEAR_CONSISTENT;DEBUT_NOT_BEFORE_EARLIEST_RECRUITMENT;GAMES_CONSISTENT;CLUB_HISTORY_OVERLAPS,Simon Prestigiacomo,1978,1978,1996,2010,233,1995,National,False,False,False,,none,False,False,
361,census,https://www.draftguru.com.au/players/stephen_coniglio/1,players/S/Stephen_Coniglio.html,bridged,offline_strong,BIRTH_YEAR_CONSISTENT;DEBUT_NOT_BEFORE_EARLIEST_RECRUITMENT;GAMES_CONSISTENT;CLUB_HISTORY_OVERLAPS,Stephen Coniglio,1993,1993,2012,2025,227,2011,National,False,False,False,,none,False,False,
362,census,https://www.draftguru.com.au/players/stephen_edgar/1,players/S/Stephen_Edgar.html,bridged,offline_strong,BIRTH_YEAR_CONSISTENT;DEBUT_NOT_BEFORE_EARLIEST_RECRUITMENT;GAMES_CONSISTENT;CLUB_HISTORY_OVERLAPS,Stephen Edgar,1967,1967,1990,1991,14,1989,National,False,False,False,,none,False,False,
363,census,https://www.draftguru.com.au/players/stephen_hill/1,players/S/Stephen_Hill.html,bridged,offline_strong,BIRTH_YEAR_CONSISTENT;DEBUT_NOT_BEFORE_EARLIEST_RECRUITMENT;GAMES_CONSISTENT;CLUB_HISTORY_OVERLAPS,Stephen Hill,1990,1990,2009,2020,218,2008,National,False,False,False,,none,False,False,
364,census,https://www.draftguru.com.au/players/stephen_hooper/1,players/S/Stephen_Hooper.html,bridged,offline_strong,BIRTH_YEAR_CONSISTENT;DEBUT_NOT_BEFORE_EARLIEST_RECRUITMENT;GAMES_CONSISTENT;CLUB_HISTORY_OVERLAPS,Stephen Hooper,1969,1969,1991,1993,21,1990,National,False,False,False,,none,False,False,
365,census,https://www.draftguru.com.au/players/stephen_o'reilly/1,players/S/Stephen_OReilly.html,bridged,offline_strong,BIRTH_YEAR_CONSISTENT_TOLERANCE;DEBUT_NOT_BEFORE_EARLIEST_RECRUITMENT;GAMES_CONSISTENT;CLUB_HISTORY_OVERLAPS,Stephen O'Reilly,1972,1973,1993,2000,146,1991,National,False,False,False,,none,False,False,
366,census,https://www.draftguru.com.au/players/steven_febey/1,players/S/Steven_Febey.html,bridged,offline_strong,BIRTH_YEAR_CONSISTENT;DEBUT_NOT_BEFORE_EARLIEST_RECRUITMENT;GAMES_CONSISTENT;CLUB_HISTORY_OVERLAPS,Steven Febey,1969,1969,1988,2001,258,1986,National,False,False,False,,none,False,False,
367,census,https://www.draftguru.com.au/players/steven_salopek/1,players/S/Steven_Salopek.html,bridged,offline_strong,BIRTH_YEAR_CONSISTENT;DEBUT_NOT_BEFORE_EARLIEST_RECRUITMENT;GAMES_CONSISTENT;CLUB_HISTORY_OVERLAPS,Steven Salopek,1985,1985,2003,2011,121,2002,National,False,False,False,,none,False,False,
368,census,https://www.draftguru.com.au/players/sullivan_robey/1,players/S/Sullivan_Robey.html,target_not_registered,target_unregistered,TARGET_NOT_REGISTERED,Sullivan Robey,2007,,,,,2025,National,False,False,False,,none,False,True,
369,census,https://www.draftguru.com.au/players/tarryn_thomas/1,players/T/Tarryn_Thomas.html,bridged,offline_strong,BIRTH_YEAR_CONSISTENT;DEBUT_NOT_BEFORE_EARLIEST_RECRUITMENT;GAMES_CONSISTENT;CLUB_HISTORY_OVERLAPS,Tarryn Thomas,2000,2000,2019,2023,69,2018,National,False,False,False,,none,False,False,
370,census,https://www.draftguru.com.au/players/tim_taranto/1,players/T/Tim_Taranto.html,bridged,offline_strong,BIRTH_YEAR_CONSISTENT;DEBUT_NOT_BEFORE_EARLIEST_RECRUITMENT;GAMES_CONSISTENT;CLUB_HISTORY_OVERLAPS,Tim Taranto,1998,1998,2017,2025,173,2016,National,False,False,False,,none,False,False,
371,census,https://www.draftguru.com.au/players/tim_walsh/1,players/T/Tim_Walsh.html,bridged,offline_contradict,BIRTH_YEAR_CONFLICT;DEBUT_NOT_BEFORE_EARLIEST_RECRUITMENT;GAMES_CONSISTENT;CLUB_HISTORY_OVERLAPS,Tim Walsh,1985,2005,2005,2005,1,2002,National,False,False,False,,none,False,True,
372,census,https://www.draftguru.com.au/players/tobie_travaglia/1,players/T/Tobie_Travaglia.html,bridged,offline_strong,BIRTH_YEAR_CONSISTENT;DEBUT_NOT_BEFORE_EARLIEST_RECRUITMENT;GAMES_CONSISTENT;CLUB_HISTORY_OVERLAPS,Tobie Travaglia,2006,2006,2025,2025,12,2024,National,False,False,False,,none,False,False,
373,census,https://www.draftguru.com.au/players/todd_breman/1,players/T/Todd_Breman.html,bridged,offline_strong,BIRTH_YEAR_CONSISTENT_TOLERANCE;DEBUT_NOT_BEFORE_EARLIEST_RECRUITMENT;GAMES_CONSISTENT;CLUB_HISTORY_OVERLAPS,Todd Breman,1965,1966,1989,1993,48,1988,National,False,False,False,,none,False,False,
374,census,https://www.draftguru.com.au/players/tom_boyd/1,players/T/Tom_Boyd.html,bridged,offline_strong,BIRTH_YEAR_CONSISTENT;DEBUT_NOT_BEFORE_EARLIEST_RECRUITMENT;GAMES_CONSISTENT;CLUB_HISTORY_OVERLAPS,Tom Boyd,1995,1995,2014,2018,61,2013,National,False,False,False,,none,False,False,
375,census,https://www.draftguru.com.au/players/tom_green/1,players/T/Tom_Green1.html,bridged,offline_strong,BIRTH_YEAR_CONSISTENT;DEBUT_NOT_BEFORE_EARLIEST_RECRUITMENT;GAMES_CONSISTENT;CLUB_HISTORY_OVERLAPS,Tom Green,2001,2001,2020,2025,115,2019,National,True,False,False,,none,False,True,
376,census,https://www.draftguru.com.au/players/tom_scully/1,players/T/Tom_Scully.html,bridged,offline_strong,BIRTH_YEAR_CONSISTENT;DEBUT_NOT_BEFORE_EARLIEST_RECRUITMENT;GAMES_CONSISTENT;CLUB_HISTORY_OVERLAPS,Tom Scully,1991,1991,2010,2020,187,2009,National,False,False,False,,none,False,False,
377,census,https://www.draftguru.com.au/players/tom_williams/2,players/T/Tom_Williams1.html,bridged,offline_strong,BIRTH_YEAR_CONSISTENT;DEBUT_NOT_BEFORE_EARLIEST_RECRUITMENT;GAMES_CONSISTENT;CLUB_HISTORY_OVERLAPS,Tom Williams,1986,1986,2007,2014,85,2004,National,True,False,False,,none,False,True,
378,census,https://www.draftguru.com.au/players/tony_brown/1,players/T/Tony_Brown.html,bridged,offline_strong,BIRTH_YEAR_CONSISTENT;DEBUT_NOT_BEFORE_EARLIEST_RECRUITMENT;GAMES_CONSISTENT;CLUB_HISTORY_OVERLAPS,Tony Brown,1977,1977,1995,2000,108,1994,National,False,False,False,,none,False,False,
379,census,https://www.draftguru.com.au/players/tony_mcguinness/1,players/T/Tony_McGuinness.html,bridged,offline_strong,BIRTH_YEAR_CONSISTENT;DEBUT_NOT_BEFORE_EARLIEST_RECRUITMENT;GAMES_CONSISTENT;CLUB_HISTORY_OVERLAPS,Tony McGuinness,1964,1964,1986,1996,222,1981,,False,False,False,,none,False,False,
380,census,https://www.draftguru.com.au/players/travis_boak/1,players/T/Travis_Boak.html,bridged,offline_strong,BIRTH_YEAR_CONSISTENT;DEBUT_NOT_BEFORE_EARLIEST_RECRUITMENT;GAMES_CONSISTENT;CLUB_HISTORY_OVERLAPS,Travis Boak,1988,1988,2007,2025,387,2006,National,False,False,False,,none,False,False,
381,census,https://www.draftguru.com.au/players/travis_johnstone/1,players/T/Travis_Johnstone.html,bridged,offline_strong,BIRTH_YEAR_CONSISTENT;DEBUT_NOT_BEFORE_EARLIEST_RECRUITMENT;GAMES_CONSISTENT;CLUB_HISTORY_OVERLAPS,Travis Johnstone,1980,1980,1998,2010,209,1997,National,False,False,False,,none,False,False,
382,census,https://www.draftguru.com.au/players/trent_cotchin/1,players/T/Trent_Cotchin.html,bridged,offline_strong,BIRTH_YEAR_CONSISTENT;DEBUT_NOT_BEFORE_EARLIEST_RECRUITMENT;GAMES_CONSISTENT;CLUB_HISTORY_OVERLAPS,Trent Cotchin,1990,1990,2008,2023,306,2007,National,False,False,False,,none,False,False,
383,census,https://www.draftguru.com.au/players/trent_croad/1,players/T/Trent_Croad.html,bridged,offline_strong,BIRTH_YEAR_CONSISTENT;DEBUT_NOT_BEFORE_EARLIEST_RECRUITMENT;GAMES_CONSISTENT;CLUB_HISTORY_OVERLAPS,Trent Croad,1980,1980,1998,2008,222,1997,National,False,False,False,,none,False,False,
384,census,https://www.draftguru.com.au/players/trent_cummings/1,players/T/Trent_Cummings.html,bridged,offline_strong,BIRTH_YEAR_CONSISTENT_TOLERANCE;DEBUT_NOT_BEFORE_EARLIEST_RECRUITMENT;GAMES_CONSISTENT;CLUB_HISTORY_OVERLAPS,Trent Cummings,1973,1974,1994,1997,29,1993,National,False,False,False,,none,False,False,
385,census,https://www.draftguru.com.au/players/trent_ormond-allen/1,players/T/Trent_Ormond-Allen.html,bridged,offline_strong,BIRTH_YEAR_CONSISTENT;DEBUT_NOT_BEFORE_EARLIEST_RECRUITMENT;GAMES_CONSISTENT;CLUB_HISTORY_OVERLAPS,Trent Ormond-Allen,1976,1976,1995,1999,50,1993,National,False,False,False,,none,False,False,
386,census,https://www.draftguru.com.au/players/ty_vickery/1,players/T/Ty_Vickery.html,bridged,offline_strong,BIRTH_YEAR_CONSISTENT;DEBUT_NOT_BEFORE_EARLIEST_RECRUITMENT;GAMES_CONSISTENT;CLUB_HISTORY_OVERLAPS,Ty Vickery,1990,1990,2009,2017,125,2008,National,False,False,False,,none,False,False,
387,census,https://www.draftguru.com.au/players/wayne_hernaman/1,players/W/Wayne_Hernaman.html,bridged,offline_strong,BIRTH_YEAR_CONSISTENT;DEBUT_NOT_BEFORE_EARLIEST_RECRUITMENT;GAMES_CONSISTENT;CLUB_HISTORY_OVERLAPS,Wayne Hernaman,1972,1972,1993,1994,20,1992,National,False,False,False,,none,False,False,
388,census,https://www.draftguru.com.au/players/wayne_otway/1,players/W/Wayne_Otway.html,bridged,offline_strong,BIRTH_YEAR_CONSISTENT;DEBUT_NOT_BEFORE_EARLIEST_RECRUITMENT;GAMES_CONSISTENT;CLUB_HISTORY_OVERLAPS,Wayne Otway,1956,1956,1982,1983,36,1981,,False,False,False,,none,False,False,
389,census,https://www.draftguru.com.au/players/will_ashcroft/1,players/W/Will_Ashcroft.html,bridged,offline_strong,BIRTH_YEAR_CONSISTENT;DEBUT_NOT_BEFORE_EARLIEST_RECRUITMENT;GAMES_CONSISTENT;CLUB_HISTORY_OVERLAPS,Will Ashcroft,2004,2004,2023,2025,58,2022,National,False,False,False,,none,False,False,
390,census,https://www.draftguru.com.au/players/will_brodie/1,players/W/Will_Brodie.html,bridged,offline_strong,BIRTH_YEAR_CONSISTENT;DEBUT_NOT_BEFORE_EARLIEST_RECRUITMENT;GAMES_INCONSISTENT;CLUB_HISTORY_OVERLAPS,Will Brodie,1998,1998,2017,2023,54,2016,National,False,False,False,,none,False,False,
391,census,https://www.draftguru.com.au/players/will_hoskin-elliott/1,players/W/Will_Hoskin-Elliott.html,bridged,offline_strong,BIRTH_YEAR_CONSISTENT;DEBUT_NOT_BEFORE_EARLIEST_RECRUITMENT;GAMES_CONSISTENT;CLUB_HISTORY_OVERLAPS,Will Hoskin-Elliott,1993,1993,2012,2025,242,2011,National,False,False,False,,none,False,False,
392,census,https://www.draftguru.com.au/players/will_phillips/1,players/W/Will_Phillips.html,bridged,offline_strong,BIRTH_YEAR_CONSISTENT;DEBUT_NOT_BEFORE_EARLIEST_RECRUITMENT;GAMES_CONSISTENT;CLUB_HISTORY_OVERLAPS,Will Phillips,2002,2002,2021,2025,50,2020,National,False,False,False,,none,False,False,
393,census,https://www.draftguru.com.au/players/will_setterfield/1,players/W/Will_Setterfield.html,bridged,offline_strong,BIRTH_YEAR_CONSISTENT;DEBUT_NOT_BEFORE_EARLIEST_RECRUITMENT;GAMES_CONSISTENT;CLUB_HISTORY_OVERLAPS,Will Setterfield,1998,1998,2017,2025,84,2016,National,False,False,False,,none,False,False,
394,census,https://www.draftguru.com.au/players/willem_duursma/1,players/W/Willem_Duursma.html,target_not_registered,target_unregistered,TARGET_NOT_REGISTERED,Willem Duursma,2007,,,,,2025,National,False,False,False,,none,False,True,
395,census,https://www.draftguru.com.au/players/xavier_clarke/1,players/X/Xavier_Clarke.html,bridged,offline_strong,BIRTH_YEAR_CONSISTENT;DEBUT_NOT_BEFORE_EARLIEST_RECRUITMENT;GAMES_CONSISTENT;CLUB_HISTORY_OVERLAPS,Xavier Clarke,1983,1983,2002,2010,106,2001,National,False,False,False,,none,False,False,
396,census,https://www.draftguru.com.au/players/xavier_ellis/1,players/X/Xavier_Ellis.html,bridged,offline_strong,BIRTH_YEAR_CONSISTENT;DEBUT_NOT_BEFORE_EARLIEST_RECRUITMENT;GAMES_CONSISTENT;CLUB_HISTORY_OVERLAPS,Xavier Ellis,1988,1988,2007,2016,120,2005,National,False,False,False,,none,False,False,
397,census,https://www.draftguru.com.au/players/zach_reid/1,players/Z/Zach_Reid.html,bridged,offline_strong,BIRTH_YEAR_CONSISTENT;DEBUT_NOT_BEFORE_EARLIEST_RECRUITMENT;GAMES_CONSISTENT;CLUB_HISTORY_OVERLAPS,Zach Reid,2002,2002,2021,2025,19,2020,National,False,False,False,,none,False,False,
398,census,https://www.draftguru.com.au/players/zane_duursma/1,players/Z/Zane_Duursma.html,bridged,offline_strong,BIRTH_YEAR_CONSISTENT;DEBUT_NOT_BEFORE_EARLIEST_RECRUITMENT;GAMES_CONSISTENT;CLUB_HISTORY_OVERLAPS,Zane Duursma,2005,2005,2024,2025,23,2023,National,False,False,False,,none,False,False,
399,census,https://www.draftguru.com.au/players/zeke_uwland/1,players/Z/Zeke_Uwland.html,target_not_registered,target_unregistered,TARGET_NOT_REGISTERED,Zeke Uwland,2007,,,,,2025,National,False,False,False,,none,False,True,
400,random,https://www.draftguru.com.au/players/ben_schwarze/1,players/B/Ben_Schwarze.html,bridged,offline_strong,BIRTH_YEAR_CONSISTENT;DEBUT_NOT_BEFORE_EARLIEST_RECRUITMENT;GAMES_CONSISTENT;CLUB_HISTORY_OVERLAPS,Ben Schwarze,1983,1983,2006,2006,11,2001,Rookie,False,False,False,,none,False,False,
401,random,https://www.draftguru.com.au/players/gavin_mitchell/1,players/G/Gavin_Mitchell.html,bridged,offline_strong,BIRTH_YEAR_CONSISTENT_TOLERANCE;DEBUT_NOT_BEFORE_EARLIEST_RECRUITMENT;GAMES_CONSISTENT;CLUB_HISTORY_OVERLAPS,Gavin Mitchell,1972,1973,1996,2000,88,1995,Pre-Draft,False,False,False,,none,False,False,
402,random,https://www.draftguru.com.au/players/cooper_harvey/1,players/C/Cooper_Harvey.html,bridged,offline_strong,BIRTH_YEAR_CONSISTENT;DEBUT_NOT_BEFORE_EARLIEST_RECRUITMENT;GAMES_CONSISTENT;CLUB_HISTORY_OVERLAPS,Cooper Harvey,2004,2004,2023,2025,10,2022,National,False,False,False,,none,False,False,
403,random,https://www.draftguru.com.au/players/andy_moniz-wakefield/1,players/A/Andy_Moniz-Wakefield.html,bridged,offline_strong,BIRTH_YEAR_CONSISTENT;DEBUT_NOT_BEFORE_EARLIEST_RECRUITMENT;GAMES_INCONSISTENT;CLUB_HISTORY_OVERLAPS,Andy Moniz-Wakefield,2003,2003,2024,2024,6,2021,Post-Draft,False,False,False,,none,False,False,
404,random,https://www.draftguru.com.au/players/darcy_tucker/1,players/D/Darcy_Tucker.html,bridged,offline_strong,BIRTH_YEAR_CONSISTENT;DEBUT_NOT_BEFORE_EARLIEST_RECRUITMENT;GAMES_CONSISTENT;CLUB_HISTORY_OVERLAPS,Darcy Tucker,1997,1997,2016,2025,156,2015,National,False,False,False,,none,False,False,
405,random,https://www.draftguru.com.au/players/david_mirra/1,players/D/David_Mirra.html,bridged,offline_strong,BIRTH_YEAR_CONSISTENT;DEBUT_NOT_BEFORE_EARLIEST_RECRUITMENT;GAMES_CONSISTENT;CLUB_HISTORY_OVERLAPS,David Mirra,1991,1991,2018,2019,11,2017,Rookie,False,False,False,,none,False,False,
406,random,https://www.draftguru.com.au/players/dayne_beams/1,players/D/Dayne_Beams.html,bridged,offline_strong,BIRTH_YEAR_CONSISTENT;DEBUT_NOT_BEFORE_EARLIEST_RECRUITMENT;GAMES_CONSISTENT;CLUB_HISTORY_OVERLAPS,Dayne Beams,1990,1990,2009,2019,177,2008,National,False,False,False,,none,False,False,
407,random,https://www.draftguru.com.au/players/darren_bradshaw/1,players/D/Darren_Bradshaw.html,bridged,offline_strong,BIRTH_YEAR_CONSISTENT;DEBUT_NOT_BEFORE_EARLIEST_RECRUITMENT;GAMES_CONSISTENT;CLUB_HISTORY_OVERLAPS,Darren Bradshaw,1980,1980,2002,2002,1,2001,Rookie,False,False,False,,none,False,False,
408,random,https://www.draftguru.com.au/players/joe_anderson/1,players/J/Joe_Anderson.html,bridged,offline_strong,BIRTH_YEAR_CONSISTENT_TOLERANCE;DEBUT_NOT_BEFORE_EARLIEST_RECRUITMENT;GAMES_CONSISTENT;CLUB_HISTORY_OVERLAPS,Joe Anderson,1988,1989,2007,2010,17,2006,National,False,False,False,,none,False,False,
409,random,https://www.draftguru.com.au/players/kieren_jack/1,players/K/Kieren_Jack.html,bridged,offline_strong,BIRTH_YEAR_CONSISTENT;DEBUT_NOT_BEFORE_EARLIEST_RECRUITMENT;GAMES_CONSISTENT;CLUB_HISTORY_OVERLAPS,Kieren Jack,1987,1987,2007,2019,256,2005,Rookie,False,False,False,,none,False,False,
410,random,https://www.draftguru.com.au/players/shaun_rehn/1,players/S/Shaun_Rehn.html,bridged,offline_strong,BIRTH_YEAR_CONSISTENT;DEBUT_NOT_BEFORE_EARLIEST_RECRUITMENT;GAMES_CONSISTENT;CLUB_HISTORY_OVERLAPS,Shaun Rehn,1971,1971,1991,2002,167,1990,Pre-Draft,False,False,False,,none,False,False,
411,random,https://www.draftguru.com.au/players/don_pyke/1,players/D/Don_Pyke.html,bridged,offline_strong,BIRTH_YEAR_CONSISTENT_TOLERANCE;DEBUT_NOT_BEFORE_EARLIEST_RECRUITMENT;GAMES_CONSISTENT;CLUB_HISTORY_OVERLAPS,Don Pyke,1968,1969,1989,1996,132,1988,Pre-Draft,False,False,False,,none,False,False,
412,random,https://www.draftguru.com.au/players/james_strauss/1,players/J/James_Strauss.html,bridged,offline_strong,BIRTH_YEAR_CONSISTENT;DEBUT_NOT_BEFORE_EARLIEST_RECRUITMENT;GAMES_CONSISTENT;CLUB_HISTORY_OVERLAPS,James Strauss,1990,1990,2010,2013,24,2008,National,False,False,False,,none,False,False,
413,random,https://www.draftguru.com.au/players/justin_sweeney/1,players/J/Justin_Sweeney.html,bridged,offline_strong,BIRTH_YEAR_CONSISTENT_TOLERANCE;DEBUT_NOT_BEFORE_EARLIEST_RECRUITMENT;GAMES_CONSISTENT;CLUB_HISTORY_OVERLAPS,Justin Sweeney,1987,1988,2007,2007,1,2005,National,False,False,False,,none,False,False,
414,random,https://www.draftguru.com.au/players/michael_evans/1,players/M/Michael_Evans.html,bridged,offline_strong,BIRTH_YEAR_CONSISTENT;DEBUT_NOT_BEFORE_EARLIEST_RECRUITMENT;GAMES_CONSISTENT;CLUB_HISTORY_OVERLAPS,Michael Evans,1992,1992,2011,2014,16,2010,Rookie,False,False,False,,none,False,False,
415,random,https://www.draftguru.com.au/players/chris_waterson/2,players/C/Chris_Waterson0.html,bridged,offline_strong,BIRTH_YEAR_CONSISTENT_TOLERANCE;DEBUT_NOT_BEFORE_EARLIEST_RECRUITMENT;GAMES_CONSISTENT;CLUB_HISTORY_OVERLAPS,Chris Waterson,1969,1970,1990,1991,13,1987,,True,False,False,,none,False,True,
416,random,https://www.draftguru.com.au/players/nick_gill/1,players/N/Nick_Gill.html,bridged,offline_strong,BIRTH_YEAR_CONSISTENT;DEBUT_NOT_BEFORE_EARLIEST_RECRUITMENT;GAMES_CONSISTENT;CLUB_HISTORY_OVERLAPS,Nick Gill,1982,1982,2007,2009,17,2000,Pre-Season,False,False,False,,none,False,False,
417,random,https://www.draftguru.com.au/players/stefan_martin/1,players/S/Stefan_Martin.html,bridged,offline_strong,BIRTH_YEAR_CONSISTENT;DEBUT_NOT_BEFORE_EARLIEST_RECRUITMENT;GAMES_CONSISTENT;CLUB_HISTORY_OVERLAPS,Stefan Martin,1986,1986,2008,2022,203,2007,Pre-Season,False,False,False,,none,False,False,
418,random,https://www.draftguru.com.au/players/brad_johnson/1,players/B/Brad_Johnson.html,bridged,offline_strong,BIRTH_YEAR_CONSISTENT;DEBUT_NOT_BEFORE_EARLIEST_RECRUITMENT;GAMES_CONSISTENT;CLUB_HISTORY_OVERLAPS,Brad Johnson,1976,1976,1994,2010,364,1993,National,False,False,False,,none,False,False,
419,random,https://www.draftguru.com.au/players/brodie_holland/1,players/B/Brodie_Holland.html,bridged,offline_strong,BIRTH_YEAR_CONSISTENT;DEBUT_NOT_BEFORE_EARLIEST_RECRUITMENT;GAMES_CONSISTENT;CLUB_HISTORY_OVERLAPS,Brodie Holland,1980,1980,1998,2008,155,1997,National,False,False,False,,none,False,False,
420,random,https://www.draftguru.com.au/players/bailey_williams/1,players/B/Bailey_Williams0.html,bridged,offline_strong,BIRTH_YEAR_CONSISTENT;DEBUT_NOT_BEFORE_EARLIEST_RECRUITMENT;GAMES_CONSISTENT;CLUB_HISTORY_OVERLAPS,Bailey Williams,1997,1997,2016,2025,174,2015,National,True,False,False,,none,False,True,
421,random,https://www.draftguru.com.au/players/james_sicily/1,players/J/James_Sicily.html,bridged,offline_strong,BIRTH_YEAR_CONSISTENT;DEBUT_NOT_BEFORE_EARLIEST_RECRUITMENT;GAMES_CONSISTENT;CLUB_HISTORY_OVERLAPS,James Sicily,1995,1995,2015,2025,179,2013,National,False,False,False,,none,False,False,
422,random,https://www.draftguru.com.au/players/dean_lupson/1,players/D/Dean_Lupson.html,bridged,offline_strong,BIRTH_YEAR_CONSISTENT;DEBUT_NOT_BEFORE_EARLIEST_RECRUITMENT;GAMES_CONSISTENT;CLUB_HISTORY_OVERLAPS,Dean Lupson,1969,1969,1989,1990,6,1988,Pre-Season,False,False,False,,none,False,False,
423,random,https://www.draftguru.com.au/players/richard_hadley/1,players/R/Richard_Hadley.html,bridged,offline_strong,BIRTH_YEAR_CONSISTENT;DEBUT_NOT_BEFORE_EARLIEST_RECRUITMENT;GAMES_CONSISTENT;CLUB_HISTORY_OVERLAPS,Richard Hadley,1983,1983,2001,2010,66,2000,National,False,False,False,,none,False,False,
424,random,https://www.draftguru.com.au/players/eric_mackenzie/1,players/E/Eric_Mackenzie.html,bridged,offline_strong,BIRTH_YEAR_CONSISTENT;DEBUT_NOT_BEFORE_EARLIEST_RECRUITMENT;GAMES_CONSISTENT;CLUB_HISTORY_OVERLAPS,Eric Mackenzie,1988,1988,2007,2017,147,2006,National,False,False,False,,none,False,False,
425,random,https://www.draftguru.com.au/players/andy_goodwin/1,players/A/Andy_Goodwin.html,bridged,offline_strong,BIRTH_YEAR_CONSISTENT;DEBUT_BEFORE_EARLIEST_RECRUITMENT;SPAN_CONTAINS_EARLIEST_RECRUITMENT_YEAR;GAMES_INCONSISTENT;CLUB_HISTORY_OVERLAPS,Andy Goodwin,1963,1963,1987,1993,73,1991,Pre-Season,False,False,False,,none,False,False,
426,random,https://www.draftguru.com.au/players/simon_buckley/1,players/S/Simon_Buckley.html,bridged,offline_strong,BIRTH_YEAR_CONSISTENT;DEBUT_NOT_BEFORE_EARLIEST_RECRUITMENT;GAMES_CONSISTENT;CLUB_HISTORY_OVERLAPS,Simon Buckley,1987,1987,2007,2012,47,2005,National,False,False,False,,none,False,False,
427,random,https://www.draftguru.com.au/players/charlie_dean/2,players/C/Charlie_Dean.html,bridged,offline_strong,BIRTH_YEAR_CONSISTENT;DEBUT_NOT_BEFORE_EARLIEST_RECRUITMENT;GAMES_CONSISTENT;CLUB_HISTORY_OVERLAPS,Charlie Dean,2001,2001,2024,2025,12,2021,Rookie,False,False,False,,none,False,False,
428,random,https://www.draftguru.com.au/players/peter_whyte/1,players/P/Peter_Whyte.html,bridged,offline_contradict,BIRTH_YEAR_CONSISTENT;DEBUT_BEFORE_EARLIEST_RECRUITMENT;CAREER_ENDED_BEFORE_EARLIEST_RECRUITMENT;GAMES_INCONSISTENT,Peter Whyte,1969,1969,1986,1988,22,1990,National,False,False,False,,none,False,True,
429,random,https://www.draftguru.com.au/players/eric_lissenden/1,players/E/Eric_Lissenden.html,bridged,offline_strong,BIRTH_YEAR_CONSISTENT_TOLERANCE;DEBUT_NOT_BEFORE_EARLIEST_RECRUITMENT;GAMES_CONSISTENT;CLUB_HISTORY_OVERLAPS,Eric Lissenden,1972,1971,1996,1996,2,1989,National,False,False,False,,none,False,False,
430,random,https://www.draftguru.com.au/players/peter_filandia/1,players/P/Peter_Filandia.html,bridged,offline_strong,BIRTH_YEAR_CONSISTENT;DEBUT_BEFORE_EARLIEST_RECRUITMENT;SPAN_CONTAINS_EARLIEST_RECRUITMENT_YEAR;GAMES_INCONSISTENT;CLUB_HISTORY_OVERLAPS,Peter Filandia,1970,1970,1991,2000,83,1993,Pre-Season,False,False,False,,none,False,False,
431,random,https://www.draftguru.com.au/players/ben_fixter/1,players/B/Ben_Fixter.html,bridged,offline_strong,BIRTH_YEAR_CONSISTENT;DEBUT_NOT_BEFORE_EARLIEST_RECRUITMENT;GAMES_CONSISTENT;CLUB_HISTORY_OVERLAPS,Ben Fixter,1981,1981,2000,2007,54,1999,Pre-Season,False,False,False,,none,False,False,
432,random,https://www.draftguru.com.au/players/darren_denneman/1,players/D/Darren_Denneman.html,bridged,offline_strong,BIRTH_YEAR_CONSISTENT;DEBUT_BEFORE_EARLIEST_RECRUITMENT;SPAN_CONTAINS_EARLIEST_RECRUITMENT_YEAR;GAMES_INCONSISTENT;CLUB_HISTORY_OVERLAPS,Darren Denneman,1968,1968,1988,1990,7,1989,Pre-Draft,False,False,False,,none,False,False,
433,random,https://www.draftguru.com.au/players/fabian_francis/1,players/F/Fabian_Francis.html,bridged,offline_strong,BIRTH_YEAR_CONSISTENT;DEBUT_NOT_BEFORE_EARLIEST_RECRUITMENT;GAMES_CONSISTENT;CLUB_HISTORY_OVERLAPS,Fabian Francis,1973,1973,1991,2001,109,1990,National,False,False,False,,none,False,False,
434,random,https://www.draftguru.com.au/players/matt_shaw/1,players/M/Matt_Shaw.html,bridged,offline_strong,BIRTH_YEAR_CONSISTENT;DEBUT_NOT_BEFORE_EARLIEST_RECRUITMENT;GAMES_CONSISTENT;CLUB_HISTORY_OVERLAPS,Matt Shaw,1992,1992,2011,2018,104,2009,Pre-Draft,False,False,False,,none,False,False,
435,random,https://www.draftguru.com.au/players/darren_flanigan/1,players/D/Darren_Flanigan.html,bridged,offline_strong,BIRTH_YEAR_CONSISTENT;SPAN_CONTAINS_EARLIEST_RECRUITMENT_YEAR;GAMES_INCONSISTENT;CLUB_HISTORY_OVERLAPS,Darren Flanigan,1962,1962,1981,1992,138,,,False,False,False,,none,False,False,
436,random,https://www.draftguru.com.au/players/ashton_moir/1,players/A/Ashton_Moir.html,bridged,offline_strong,BIRTH_YEAR_CONSISTENT;DEBUT_NOT_BEFORE_EARLIEST_RECRUITMENT;GAMES_CONSISTENT;CLUB_HISTORY_OVERLAPS,Ashton Moir,2005,2005,2024,2025,11,2023,National,False,False,False,,none,False,False,
437,random,https://www.draftguru.com.au/players/jeremy_finlayson/1,players/J/Jeremy_Finlayson.html,bridged,offline_strong,BIRTH_YEAR_CONSISTENT;DEBUT_NOT_BEFORE_EARLIEST_RECRUITMENT;GAMES_CONSISTENT;CLUB_HISTORY_OVERLAPS,Jeremy Finlayson,1996,1996,2017,2025,128,2014,National,False,False,False,,none,False,False,
438,random,https://www.draftguru.com.au/players/adam_richardson/1,players/A/Adam_Richardson.html,bridged,offline_strong,BIRTH_YEAR_CONSISTENT;DEBUT_NOT_BEFORE_EARLIEST_RECRUITMENT;GAMES_CONSISTENT;CLUB_HISTORY_OVERLAPS,Adam Richardson,1974,1974,2001,2001,2,2000,Pre-Season,False,False,False,,none,False,False,
439,random,https://www.draftguru.com.au/players/sam_butler/2,players/S/Sam_Butler1.html,bridged,offline_strong,BIRTH_YEAR_CONSISTENT;DEBUT_NOT_BEFORE_EARLIEST_RECRUITMENT;GAMES_CONSISTENT;CLUB_HISTORY_OVERLAPS,Sam Butler,2003,2003,2022,2025,25,2021,National,True,False,False,,none,False,True,
440,random,https://www.draftguru.com.au/players/marley_williams/1,players/M/Marley_Williams.html,bridged,offline_strong,BIRTH_YEAR_CONSISTENT;DEBUT_NOT_BEFORE_EARLIEST_RECRUITMENT;GAMES_CONSISTENT;CLUB_HISTORY_OVERLAPS,Marley Williams,1993,1993,2012,2020,128,2011,Rookie,False,False,False,,none,False,False,
441,random,https://www.draftguru.com.au/players/daniel_bell/1,players/D/Daniel_Bell.html,bridged,offline_strong,BIRTH_YEAR_CONSISTENT;DEBUT_NOT_BEFORE_EARLIEST_RECRUITMENT;GAMES_CONSISTENT;CLUB_HISTORY_OVERLAPS,Daniel Bell,1985,1985,2004,2009,66,2002,National,False,False,False,,none,False,False,
442,random,https://www.draftguru.com.au/players/matthew_dent/1,players/M/Matthew_Dent.html,bridged,offline_strong,BIRTH_YEAR_CONSISTENT;DEBUT_NOT_BEFORE_EARLIEST_RECRUITMENT;GAMES_CONSISTENT;CLUB_HISTORY_OVERLAPS,Matthew Dent,1972,1972,1994,2001,118,1993,National,False,False,False,,none,False,False,
443,random,https://www.draftguru.com.au/players/chad_davis/1,players/C/Chad_Davis.html,bridged,offline_strong,BIRTH_YEAR_CONSISTENT;DEBUT_NOT_BEFORE_EARLIEST_RECRUITMENT;GAMES_CONSISTENT;CLUB_HISTORY_OVERLAPS,Chad Davis,1980,1980,2000,2002,31,1998,Rookie,False,False,False,,none,False,False,
444,random,https://www.draftguru.com.au/players/chris_burgess/1,players/C/Chris_Burgess.html,bridged,offline_strong,BIRTH_YEAR_CONSISTENT;DEBUT_NOT_BEFORE_EARLIEST_RECRUITMENT;GAMES_CONSISTENT;CLUB_HISTORY_OVERLAPS,Chris Burgess,1995,1995,2019,2025,44,2018,Pre-Draft,False,False,False,,none,False,False,
445,random,https://www.draftguru.com.au/players/robert_scott/1,players/R/Robert_Scott.html,bridged,offline_strong,BIRTH_YEAR_CONSISTENT;SPAN_CONTAINS_EARLIEST_RECRUITMENT_YEAR;GAMES_INCONSISTENT;CLUB_HISTORY_OVERLAPS,Robert Scott,1969,1969,1986,2000,245,,,False,False,False,,none,False,False,
446,random,https://www.draftguru.com.au/players/sam_blease/1,players/S/Sam_Blease.html,bridged,offline_strong,BIRTH_YEAR_CONSISTENT;DEBUT_NOT_BEFORE_EARLIEST_RECRUITMENT;GAMES_CONSISTENT;CLUB_HISTORY_OVERLAPS,Sam Blease,1991,1991,2011,2015,34,2008,National,False,False,False,,none,False,False,
447,random,https://www.draftguru.com.au/players/marty_warry/1,players/M/Marty_Warry.html,bridged,offline_strong,BIRTH_YEAR_CONSISTENT_TOLERANCE;DEBUT_NOT_BEFORE_EARLIEST_RECRUITMENT;GAMES_CONSISTENT;CLUB_HISTORY_OVERLAPS,Marty Warry,1977,1976,1995,1996,8,1994,National,False,False,False,,none,False,False,
448,random,https://www.draftguru.com.au/players/danny_hughes/1,players/D/Danny_Hughes0.html,bridged,offline_strong,BIRTH_YEAR_CONSISTENT_TOLERANCE;DEBUT_NOT_BEFORE_EARLIEST_RECRUITMENT;GAMES_CONSISTENT;CLUB_HISTORY_OVERLAPS,Danny Hughes,1963,1964,1984,1991,135,1981,,True,False,False,,none,False,True,
449,random,https://www.draftguru.com.au/players/ahmed_saad/1,players/A/Ahmed_Saad.html,bridged,offline_strong,BIRTH_YEAR_CONSISTENT;DEBUT_BEFORE_EARLIEST_RECRUITMENT;SPAN_CONTAINS_EARLIEST_RECRUITMENT_YEAR;GAMES_CONSISTENT;CLUB_HISTORY_OVERLAPS,Ahmed Saad,1989,1989,2012,2015,33,2014,Rookie,False,False,False,,none,False,False,
450,random,https://www.draftguru.com.au/players/mykelti_lefau/1,players/M/Mykelti_Lefau.html,bridged,offline_strong,BIRTH_YEAR_CONSISTENT;DEBUT_NOT_BEFORE_EARLIEST_RECRUITMENT;GAMES_CONSISTENT;CLUB_HISTORY_OVERLAPS,Mykelti Lefau,1998,1998,2024,2025,11,2023,Post-Draft,False,False,False,,none,False,False,
451,random,https://www.draftguru.com.au/players/will_lorenz/1,players/W/Will_Lorenz.html,bridged,offline_strong,BIRTH_YEAR_CONSISTENT;DEBUT_NOT_BEFORE_EARLIEST_RECRUITMENT;GAMES_CONSISTENT;CLUB_HISTORY_OVERLAPS,Will Lorenz,2005,2005,2024,2025,8,2023,National,False,False,False,,none,False,False,
452,random,https://www.draftguru.com.au/players/aaron_vandenberg/1,players/A/Aaron_Vandenberg.html,bridged,offline_strong,BIRTH_YEAR_CONSISTENT;DEBUT_NOT_BEFORE_EARLIEST_RECRUITMENT;GAMES_CONSISTENT;CLUB_HISTORY_OVERLAPS,Aaron Vandenberg,1992,1992,2015,2021,51,2014,Rookie,False,False,False,,none,False,False,
453,random,https://www.draftguru.com.au/players/darren_baxter/1,players/D/Darren_Baxter.html,bridged,offline_strong,BIRTH_YEAR_CONSISTENT;SPAN_CONTAINS_EARLIEST_RECRUITMENT_YEAR;GAMES_INCONSISTENT;CLUB_HISTORY_OVERLAPS,Darren Baxter,1965,1965,1984,1994,156,,,False,False,False,,none,False,False,
454,random,https://www.draftguru.com.au/players/luke_penny/1,players/L/Luke_Penny.html,bridged,offline_strong,BIRTH_YEAR_CONSISTENT;DEBUT_NOT_BEFORE_EARLIEST_RECRUITMENT;GAMES_CONSISTENT;CLUB_HISTORY_OVERLAPS,Luke Penny,1981,1981,2000,2005,80,1998,National,False,False,False,,none,False,False,
455,random,https://www.draftguru.com.au/players/robbie_mccomb/1,players/R/Robbie_McComb.html,bridged,offline_strong,BIRTH_YEAR_CONSISTENT;DEBUT_NOT_BEFORE_EARLIEST_RECRUITMENT;GAMES_CONSISTENT;CLUB_HISTORY_OVERLAPS,Robbie McComb,1995,1995,2022,2023,18,2021,Rookie,False,False,False,,none,False,False,
456,random,https://www.draftguru.com.au/players/matthew_westhoff/1,players/M/Matthew_Westhoff.html,bridged,offline_strong,BIRTH_YEAR_CONSISTENT;DEBUT_NOT_BEFORE_EARLIEST_RECRUITMENT;GAMES_CONSISTENT;CLUB_HISTORY_OVERLAPS,Matthew Westhoff,1988,1988,2008,2009,6,2007,National,False,False,False,,none,False,False,
457,random,https://www.draftguru.com.au/players/tristen_walker/1,players/T/Tristen_Walker.html,bridged,offline_strong,BIRTH_YEAR_CONSISTENT;DEBUT_NOT_BEFORE_EARLIEST_RECRUITMENT;GAMES_CONSISTENT;CLUB_HISTORY_OVERLAPS,Tristen Walker,1984,1984,2003,2005,28,2001,National,False,False,False,,none,False,False,
458,random,https://www.draftguru.com.au/players/jacob_konstanty/1,players/J/Jacob_Konstanty.html,bridged,offline_strong,BIRTH_YEAR_CONSISTENT;DEBUT_NOT_BEFORE_EARLIEST_RECRUITMENT;GAMES_CONSISTENT;CLUB_HISTORY_OVERLAPS,Jacob Konstanty,2004,2004,2025,2025,23,2022,National,False,False,False,,none,False,False,
459,random,https://www.draftguru.com.au/players/daniel_cross/1,players/D/Daniel_Cross.html,bridged,offline_strong,BIRTH_YEAR_CONSISTENT;DEBUT_NOT_BEFORE_EARLIEST_RECRUITMENT;GAMES_CONSISTENT;CLUB_HISTORY_OVERLAPS,Daniel Cross,1983,1983,2002,2015,249,2000,National,False,False,False,,none,False,False,
460,random,https://www.draftguru.com.au/players/nick_davis/1,players/N/Nick_Davis.html,bridged,offline_strong,BIRTH_YEAR_CONSISTENT;DEBUT_NOT_BEFORE_EARLIEST_RECRUITMENT;GAMES_CONSISTENT;CLUB_HISTORY_OVERLAPS,Nick Davis,1980,1980,1999,2008,168,1998,National,False,False,False,,none,False,False,
461,random,https://www.draftguru.com.au/players/mitch_mcgovern/1,players/M/Mitch_McGovern.html,bridged,offline_strong,BIRTH_YEAR_CONSISTENT;DEBUT_NOT_BEFORE_EARLIEST_RECRUITMENT;GAMES_CONSISTENT;CLUB_HISTORY_OVERLAPS,Mitch McGovern,1994,1994,2016,2025,145,2014,National,False,False,False,,none,False,False,
462,random,https://www.draftguru.com.au/players/brett_bewley/1,players/B/Brett_Bewley.html,bridged,offline_strong,BIRTH_YEAR_CONSISTENT;DEBUT_NOT_BEFORE_EARLIEST_RECRUITMENT;GAMES_CONSISTENT;CLUB_HISTORY_OVERLAPS,Brett Bewley,1995,1995,2019,2021,25,2018,National,False,False,False,,none,False,False,
463,random,https://www.draftguru.com.au/players/matt_de%20boer/1,players/M/Matt_de_Boer.html,bridged,offline_strong,BIRTH_YEAR_CONSISTENT;DEBUT_NOT_BEFORE_EARLIEST_RECRUITMENT;GAMES_CONSISTENT;CLUB_HISTORY_OVERLAPS,Matt de Boer,1990,1990,2009,2022,223,2008,Rookie,False,False,False,,none,False,False,
464,random,https://www.draftguru.com.au/players/shaun_mcmanus/1,players/S/Shaun_McManus.html,bridged,offline_strong,BIRTH_YEAR_CONSISTENT;DEBUT_NOT_BEFORE_EARLIEST_RECRUITMENT;GAMES_CONSISTENT;CLUB_HISTORY_OVERLAPS,Shaun McManus,1976,1976,1995,2008,228,1994,Pre-Draft,False,False,False,,none,False,False,
465,random,https://www.draftguru.com.au/players/lucas_herbert/1,players/L/Lucas_Herbert.html,bridged,offline_strong,BIRTH_YEAR_CONSISTENT;DEBUT_NOT_BEFORE_EARLIEST_RECRUITMENT;GAMES_CONSISTENT;CLUB_HISTORY_OVERLAPS,Lucas Herbert,1977,1977,1999,1999,14,1998,National,False,False,False,,none,False,False,
466,random,https://www.draftguru.com.au/players/shane_bond/2,players/S/Shane_Bond0.html,bridged,offline_strong,BIRTH_YEAR_CONSISTENT;DEBUT_NOT_BEFORE_EARLIEST_RECRUITMENT;GAMES_CONSISTENT;CLUB_HISTORY_OVERLAPS,Shane Bond,1975,1975,1994,2000,91,1992,National,True,False,False,,none,False,True,
467,random,https://www.draftguru.com.au/players/jed_bews/1,players/J/Jed_Bews.html,bridged,offline_strong,BIRTH_YEAR_CONSISTENT;DEBUT_NOT_BEFORE_EARLIEST_RECRUITMENT;GAMES_CONSISTENT;CLUB_HISTORY_OVERLAPS,Jed Bews,1993,1993,2014,2025,175,2011,National,False,False,False,,none,False,False,
468,random,https://www.draftguru.com.au/players/matthew_connell/1,players/M/Matthew_Connell.html,bridged,offline_strong,BIRTH_YEAR_CONSISTENT;DEBUT_NOT_BEFORE_EARLIEST_RECRUITMENT;GAMES_CONSISTENT;CLUB_HISTORY_OVERLAPS,Matthew Connell,1972,1972,1993,2000,99,1991,National,False,False,False,,none,False,False,
469,random,https://www.draftguru.com.au/players/david_zaharakis/1,players/D/David_Zaharakis.html,bridged,offline_strong,BIRTH_YEAR_CONSISTENT;DEBUT_NOT_BEFORE_EARLIEST_RECRUITMENT;GAMES_CONSISTENT;CLUB_HISTORY_OVERLAPS,David Zaharakis,1990,1990,2009,2021,226,2008,National,False,False,False,,none,False,False,
470,random,https://www.draftguru.com.au/players/mark_majerczak/1,players/M/Mark_Majerczak.html,bridged,offline_strong,BIRTH_YEAR_CONSISTENT;DEBUT_BEFORE_EARLIEST_RECRUITMENT;SPAN_CONTAINS_EARLIEST_RECRUITMENT_YEAR;GAMES_INCONSISTENT,Mark Majerczak,1968,1968,1987,1991,17,1991,Pre-Season,False,False,False,,none,True,True,
471,random,https://www.draftguru.com.au/players/nick_winmar/1,players/N/Nick_Winmar.html,bridged,offline_strong,BIRTH_YEAR_CONSISTENT;DEBUT_NOT_BEFORE_EARLIEST_RECRUITMENT;GAMES_CONSISTENT;CLUB_HISTORY_OVERLAPS,Nick Winmar,1991,1991,2011,2011,2,2009,National,False,False,False,,none,False,False,
472,random,https://www.draftguru.com.au/players/kristian_bardsley/1,players/K/Kristian_Bardsley.html,bridged,offline_strong,BIRTH_YEAR_CONSISTENT;DEBUT_BEFORE_EARLIEST_RECRUITMENT;SPAN_CONTAINS_EARLIEST_RECRUITMENT_YEAR;GAMES_INCONSISTENT;CLUB_HISTORY_OVERLAPS,Kristian Bardsley,1972,1972,1992,1998,58,1993,Pre-Season,False,False,False,,none,False,False,
473,random,https://www.draftguru.com.au/players/jy_farrar/1,players/J/Jy_Farrar.html,bridged,offline_strong,BIRTH_YEAR_CONSISTENT;DEBUT_NOT_BEFORE_EARLIEST_RECRUITMENT;GAMES_CONSISTENT;CLUB_HISTORY_OVERLAPS,Jy Farrar,1996,1996,2020,2025,42,2019,National,False,False,False,,none,False,False,
474,random,https://www.draftguru.com.au/players/ed_allan/1,players/E/Edward_Allan.html,bridged,offline_strong,NAME_VARIANT;BIRTH_YEAR_CONSISTENT;DEBUT_NOT_BEFORE_EARLIEST_RECRUITMENT;GAMES_CONSISTENT;CLUB_HISTORY_OVERLAPS,Ed Allan,2004,2004,2024,2025,15,2022,National,False,False,True,,none,False,True,
475,random,https://www.draftguru.com.au/players/trent_bianco/1,players/T/Trent_Bianco.html,bridged,offline_strong,BIRTH_YEAR_CONSISTENT;DEBUT_NOT_BEFORE_EARLIEST_RECRUITMENT;GAMES_CONSISTENT;CLUB_HISTORY_OVERLAPS,Trent Bianco,2001,2001,2021,2023,23,2019,National,False,False,False,,none,False,False,
476,random,https://www.draftguru.com.au/players/kurt_heatherley/1,players/K/Kurt_Heatherley.html,bridged,offline_strong,BIRTH_YEAR_CONSISTENT_TOLERANCE;DEBUT_NOT_BEFORE_EARLIEST_RECRUITMENT;GAMES_CONSISTENT;CLUB_HISTORY_OVERLAPS,Kurt Heatherley,1995,1994,2016,2017,5,2013,Rookie,False,False,False,,none,False,False,
477,random,https://www.draftguru.com.au/players/darcy_daniher/1,players/D/Darcy_Daniher.html,bridged,offline_strong,BIRTH_YEAR_CONSISTENT;DEBUT_NOT_BEFORE_EARLIEST_RECRUITMENT;GAMES_CONSISTENT;CLUB_HISTORY_OVERLAPS,Darcy Daniher,1989,1989,2008,2009,6,2007,National,False,False,False,,none,False,False,
478,random,https://www.draftguru.com.au/players/john_fidge/1,players/J/John_Fidge.html,bridged,offline_strong,BIRTH_YEAR_CONSISTENT;DEBUT_BEFORE_EARLIEST_RECRUITMENT;SPAN_CONTAINS_EARLIEST_RECRUITMENT_YEAR;GAMES_INCONSISTENT,John Fidge,1966,1966,1984,1989,59,1989,Pre-Draft,False,False,False,,none,True,True,
479,random,https://www.draftguru.com.au/players/liam_anthony/1,players/L/Liam_Anthony.html,bridged,offline_strong,BIRTH_YEAR_CONSISTENT;DEBUT_NOT_BEFORE_EARLIEST_RECRUITMENT;GAMES_CONSISTENT;CLUB_HISTORY_OVERLAPS,Liam Anthony,1987,1987,2009,2014,58,2008,National,False,False,False,,none,False,False,
480,random,https://www.draftguru.com.au/players/maverick_weller/1,players/M/Maverick_Weller.html,bridged,offline_strong,BIRTH_YEAR_CONSISTENT;DEBUT_NOT_BEFORE_EARLIEST_RECRUITMENT;GAMES_CONSISTENT;CLUB_HISTORY_OVERLAPS,Maverick Weller,1992,1992,2011,2019,123,2009,Pre-Draft,False,False,False,,none,False,False,
481,random,https://www.draftguru.com.au/players/bruce_lindsay/1,players/B/Bruce_Lindsay.html,bridged,offline_strong,BIRTH_YEAR_CONSISTENT;DEBUT_NOT_BEFORE_EARLIEST_RECRUITMENT;GAMES_CONSISTENT;CLUB_HISTORY_OVERLAPS,Bruce Lindsay,1961,1961,1991,1991,6,1990,Pre-Draft,False,False,False,,none,False,False,
482,random,https://www.draftguru.com.au/players/brayden_lyle/1,players/B/Brayden_Lyle.html,bridged,offline_strong,BIRTH_YEAR_CONSISTENT;DEBUT_NOT_BEFORE_EARLIEST_RECRUITMENT;GAMES_CONSISTENT;CLUB_HISTORY_OVERLAPS,Brayden Lyle,1973,1973,1995,2001,116,1992,National,False,False,False,,none,False,False,
483,random,https://www.draftguru.com.au/players/shannon_rusca/1,players/S/Shannon_Rusca.html,bridged,offline_strong,BIRTH_YEAR_CONSISTENT;DEBUT_NOT_BEFORE_EARLIEST_RECRUITMENT;GAMES_CONSISTENT;CLUB_HISTORY_OVERLAPS,Shannon Rusca,1980,1980,2000,2000,2,1998,Rookie,False,False,False,,none,False,False,
484,random,https://www.draftguru.com.au/players/paul_roos/1,players/P/Paul_Roos.html,bridged,offline_strong,BIRTH_YEAR_CONSISTENT;DEBUT_BEFORE_EARLIEST_RECRUITMENT;SPAN_CONTAINS_EARLIEST_RECRUITMENT_YEAR;GAMES_INCONSISTENT;CLUB_HISTORY_OVERLAPS,Paul Roos,1963,1963,1982,1998,356,1994,Pre-Season,False,False,False,,none,False,False,
485,random,https://www.draftguru.com.au/players/james_ezard/1,players/J/James_Ezard.html,bridged,offline_strong,BIRTH_YEAR_CONSISTENT;DEBUT_NOT_BEFORE_EARLIEST_RECRUITMENT;GAMES_CONSISTENT;CLUB_HISTORY_OVERLAPS,James Ezard,1986,1986,2006,2006,4,2004,National,False,False,False,,none,False,False,
486,random,https://www.draftguru.com.au/players/andrew_kellaway/1,players/A/Andrew_Kellaway.html,bridged,offline_strong,BIRTH_YEAR_CONSISTENT_TOLERANCE;DEBUT_NOT_BEFORE_EARLIEST_RECRUITMENT;GAMES_CONSISTENT;CLUB_HISTORY_OVERLAPS,Andrew Kellaway,1975,1976,1998,2006,172,1997,National,False,False,False,,none,False,False,
487,random,https://www.draftguru.com.au/players/dean_anderson/1,players/D/Dean_Anderson.html,bridged,offline_strong,BIRTH_YEAR_CONSISTENT;SPAN_CONTAINS_EARLIEST_RECRUITMENT_YEAR;GAMES_INCONSISTENT;CLUB_HISTORY_OVERLAPS,Dean Anderson,1967,1967,1988,1996,150,,,False,False,False,,none,False,False,
488,random,https://www.draftguru.com.au/players/andrew_lovett/1,players/A/Andrew_Lovett.html,bridged,offline_strong,BIRTH_YEAR_CONSISTENT_TOLERANCE;DEBUT_NOT_BEFORE_EARLIEST_RECRUITMENT;GAMES_CONSISTENT;CLUB_HISTORY_OVERLAPS,Andrew Lovett,1982,1983,2005,2009,88,2003,Rookie,False,False,False,,none,False,False,
489,random,https://www.draftguru.com.au/players/lewis_johnston/1,players/L/Lewis_Johnston.html,bridged,offline_strong,BIRTH_YEAR_CONSISTENT;DEBUT_NOT_BEFORE_EARLIEST_RECRUITMENT;GAMES_CONSISTENT;CLUB_HISTORY_OVERLAPS,Lewis Johnston,1991,1991,2011,2014,10,2008,National,False,False,False,,none,False,False,
490,random,https://www.draftguru.com.au/players/david_clarke/2,players/D/David_Clarke1.html,bridged,offline_strong,BIRTH_YEAR_CONSISTENT;DEBUT_NOT_BEFORE_EARLIEST_RECRUITMENT;GAMES_CONSISTENT;CLUB_HISTORY_OVERLAPS,David Clarke,1980,1980,1999,2005,101,1998,National,True,False,False,,none,False,True,
491,random,https://www.draftguru.com.au/players/jonathan_hay/1,players/J/Jonathan_Hay.html,bridged,offline_strong,BIRTH_YEAR_CONSISTENT;DEBUT_NOT_BEFORE_EARLIEST_RECRUITMENT;GAMES_CONSISTENT;CLUB_HISTORY_OVERLAPS,Jonathan Hay,1979,1979,1997,2006,157,1996,National,False,False,False,,none,False,False,
492,random,https://www.draftguru.com.au/players/ben_walton/1,players/B/Ben_Walton.html,bridged,offline_strong,BIRTH_YEAR_CONSISTENT_TOLERANCE;DEBUT_NOT_BEFORE_EARLIEST_RECRUITMENT;GAMES_CONSISTENT;CLUB_HISTORY_OVERLAPS,Ben Walton,1979,1980,1999,2001,23,1997,National,False,False,False,,none,False,False,
493,random,https://www.draftguru.com.au/players/alex_pearce/1,players/A/Alex_Pearce.html,bridged,offline_strong,BIRTH_YEAR_CONSISTENT;DEBUT_NOT_BEFORE_EARLIEST_RECRUITMENT;GAMES_CONSISTENT;CLUB_HISTORY_OVERLAPS,Alex Pearce,1995,1995,2015,2025,138,2013,National,False,False,False,,none,False,False,
494,random,https://www.draftguru.com.au/players/matthew_scarlett/1,players/M/Matthew_Scarlett.html,bridged,offline_strong,BIRTH_YEAR_CONSISTENT;DEBUT_NOT_BEFORE_EARLIEST_RECRUITMENT;GAMES_CONSISTENT;CLUB_HISTORY_OVERLAPS,Matthew Scarlett,1979,1979,1998,2012,284,1997,National,False,False,False,,none,False,False,
495,random,https://www.draftguru.com.au/players/steven_cummings/1,players/S/Steven_Cummings.html,bridged,offline_strong,BIRTH_YEAR_CONSISTENT;DEBUT_NOT_BEFORE_EARLIEST_RECRUITMENT;GAMES_CONSISTENT;CLUB_HISTORY_OVERLAPS,Steven Cummings,1969,1969,1990,1992,14,1989,Mid-Season,False,False,False,,none,False,False,
496,random,https://www.draftguru.com.au/players/adam_hunter/1,players/A/Adam_Hunter.html,bridged,offline_strong,BIRTH_YEAR_CONSISTENT;DEBUT_NOT_BEFORE_EARLIEST_RECRUITMENT;GAMES_CONSISTENT;CLUB_HISTORY_OVERLAPS,Adam Hunter,1981,1981,2000,2009,151,1999,National,False,False,False,,none,False,False,
497,random,https://www.draftguru.com.au/players/ilija_grgic/1,players/I/Ilija_Grgic.html,bridged,offline_strong,BIRTH_YEAR_CONSISTENT;DEBUT_BEFORE_EARLIEST_RECRUITMENT;SPAN_CONTAINS_EARLIEST_RECRUITMENT_YEAR;GAMES_INCONSISTENT;CLUB_HISTORY_OVERLAPS,Ilija Grgic,1972,1972,1993,1999,87,1998,National,False,False,False,,none,False,False,
498,random,https://www.draftguru.com.au/players/marc_woolnough/1,players/M/Marc_Woolnough.html,bridged,offline_strong,BIRTH_YEAR_CONSISTENT;DEBUT_NOT_BEFORE_EARLIEST_RECRUITMENT;GAMES_CONSISTENT;CLUB_HISTORY_OVERLAPS,Marc Woolnough,1980,1980,1998,2002,6,1997,National,False,False,False,,none,False,False,
499,random,https://www.draftguru.com.au/players/robert_hickmott/1,players/R/Robert_Hickmott.html,bridged,offline_strong,BIRTH_YEAR_CONSISTENT;DEBUT_NOT_BEFORE_EARLIEST_RECRUITMENT;GAMES_CONSISTENT;CLUB_HISTORY_OVERLAPS,Robert Hickmott,1969,1969,1990,1990,2,1989,Pre-Season,False,False,False,,none,False,False,
500,random,https://www.draftguru.com.au/players/andrew_mcinnes/1,players/A/Andrew_McInnes.html,bridged,offline_strong,BIRTH_YEAR_CONSISTENT;DEBUT_NOT_BEFORE_EARLIEST_RECRUITMENT;GAMES_CONSISTENT;CLUB_HISTORY_OVERLAPS,Andrew McInnes,1992,1992,2012,2014,17,2010,National,False,False,False,,none,False,False,
501,random,https://www.draftguru.com.au/players/ben_robbins/1,players/B/Ben_Robbins.html,bridged,offline_strong,BIRTH_YEAR_CONSISTENT_TOLERANCE;DEBUT_NOT_BEFORE_EARLIEST_RECRUITMENT;GAMES_CONSISTENT;CLUB_HISTORY_OVERLAPS,Ben Robbins,1976,1977,1996,2003,92,1993,National,False,False,False,,none,False,False,
502,random,https://www.draftguru.com.au/players/josh_green/1,players/J/Josh_Green.html,bridged,offline_strong,BIRTH_YEAR_CONSISTENT;DEBUT_NOT_BEFORE_EARLIEST_RECRUITMENT;GAMES_CONSISTENT;CLUB_HISTORY_OVERLAPS,Josh Green,1992,1992,2011,2018,105,2010,National,False,False,False,,none,False,False,
503,random,https://www.draftguru.com.au/players/jack_graham/3,players/J/Jack_Graham2.html,bridged,offline_strong,BIRTH_YEAR_CONSISTENT;DEBUT_NOT_BEFORE_EARLIEST_RECRUITMENT;GAMES_CONSISTENT;CLUB_HISTORY_OVERLAPS,Jack Graham,1998,1998,2017,2025,149,2016,National,True,True,False,,none,False,True,
504,random,https://www.draftguru.com.au/players/andrew_dimattina/1,players/A/Andrew_Dimattina.html,bridged,offline_strong,BIRTH_YEAR_CONSISTENT;DEBUT_NOT_BEFORE_EARLIEST_RECRUITMENT;GAMES_CONSISTENT;CLUB_HISTORY_OVERLAPS,Andrew Dimattina,1977,1977,2000,2002,28,1999,Rookie,False,False,False,,none,False,False,
505,random,https://www.draftguru.com.au/players/chris_groom/1,players/C/Chris_Groom.html,bridged,offline_strong,BIRTH_YEAR_CONSISTENT;DEBUT_NOT_BEFORE_EARLIEST_RECRUITMENT;GAMES_CONSISTENT;CLUB_HISTORY_OVERLAPS,Chris Groom,1973,1973,1993,1998,24,1992,Pre-Draft,False,False,False,,none,False,False,
506,random,https://www.draftguru.com.au/players/will_schofield/1,players/W/Will_Schofield.html,bridged,offline_strong,BIRTH_YEAR_CONSISTENT_TOLERANCE;DEBUT_NOT_BEFORE_EARLIEST_RECRUITMENT;GAMES_CONSISTENT;CLUB_HISTORY_OVERLAPS,Will Schofield,1989,1988,2007,2020,194,2006,National,False,False,False,,none,False,False,
507,random,https://www.draftguru.com.au/players/courtney_johns/1,players/C/Courtney_Johns.html,bridged,offline_strong,BIRTH_YEAR_CONSISTENT;DEBUT_NOT_BEFORE_EARLIEST_RECRUITMENT;GAMES_CONSISTENT;CLUB_HISTORY_OVERLAPS,Courtney Johns,1984,1984,2005,2008,21,2002,Rookie,False,False,False,,none,False,False,
508,random,https://www.draftguru.com.au/players/roarke_smith/1,players/R/Roarke_Smith.html,bridged,offline_strong,BIRTH_YEAR_CONSISTENT;DEBUT_NOT_BEFORE_EARLIEST_RECRUITMENT;GAMES_CONSISTENT;CLUB_HISTORY_OVERLAPS,Roarke Smith,1996,1996,2015,2022,47,2014,Rookie,False,False,False,,none,False,False,
509,random,https://www.draftguru.com.au/players/ben_sexton/1,players/B/Ben_Sexton.html,bridged,offline_strong,BIRTH_YEAR_CONSISTENT;DEBUT_NOT_BEFORE_EARLIEST_RECRUITMENT;GAMES_CONSISTENT;CLUB_HISTORY_OVERLAPS,Ben Sexton,1972,1972,1991,1996,43,1988,National,False,False,False,,none,False,False,
510,random,https://www.draftguru.com.au/players/dermot_mcnicholl/1,players/D/Dermot_McNicholl.html,bridged,offline_strong,BIRTH_YEAR_CONSISTENT;DEBUT_NOT_BEFORE_EARLIEST_RECRUITMENT;GAMES_CONSISTENT;CLUB_HISTORY_OVERLAPS,Dermot McNicholl,1965,1965,1990,1990,3,1988,National,False,False,False,,none,False,False,
511,random,https://www.draftguru.com.au/players/chris_duthy/1,players/C/Chris_Duthy.html,bridged,offline_strong,BIRTH_YEAR_CONSISTENT;DEBUT_NOT_BEFORE_EARLIEST_RECRUITMENT;GAMES_CONSISTENT;CLUB_HISTORY_OVERLAPS,Chris Duthy,1961,1961,1987,1987,3,1986,National,False,False,False,,none,False,False,
512,random,https://www.draftguru.com.au/players/simon_verbeek/1,players/S/Simon_Verbeek.html,bridged,offline_strong,BIRTH_YEAR_CONSISTENT;DEBUT_NOT_BEFORE_EARLIEST_RECRUITMENT;GAMES_CONSISTENT;CLUB_HISTORY_OVERLAPS,Simon Verbeek,1967,1967,1989,1991,38,1988,Pre-Season,False,False,False,,none,False,False,
513,random,https://www.draftguru.com.au/players/michael_johnson/1,players/M/Michael_Johnson.html,bridged,offline_strong,BIRTH_YEAR_CONSISTENT_TOLERANCE;DEBUT_NOT_BEFORE_EARLIEST_RECRUITMENT;GAMES_CONSISTENT;CLUB_HISTORY_OVERLAPS,Michael Johnson,1984,1985,2005,2018,244,2003,Pre-Season,False,False,False,,none,False,False,
514,random,https://www.draftguru.com.au/players/max_heath/1,players/M/Max_Heath.html,bridged,offline_strong,BIRTH_YEAR_CONSISTENT;DEBUT_NOT_BEFORE_EARLIEST_RECRUITMENT;GAMES_CONSISTENT;CLUB_HISTORY_OVERLAPS,Max Heath,2002,2002,2025,2025,4,2020,Mid-Season,False,False,False,,none,False,False,
515,random,https://www.draftguru.com.au/players/allen_christensen/1,players/A/Allen_Christensen.html,bridged,offline_strong,BIRTH_YEAR_CONSISTENT;DEBUT_NOT_BEFORE_EARLIEST_RECRUITMENT;GAMES_CONSISTENT;CLUB_HISTORY_OVERLAPS,Allen Christensen,1991,1991,2011,2019,133,2009,National,False,False,False,,none,False,False,
516,random,https://www.draftguru.com.au/players/hugh_bond/1,players/H/Hugh_Bond.html,bridged,offline_strong,BIRTH_YEAR_CONSISTENT;DEBUT_NOT_BEFORE_EARLIEST_RECRUITMENT;GAMES_CONSISTENT;CLUB_HISTORY_OVERLAPS,Hugh Bond,2004,2004,2024,2025,12,2022,National,False,False,False,,none,False,False,
517,random,https://www.draftguru.com.au/players/ashley_mcgrath/1,players/A/Ashley_McGrath.html,bridged,offline_strong,BIRTH_YEAR_CONSISTENT;DEBUT_NOT_BEFORE_EARLIEST_RECRUITMENT;GAMES_CONSISTENT;CLUB_HISTORY_OVERLAPS,Ashley McGrath,1983,1983,2001,2014,214,2000,National,False,False,False,,none,False,False,
518,random,https://www.draftguru.com.au/players/mark_merenda/1,players/M/Mark_Merenda.html,bridged,offline_strong,BIRTH_YEAR_CONSISTENT;DEBUT_NOT_BEFORE_EARLIEST_RECRUITMENT;GAMES_CONSISTENT;CLUB_HISTORY_OVERLAPS,Mark Merenda,1975,1975,1994,2002,101,1993,National,False,False,False,,none,False,False,
519,random,https://www.draftguru.com.au/players/roger_delaney/1,players/R/Roger_Delaney.html,bridged,offline_strong,BIRTH_YEAR_CONSISTENT;DEBUT_NOT_BEFORE_EARLIEST_RECRUITMENT;GAMES_CONSISTENT;CLUB_HISTORY_OVERLAPS,Roger Delaney,1966,1966,1990,1990,1,1989,National,False,False,False,,none,False,False,
520,random,https://www.draftguru.com.au/players/kane_cornes/1,players/K/Kane_Cornes.html,bridged,offline_strong,BIRTH_YEAR_CONSISTENT;DEBUT_NOT_BEFORE_EARLIEST_RECRUITMENT;GAMES_CONSISTENT;CLUB_HISTORY_OVERLAPS,Kane Cornes,1983,1983,2001,2015,300,2000,National,False,False,False,,none,False,False,
521,random,https://www.draftguru.com.au/players/roger_james/1,players/R/Roger_James.html,bridged,offline_strong,BIRTH_YEAR_CONSISTENT;DEBUT_NOT_BEFORE_EARLIEST_RECRUITMENT;GAMES_CONSISTENT;CLUB_HISTORY_OVERLAPS,Roger James,1975,1975,1997,2005,147,1996,Pre-Draft,False,False,False,,none,False,False,
522,random,https://www.draftguru.com.au/players/josh_wooden/1,players/J/Josh_Wooden.html,bridged,offline_strong,BIRTH_YEAR_CONSISTENT_TOLERANCE;DEBUT_NOT_BEFORE_EARLIEST_RECRUITMENT;GAMES_CONSISTENT;CLUB_HISTORY_OVERLAPS,Josh Wooden,1978,1979,1997,2006,96,1996,National,False,False,False,,none,False,False,
523,random,https://www.draftguru.com.au/players/mitch_owens/1,players/M/Mitch_Owens.html,bridged,offline_strong,BIRTH_YEAR_CONSISTENT;DEBUT_NOT_BEFORE_EARLIEST_RECRUITMENT;GAMES_CONSISTENT;CLUB_HISTORY_OVERLAPS,Mitch Owens,2003,2003,2022,2025,72,2021,National,False,False,False,,none,False,False,
524,random,https://www.draftguru.com.au/players/cale_hooker/1,players/C/Cale_Hooker.html,bridged,offline_strong,BIRTH_YEAR_CONSISTENT;DEBUT_NOT_BEFORE_EARLIEST_RECRUITMENT;GAMES_CONSISTENT;CLUB_HISTORY_OVERLAPS,Cale Hooker,1988,1988,2008,2021,219,2007,National,False,False,False,,none,False,False,
525,random,https://www.draftguru.com.au/players/darcy_fogarty/1,players/D/Darcy_Fogarty.html,bridged,offline_strong,BIRTH_YEAR_CONSISTENT;DEBUT_NOT_BEFORE_EARLIEST_RECRUITMENT;GAMES_CONSISTENT;CLUB_HISTORY_OVERLAPS,Darcy Fogarty,1999,1999,2018,2025,126,2017,National,False,False,False,,none,False,False,
526,random,https://www.draftguru.com.au/players/shayne_smith/1,players/S/Shayne_Smith.html,bridged,offline_strong,BIRTH_YEAR_CONSISTENT;DEBUT_NOT_BEFORE_EARLIEST_RECRUITMENT;GAMES_CONSISTENT;CLUB_HISTORY_OVERLAPS,Shayne Smith,1975,1975,1994,1994,4,1993,National,False,False,False,,none,False,False,
527,random,https://www.draftguru.com.au/players/sean_lemmens/1,players/S/Sean_Lemmens.html,bridged,offline_strong,BIRTH_YEAR_CONSISTENT;DEBUT_NOT_BEFORE_EARLIEST_RECRUITMENT;GAMES_CONSISTENT;CLUB_HISTORY_OVERLAPS,Sean Lemmens,1994,1994,2014,2025,149,2013,National,False,False,False,,none,False,False,
528,random,https://www.draftguru.com.au/players/anthony_mcdonald/1,players/A/Anthony_McDonald.html,bridged,offline_strong,BIRTH_YEAR_CONSISTENT;DEBUT_NOT_BEFORE_EARLIEST_RECRUITMENT;GAMES_CONSISTENT;CLUB_HISTORY_OVERLAPS,Anthony McDonald,1972,1972,1997,2002,104,1990,National,False,False,False,,none,False,False,
529,random,https://www.draftguru.com.au/players/tyson_goldsack/1,players/T/Tyson_Goldsack.html,bridged,offline_strong,BIRTH_YEAR_CONSISTENT;DEBUT_NOT_BEFORE_EARLIEST_RECRUITMENT;GAMES_CONSISTENT;CLUB_HISTORY_OVERLAPS,Tyson Goldsack,1987,1987,2007,2018,165,2006,National,False,False,False,,none,False,False,
530,random,https://www.draftguru.com.au/players/ryan_jackson/1,players/R/Ryan_Jackson.html,bridged,offline_strong,BIRTH_YEAR_CONSISTENT;DEBUT_NOT_BEFORE_EARLIEST_RECRUITMENT;GAMES_CONSISTENT;CLUB_HISTORY_OVERLAPS,Ryan Jackson,1987,1987,2006,2008,9,2005,Rookie,False,False,False,,none,False,False,
531,random,https://www.draftguru.com.au/players/james_byrne/1,players/J/James_Byrne.html,bridged,offline_strong,BIRTH_YEAR_CONSISTENT;DEBUT_NOT_BEFORE_EARLIEST_RECRUITMENT;GAMES_CONSISTENT;CLUB_HISTORY_OVERLAPS,James Byrne,1978,1978,2000,2001,24,1997,Rookie,False,False,False,,none,False,False,
532,random,https://www.draftguru.com.au/players/stephen_williams/1,players/S/Stephen_Williams.html,bridged,offline_strong,BIRTH_YEAR_CONSISTENT;DEBUT_NOT_BEFORE_EARLIEST_RECRUITMENT;GAMES_CONSISTENT;CLUB_HISTORY_OVERLAPS,Stephen Williams,1961,1961,1987,1987,4,1986,National,False,False,False,,none,False,False,
533,random,https://www.draftguru.com.au/players/archer_reid/1,players/A/Archer_Reid.html,bridged,offline_strong,BIRTH_YEAR_CONSISTENT;DEBUT_NOT_BEFORE_EARLIEST_RECRUITMENT;GAMES_CONSISTENT;CLUB_HISTORY_OVERLAPS,Archer Reid,2005,2005,2025,2025,14,2023,National,False,False,False,,none,False,False,
534,random,https://www.draftguru.com.au/players/george_stevens/1,players/G/George_Stevens.html,bridged,offline_strong,BIRTH_YEAR_CONSISTENT;DEBUT_NOT_BEFORE_EARLIEST_RECRUITMENT;GAMES_CONSISTENT;CLUB_HISTORY_OVERLAPS,George Stevens,2005,2005,2025,2025,2,2023,National,False,False,False,,none,False,False,
535,random,https://www.draftguru.com.au/players/pearce_hanley/1,players/P/Pearce_Hanley.html,bridged,offline_strong,BIRTH_YEAR_CONSISTENT;DEBUT_NOT_BEFORE_EARLIEST_RECRUITMENT;GAMES_CONSISTENT;CLUB_HISTORY_OVERLAPS,Pearce Hanley,1988,1988,2008,2020,169,2007,Rookie,False,False,False,,none,False,False,
536,random,https://www.draftguru.com.au/players/michael_clark/1,players/M/Michael_Clark1.html,bridged,offline_strong,BIRTH_YEAR_CONSISTENT;DEBUT_NOT_BEFORE_EARLIEST_RECRUITMENT;GAMES_CONSISTENT;CLUB_HISTORY_OVERLAPS,Michael Clark,1978,1978,1999,1999,1,1995,Pre-Draft,True,False,False,,none,False,True,
537,random,https://www.draftguru.com.au/players/stephen_powell/1,players/S/Stephen_Powell.html,bridged,offline_strong,BIRTH_YEAR_CONSISTENT;DEBUT_NOT_BEFORE_EARLIEST_RECRUITMENT;GAMES_CONSISTENT;CLUB_HISTORY_OVERLAPS,Stephen Powell,1976,1976,1997,2006,142,1996,National,False,False,False,,none,False,False,
538,random,https://www.draftguru.com.au/players/tom_murphy/2,players/T/Tom_Murphy1.html,bridged,offline_strong,BIRTH_YEAR_CONSISTENT;DEBUT_NOT_BEFORE_EARLIEST_RECRUITMENT;GAMES_CONSISTENT;CLUB_HISTORY_OVERLAPS,Tom Murphy,1998,1998,2018,2020,9,2017,Rookie,True,False,False,,none,False,True,
539,random,https://www.draftguru.com.au/players/harrison_jones/1,players/H/Harry_Jones1.html,bridged,offline_strong,NAME_VARIANT;BIRTH_YEAR_CONSISTENT;DEBUT_NOT_BEFORE_EARLIEST_RECRUITMENT;GAMES_CONSISTENT;CLUB_HISTORY_OVERLAPS,Harrison Jones,1999,1999,2020,2020,1,2017,Rookie,True,False,True,,none,False,True,
540,random,https://www.draftguru.com.au/players/toby_murray/1,players/T/Toby_Murray.html,target_not_registered,target_unregistered,TARGET_NOT_REGISTERED,Toby Murray,2003,,,,,2023,Mid-Season,False,False,False,,none,False,True,
541,random,https://www.draftguru.com.au/players/jason_wild/1,players/J/Jason_Wild.html,bridged,offline_strong,BIRTH_YEAR_CONSISTENT;DEBUT_NOT_BEFORE_EARLIEST_RECRUITMENT;GAMES_INCONSISTENT;CLUB_HISTORY_OVERLAPS,Jason Wild,1976,1976,1995,1999,70,1993,National,False,False,False,,none,False,False,
542,random,https://www.draftguru.com.au/players/archie_roberts/2,players/A/Archie_Roberts1.html,bridged,offline_strong,BIRTH_YEAR_CONSISTENT;DEBUT_NOT_BEFORE_EARLIEST_RECRUITMENT;GAMES_CONSISTENT;CLUB_HISTORY_OVERLAPS,Archie Roberts,2005,2005,2024,2025,27,2023,National,True,False,False,,none,False,True,
543,random,https://www.draftguru.com.au/players/alistair_smith/1,players/A/Alistair_Smith.html,bridged,offline_strong,BIRTH_YEAR_CONSISTENT;DEBUT_NOT_BEFORE_EARLIEST_RECRUITMENT;GAMES_CONSISTENT;CLUB_HISTORY_OVERLAPS,Alistair Smith,1990,1990,2011,2011,3,2008,National,False,False,False,,none,False,False,
544,random,https://www.draftguru.com.au/players/cameron_venables/1,players/C/Cameron_Venables.html,bridged,offline_strong,BIRTH_YEAR_CONSISTENT_TOLERANCE;DEBUT_NOT_BEFORE_EARLIEST_RECRUITMENT;GAMES_CONSISTENT;CLUB_HISTORY_OVERLAPS,Cameron Venables,1975,1976,1999,1999,3,1996,Rookie,False,False,False,,none,False,False,
545,random,https://www.draftguru.com.au/players/toby_nankervis/1,players/T/Toby_Nankervis.html,bridged,offline_strong,BIRTH_YEAR_CONSISTENT;DEBUT_NOT_BEFORE_EARLIEST_RECRUITMENT;GAMES_CONSISTENT;CLUB_HISTORY_OVERLAPS,Toby Nankervis,1994,1994,2015,2025,179,2013,National,False,False,False,,none,False,False,
546,random,https://www.draftguru.com.au/players/brett_spinks/1,players/B/Brett_Spinks.html,bridged,offline_strong,BIRTH_YEAR_CONSISTENT_TOLERANCE;DEBUT_NOT_BEFORE_EARLIEST_RECRUITMENT;GAMES_CONSISTENT;CLUB_HISTORY_OVERLAPS,Brett Spinks,1973,1974,1994,1998,40,1992,National,False,False,False,,none,False,False,
547,random,https://www.draftguru.com.au/players/mark_fraser/2,players/M/Mark_Fraser0.html,bridged,offline_strong,BIRTH_YEAR_CONSISTENT;DEBUT_BEFORE_EARLIEST_RECRUITMENT;SPAN_CONTAINS_EARLIEST_RECRUITMENT_YEAR;GAMES_INCONSISTENT;CLUB_HISTORY_OVERLAPS,Mark Fraser,1971,1971,1992,2000,110,1994,Pre-Season,True,False,False,,none,False,True,
548,random,https://www.draftguru.com.au/players/jesse_hogan/1,players/J/Jesse_Hogan.html,bridged,offline_strong,BIRTH_YEAR_CONSISTENT;DEBUT_NOT_BEFORE_EARLIEST_RECRUITMENT;GAMES_CONSISTENT;CLUB_HISTORY_OVERLAPS,Jesse Hogan,1995,1995,2015,2025,181,2012,Mini-Draft,False,False,False,,none,False,False,
549,random,https://www.draftguru.com.au/players/sam_iles/1,players/S/Sam_Iles.html,bridged,offline_strong,BIRTH_YEAR_CONSISTENT;DEBUT_NOT_BEFORE_EARLIEST_RECRUITMENT;GAMES_CONSISTENT;CLUB_HISTORY_OVERLAPS,Sam Iles,1987,1987,2006,2012,33,2005,Pre-Season,False,False,False,,none,False,False,
550,random,https://www.draftguru.com.au/players/matthew_kluzek/1,players/M/Matthew_Kluzek.html,bridged,offline_strong,BIRTH_YEAR_CONSISTENT;DEBUT_NOT_BEFORE_EARLIEST_RECRUITMENT;GAMES_CONSISTENT;CLUB_HISTORY_OVERLAPS,Matthew Kluzek,1973,1973,1994,1996,24,1992,National,False,False,False,,none,False,False,
551,random,https://www.draftguru.com.au/players/mark_west/1,players/M/Mark_West.html,bridged,offline_strong,BIRTH_YEAR_CONSISTENT;DEBUT_NOT_BEFORE_EARLIEST_RECRUITMENT;GAMES_CONSISTENT;CLUB_HISTORY_OVERLAPS,Mark West,1973,1973,1996,1998,16,1995,National,False,False,False,,none,False,False,
552,random,https://www.draftguru.com.au/players/martin_whitelaw/1,players/M/Martin_Whitelaw.html,bridged,offline_strong,BIRTH_YEAR_CONSISTENT;DEBUT_NOT_BEFORE_EARLIEST_RECRUITMENT;GAMES_CONSISTENT;CLUB_HISTORY_OVERLAPS,Martin Whitelaw,1976,1976,1997,1997,1,1995,Pre-Draft,False,False,False,,none,False,False,
553,random,https://www.draftguru.com.au/players/james_stewart/1,players/J/James_Stewart.html,bridged,offline_strong,BIRTH_YEAR_CONSISTENT;DEBUT_NOT_BEFORE_EARLIEST_RECRUITMENT;GAMES_CONSISTENT;CLUB_HISTORY_OVERLAPS,James Stewart,1994,1994,2013,2022,78,2012,National,False,False,False,,none,False,False,
554,random,https://www.draftguru.com.au/players/corey_enright/1,players/C/Corey_Enright.html,bridged,offline_strong,BIRTH_YEAR_CONSISTENT;DEBUT_NOT_BEFORE_EARLIEST_RECRUITMENT;GAMES_CONSISTENT;CLUB_HISTORY_OVERLAPS,Corey Enright,1981,1981,2001,2016,332,1999,National,False,False,False,,none,False,False,
555,random,https://www.draftguru.com.au/players/kyal_horsley/1,players/K/Kyal_Horsley.html,bridged,offline_strong,BIRTH_YEAR_CONSISTENT;DEBUT_NOT_BEFORE_EARLIEST_RECRUITMENT;GAMES_CONSISTENT;CLUB_HISTORY_OVERLAPS,Kyal Horsley,1987,1987,2012,2013,14,2011,Rookie,False,False,False,,none,False,False,
556,random,https://www.draftguru.com.au/players/austin_mccrabb/1,players/A/Austin_McCrabb.html,bridged,offline_strong,BIRTH_YEAR_CONSISTENT_TOLERANCE;DEBUT_BEFORE_EARLIEST_RECRUITMENT;SPAN_CONTAINS_EARLIEST_RECRUITMENT_YEAR;GAMES_INCONSISTENT;CLUB_HISTORY_OVERLAPS,Austin McCrabb,1965,1964,1987,1992,45,1991,Pre-Season,False,False,False,,none,False,False,
557,random,https://www.draftguru.com.au/players/beau_waters/1,players/B/Beau_Waters.html,bridged,offline_strong,BIRTH_YEAR_CONSISTENT;DEBUT_NOT_BEFORE_EARLIEST_RECRUITMENT;GAMES_CONSISTENT;CLUB_HISTORY_OVERLAPS,Beau Waters,1986,1986,2004,2013,120,2003,National,False,False,False,,none,False,False,
558,random,https://www.draftguru.com.au/players/bo_nixon/1,players/B/Bo_Nixon.html,bridged,offline_strong,BIRTH_YEAR_CONSISTENT;DEBUT_NOT_BEFORE_EARLIEST_RECRUITMENT;GAMES_CONSISTENT;CLUB_HISTORY_OVERLAPS,Bo Nixon,1984,1984,2004,2005,4,2002,National,False,False,False,,none,False,False,
559,random,https://www.draftguru.com.au/players/sam_cranage/1,players/S/Sam_Cranage.html,bridged,offline_strong,BIRTH_YEAR_CONSISTENT;DEBUT_NOT_BEFORE_EARLIEST_RECRUITMENT;GAMES_CONSISTENT;CLUB_HISTORY_OVERLAPS,Sam Cranage,1979,1979,1998,2002,18,1997,National,False,False,False,,none,False,False,
560,random,https://www.draftguru.com.au/players/scott_thornton/1,players/S/Scott_Thornton.html,bridged,offline_strong,BIRTH_YEAR_CONSISTENT;DEBUT_NOT_BEFORE_EARLIEST_RECRUITMENT;GAMES_CONSISTENT;CLUB_HISTORY_OVERLAPS,Scott Thornton,1982,1982,2002,2009,88,2000,National,False,False,False,,none,False,False,
561,random,https://www.draftguru.com.au/players/matthew_lappin/1,players/M/Matthew_Lappin.html,bridged,offline_strong,BIRTH_YEAR_CONSISTENT;DEBUT_NOT_BEFORE_EARLIEST_RECRUITMENT;GAMES_CONSISTENT;CLUB_HISTORY_OVERLAPS,Matthew Lappin,1976,1976,1994,2007,251,1993,National,False,False,False,,none,False,False,
562,random,https://www.draftguru.com.au/players/ian_downsborough/1,players/I/Ian_Downsborough.html,bridged,offline_strong,BIRTH_YEAR_CONSISTENT;DEBUT_NOT_BEFORE_EARLIEST_RECRUITMENT;GAMES_CONSISTENT;CLUB_HISTORY_OVERLAPS,Ian Downsborough,1972,1972,1995,1999,39,1994,National,False,False,False,,none,False,False,
563,random,https://www.draftguru.com.au/players/john_blakey/1,players/J/John_Blakey.html,bridged,offline_strong,BIRTH_YEAR_CONSISTENT;SPAN_CONTAINS_EARLIEST_RECRUITMENT_YEAR;GAMES_INCONSISTENT;CLUB_HISTORY_OVERLAPS,John Blakey,1966,1966,1985,2002,359,,,False,False,False,,none,False,False,
564,random,https://www.draftguru.com.au/players/lachlan_sim/1,players/L/Lachlan_Sim.html,bridged,offline_strong,BIRTH_YEAR_CONSISTENT_TOLERANCE;DEBUT_NOT_BEFORE_EARLIEST_RECRUITMENT;GAMES_CONSISTENT;CLUB_HISTORY_OVERLAPS,Lachlan Sim,1969,1970,1989,1991,21,1988,National,False,False,False,,none,False,False,
565,random,https://www.draftguru.com.au/players/james_manson/1,players/J/James_Manson.html,bridged,offline_strong,BIRTH_YEAR_CONSISTENT_TOLERANCE;SPAN_CONTAINS_EARLIEST_RECRUITMENT_YEAR;GAMES_INCONSISTENT;CLUB_HISTORY_OVERLAPS,James Manson,1966,1967,1985,1995,167,,,False,False,False,,none,False,False,
566,random,https://www.draftguru.com.au/players/nick_mitchell/1,players/N/Nick_Mitchell.html,bridged,offline_strong,BIRTH_YEAR_CONSISTENT;DEBUT_NOT_BEFORE_EARLIEST_RECRUITMENT;GAMES_CONSISTENT;CLUB_HISTORY_OVERLAPS,Nick Mitchell,1973,1973,1994,1995,9,1992,Pre-Season,False,False,False,,none,False,False,
567,random,https://www.draftguru.com.au/players/corey_gault/1,players/C/Corey_Gault.html,bridged,offline_strong,BIRTH_YEAR_CONSISTENT;DEBUT_NOT_BEFORE_EARLIEST_RECRUITMENT;GAMES_CONSISTENT;CLUB_HISTORY_OVERLAPS,Corey Gault,1992,1992,2014,2016,6,2011,National,False,False,False,,none,False,False,
568,random,https://www.draftguru.com.au/players/nathan_krakouer/1,players/N/Nathan_Krakouer.html,bridged,offline_strong,BIRTH_YEAR_CONSISTENT;DEBUT_NOT_BEFORE_EARLIEST_RECRUITMENT;GAMES_CONSISTENT;CLUB_HISTORY_OVERLAPS,Nathan Krakouer,1988,1988,2007,2016,82,2006,National,False,False,False,,none,False,False,
569,random,https://www.draftguru.com.au/players/john_mrakov/1,players/J/John_Mrakov.html,bridged,offline_strong,BIRTH_YEAR_CONSISTENT;DEBUT_BEFORE_EARLIEST_RECRUITMENT;SPAN_CONTAINS_EARLIEST_RECRUITMENT_YEAR;GAMES_INCONSISTENT;CLUB_HISTORY_OVERLAPS,John Mrakov,1968,1968,1987,1991,11,1990,Pre-Season,False,False,False,,none,False,False,
570,random,https://www.draftguru.com.au/players/toby_bedford/1,players/T/Toby_Bedford.html,bridged,offline_strong,BIRTH_YEAR_CONSISTENT;DEBUT_NOT_BEFORE_EARLIEST_RECRUITMENT;GAMES_CONSISTENT;CLUB_HISTORY_OVERLAPS,Toby Bedford,2000,2000,2020,2025,83,2018,National,False,False,False,,none,False,False,
571,random,https://www.draftguru.com.au/players/ben_griffiths/1,players/B/Ben_Griffiths.html,bridged,offline_strong,BIRTH_YEAR_CONSISTENT;DEBUT_NOT_BEFORE_EARLIEST_RECRUITMENT;GAMES_CONSISTENT;CLUB_HISTORY_OVERLAPS,Ben Griffiths,1991,1991,2010,2017,63,2009,National,False,False,False,,none,False,False,
572,random,https://www.draftguru.com.au/players/ben_doolan/1,players/B/Ben_Doolan.html,bridged,offline_strong,BIRTH_YEAR_CONSISTENT;DEBUT_BEFORE_EARLIEST_RECRUITMENT;SPAN_CONTAINS_EARLIEST_RECRUITMENT_YEAR;GAMES_INCONSISTENT;CLUB_HISTORY_OVERLAPS,Ben Doolan,1973,1973,1991,1999,101,1992,Pre-Season,False,False,False,,none,False,False,
573,random,https://www.draftguru.com.au/players/ned_mchenry/1,players/N/Ned_McHenry.html,bridged,offline_strong,BIRTH_YEAR_CONSISTENT;DEBUT_NOT_BEFORE_EARLIEST_RECRUITMENT;GAMES_CONSISTENT;CLUB_HISTORY_OVERLAPS,Ned McHenry,2000,2000,2020,2024,70,2018,National,False,False,False,,none,False,False,
574,random,https://www.draftguru.com.au/players/jed_adams/1,players/J/Jed_Adams.html,bridged,offline_strong,BIRTH_YEAR_CONSISTENT;DEBUT_NOT_BEFORE_EARLIEST_RECRUITMENT;GAMES_CONSISTENT;CLUB_HISTORY_OVERLAPS,Jed Adams,2004,2004,2025,2025,1,2022,National,False,False,False,,none,False,False,
575,random,https://www.draftguru.com.au/players/peter_worsfold/1,players/P/Peter_Worsfold.html,bridged,offline_strong,BIRTH_YEAR_CONSISTENT;DEBUT_NOT_BEFORE_EARLIEST_RECRUITMENT;GAMES_CONSISTENT;CLUB_HISTORY_OVERLAPS,Peter Worsfold,1970,1970,1991,1993,31,1990,National,False,False,False,,none,False,False,
576,random,https://www.draftguru.com.au/players/adam_saliba/1,players/A/Adam_Saliba.html,bridged,offline_strong,BIRTH_YEAR_CONSISTENT;DEBUT_NOT_BEFORE_EARLIEST_RECRUITMENT;GAMES_CONSISTENT;CLUB_HISTORY_OVERLAPS,Adam Saliba,1972,1972,1992,1992,3,1990,Pre-Draft,False,False,False,,none,False,False,
577,random,https://www.draftguru.com.au/players/tom_bell/1,players/T/Tom_Bell.html,bridged,offline_strong,BIRTH_YEAR_CONSISTENT;DEBUT_NOT_BEFORE_EARLIEST_RECRUITMENT;GAMES_CONSISTENT;CLUB_HISTORY_OVERLAPS,Tom Bell,1991,1991,2012,2018,72,2011,Rookie,False,False,False,,none,False,False,
578,random,https://www.draftguru.com.au/players/paul_licuria/1,players/P/Paul_Licuria.html,bridged,offline_strong,BIRTH_YEAR_CONSISTENT;DEBUT_NOT_BEFORE_EARLIEST_RECRUITMENT;GAMES_CONSISTENT;CLUB_HISTORY_OVERLAPS,Paul Licuria,1978,1978,1997,2007,192,1995,National,False,False,False,,none,False,False,
579,random,https://www.draftguru.com.au/players/robert_walker/1,players/R/Robert_Walker.html,bridged,offline_strong,BIRTH_YEAR_CONSISTENT;DEBUT_BEFORE_EARLIEST_RECRUITMENT;SPAN_CONTAINS_EARLIEST_RECRUITMENT_YEAR;GAMES_INCONSISTENT,Robert Walker,1970,1970,1990,1992,5,1992,Pre-Season,False,False,False,,none,True,True,
580,random,https://www.draftguru.com.au/players/scott_taylor/1,players/S/Scott_Taylor.html,bridged,offline_strong,BIRTH_YEAR_CONSISTENT_TOLERANCE;DEBUT_NOT_BEFORE_EARLIEST_RECRUITMENT;GAMES_CONSISTENT;CLUB_HISTORY_OVERLAPS,Scott Taylor,1976,1977,1996,1996,1,1994,National,False,False,False,,none,False,False,
581,random,https://www.draftguru.com.au/players/darryl_wakelin/1,players/D/Darryl_Wakelin.html,bridged,offline_strong,BIRTH_YEAR_CONSISTENT;DEBUT_NOT_BEFORE_EARLIEST_RECRUITMENT;GAMES_CONSISTENT;CLUB_HISTORY_OVERLAPS,Darryl Wakelin,1974,1974,1995,2007,261,1992,Pre-Season,False,False,False,,none,False,False,
582,random,https://www.draftguru.com.au/players/brandon_white/1,players/B/Brandon_White.html,bridged,offline_strong,BIRTH_YEAR_CONSISTENT_TOLERANCE;DEBUT_NOT_BEFORE_EARLIEST_RECRUITMENT;GAMES_CONSISTENT;CLUB_HISTORY_OVERLAPS,Brandon White,1997,1996,2016,2019,11,2015,National,False,False,False,,none,False,False,
583,random,https://www.draftguru.com.au/players/david_bourke/1,players/D/David_Bourke.html,bridged,offline_strong,BIRTH_YEAR_CONSISTENT;DEBUT_NOT_BEFORE_EARLIEST_RECRUITMENT;GAMES_CONSISTENT;CLUB_HISTORY_OVERLAPS,David Bourke,1976,1976,1995,2003,86,1994,Pre-Draft,False,False,False,,none,False,False,
584,random,https://www.draftguru.com.au/players/rhys_o'keeffe/1,players/R/Rhys_OKeeffe.html,bridged,offline_strong,BIRTH_YEAR_CONSISTENT;DEBUT_NOT_BEFORE_EARLIEST_RECRUITMENT;GAMES_CONSISTENT;CLUB_HISTORY_OVERLAPS,Rhys O'Keeffe,1990,1990,2011,2012,3,2008,National,False,False,False,,none,False,False,
585,random,https://www.draftguru.com.au/players/brad_fisher/1,players/B/Brad_Fisher.html,bridged,offline_strong,BIRTH_YEAR_CONSISTENT;DEBUT_NOT_BEFORE_EARLIEST_RECRUITMENT;GAMES_CONSISTENT;CLUB_HISTORY_OVERLAPS,Brad Fisher,1984,1984,2003,2010,99,2002,National,False,False,False,,none,False,False,
586,random,https://www.draftguru.com.au/players/craig_somerville/1,players/C/Craig_Somerville.html,bridged,offline_contradict,BIRTH_YEAR_CONSISTENT;CAREER_ENDED_BEFORE_EARLIEST_RECRUITMENT;GAMES_INCONSISTENT,Craig Somerville,1968,1968,1986,1986,8,,,False,False,False,,none,False,True,
587,random,https://www.draftguru.com.au/players/aaron_henneman/1,players/A/Aaron_Henneman.html,bridged,offline_strong,BIRTH_YEAR_CONSISTENT_TOLERANCE;DEBUT_NOT_BEFORE_EARLIEST_RECRUITMENT;GAMES_CONSISTENT;CLUB_HISTORY_OVERLAPS,Aaron Henneman,1980,1981,2000,2005,58,1998,National,False,False,False,,none,False,False,
588,random,https://www.draftguru.com.au/players/mark_athorn/1,players/M/Mark_Athorn.html,bridged,offline_strong,BIRTH_YEAR_CONSISTENT;DEBUT_BEFORE_EARLIEST_RECRUITMENT;SPAN_CONTAINS_EARLIEST_RECRUITMENT_YEAR;GAMES_INCONSISTENT;CLUB_HISTORY_OVERLAPS,Mark Athorn,1967,1967,1987,1993,83,1989,Pre-Season,False,False,False,,none,False,False,
589,random,https://www.draftguru.com.au/players/david_johnson/1,players/D/David_Johnson.html,bridged,offline_strong,BIRTH_YEAR_CONSISTENT_TOLERANCE;DEBUT_NOT_BEFORE_EARLIEST_RECRUITMENT;GAMES_CONSISTENT;CLUB_HISTORY_OVERLAPS,David Johnson,1981,1982,2002,2009,79,1999,Rookie,False,False,False,,none,False,False,
590,random,https://www.draftguru.com.au/players/orazio_fantasia/1,players/O/Orazio_Fantasia.html,bridged,offline_strong,BIRTH_YEAR_CONSISTENT;DEBUT_NOT_BEFORE_EARLIEST_RECRUITMENT;GAMES_CONSISTENT;CLUB_HISTORY_OVERLAPS,Orazio Fantasia,1995,1995,2014,2025,120,2013,National,False,False,False,,none,False,False,
591,random,https://www.draftguru.com.au/players/lachlan_blakiston/1,players/L/Lachlan_Blakiston.html,bridged,offline_strong,BIRTH_YEAR_CONSISTENT;DEBUT_NOT_BEFORE_EARLIEST_RECRUITMENT;GAMES_CONSISTENT;CLUB_HISTORY_OVERLAPS,Lachlan Blakiston,1998,1998,2025,2025,11,2024,Mid-Season,False,False,False,,none,False,False,
592,random,https://www.draftguru.com.au/players/josh_kennedy/2,players/J/Josh_Kennedy1.html,bridged,offline_strong,BIRTH_YEAR_CONSISTENT;DEBUT_NOT_BEFORE_EARLIEST_RECRUITMENT;GAMES_CONSISTENT;CLUB_HISTORY_OVERLAPS,Josh Kennedy,1988,1988,2008,2022,290,2006,National,True,False,False,,none,False,True,
593,random,https://www.draftguru.com.au/players/derick_wanganeen/1,players/D/Derick_Wanganeen.html,bridged,offline_strong,BIRTH_YEAR_CONSISTENT;DEBUT_NOT_BEFORE_EARLIEST_RECRUITMENT;GAMES_CONSISTENT;CLUB_HISTORY_OVERLAPS,Derick Wanganeen,1991,1991,2014,2014,1,2010,Rookie,False,False,False,,none,False,False,
594,random,https://www.draftguru.com.au/players/brodie_moles/1,players/B/Brodie_Moles.html,bridged,offline_strong,BIRTH_YEAR_CONSISTENT_TOLERANCE;DEBUT_NOT_BEFORE_EARLIEST_RECRUITMENT;GAMES_CONSISTENT;CLUB_HISTORY_OVERLAPS,Brodie Moles,1985,1986,2010,2011,17,2007,Rookie,False,False,False,,none,False,False,
595,random,https://www.draftguru.com.au/players/beau_mcdonald/1,players/B/Beau_McDonald.html,bridged,offline_strong,BIRTH_YEAR_CONSISTENT_TOLERANCE;DEBUT_NOT_BEFORE_EARLIEST_RECRUITMENT;GAMES_CONSISTENT;CLUB_HISTORY_OVERLAPS,Beau McDonald,1979,1980,1998,2007,91,1997,National,False,False,False,,none,False,False,
596,random,https://www.draftguru.com.au/players/anthony_miles/1,players/A/Anthony_Miles.html,bridged,offline_strong,BIRTH_YEAR_CONSISTENT;DEBUT_NOT_BEFORE_EARLIEST_RECRUITMENT;GAMES_CONSISTENT;CLUB_HISTORY_OVERLAPS,Anthony Miles,1992,1992,2012,2019,88,2011,Pre-Draft,False,False,False,,none,False,False,
597,random,https://www.draftguru.com.au/players/jeremy_cameron/1,players/J/Jeremy_Cameron.html,bridged,offline_strong,BIRTH_YEAR_CONSISTENT;DEBUT_NOT_BEFORE_EARLIEST_RECRUITMENT;GAMES_CONSISTENT;CLUB_HISTORY_OVERLAPS,Jeremy Cameron,1993,1993,2012,2025,280,2010,Pre-Draft,False,False,False,,none,False,False,
598,random,https://www.draftguru.com.au/players/chad_fletcher/1,players/C/Chad_Fletcher.html,bridged,offline_strong,BIRTH_YEAR_CONSISTENT;DEBUT_NOT_BEFORE_EARLIEST_RECRUITMENT;GAMES_CONSISTENT;CLUB_HISTORY_OVERLAPS,Chad Fletcher,1979,1979,1999,2009,179,1997,Rookie,False,False,False,,none,False,False,
599,random,https://www.draftguru.com.au/players/michael_newton/1,players/M/Michael_Newton.html,bridged,offline_strong,BIRTH_YEAR_CONSISTENT;DEBUT_NOT_BEFORE_EARLIEST_RECRUITMENT;GAMES_CONSISTENT;CLUB_HISTORY_OVERLAPS,Michael Newton,1987,1987,2007,2011,28,2004,National,False,False,False,,none,False,False,
600,random,https://www.draftguru.com.au/players/tom_campbell/2,players/T/Tom_Campbell1.html,bridged,offline_strong,BIRTH_YEAR_CONSISTENT;DEBUT_NOT_BEFORE_EARLIEST_RECRUITMENT;GAMES_CONSISTENT;CLUB_HISTORY_OVERLAPS,Tom Campbell,1991,1991,2012,2024,58,2011,Rookie,True,False,False,,none,False,True,
601,random,https://www.draftguru.com.au/players/damien_ryan/1,players/D/Damien_Ryan.html,bridged,offline_strong,BIRTH_YEAR_CONSISTENT;DEBUT_NOT_BEFORE_EARLIEST_RECRUITMENT;GAMES_CONSISTENT;CLUB_HISTORY_OVERLAPS,Damien Ryan,1977,1977,1996,2001,60,1994,National,False,False,False,,none,False,False,
602,random,https://www.draftguru.com.au/players/jay_nash/1,players/J/Jay_Nash.html,bridged,offline_strong,BIRTH_YEAR_CONSISTENT;DEBUT_NOT_BEFORE_EARLIEST_RECRUITMENT;GAMES_CONSISTENT;CLUB_HISTORY_OVERLAPS,Jay Nash,1985,1985,2005,2010,51,2003,National,False,False,False,,none,False,False,
603,random,https://www.draftguru.com.au/players/james_jordon/1,players/J/James_Jordon.html,bridged,offline_strong,BIRTH_YEAR_CONSISTENT;DEBUT_NOT_BEFORE_EARLIEST_RECRUITMENT;GAMES_CONSISTENT;CLUB_HISTORY_OVERLAPS,James Jordon,2000,2000,2021,2025,114,2018,National,False,False,False,,none,False,False,
604,random,https://www.draftguru.com.au/players/brodie_murdoch/1,players/B/Brodie_Murdoch.html,bridged,offline_strong,BIRTH_YEAR_CONSISTENT;DEBUT_NOT_BEFORE_EARLIEST_RECRUITMENT;GAMES_CONSISTENT;CLUB_HISTORY_OVERLAPS,Brodie Murdoch,1994,1994,2013,2016,22,2012,National,False,False,False,,none,False,False,
605,random,https://www.draftguru.com.au/players/david_cockatoo-collins/1,players/D/David_Cockatoo-Collins.html,bridged,offline_strong,BIRTH_YEAR_CONSISTENT;DEBUT_NOT_BEFORE_EARLIEST_RECRUITMENT;GAMES_CONSISTENT;CLUB_HISTORY_OVERLAPS,David Cockatoo-Collins,1978,1978,1996,1997,2,1994,Pre-Draft,False,False,False,,none,False,False,
606,random,https://www.draftguru.com.au/players/grant_birchall/1,players/G/Grant_Birchall.html,bridged,offline_strong,BIRTH_YEAR_CONSISTENT;DEBUT_NOT_BEFORE_EARLIEST_RECRUITMENT;GAMES_CONSISTENT;CLUB_HISTORY_OVERLAPS,Grant Birchall,1988,1988,2006,2021,287,2005,National,False,False,False,,none,False,False,
607,random,https://www.draftguru.com.au/players/shane_fell/1,players/S/Shane_Fell.html,bridged,offline_strong,BIRTH_YEAR_CONSISTENT;DEBUT_NOT_BEFORE_EARLIEST_RECRUITMENT;GAMES_CONSISTENT;CLUB_HISTORY_OVERLAPS,Shane Fell,1967,1967,1990,1990,15,1989,Pre-Draft,False,False,False,,none,False,False,
608,random,https://www.draftguru.com.au/players/marc_lock/1,players/M/Marc_Lock.html,bridged,offline_strong,BIRTH_YEAR_CONSISTENT;DEBUT_NOT_BEFORE_EARLIEST_RECRUITMENT;GAMES_CONSISTENT;CLUB_HISTORY_OVERLAPS,Marc Lock,1991,1991,2011,2011,1,2009,Pre-Draft,False,False,False,,none,False,False,
609,random,https://www.draftguru.com.au/players/mitch_zadow/1,players/M/Mitch_Zadow.html,target_not_registered,target_unregistered,TARGET_NOT_REGISTERED,Mitch Zadow,2004,,,,,2025,Post-Draft,False,False,False,,none,False,True,
610,random,https://www.draftguru.com.au/players/julian_rowe/1,players/J/Julian_Rowe.html,bridged,offline_strong,BIRTH_YEAR_CONSISTENT;DEBUT_NOT_BEFORE_EARLIEST_RECRUITMENT;GAMES_CONSISTENT;CLUB_HISTORY_OVERLAPS,Julian Rowe,1985,1985,2004,2006,26,2003,National,False,False,False,,none,False,False,
611,random,https://www.draftguru.com.au/players/sam_powell-pepper/1,players/S/Sam_Powell-Pepper.html,bridged,offline_strong,BIRTH_YEAR_CONSISTENT;DEBUT_NOT_BEFORE_EARLIEST_RECRUITMENT;GAMES_CONSISTENT;CLUB_HISTORY_OVERLAPS,Sam Powell-Pepper,1998,1998,2017,2025,158,2016,National,False,False,False,,none,False,False,
612,random,https://www.draftguru.com.au/players/jeff_garlett/1,players/J/Jeff_Garlett.html,bridged,offline_strong,BIRTH_YEAR_CONSISTENT;DEBUT_NOT_BEFORE_EARLIEST_RECRUITMENT;GAMES_CONSISTENT;CLUB_HISTORY_OVERLAPS,Jeff Garlett,1989,1989,2009,2019,185,2008,Rookie,False,False,False,,none,False,False,
613,random,https://www.draftguru.com.au/players/josh_gibson/1,players/J/Josh_Gibson.html,bridged,offline_strong,BIRTH_YEAR_CONSISTENT;DEBUT_NOT_BEFORE_EARLIEST_RECRUITMENT;GAMES_CONSISTENT;CLUB_HISTORY_OVERLAPS,Josh Gibson,1984,1984,2006,2017,225,2004,Rookie,False,False,False,,none,False,False,
614,random,https://www.draftguru.com.au/players/luke_mcguane/1,players/L/Luke_McGuane.html,bridged,offline_strong,BIRTH_YEAR_CONSISTENT;DEBUT_NOT_BEFORE_EARLIEST_RECRUITMENT;GAMES_CONSISTENT;CLUB_HISTORY_OVERLAPS,Luke McGuane,1987,1987,2006,2015,112,2004,National,False,False,False,,none,False,False,
615,random,https://www.draftguru.com.au/players/ryan_cook/1,players/R/Ryan_Cook.html,bridged,offline_strong,BIRTH_YEAR_CONSISTENT;DEBUT_NOT_BEFORE_EARLIEST_RECRUITMENT;GAMES_CONSISTENT;CLUB_HISTORY_OVERLAPS,Ryan Cook,1988,1988,2007,2009,14,2005,National,False,False,False,,none,False,False,
616,random,https://www.draftguru.com.au/players/harry_barnett/1,players/H/Harry_Barnett.html,bridged,offline_strong,BIRTH_YEAR_CONSISTENT;DEBUT_NOT_BEFORE_EARLIEST_RECRUITMENT;GAMES_CONSISTENT;CLUB_HISTORY_OVERLAPS,Harry Barnett,2004,2004,2023,2024,2,2022,National,False,False,False,,none,False,False,
617,random,https://www.draftguru.com.au/players/josh_worrell/1,players/J/Josh_Worrell.html,bridged,offline_strong,BIRTH_YEAR_CONSISTENT;DEBUT_NOT_BEFORE_EARLIEST_RECRUITMENT;GAMES_CONSISTENT;CLUB_HISTORY_OVERLAPS,Josh Worrell,2001,2001,2021,2025,55,2019,National,False,False,False,,none,False,False,
618,random,https://www.draftguru.com.au/players/jason_baldwin/1,players/J/Jason_Baldwin.html,bridged,offline_strong,BIRTH_YEAR_CONSISTENT;DEBUT_BEFORE_EARLIEST_RECRUITMENT;SPAN_CONTAINS_EARLIEST_RECRUITMENT_YEAR;GAMES_INCONSISTENT;CLUB_HISTORY_OVERLAPS,Jason Baldwin,1969,1969,1989,1997,127,1996,National,False,False,False,,none,False,False,
619,random,https://www.draftguru.com.au/players/robbie_gray/1,players/R/Robbie_Gray.html,bridged,offline_strong,BIRTH_YEAR_CONSISTENT;DEBUT_NOT_BEFORE_EARLIEST_RECRUITMENT;GAMES_CONSISTENT;CLUB_HISTORY_OVERLAPS,Robbie Gray,1988,1988,2007,2022,271,2006,National,False,False,False,,none,False,False,
620,random,https://www.draftguru.com.au/players/irving_mosquito/1,players/I/Irving_Mosquito.html,bridged,offline_strong,BIRTH_YEAR_CONSISTENT;DEBUT_NOT_BEFORE_EARLIEST_RECRUITMENT;GAMES_CONSISTENT;CLUB_HISTORY_OVERLAPS,Irving Mosquito,2000,2000,2020,2020,4,2018,National,False,False,False,,none,False,False,
621,random,https://www.draftguru.com.au/players/ben_kennedy/1,players/B/Ben_Kennedy.html,bridged,offline_strong,BIRTH_YEAR_CONSISTENT;DEBUT_NOT_BEFORE_EARLIEST_RECRUITMENT;GAMES_CONSISTENT;CLUB_HISTORY_OVERLAPS,Ben Kennedy,1994,1994,2013,2016,40,2012,National,False,False,False,,none,False,False,
622,random,https://www.draftguru.com.au/players/dylan_addison/1,players/D/Dylan_Addison.html,bridged,offline_strong,BIRTH_YEAR_CONSISTENT;DEBUT_NOT_BEFORE_EARLIEST_RECRUITMENT;GAMES_CONSISTENT;CLUB_HISTORY_OVERLAPS,Dylan Addison,1987,1987,2006,2014,93,2005,National,False,False,False,,none,False,False,
623,random,https://www.draftguru.com.au/players/connor_ballenden/1,players/C/Connor_Ballenden.html,bridged,offline_strong,BIRTH_YEAR_CONSISTENT;DEBUT_NOT_BEFORE_EARLIEST_RECRUITMENT;GAMES_CONSISTENT;CLUB_HISTORY_OVERLAPS,Connor Ballenden,1999,1999,2020,2021,3,2017,National,False,False,False,,none,False,False,
624,random,https://www.draftguru.com.au/players/sam_mcfarlane/1,players/S/Sam_McFarlane.html,bridged,offline_strong,BIRTH_YEAR_CONSISTENT_TOLERANCE;DEBUT_NOT_BEFORE_EARLIEST_RECRUITMENT;GAMES_CONSISTENT;CLUB_HISTORY_OVERLAPS,Sam McFarlane,1975,1976,1996,1996,2,1994,National,False,False,False,,none,False,False,
625,random,https://www.draftguru.com.au/players/bret_hutchinson/1,players/B/Bret_Hutchinson.html,bridged,offline_contradict,BIRTH_YEAR_CONSISTENT;DEBUT_BEFORE_EARLIEST_RECRUITMENT;CAREER_ENDED_BEFORE_EARLIEST_RECRUITMENT;GAMES_INCONSISTENT,Bret Hutchinson,1964,1964,1985,1985,1,1989,Pre-Season,False,False,False,,none,False,True,
626,random,https://www.draftguru.com.au/players/marcus_picken/1,players/M/Marcus_Picken.html,bridged,offline_strong,BIRTH_YEAR_CONSISTENT;DEBUT_NOT_BEFORE_EARLIEST_RECRUITMENT;GAMES_CONSISTENT;CLUB_HISTORY_OVERLAPS,Marcus Picken,1979,1979,1998,2001,25,1997,National,False,False,False,,none,False,False,
627,random,https://www.draftguru.com.au/players/darren_milburn/1,players/D/Darren_Milburn.html,bridged,offline_strong,BIRTH_YEAR_CONSISTENT;DEBUT_NOT_BEFORE_EARLIEST_RECRUITMENT;GAMES_CONSISTENT;CLUB_HISTORY_OVERLAPS,Darren Milburn,1977,1977,1997,2011,292,1995,National,False,False,False,,none,False,False,
628,random,https://www.draftguru.com.au/players/trent_west/1,players/T/Trent_West.html,bridged,offline_strong,BIRTH_YEAR_CONSISTENT_TOLERANCE;DEBUT_NOT_BEFORE_EARLIEST_RECRUITMENT;GAMES_CONSISTENT;CLUB_HISTORY_OVERLAPS,Trent West,1987,1988,2008,2016,70,2005,National,False,False,False,,none,False,False,
629,random,https://www.draftguru.com.au/players/ben_beams/1,players/B/Ben_Beams.html,bridged,offline_strong,BIRTH_YEAR_CONSISTENT;DEBUT_NOT_BEFORE_EARLIEST_RECRUITMENT;GAMES_CONSISTENT;CLUB_HISTORY_OVERLAPS,Ben Beams,1978,1978,1999,2001,23,1997,Rookie,False,False,False,,none,False,False,
630,random,https://www.draftguru.com.au/players/brian_wilson/2,players/B/Brian_Wilson0.html,bridged,offline_strong,BIRTH_YEAR_CONSISTENT;DEBUT_BEFORE_EARLIEST_RECRUITMENT;SPAN_CONTAINS_EARLIEST_RECRUITMENT_YEAR;GAMES_INCONSISTENT;CLUB_HISTORY_OVERLAPS,Brian Wilson,1961,1961,1978,1991,209,1990,National,True,False,False,,none,False,True,
631,random,https://www.draftguru.com.au/players/adam_carter/1,players/A/Adam_Carter.html,bridged,offline_strong,BIRTH_YEAR_CONSISTENT;DEBUT_NOT_BEFORE_EARLIEST_RECRUITMENT;GAMES_CONSISTENT;CLUB_HISTORY_OVERLAPS,Adam Carter,1994,1994,2013,2014,7,2012,National,False,False,False,,none,False,False,
632,random,https://www.draftguru.com.au/players/kaiden_brand/1,players/K/Kaiden_Brand.html,bridged,offline_strong,BIRTH_YEAR_CONSISTENT;DEBUT_NOT_BEFORE_EARLIEST_RECRUITMENT;GAMES_CONSISTENT;CLUB_HISTORY_OVERLAPS,Kaiden Brand,1994,1994,2016,2021,48,2012,National,False,False,False,,none,False,False,
633,random,https://www.draftguru.com.au/players/israel_folau/1,players/I/Israel_Folau.html,bridged,offline_strong,BIRTH_YEAR_CONSISTENT;DEBUT_NOT_BEFORE_EARLIEST_RECRUITMENT;GAMES_CONSISTENT;CLUB_HISTORY_OVERLAPS,Israel Folau,1989,1989,2012,2012,13,2010,Pre-Draft,False,False,False,,none,False,False,
634,random,https://www.draftguru.com.au/players/matthew_shir/1,players/M/Matthew_Shir.html,bridged,offline_strong,BIRTH_YEAR_CONSISTENT;DEBUT_NOT_BEFORE_EARLIEST_RECRUITMENT;GAMES_CONSISTENT;CLUB_HISTORY_OVERLAPS,Matthew Shir,1981,1981,2001,2002,11,1999,National,False,False,False,,none,False,False,
635,random,https://www.draftguru.com.au/players/brady_rawlings/1,players/B/Brady_Rawlings.html,bridged,offline_strong,BIRTH_YEAR_CONSISTENT;DEBUT_NOT_BEFORE_EARLIEST_RECRUITMENT;GAMES_CONSISTENT;CLUB_HISTORY_OVERLAPS,Brady Rawlings,1981,1981,1999,2011,245,1998,National,False,False,False,,none,False,False,
636,random,https://www.draftguru.com.au/players/dylan_clarke/1,players/D/Dylan_Clarke.html,bridged,offline_strong,BIRTH_YEAR_CONSISTENT;DEBUT_NOT_BEFORE_EARLIEST_RECRUITMENT;GAMES_CONSISTENT;CLUB_HISTORY_OVERLAPS,Dylan Clarke,1998,1998,2018,2021,24,2016,National,False,False,False,,none,False,False,
637,random,https://www.draftguru.com.au/players/scott_stevens/1,players/S/Scott_Stevens.html,bridged,offline_strong,BIRTH_YEAR_CONSISTENT;DEBUT_NOT_BEFORE_EARLIEST_RECRUITMENT;GAMES_CONSISTENT;CLUB_HISTORY_OVERLAPS,Scott Stevens,1982,1982,2002,2011,144,1999,National,False,False,False,,none,False,False,
638,random,https://www.draftguru.com.au/players/matthew_dundas/1,players/M/Matthew_Dundas.html,bridged,offline_strong,BIRTH_YEAR_CONSISTENT_TOLERANCE;DEBUT_NOT_BEFORE_EARLIEST_RECRUITMENT;GAMES_CONSISTENT;CLUB_HISTORY_OVERLAPS,Matthew Dundas,1971,1972,1990,1995,87,1988,National,False,False,False,,none,False,False,
639,random,https://www.draftguru.com.au/players/travis_gaspar/1,players/T/Travis_Gaspar.html,bridged,offline_strong,BIRTH_YEAR_CONSISTENT;DEBUT_NOT_BEFORE_EARLIEST_RECRUITMENT;GAMES_CONSISTENT;CLUB_HISTORY_OVERLAPS,Travis Gaspar,1981,1981,2001,2005,28,1999,National,False,False,False,,none,False,False,
640,random,https://www.draftguru.com.au/players/mitch_morton/1,players/M/Mitch_Morton.html,bridged,offline_strong,BIRTH_YEAR_CONSISTENT_TOLERANCE;DEBUT_NOT_BEFORE_EARLIEST_RECRUITMENT;GAMES_CONSISTENT;CLUB_HISTORY_OVERLAPS,Mitch Morton,1987,1986,2005,2013,83,2004,National,False,False,False,,none,False,False,
641,random,https://www.draftguru.com.au/players/tom_ledger/1,players/T/Tom_Ledger.html,bridged,offline_strong,BIRTH_YEAR_CONSISTENT;DEBUT_NOT_BEFORE_EARLIEST_RECRUITMENT;GAMES_CONSISTENT;CLUB_HISTORY_OVERLAPS,Tom Ledger,1992,1992,2011,2013,8,2010,National,False,False,False,,none,False,False,
642,random,https://www.draftguru.com.au/players/jeremy_sharp/1,players/J/Jeremy_Sharp.html,bridged,offline_strong,BIRTH_YEAR_CONSISTENT;DEBUT_NOT_BEFORE_EARLIEST_RECRUITMENT;GAMES_CONSISTENT;CLUB_HISTORY_OVERLAPS,Jeremy Sharp,2001,2001,2020,2025,60,2019,National,False,False,False,,none,False,False,
643,random,https://www.draftguru.com.au/players/mal_michael/1,players/M/Mal_Michael.html,bridged,offline_strong,BIRTH_YEAR_CONSISTENT;DEBUT_NOT_BEFORE_EARLIEST_RECRUITMENT;GAMES_CONSISTENT;CLUB_HISTORY_OVERLAPS,Mal Michael,1977,1977,1997,2008,238,1996,Rookie,False,False,False,,none,False,False,
644,random,https://www.draftguru.com.au/players/dion_miles/1,players/D/Dion_Miles.html,bridged,offline_strong,BIRTH_YEAR_CONSISTENT;DEBUT_NOT_BEFORE_EARLIEST_RECRUITMENT;GAMES_CONSISTENT;CLUB_HISTORY_OVERLAPS,Dion Miles,1978,1978,1998,1998,2,1997,National,False,False,False,,none,False,False,
645,random,https://www.draftguru.com.au/players/leigh_osborne/1,players/L/Leigh_Osborne.html,bridged,offline_strong,BIRTH_YEAR_CONSISTENT;DEBUT_NOT_BEFORE_EARLIEST_RECRUITMENT;GAMES_CONSISTENT;CLUB_HISTORY_OVERLAPS,Leigh Osborne,1990,1990,2013,2013,1,2012,Rookie,False,False,False,,none,False,False,
646,random,https://www.draftguru.com.au/players/jed_lamb/1,players/J/Jed_Lamb.html,bridged,offline_strong,BIRTH_YEAR_CONSISTENT;DEBUT_NOT_BEFORE_EARLIEST_RECRUITMENT;GAMES_CONSISTENT;CLUB_HISTORY_OVERLAPS,Jed Lamb,1992,1992,2013,2018,66,2010,National,False,False,False,,none,False,False,
647,random,https://www.draftguru.com.au/players/eli_templeton/1,players/E/Eli_Templeton.html,bridged,offline_strong,BIRTH_YEAR_CONSISTENT;DEBUT_NOT_BEFORE_EARLIEST_RECRUITMENT;GAMES_CONSISTENT;CLUB_HISTORY_OVERLAPS,Eli Templeton,1995,1995,2014,2016,14,2013,Rookie,False,False,False,,none,False,False,
648,random,https://www.draftguru.com.au/players/josh_deluca/1,players/J/Josh_Deluca.html,bridged,offline_strong,BIRTH_YEAR_CONSISTENT;DEBUT_NOT_BEFORE_EARLIEST_RECRUITMENT;GAMES_CONSISTENT;CLUB_HISTORY_OVERLAPS,Josh Deluca,1996,1996,2017,2019,10,2014,National,False,False,False,,none,False,False,
649,random,https://www.draftguru.com.au/players/courtenay_dempsey/1,players/C/Courtenay_Dempsey.html,bridged,offline_strong,BIRTH_YEAR_CONSISTENT;DEBUT_NOT_BEFORE_EARLIEST_RECRUITMENT;GAMES_CONSISTENT;CLUB_HISTORY_OVERLAPS,Courtenay Dempsey,1987,1987,2006,2016,133,2005,National,False,False,False,,none,False,False,
650,random,https://www.draftguru.com.au/players/cameron_ling/1,players/C/Cameron_Ling.html,bridged,offline_strong,BIRTH_YEAR_CONSISTENT;DEBUT_NOT_BEFORE_EARLIEST_RECRUITMENT;GAMES_CONSISTENT;CLUB_HISTORY_OVERLAPS,Cameron Ling,1981,1981,2000,2011,246,1999,National,False,False,False,,none,False,False,
651,random,https://www.draftguru.com.au/players/mark_baguley/1,players/M/Mark_Baguley.html,bridged,offline_strong,BIRTH_YEAR_CONSISTENT;DEBUT_NOT_BEFORE_EARLIEST_RECRUITMENT;GAMES_CONSISTENT;CLUB_HISTORY_OVERLAPS,Mark Baguley,1987,1987,2012,2019,134,2011,Rookie,False,False,False,,none,False,False,
652,random,https://www.draftguru.com.au/players/dylan_van%20unen/1,players/D/Dylan_van_Unen.html,bridged,offline_strong,BIRTH_YEAR_CONSISTENT;DEBUT_NOT_BEFORE_EARLIEST_RECRUITMENT;GAMES_CONSISTENT;CLUB_HISTORY_OVERLAPS,Dylan van Unen,1990,1990,2014,2014,1,2012,National,False,False,False,,none,False,False,
653,random,https://www.draftguru.com.au/players/nathan_turvey/1,players/N/Nathan_Turvey.html,bridged,offline_strong,BIRTH_YEAR_CONSISTENT;DEBUT_NOT_BEFORE_EARLIEST_RECRUITMENT;GAMES_CONSISTENT;CLUB_HISTORY_OVERLAPS,Nathan Turvey,1977,1977,1998,1999,10,1996,National,False,False,False,,none,False,False,
654,random,https://www.draftguru.com.au/players/jacob_ballard/1,players/J/Jacob_Ballard.html,bridged,offline_strong,BIRTH_YEAR_CONSISTENT_TOLERANCE;DEBUT_NOT_BEFORE_EARLIEST_RECRUITMENT;GAMES_CONSISTENT;CLUB_HISTORY_OVERLAPS,Jacob Ballard,1994,1993,2015,2015,1,2013,Rookie,False,False,False,,none,False,False,
655,random,https://www.draftguru.com.au/players/chad_rintoul/1,players/C/Chad_Rintoul.html,bridged,offline_strong,BIRTH_YEAR_CONSISTENT;DEBUT_NOT_BEFORE_EARLIEST_RECRUITMENT;GAMES_CONSISTENT;CLUB_HISTORY_OVERLAPS,Chad Rintoul,1974,1974,1997,2002,76,1996,National,False,False,False,,none,False,False,
656,random,https://www.draftguru.com.au/players/billy_cootee/1,players/B/Billy_Cootee.html,target_not_registered,target_unregistered,TARGET_NOT_REGISTERED,Billy Cootee,2002,,,,,2025,National,False,False,False,,none,False,True,
657,random,https://www.draftguru.com.au/players/jack_carroll/2,players/J/Jack_Carroll1.html,bridged,offline_strong,BIRTH_YEAR_CONSISTENT;DEBUT_NOT_BEFORE_EARLIEST_RECRUITMENT;GAMES_CONSISTENT;CLUB_HISTORY_OVERLAPS,Jack Carroll,2002,2002,2022,2025,24,2020,National,True,False,False,,none,False,True,
658,random,https://www.draftguru.com.au/players/miles_bergman/1,players/M/Miles_Bergman.html,bridged,offline_strong,BIRTH_YEAR_CONSISTENT;DEBUT_NOT_BEFORE_EARLIEST_RECRUITMENT;GAMES_CONSISTENT;CLUB_HISTORY_OVERLAPS,Miles Bergman,2001,2001,2021,2025,102,2019,National,False,False,False,,none,False,False,
659,random,https://www.draftguru.com.au/players/tim_bourke/1,players/T/Tim_Bourke.html,bridged,offline_contradict,BIRTH_YEAR_CONSISTENT;CAREER_ENDED_BEFORE_EARLIEST_RECRUITMENT;GAMES_INCONSISTENT,Tim Bourke,1969,1969,1989,1990,5,,,False,False,False,,none,False,True,
660,random,https://www.draftguru.com.au/players/zane_trew/1,players/Z/Zane_Trew.html,bridged,offline_strong,BIRTH_YEAR_CONSISTENT;DEBUT_NOT_BEFORE_EARLIEST_RECRUITMENT;GAMES_CONSISTENT;CLUB_HISTORY_OVERLAPS,Zane Trew,2002,2002,2022,2024,13,2020,Rookie,False,False,False,,none,False,False,
661,random,https://www.draftguru.com.au/players/connor_budarick/1,players/C/Connor_Budarick.html,bridged,offline_strong,BIRTH_YEAR_CONSISTENT;DEBUT_NOT_BEFORE_EARLIEST_RECRUITMENT;GAMES_CONSISTENT;CLUB_HISTORY_OVERLAPS,Connor Budarick,2001,2001,2020,2025,55,2019,Rookie,False,False,False,,none,False,False,
662,random,https://www.draftguru.com.au/players/tony_elshaug/1,players/T/Tony_Elshaug.html,bridged,offline_strong,BIRTH_YEAR_CONSISTENT;DEBUT_BEFORE_EARLIEST_RECRUITMENT;SPAN_CONTAINS_EARLIEST_RECRUITMENT_YEAR;GAMES_INCONSISTENT,Tony Elshaug,1960,1960,1979,1988,137,1988,Pre-Season,False,False,False,,none,True,True,
663,random,https://www.draftguru.com.au/players/matt_carroll/1,players/M/Matt_Carroll.html,bridged,offline_strong,BIRTH_YEAR_CONSISTENT;DEBUT_NOT_BEFORE_EARLIEST_RECRUITMENT;GAMES_CONSISTENT;CLUB_HISTORY_OVERLAPS,Matt Carroll,2005,2005,2025,2025,17,2023,Rookie,False,False,False,,none,False,False,
664,random,https://www.draftguru.com.au/players/oscar_adams/1,players/O/Oscar_Adams.html,bridged,offline_strong,BIRTH_YEAR_CONSISTENT;DEBUT_NOT_BEFORE_EARLIEST_RECRUITMENT;GAMES_CONSISTENT;CLUB_HISTORY_OVERLAPS,Oscar Adams,2003,2003,2025,2025,8,2021,National,False,False,False,,none,False,False,
665,random,https://www.draftguru.com.au/players/jayden_laverde/1,players/J/Jayden_Laverde.html,bridged,offline_strong,BIRTH_YEAR_CONSISTENT;DEBUT_NOT_BEFORE_EARLIEST_RECRUITMENT;GAMES_CONSISTENT;CLUB_HISTORY_OVERLAPS,Jayden Laverde,1996,1996,2015,2025,145,2014,National,False,False,False,,none,False,False,
666,random,https://www.draftguru.com.au/players/malcolm_rosas/1,players/M/Malcolm_Rosas.html,bridged,offline_strong,BIRTH_YEAR_CONSISTENT;DEBUT_NOT_BEFORE_EARLIEST_RECRUITMENT;GAMES_CONSISTENT;CLUB_HISTORY_OVERLAPS,Malcolm Rosas,2001,2001,2021,2025,49,2019,Rookie,False,False,False,,none,False,False,
667,random,https://www.draftguru.com.au/players/troy_taylor/1,players/T/Troy_Taylor.html,bridged,offline_strong,BIRTH_YEAR_CONSISTENT;DEBUT_NOT_BEFORE_EARLIEST_RECRUITMENT;GAMES_CONSISTENT;CLUB_HISTORY_OVERLAPS,Troy Taylor,1991,1991,2010,2010,4,2009,National,False,False,False,,none,False,False,
668,random,https://www.draftguru.com.au/players/jesse_dattoli/1,players/J/Jesse_Dattoli.html,bridged,offline_strong,BIRTH_YEAR_CONSISTENT;DEBUT_NOT_BEFORE_EARLIEST_RECRUITMENT;GAMES_CONSISTENT;CLUB_HISTORY_OVERLAPS,Jesse Dattoli,2006,2006,2025,2025,3,2024,National,False,False,False,,none,False,False,
669,random,https://www.draftguru.com.au/players/billy_hartung/1,players/B/Billy_Hartung.html,bridged,offline_strong,BIRTH_YEAR_CONSISTENT;DEBUT_NOT_BEFORE_EARLIEST_RECRUITMENT;GAMES_CONSISTENT;CLUB_HISTORY_OVERLAPS,Billy Hartung,1995,1995,2014,2018,76,2013,National,False,False,False,,none,False,False,
670,random,https://www.draftguru.com.au/players/seb_tape/1,players/S/Seb_Tape.html,bridged,offline_strong,BIRTH_YEAR_CONSISTENT;DEBUT_NOT_BEFORE_EARLIEST_RECRUITMENT;GAMES_CONSISTENT;CLUB_HISTORY_OVERLAPS,Seb Tape,1992,1992,2011,2016,40,2010,National,False,False,False,,none,False,False,
671,random,https://www.draftguru.com.au/players/harrison_jones/2,players/H/Harry_Jones2.html,bridged,offline_strong,NAME_VARIANT;BIRTH_YEAR_CONSISTENT;DEBUT_NOT_BEFORE_EARLIEST_RECRUITMENT;GAMES_CONSISTENT;CLUB_HISTORY_OVERLAPS,Harrison Jones,2001,2001,2021,2025,59,2019,National,True,False,True,,none,False,True,
672,random,https://www.draftguru.com.au/players/robert_campbell/1,players/R/Robert_Campbell.html,bridged,offline_strong,BIRTH_YEAR_CONSISTENT;DEBUT_NOT_BEFORE_EARLIEST_RECRUITMENT;GAMES_CONSISTENT;CLUB_HISTORY_OVERLAPS,Robert Campbell,1982,1982,2002,2009,116,2000,Rookie,False,False,False,,none,False,False,
673,random,https://www.draftguru.com.au/players/toby_conway/1,players/T/Toby_Conway.html,bridged,offline_strong,BIRTH_YEAR_CONSISTENT;DEBUT_NOT_BEFORE_EARLIEST_RECRUITMENT;GAMES_CONSISTENT;CLUB_HISTORY_OVERLAPS,Toby Conway,2003,2003,2023,2024,6,2021,National,False,False,False,,none,False,False,
674,random,https://www.draftguru.com.au/players/tim_hazell/1,players/T/Tim_Hazell.html,bridged,offline_strong,BIRTH_YEAR_CONSISTENT;DEBUT_NOT_BEFORE_EARLIEST_RECRUITMENT;GAMES_CONSISTENT;CLUB_HISTORY_OVERLAPS,Tim Hazell,1981,1981,2001,2001,5,1999,National,False,False,False,,none,False,False,
675,random,https://www.draftguru.com.au/players/sam_philp/1,players/S/Sam_Philp.html,bridged,offline_strong,BIRTH_YEAR_CONSISTENT;DEBUT_NOT_BEFORE_EARLIEST_RECRUITMENT;GAMES_CONSISTENT;CLUB_HISTORY_OVERLAPS,Sam Philp,2001,2001,2020,2020,2,2019,National,False,False,False,,none,False,False,
676,random,https://www.draftguru.com.au/players/eddie_ford/2,players/E/Eddie_Ford1.html,bridged,offline_strong,BIRTH_YEAR_CONSISTENT;DEBUT_NOT_BEFORE_EARLIEST_RECRUITMENT;GAMES_CONSISTENT;CLUB_HISTORY_OVERLAPS,Eddie Ford,2002,2002,2021,2024,40,2020,National,True,False,False,,none,False,True,
677,random,https://www.draftguru.com.au/players/milan_murdock/1,players/M/Milan_Murdock.html,target_not_registered,target_unregistered,TARGET_NOT_REGISTERED,Milan Murdock,2000,,,,,2025,Post-Draft,False,False,False,,none,False,True,
678,random,https://www.draftguru.com.au/players/angus_anderson/1,players/A/Angus_Anderson.html,target_not_registered,target_unregistered,TARGET_NOT_REGISTERED,Angus Anderson,2003,,,,,2025,National,False,False,False,,none,False,True,
679,random,https://www.draftguru.com.au/players/jackson_paine/1,players/J/Jackson_Paine.html,bridged,offline_strong,BIRTH_YEAR_CONSISTENT;DEBUT_NOT_BEFORE_EARLIEST_RECRUITMENT;GAMES_CONSISTENT;CLUB_HISTORY_OVERLAPS,Jackson Paine,1993,1993,2012,2016,16,2011,National,False,False,False,,none,False,False,
680,random,https://www.draftguru.com.au/players/lionel_proctor/1,players/L/Lionel_Proctor.html,bridged,offline_strong,BIRTH_YEAR_CONSISTENT_TOLERANCE;DEBUT_NOT_BEFORE_EARLIEST_RECRUITMENT;GAMES_CONSISTENT;CLUB_HISTORY_OVERLAPS,Lionel Proctor,1979,1980,1998,2001,20,1997,National,False,False,False,,none,False,False,
681,random,https://www.draftguru.com.au/players/daniel_connors/1,players/D/Daniel_Connors.html,bridged,offline_strong,BIRTH_YEAR_CONSISTENT;DEBUT_NOT_BEFORE_EARLIEST_RECRUITMENT;GAMES_CONSISTENT;CLUB_HISTORY_OVERLAPS,Daniel Connors,1988,1988,2007,2012,29,2006,National,False,False,False,,none,False,False,
682,random,https://www.draftguru.com.au/players/daniel_donati/1,players/D/Daniel_Donati.html,bridged,offline_strong,BIRTH_YEAR_CONSISTENT;DEBUT_NOT_BEFORE_EARLIEST_RECRUITMENT;GAMES_CONSISTENT;CLUB_HISTORY_OVERLAPS,Daniel Donati,1977,1977,1997,1997,1,1996,National,False,False,False,,none,False,False,
683,random,https://www.draftguru.com.au/players/brad_howard/1,players/B/Brad_Howard.html,bridged,offline_strong,BIRTH_YEAR_CONSISTENT_TOLERANCE;DEBUT_NOT_BEFORE_EARLIEST_RECRUITMENT;GAMES_CONSISTENT;CLUB_HISTORY_OVERLAPS,Brad Howard,1987,1988,2007,2007,2,2006,National,False,False,False,,none,False,False,
684,random,https://www.draftguru.com.au/players/phil_krakouer/1,players/P/Phil_Krakouer.html,bridged,offline_strong,BIRTH_YEAR_CONSISTENT;DEBUT_BEFORE_EARLIEST_RECRUITMENT;SPAN_CONTAINS_EARLIEST_RECRUITMENT_YEAR;GAMES_INCONSISTENT;CLUB_HISTORY_OVERLAPS,Phil Krakouer,1960,1960,1982,1991,148,1989,Mid-Season,False,False,False,,none,False,False,
685,random,https://www.draftguru.com.au/players/alipate_carlile/1,players/A/Alipate_Carlile.html,bridged,offline_strong,BIRTH_YEAR_CONSISTENT;DEBUT_NOT_BEFORE_EARLIEST_RECRUITMENT;GAMES_CONSISTENT;CLUB_HISTORY_OVERLAPS,Alipate Carlile,1987,1987,2006,2016,167,2005,National,False,False,False,,none,False,False,
686,random,https://www.draftguru.com.au/players/daniel_mcconnell/1,players/D/Daniel_McConnell.html,bridged,offline_strong,BIRTH_YEAR_CONSISTENT;DEBUT_NOT_BEFORE_EARLIEST_RECRUITMENT;GAMES_CONSISTENT;CLUB_HISTORY_OVERLAPS,Daniel McConnell,1986,1986,2005,2006,6,2003,National,False,False,False,,none,False,False,
687,random,https://www.draftguru.com.au/players/luke_weller/1,players/L/Luke_Weller.html,bridged,offline_strong,BIRTH_YEAR_CONSISTENT;DEBUT_NOT_BEFORE_EARLIEST_RECRUITMENT;GAMES_CONSISTENT;CLUB_HISTORY_OVERLAPS,Luke Weller,1982,1982,2003,2004,11,2000,Rookie,False,False,False,,none,False,False,
688,random,https://www.draftguru.com.au/players/sam_dwyer/1,players/S/Sam_Dwyer.html,bridged,offline_strong,BIRTH_YEAR_CONSISTENT;DEBUT_NOT_BEFORE_EARLIEST_RECRUITMENT;GAMES_CONSISTENT;CLUB_HISTORY_OVERLAPS,Sam Dwyer,1986,1986,2013,2015,39,2012,Rookie,False,False,False,,none,False,False,
689,random,https://www.draftguru.com.au/players/jake_spencer/1,players/J/Jake_Spencer.html,bridged,offline_strong,BIRTH_YEAR_CONSISTENT_TOLERANCE;DEBUT_NOT_BEFORE_EARLIEST_RECRUITMENT;GAMES_CONSISTENT;CLUB_HISTORY_OVERLAPS,Jake Spencer,1989,1990,2009,2017,38,2007,Rookie,False,False,False,,none,False,False,
690,random,https://www.draftguru.com.au/players/gary_pert/1,players/G/Gary_Pert.html,bridged,offline_strong,BIRTH_YEAR_CONSISTENT;SPAN_CONTAINS_EARLIEST_RECRUITMENT_YEAR;GAMES_INCONSISTENT;CLUB_HISTORY_OVERLAPS,Gary Pert,1965,1965,1982,1995,233,,,False,False,False,,none,False,False,
691,random,https://www.draftguru.com.au/players/aldo_dipetta/1,players/A/Aldo_Dipetta.html,bridged,offline_strong,BIRTH_YEAR_CONSISTENT_TOLERANCE;DEBUT_BEFORE_EARLIEST_RECRUITMENT;SPAN_CONTAINS_EARLIEST_RECRUITMENT_YEAR;GAMES_INCONSISTENT;CLUB_HISTORY_OVERLAPS,Aldo Dipetta,1972,1971,1990,1993,7,1992,Mid-Season,False,False,False,,none,False,False,
692,random,https://www.draftguru.com.au/players/frazer_dale/1,players/F/Frazer_Dale.html,bridged,offline_strong,BIRTH_YEAR_CONSISTENT;DEBUT_NOT_BEFORE_EARLIEST_RECRUITMENT;GAMES_CONSISTENT;CLUB_HISTORY_OVERLAPS,Frazer Dale,1993,1993,2012,2012,2,2011,Rookie,False,False,False,,none,False,False,
693,random,https://www.draftguru.com.au/players/nicholas_beardsley/1,players/N/Nicholas_Beardsley.html,bridged,offline_strong,BIRTH_YEAR_CONSISTENT;DEBUT_NOT_BEFORE_EARLIEST_RECRUITMENT;GAMES_CONSISTENT;CLUB_HISTORY_OVERLAPS,Nicholas Beardsley,1969,1969,1990,1990,1,1989,Pre-Season,False,False,False,,none,False,False,
694,random,https://www.draftguru.com.au/players/matt_guelfi/1,players/M/Matt_Guelfi.html,bridged,offline_strong,BIRTH_YEAR_CONSISTENT;DEBUT_NOT_BEFORE_EARLIEST_RECRUITMENT;GAMES_CONSISTENT;CLUB_HISTORY_OVERLAPS,Matt Guelfi,1997,1997,2018,2025,121,2017,National,False,False,False,,none,False,False,
695,random,https://www.draftguru.com.au/players/jason_taylor/1,players/J/Jason_Taylor.html,bridged,offline_strong,BIRTH_YEAR_CONSISTENT;DEBUT_NOT_BEFORE_EARLIEST_RECRUITMENT;GAMES_CONSISTENT;CLUB_HISTORY_OVERLAPS,Jason Taylor,1968,1968,1990,1997,91,1986,National,False,False,False,,none,False,False,
696,random,https://www.draftguru.com.au/players/domenic_cassisi/1,players/D/Domenic_Cassisi.html,bridged,offline_strong,BIRTH_YEAR_CONSISTENT;DEBUT_NOT_BEFORE_EARLIEST_RECRUITMENT;GAMES_CONSISTENT;CLUB_HISTORY_OVERLAPS,Domenic Cassisi,1982,1982,2002,2014,228,2000,National,False,False,False,,none,False,False,
697,random,https://www.draftguru.com.au/players/kallan_dawson/1,players/K/Kallan_Dawson.html,bridged,offline_strong,BIRTH_YEAR_CONSISTENT;DEBUT_NOT_BEFORE_EARLIEST_RECRUITMENT;GAMES_CONSISTENT;CLUB_HISTORY_OVERLAPS,Kallan Dawson,1998,1998,2022,2025,19,2021,Mid-Season,False,False,False,,none,False,False,
698,random,https://www.draftguru.com.au/players/glenn_kilpatrick/1,players/G/Glenn_Kilpatrick.html,bridged,offline_strong,BIRTH_YEAR_CONSISTENT;DEBUT_NOT_BEFORE_EARLIEST_RECRUITMENT;GAMES_CONSISTENT;CLUB_HISTORY_OVERLAPS,Glenn Kilpatrick,1972,1972,1992,2002,146,1991,Pre-Season,False,False,False,,none,False,False,
699,random,https://www.draftguru.com.au/players/cameron_cloke/1,players/C/Cameron_Cloke.html,bridged,offline_strong,BIRTH_YEAR_CONSISTENT_TOLERANCE;DEBUT_NOT_BEFORE_EARLIEST_RECRUITMENT;GAMES_CONSISTENT;CLUB_HISTORY_OVERLAPS,Cameron Cloke,1984,1985,2004,2010,58,2002,National,False,False,False,,none,False,False,
700,random,https://www.draftguru.com.au/players/caleb_poulter/1,players/C/Caleb_Poulter.html,bridged,offline_strong,BIRTH_YEAR_CONSISTENT;DEBUT_NOT_BEFORE_EARLIEST_RECRUITMENT;GAMES_CONSISTENT;CLUB_HISTORY_OVERLAPS,Caleb Poulter,2002,2002,2021,2025,35,2020,National,False,False,False,,none,False,False,
701,random,https://www.draftguru.com.au/players/stuart_bown/1,players/S/Stuart_Bown.html,bridged,offline_strong,BIRTH_YEAR_CONSISTENT;DEBUT_NOT_BEFORE_EARLIEST_RECRUITMENT;GAMES_CONSISTENT;CLUB_HISTORY_OVERLAPS,Stuart Bown,1978,1978,2001,2001,4,1998,Rookie,False,False,False,,none,False,False,
702,random,https://www.draftguru.com.au/players/phillip_read/1,players/P/Phillip_Read.html,bridged,offline_strong,BIRTH_YEAR_CONSISTENT_TOLERANCE;DEBUT_NOT_BEFORE_EARLIEST_RECRUITMENT;GAMES_CONSISTENT;CLUB_HISTORY_OVERLAPS,Phillip Read,1979,1980,1998,2006,108,1997,National,False,False,False,,none,False,False,
703,random,https://www.draftguru.com.au/players/lachlan_fogarty/1,players/L/Lachie_Fogarty.html,bridged,offline_strong,NAME_VARIANT;BIRTH_YEAR_CONSISTENT;DEBUT_NOT_BEFORE_EARLIEST_RECRUITMENT;GAMES_CONSISTENT;CLUB_HISTORY_OVERLAPS,Lachlan Fogarty,1999,1999,2018,2025,90,2017,National,False,False,True,,none,False,True,
704,random,https://www.draftguru.com.au/players/steven_may/1,players/S/Steven_May.html,bridged,offline_strong,BIRTH_YEAR_CONSISTENT;DEBUT_NOT_BEFORE_EARLIEST_RECRUITMENT;GAMES_CONSISTENT;CLUB_HISTORY_OVERLAPS,Steven May,1992,1992,2011,2025,251,2010,Pre-Draft,False,False,False,,none,False,False,
705,random,https://www.draftguru.com.au/players/jesse_crichton/1,players/J/Jesse_Crichton.html,bridged,offline_strong,BIRTH_YEAR_CONSISTENT;DEBUT_NOT_BEFORE_EARLIEST_RECRUITMENT;GAMES_CONSISTENT;CLUB_HISTORY_OVERLAPS,Jesse Crichton,1991,1991,2010,2013,18,2009,National,False,False,False,,none,False,False,
706,random,https://www.draftguru.com.au/players/spencer_white/1,players/S/Spencer_White.html,bridged,offline_strong,BIRTH_YEAR_CONSISTENT;DEBUT_NOT_BEFORE_EARLIEST_RECRUITMENT;GAMES_CONSISTENT;CLUB_HISTORY_OVERLAPS,Spencer White,1994,1994,2014,2014,2,2012,National,False,False,False,,none,False,False,
707,random,https://www.draftguru.com.au/players/jeremy_mcgovern/1,players/J/Jeremy_McGovern.html,bridged,offline_strong,BIRTH_YEAR_CONSISTENT;DEBUT_NOT_BEFORE_EARLIEST_RECRUITMENT;GAMES_CONSISTENT;CLUB_HISTORY_OVERLAPS,Jeremy McGovern,1992,1992,2014,2025,197,2010,Rookie,False,False,False,,none,False,False,
708,random,https://www.draftguru.com.au/players/zac_taylor/1,players/Z/Zac_Taylor.html,bridged,offline_strong,BIRTH_YEAR_CONSISTENT;DEBUT_NOT_BEFORE_EARLIEST_RECRUITMENT;GAMES_CONSISTENT;CLUB_HISTORY_OVERLAPS,Zac Taylor,2003,2003,2024,2025,26,2021,National,False,False,False,,none,False,False,
709,random,https://www.draftguru.com.au/players/isaac_quaynor/1,players/I/Isaac_Quaynor.html,bridged,offline_strong,BIRTH_YEAR_CONSISTENT;DEBUT_NOT_BEFORE_EARLIEST_RECRUITMENT;GAMES_CONSISTENT;CLUB_HISTORY_OVERLAPS,Isaac Quaynor,2000,2000,2019,2025,133,2018,National,False,False,False,,none,False,False,
710,random,https://www.draftguru.com.au/players/connor_menadue/1,players/C/Connor_Menadue.html,bridged,offline_strong,BIRTH_YEAR_CONSISTENT;DEBUT_NOT_BEFORE_EARLIEST_RECRUITMENT;GAMES_CONSISTENT;CLUB_HISTORY_OVERLAPS,Connor Menadue,1996,1996,2015,2021,46,2014,National,False,False,False,,none,False,False,
711,random,https://www.draftguru.com.au/players/josh_lai/1,players/J/Josh_Lai.html,target_not_registered,target_unregistered,TARGET_NOT_REGISTERED,Josh Lai,2005,,,,,2024,Post-Draft,False,False,False,,none,False,True,
712,random,https://www.draftguru.com.au/players/paul_patterson/1,players/P/Paul_Patterson.html,bridged,offline_strong,BIRTH_YEAR_CONSISTENT;DEBUT_NOT_BEFORE_EARLIEST_RECRUITMENT;GAMES_CONSISTENT;CLUB_HISTORY_OVERLAPS,Paul Patterson,1965,1965,1991,1993,9,1990,Pre-Draft,False,False,False,,none,False,False,
713,random,https://www.draftguru.com.au/players/jack_steven/1,players/J/Jack_Steven.html,bridged,offline_strong,BIRTH_YEAR_CONSISTENT;DEBUT_NOT_BEFORE_EARLIEST_RECRUITMENT;GAMES_CONSISTENT;CLUB_HISTORY_OVERLAPS,Jack Steven,1990,1990,2009,2020,192,2007,National,False,False,False,,none,False,False,
714,random,https://www.draftguru.com.au/players/mitch_edwards/1,players/M/Mitchell_Edwards.html,target_not_registered,target_unregistered,TARGET_NOT_REGISTERED,Mitch Edwards,2005,,,,,2023,National,False,False,False,,none,False,True,
715,random,https://www.draftguru.com.au/players/sean_wellman/1,players/S/Sean_Wellman.html,bridged,offline_strong,BIRTH_YEAR_CONSISTENT;SPAN_CONTAINS_EARLIEST_RECRUITMENT_YEAR;GAMES_INCONSISTENT;CLUB_HISTORY_OVERLAPS,Sean Wellman,1974,1974,1994,2004,212,,,False,False,False,,none,False,False,
716,random,https://www.draftguru.com.au/players/tom_murphy/1,players/T/Tom_Murphy.html,target_not_registered,target_unregistered,TARGET_NOT_REGISTERED,Tom Murphy,1986,,,,,2004,National,False,False,False,numbering,none,False,True,
717,random,https://www.draftguru.com.au/players/daniel_merrett/1,players/D/Daniel_Merrett.html,bridged,offline_strong,BIRTH_YEAR_CONSISTENT_TOLERANCE;DEBUT_NOT_BEFORE_EARLIEST_RECRUITMENT;GAMES_CONSISTENT;CLUB_HISTORY_OVERLAPS,Daniel Merrett,1984,1985,2005,2016,200,2002,National,False,False,False,,none,False,False,
718,random,https://www.draftguru.com.au/players/luke_webster/1,players/L/Luke_Webster.html,bridged,offline_strong,BIRTH_YEAR_CONSISTENT;DEBUT_NOT_BEFORE_EARLIEST_RECRUITMENT;GAMES_CONSISTENT;CLUB_HISTORY_OVERLAPS,Luke Webster,1982,1982,2003,2007,33,2001,Rookie,False,False,False,,none,False,False,
719,random,https://www.draftguru.com.au/players/scott_watters/1,players/S/Scott_Watters.html,bridged,offline_strong,BIRTH_YEAR_CONSISTENT;DEBUT_NOT_BEFORE_EARLIEST_RECRUITMENT;GAMES_CONSISTENT;CLUB_HISTORY_OVERLAPS,Scott Watters,1969,1969,1989,1996,109,1988,Pre-Draft,False,False,False,,none,False,False,
720,random,https://www.draftguru.com.au/players/charlie_constable/1,players/C/Charlie_Constable.html,bridged,offline_strong,BIRTH_YEAR_CONSISTENT;DEBUT_NOT_BEFORE_EARLIEST_RECRUITMENT;GAMES_CONSISTENT;CLUB_HISTORY_OVERLAPS,Charlie Constable,1999,1999,2019,2023,16,2017,National,False,False,False,,none,False,False,
721,random,https://www.draftguru.com.au/players/billy_frampton/1,players/B/Billy_Frampton.html,bridged,offline_strong,BIRTH_YEAR_CONSISTENT;DEBUT_NOT_BEFORE_EARLIEST_RECRUITMENT;GAMES_CONSISTENT;CLUB_HISTORY_OVERLAPS,Billy Frampton,1996,1996,2018,2025,74,2014,National,False,False,False,,none,False,False,
722,random,https://www.draftguru.com.au/players/jarrod_cameron/1,players/J/Jarrod_Cameron.html,bridged,offline_strong,BIRTH_YEAR_CONSISTENT;DEBUT_NOT_BEFORE_EARLIEST_RECRUITMENT;GAMES_CONSISTENT;CLUB_HISTORY_OVERLAPS,Jarrod Cameron,2000,2000,2019,2020,12,2018,National,False,False,False,,none,False,False,
723,random,https://www.draftguru.com.au/players/tanner_bruhn/1,players/T/Tanner_Bruhn.html,bridged,offline_strong,BIRTH_YEAR_CONSISTENT;DEBUT_NOT_BEFORE_EARLIEST_RECRUITMENT;GAMES_INCONSISTENT;CLUB_HISTORY_OVERLAPS,Tanner Bruhn,2002,2002,2021,2024,66,2020,National,False,False,False,,none,False,False,
724,random,https://www.draftguru.com.au/players/mitch_podhajski/1,players/M/Mitch_Podhajski.html,target_not_registered,target_unregistered,TARGET_NOT_REGISTERED,Mitch Podhajski,1999,,,,,2025,Mid-Season,False,False,False,,none,False,True,
725,random,https://www.draftguru.com.au/players/billie_smedts/1,players/B/Billie_Smedts.html,bridged,offline_strong,BIRTH_YEAR_CONSISTENT;DEBUT_NOT_BEFORE_EARLIEST_RECRUITMENT;GAMES_CONSISTENT;CLUB_HISTORY_OVERLAPS,Billie Smedts,1992,1992,2012,2017,47,2010,National,False,False,False,,none,False,False,
726,random,https://www.draftguru.com.au/players/lawson_humphries/1,players/L/Lawson_Humphries.html,bridged,offline_strong,BIRTH_YEAR_CONSISTENT;DEBUT_NOT_BEFORE_EARLIEST_RECRUITMENT;GAMES_CONSISTENT;CLUB_HISTORY_OVERLAPS,Lawson Humphries,2003,2003,2024,2025,36,2023,National,False,False,False,,none,False,False,
727,random,https://www.draftguru.com.au/players/ryan_maric/1,players/R/Ryan_Maric.html,bridged,offline_strong,BIRTH_YEAR_CONSISTENT;DEBUT_NOT_BEFORE_EARLIEST_RECRUITMENT;GAMES_CONSISTENT;CLUB_HISTORY_OVERLAPS,Ryan Maric,2004,2004,2023,2025,51,2022,Mid-Season,False,False,False,,none,False,False,
728,random,https://www.draftguru.com.au/players/nic_martin/1,players/N/Nic_Martin.html,bridged,offline_strong,BIRTH_YEAR_CONSISTENT;DEBUT_NOT_BEFORE_EARLIEST_RECRUITMENT;GAMES_CONSISTENT;CLUB_HISTORY_OVERLAPS,Nic Martin,2001,2001,2022,2025,83,2021,Post-Draft,False,False,False,,none,False,False,
729,random,https://www.draftguru.com.au/players/charlie_spargo/1,players/C/Charlie_Spargo.html,bridged,offline_strong,BIRTH_YEAR_CONSISTENT;DEBUT_NOT_BEFORE_EARLIEST_RECRUITMENT;GAMES_CONSISTENT;CLUB_HISTORY_OVERLAPS,Charlie Spargo,1999,1999,2018,2025,108,2017,National,False,False,False,,none,False,False,
730,random,https://www.draftguru.com.au/players/brenton_klaebe/1,players/B/Brenton_Klaebe.html,bridged,offline_strong,BIRTH_YEAR_CONSISTENT_TOLERANCE;DEBUT_NOT_BEFORE_EARLIEST_RECRUITMENT;GAMES_CONSISTENT;CLUB_HISTORY_OVERLAPS,Brenton Klaebe,1966,1967,1991,1991,5,1988,National,False,False,False,,none,False,False,
731,random,https://www.draftguru.com.au/players/mitch_wallis/1,players/M/Mitch_Wallis.html,bridged,offline_strong,BIRTH_YEAR_CONSISTENT;DEBUT_NOT_BEFORE_EARLIEST_RECRUITMENT;GAMES_CONSISTENT;CLUB_HISTORY_OVERLAPS,Mitch Wallis,1992,1992,2011,2022,162,2010,National,False,False,False,,none,False,False,
732,random,https://www.draftguru.com.au/players/luke_darcy/1,players/L/Luke_Darcy.html,bridged,offline_strong,BIRTH_YEAR_CONSISTENT;DEBUT_NOT_BEFORE_EARLIEST_RECRUITMENT;GAMES_CONSISTENT;CLUB_HISTORY_OVERLAPS,Luke Darcy,1975,1975,1994,2007,226,1992,Pre-Draft,False,False,False,,none,False,False,
733,random,https://www.draftguru.com.au/players/brent_moloney/1,players/B/Brent_Moloney.html,bridged,offline_strong,BIRTH_YEAR_CONSISTENT;DEBUT_NOT_BEFORE_EARLIEST_RECRUITMENT;GAMES_CONSISTENT;CLUB_HISTORY_OVERLAPS,Brent Moloney,1984,1984,2003,2014,166,2002,Pre-Season,False,False,False,,none,False,False,
734,random,https://www.draftguru.com.au/players/simon_goodwin/1,players/S/Simon_Goodwin.html,bridged,offline_strong,BIRTH_YEAR_CONSISTENT_TOLERANCE;DEBUT_NOT_BEFORE_EARLIEST_RECRUITMENT;GAMES_CONSISTENT;CLUB_HISTORY_OVERLAPS,Simon Goodwin,1976,1977,1997,2010,275,1995,Pre-Season,False,False,False,,none,False,False,
735,random,https://www.draftguru.com.au/players/henry_playfair/1,players/H/Henry_Playfair.html,bridged,offline_strong,BIRTH_YEAR_CONSISTENT;DEBUT_NOT_BEFORE_EARLIEST_RECRUITMENT;GAMES_CONSISTENT;CLUB_HISTORY_OVERLAPS,Henry Playfair,1983,1983,2003,2010,68,2001,National,False,False,False,,none,False,False,
736,random,https://www.draftguru.com.au/players/jeremy_humm/1,players/J/Jeremy_Humm.html,bridged,offline_strong,BIRTH_YEAR_CONSISTENT;DEBUT_NOT_BEFORE_EARLIEST_RECRUITMENT;GAMES_CONSISTENT;CLUB_HISTORY_OVERLAPS,Jeremy Humm,1983,1983,2001,2006,23,2000,National,False,False,False,,none,False,False,
737,random,https://www.draftguru.com.au/players/campbell_gray/1,players/C/Campbell_Gray.html,bridged,offline_strong,BIRTH_YEAR_CONSISTENT;DEBUT_NOT_BEFORE_EARLIEST_RECRUITMENT;GAMES_CONSISTENT;CLUB_HISTORY_OVERLAPS,Campbell Gray,2003,2003,2025,2025,3,2023,Mid-Season,False,False,False,,none,False,False,
738,random,https://www.draftguru.com.au/players/angelo_lekkas/1,players/A/Angelo_Lekkas.html,bridged,offline_strong,BIRTH_YEAR_CONSISTENT;DEBUT_NOT_BEFORE_EARLIEST_RECRUITMENT;GAMES_CONSISTENT;CLUB_HISTORY_OVERLAPS,Angelo Lekkas,1976,1976,1996,2005,180,1993,National,False,False,False,,none,False,False,
739,random,https://www.draftguru.com.au/players/james_davies/1,players/J/James_Davies.html,bridged,offline_strong,BIRTH_YEAR_CONSISTENT;DEBUT_NOT_BEFORE_EARLIEST_RECRUITMENT;GAMES_CONSISTENT;CLUB_HISTORY_OVERLAPS,James Davies,1982,1982,2002,2003,3,2000,National,False,False,False,,none,False,False,
740,random,https://www.draftguru.com.au/players/leigh_colbert/1,players/L/Leigh_Colbert.html,bridged,offline_strong,BIRTH_YEAR_CONSISTENT;DEBUT_NOT_BEFORE_EARLIEST_RECRUITMENT;GAMES_CONSISTENT;CLUB_HISTORY_OVERLAPS,Leigh Colbert,1975,1975,1993,2005,209,1992,National,False,False,False,,none,False,False,
741,random,https://www.draftguru.com.au/players/jake_waterman/1,players/J/Jake_Waterman.html,bridged,offline_strong,BIRTH_YEAR_CONSISTENT;DEBUT_NOT_BEFORE_EARLIEST_RECRUITMENT;GAMES_CONSISTENT;CLUB_HISTORY_OVERLAPS,Jake Waterman,1998,1998,2018,2025,112,2016,National,False,False,False,,none,False,False,
742,random,https://www.draftguru.com.au/players/simon_godfrey/1,players/S/Simon_Godfrey.html,bridged,offline_strong,BIRTH_YEAR_CONSISTENT;DEBUT_NOT_BEFORE_EARLIEST_RECRUITMENT;GAMES_CONSISTENT;CLUB_HISTORY_OVERLAPS,Simon Godfrey,1980,1980,2000,2007,105,1999,Pre-Season,False,False,False,,none,False,False,
743,random,https://www.draftguru.com.au/players/joel_macdonald/1,players/J/Joel_Macdonald.html,bridged,offline_strong,BIRTH_YEAR_CONSISTENT;DEBUT_NOT_BEFORE_EARLIEST_RECRUITMENT;GAMES_CONSISTENT;CLUB_HISTORY_OVERLAPS,Joel Macdonald,1984,1984,2004,2013,124,2002,Rookie,False,False,False,,none,False,False,
744,random,https://www.draftguru.com.au/players/daniel_venables/1,players/D/Daniel_Venables.html,bridged,offline_strong,BIRTH_YEAR_CONSISTENT_TOLERANCE;DEBUT_NOT_BEFORE_EARLIEST_RECRUITMENT;GAMES_CONSISTENT;CLUB_HISTORY_OVERLAPS,Daniel Venables,1998,1999,2018,2019,21,2016,National,False,False,False,,none,False,False,
745,random,https://www.draftguru.com.au/players/jordan_clark/1,players/J/Jordan_Clark.html,bridged,offline_strong,BIRTH_YEAR_CONSISTENT;DEBUT_NOT_BEFORE_EARLIEST_RECRUITMENT;GAMES_CONSISTENT;CLUB_HISTORY_OVERLAPS,Jordan Clark,2000,2000,2019,2025,126,2018,National,False,False,False,,none,False,False,
746,random,https://www.draftguru.com.au/players/ian_callinan/1,players/I/Ian_Callinan.html,bridged,offline_strong,BIRTH_YEAR_CONSISTENT;DEBUT_NOT_BEFORE_EARLIEST_RECRUITMENT;GAMES_CONSISTENT;CLUB_HISTORY_OVERLAPS,Ian Callinan,1982,1982,2011,2013,32,2010,Rookie,False,False,False,,none,False,False,
747,random,https://www.draftguru.com.au/players/tony_lynn/1,players/T/Tony_Lynn.html,bridged,offline_strong,BIRTH_YEAR_CONSISTENT;DEBUT_BEFORE_EARLIEST_RECRUITMENT;SPAN_CONTAINS_EARLIEST_RECRUITMENT_YEAR;GAMES_INCONSISTENT;CLUB_HISTORY_OVERLAPS,Tony Lynn,1968,1968,1988,1996,33,1992,Mid-Season,False,False,False,,none,False,False,
748,random,https://www.draftguru.com.au/players/nathan_brown/1,players/N/Nathan_Brown0.html,bridged,offline_strong,BIRTH_YEAR_CONSISTENT;DEBUT_NOT_BEFORE_EARLIEST_RECRUITMENT;GAMES_CONSISTENT;CLUB_HISTORY_OVERLAPS,Nathan Brown,1976,1976,1998,2007,146,1997,National,True,False,False,,none,False,True,
749,random,https://www.draftguru.com.au/players/robert_haddrill/1,players/R/Robert_Haddrill.html,bridged,offline_strong,BIRTH_YEAR_CONSISTENT;DEBUT_NOT_BEFORE_EARLIEST_RECRUITMENT;GAMES_CONSISTENT;CLUB_HISTORY_OVERLAPS,Robert Haddrill,1981,1981,2001,2007,58,1999,Rookie,False,False,False,,none,False,False,
750,random,https://www.draftguru.com.au/players/jacob_bauer/1,players/J/Jacob_Bauer.html,bridged,offline_strong,BIRTH_YEAR_CONSISTENT;DEBUT_NOT_BEFORE_EARLIEST_RECRUITMENT;GAMES_CONSISTENT;CLUB_HISTORY_OVERLAPS,Jacob Bauer,2002,2002,2023,2025,12,2021,Mid-Season,False,False,False,,none,False,False,
751,random,https://www.draftguru.com.au/players/daniel_talia/1,players/D/Daniel_Talia.html,bridged,offline_strong,BIRTH_YEAR_CONSISTENT;DEBUT_NOT_BEFORE_EARLIEST_RECRUITMENT;GAMES_CONSISTENT;CLUB_HISTORY_OVERLAPS,Daniel Talia,1991,1991,2011,2020,200,2009,National,False,False,False,,none,False,False,
752,random,https://www.draftguru.com.au/players/ollie_hanrahan/1,players/O/Oliver_Hanrahan.html,bridged,offline_strong,NAME_VARIANT;BIRTH_YEAR_CONSISTENT;DEBUT_NOT_BEFORE_EARLIEST_RECRUITMENT;GAMES_CONSISTENT;CLUB_HISTORY_OVERLAPS,Ollie Hanrahan,1998,1998,2019,2021,29,2016,Rookie,False,False,True,,none,False,True,
753,random,https://www.draftguru.com.au/players/patrick_cripps/1,players/P/Patrick_Cripps.html,bridged,offline_strong,BIRTH_YEAR_CONSISTENT;DEBUT_NOT_BEFORE_EARLIEST_RECRUITMENT;GAMES_CONSISTENT;CLUB_HISTORY_OVERLAPS,Patrick Cripps,1995,1995,2014,2025,230,2013,National,False,False,False,,none,False,False,
754,random,https://www.draftguru.com.au/players/warren_campbell/1,players/W/Warren_Campbell.html,bridged,offline_strong,BIRTH_YEAR_CONSISTENT;DEBUT_NOT_BEFORE_EARLIEST_RECRUITMENT;GAMES_CONSISTENT;CLUB_HISTORY_OVERLAPS,Warren Campbell,1974,1974,1994,1995,19,1992,National,False,False,False,,none,False,False,
755,random,https://www.draftguru.com.au/players/jai_newcombe/1,players/J/Jai_Newcombe.html,bridged,offline_strong,BIRTH_YEAR_CONSISTENT;DEBUT_NOT_BEFORE_EARLIEST_RECRUITMENT;GAMES_CONSISTENT;CLUB_HISTORY_OVERLAPS,Jai Newcombe,2001,2001,2021,2025,102,2020,Mid-Season,False,False,False,,none,False,False,
756,random,https://www.draftguru.com.au/players/matthew_parker/1,players/M/Matthew_Parker.html,bridged,offline_strong,BIRTH_YEAR_CONSISTENT;DEBUT_NOT_BEFORE_EARLIEST_RECRUITMENT;GAMES_CONSISTENT;CLUB_HISTORY_OVERLAPS,Matthew Parker,1996,1996,2019,2022,30,2018,National,False,False,False,,none,False,False,
757,random,https://www.draftguru.com.au/players/matthew_dick/1,players/M/Matthew_Dick.html,bridged,offline_strong,BIRTH_YEAR_CONSISTENT_TOLERANCE;DEBUT_NOT_BEFORE_EARLIEST_RECRUITMENT;GAMES_CONSISTENT;CLUB_HISTORY_OVERLAPS,Matthew Dick,1994,1995,2015,2015,6,2012,National,False,False,False,,none,False,False,
758,random,https://www.draftguru.com.au/players/scott_simister/1,players/S/Scott_Simister.html,bridged,offline_strong,BIRTH_YEAR_CONSISTENT;DEBUT_NOT_BEFORE_EARLIEST_RECRUITMENT;GAMES_CONSISTENT;CLUB_HISTORY_OVERLAPS,Scott Simister,1973,1973,1993,1993,3,1992,National,False,False,False,,none,False,False,
759,random,https://www.draftguru.com.au/players/tory_dickson/1,players/T/Tory_Dickson.html,bridged,offline_strong,BIRTH_YEAR_CONSISTENT;DEBUT_NOT_BEFORE_EARLIEST_RECRUITMENT;GAMES_CONSISTENT;CLUB_HISTORY_OVERLAPS,Tory Dickson,1987,1987,2012,2020,114,2011,National,False,False,False,,none,False,False,
760,random,https://www.draftguru.com.au/players/peter_miller/1,players/P/Peter_Miller.html,bridged,offline_strong,BIRTH_YEAR_CONSISTENT;DEBUT_NOT_BEFORE_EARLIEST_RECRUITMENT;GAMES_CONSISTENT;CLUB_HISTORY_OVERLAPS,Peter Miller,1969,1969,1995,1995,16,1994,Pre-Draft,False,False,False,,none,False,False,
761,random,https://www.draftguru.com.au/players/alastair_lynch/1,players/A/Alastair_Lynch.html,bridged,offline_strong,BIRTH_YEAR_CONSISTENT;DEBUT_NOT_BEFORE_EARLIEST_RECRUITMENT;GAMES_CONSISTENT;CLUB_HISTORY_OVERLAPS,Alastair Lynch,1968,1968,1988,2004,306,1986,National,False,False,False,,none,False,False,
762,random,https://www.draftguru.com.au/players/luke_beveridge/1,players/L/Luke_Beveridge.html,bridged,offline_strong,BIRTH_YEAR_CONSISTENT;SPAN_CONTAINS_EARLIEST_RECRUITMENT_YEAR;GAMES_INCONSISTENT;CLUB_HISTORY_OVERLAPS,Luke Beveridge,1970,1970,1989,1999,118,,,False,False,False,,none,False,False,
763,random,https://www.draftguru.com.au/players/isaac_cumming/1,players/I/Isaac_Cumming.html,bridged,offline_strong,BIRTH_YEAR_CONSISTENT;DEBUT_NOT_BEFORE_EARLIEST_RECRUITMENT;GAMES_CONSISTENT;CLUB_HISTORY_OVERLAPS,Isaac Cumming,1998,1998,2018,2025,105,2016,National,False,False,False,,none,False,False,
764,random,https://www.draftguru.com.au/players/darren_smith/1,players/D/Darren_Smith.html,bridged,offline_strong,BIRTH_YEAR_CONSISTENT;DEBUT_NOT_BEFORE_EARLIEST_RECRUITMENT;GAMES_CONSISTENT;CLUB_HISTORY_OVERLAPS,Darren Smith,1965,1965,1991,1992,9,1989,National,False,False,False,,none,False,False,
765,random,https://www.draftguru.com.au/players/michael_talia/1,players/M/Michael_Talia.html,bridged,offline_strong,BIRTH_YEAR_CONSISTENT;DEBUT_NOT_BEFORE_EARLIEST_RECRUITMENT;GAMES_CONSISTENT;CLUB_HISTORY_OVERLAPS,Michael Talia,1993,1993,2012,2016,31,2011,National,False,False,False,,none,False,False,
766,random,https://www.draftguru.com.au/players/darren_mead/1,players/D/Darren_Mead.html,bridged,offline_contradict,BIRTH_YEAR_CONFLICT;DEBUT_NOT_BEFORE_EARLIEST_RECRUITMENT;GAMES_CONSISTENT;CLUB_HISTORY_OVERLAPS,Darren Mead,1971,1997,1997,2002,122,1988,National,False,False,False,,none,False,True,
767,random,https://www.draftguru.com.au/players/tony_malakellis/1,players/T/Tony_Malakellis.html,bridged,offline_strong,BIRTH_YEAR_CONSISTENT;SPAN_CONTAINS_EARLIEST_RECRUITMENT_YEAR;GAMES_INCONSISTENT;CLUB_HISTORY_OVERLAPS,Tony Malakellis,1970,1970,1990,1993,19,,,False,False,False,,none,False,False,
768,random,https://www.draftguru.com.au/players/chris_dawes/1,players/C/Chris_Dawes.html,bridged,offline_strong,BIRTH_YEAR_CONSISTENT;DEBUT_NOT_BEFORE_EARLIEST_RECRUITMENT;GAMES_CONSISTENT;CLUB_HISTORY_OVERLAPS,Chris Dawes,1988,1988,2008,2016,121,2006,National,False,False,False,,none,False,False,
769,random,https://www.draftguru.com.au/players/nathan_wilson/1,players/N/Nathan_Wilson.html,bridged,offline_strong,BIRTH_YEAR_CONSISTENT;DEBUT_NOT_BEFORE_EARLIEST_RECRUITMENT;GAMES_CONSISTENT;CLUB_HISTORY_OVERLAPS,Nathan Wilson,1993,1993,2012,2023,155,2010,Pre-Draft,False,False,False,,none,False,False,
770,random,https://www.draftguru.com.au/players/david_round/1,players/D/David_Round.html,bridged,offline_strong,BIRTH_YEAR_CONSISTENT;DEBUT_NOT_BEFORE_EARLIEST_RECRUITMENT;GAMES_CONSISTENT;CLUB_HISTORY_OVERLAPS,David Round,1978,1978,1997,1997,2,1995,Pre-Draft,False,False,False,,none,False,False,
771,random,https://www.draftguru.com.au/players/justin_charles/1,players/J/Justin_Charles.html,bridged,offline_strong,BIRTH_YEAR_CONSISTENT;DEBUT_BEFORE_EARLIEST_RECRUITMENT;SPAN_CONTAINS_EARLIEST_RECRUITMENT_YEAR;GAMES_INCONSISTENT;CLUB_HISTORY_OVERLAPS,Justin Charles,1970,1970,1989,1998,90,1994,National,False,False,False,,none,False,False,
772,random,https://www.draftguru.com.au/players/dylan_williams/2,players/D/Dylan_Williams.html,bridged,offline_strong,BIRTH_YEAR_CONSISTENT;DEBUT_NOT_BEFORE_EARLIEST_RECRUITMENT;GAMES_CONSISTENT;CLUB_HISTORY_OVERLAPS,Dylan Williams,2001,2001,2021,2025,29,2019,National,False,False,False,,none,False,False,
773,random,https://www.draftguru.com.au/players/logan_evans/1,players/L/Logan_Evans.html,bridged,offline_strong,BIRTH_YEAR_CONSISTENT;DEBUT_NOT_BEFORE_EARLIEST_RECRUITMENT;GAMES_CONSISTENT;CLUB_HISTORY_OVERLAPS,Logan Evans,2005,2005,2024,2025,23,2023,Mid-Season,False,False,False,,none,False,False,
774,random,https://www.draftguru.com.au/players/justin_crow/1,players/J/Justin_Crow.html,bridged,offline_strong,BIRTH_YEAR_CONSISTENT;DEBUT_NOT_BEFORE_EARLIEST_RECRUITMENT;GAMES_CONSISTENT;CLUB_HISTORY_OVERLAPS,Justin Crow,1983,1983,2004,2004,1,2001,Rookie,False,False,False,,none,False,False,
775,random,https://www.draftguru.com.au/players/kristian_jaksch/1,players/K/Kristian_Jaksch.html,bridged,offline_strong,BIRTH_YEAR_CONSISTENT;DEBUT_NOT_BEFORE_EARLIEST_RECRUITMENT;GAMES_CONSISTENT;CLUB_HISTORY_OVERLAPS,Kristian Jaksch,1994,1994,2013,2016,14,2012,National,False,False,False,,none,False,False,
776,random,https://www.draftguru.com.au/players/jason_ashby/1,players/J/Jason_Ashby.html,bridged,offline_strong,BIRTH_YEAR_CONSISTENT;DEBUT_NOT_BEFORE_EARLIEST_RECRUITMENT;GAMES_CONSISTENT;CLUB_HISTORY_OVERLAPS,Jason Ashby,1994,1994,2014,2016,12,2012,National,False,False,False,,none,False,False,
777,random,https://www.draftguru.com.au/players/luke_lowden/1,players/L/Luke_Lowden.html,bridged,offline_strong,BIRTH_YEAR_CONSISTENT;DEBUT_NOT_BEFORE_EARLIEST_RECRUITMENT;GAMES_CONSISTENT;CLUB_HISTORY_OVERLAPS,Luke Lowden,1991,1991,2014,2014,1,2008,National,False,False,False,,none,False,False,
778,random,https://www.draftguru.com.au/players/jason_love/1,players/J/Jason_Love.html,bridged,offline_strong,BIRTH_YEAR_CONSISTENT_TOLERANCE;DEBUT_BEFORE_EARLIEST_RECRUITMENT;SPAN_CONTAINS_EARLIEST_RECRUITMENT_YEAR;GAMES_INCONSISTENT;CLUB_HISTORY_OVERLAPS,Jason Love,1965,1966,1986,1992,68,1990,Pre-Draft,False,False,False,,none,False,False,
779,random,https://www.draftguru.com.au/players/bruce_lindner/1,players/B/Bruce_Lindner.html,bridged,offline_strong,BIRTH_YEAR_CONSISTENT;DEBUT_BEFORE_EARLIEST_RECRUITMENT;SPAN_CONTAINS_EARLIEST_RECRUITMENT_YEAR;GAMES_INCONSISTENT;CLUB_HISTORY_OVERLAPS,Bruce Lindner,1961,1961,1985,1992,85,1990,Pre-Draft,False,False,False,,none,False,False,
780,random,https://www.draftguru.com.au/players/kayle_kirby/1,players/K/Kayle_Kirby.html,bridged,offline_strong,BIRTH_YEAR_CONSISTENT;DEBUT_NOT_BEFORE_EARLIEST_RECRUITMENT;GAMES_CONSISTENT;CLUB_HISTORY_OVERLAPS,Kayle Kirby,1998,1998,2017,2017,1,2016,National,False,False,False,,none,False,False,
781,random,https://www.draftguru.com.au/players/tom_gilligan/2,players/T/Tom_Gilligan0.html,bridged,offline_strong,BIRTH_YEAR_CONSISTENT_TOLERANCE;DEBUT_NOT_BEFORE_EARLIEST_RECRUITMENT;GAMES_CONSISTENT;CLUB_HISTORY_OVERLAPS,Tom Gilligan,1978,1979,1997,1997,3,1996,National,True,False,False,,none,False,True,
782,random,https://www.draftguru.com.au/players/tony_symonds/1,players/T/Tony_Symonds.html,bridged,offline_strong,BIRTH_YEAR_CONSISTENT;DEBUT_NOT_BEFORE_EARLIEST_RECRUITMENT;GAMES_CONSISTENT;CLUB_HISTORY_OVERLAPS,Tony Symonds,1962,1962,1987,1987,3,1986,National,False,False,False,,none,False,False,
783,random,https://www.draftguru.com.au/players/mark_bunn/1,players/M/Mark_Bunn.html,bridged,offline_strong,BIRTH_YEAR_CONSISTENT;DEBUT_BEFORE_EARLIEST_RECRUITMENT;SPAN_CONTAINS_EARLIEST_RECRUITMENT_YEAR;GAMES_INCONSISTENT;CLUB_HISTORY_OVERLAPS,Mark Bunn,1970,1970,1990,1995,53,1992,Pre-Season,False,False,False,,none,False,False,
784,random,https://www.draftguru.com.au/players/chris_mayne/1,players/C/Chris_Mayne.html,bridged,offline_strong,BIRTH_YEAR_CONSISTENT_TOLERANCE;DEBUT_NOT_BEFORE_EARLIEST_RECRUITMENT;GAMES_CONSISTENT;CLUB_HISTORY_OVERLAPS,Chris Mayne,1988,1989,2008,2021,248,2007,National,False,False,False,,none,False,False,
785,random,https://www.draftguru.com.au/players/andrew_mcleod/1,players/A/Andrew_McLeod.html,bridged,offline_strong,BIRTH_YEAR_CONSISTENT;DEBUT_NOT_BEFORE_EARLIEST_RECRUITMENT;GAMES_CONSISTENT;CLUB_HISTORY_OVERLAPS,Andrew McLeod,1976,1976,1995,2010,340,1994,Pre-Draft,False,False,False,,none,False,False,
786,random,https://www.draftguru.com.au/players/matt_rosa/1,players/M/Matt_Rosa.html,bridged,offline_strong,BIRTH_YEAR_CONSISTENT;DEBUT_NOT_BEFORE_EARLIEST_RECRUITMENT;GAMES_CONSISTENT;CLUB_HISTORY_OVERLAPS,Matt Rosa,1986,1986,2005,2018,207,2004,National,False,False,False,,none,False,False,
787,random,https://www.draftguru.com.au/players/joel_amartey/1,players/J/Joel_Amartey.html,bridged,offline_strong,BIRTH_YEAR_CONSISTENT;DEBUT_NOT_BEFORE_EARLIEST_RECRUITMENT;GAMES_CONSISTENT;CLUB_HISTORY_OVERLAPS,Joel Amartey,1999,1999,2020,2025,61,2017,Rookie,False,False,False,,none,False,False,
788,random,https://www.draftguru.com.au/players/neville_jetta/1,players/N/Neville_Jetta.html,bridged,offline_strong,BIRTH_YEAR_CONSISTENT;DEBUT_NOT_BEFORE_EARLIEST_RECRUITMENT;GAMES_CONSISTENT;CLUB_HISTORY_OVERLAPS,Neville Jetta,1990,1990,2009,2021,159,2008,National,False,False,False,,none,False,False,
789,random,https://www.draftguru.com.au/players/callum_brown/2,players/C/Callum_Brown1.html,bridged,offline_strong,BIRTH_YEAR_CONSISTENT;DEBUT_NOT_BEFORE_EARLIEST_RECRUITMENT;GAMES_CONSISTENT;CLUB_HISTORY_OVERLAPS,Callum Brown,2000,2000,2021,2025,64,2018,Pre-Draft,True,False,False,,none,False,True,
790,random,https://www.draftguru.com.au/players/chance_bateman/1,players/C/Chance_Bateman.html,bridged,offline_strong,BIRTH_YEAR_CONSISTENT;DEBUT_NOT_BEFORE_EARLIEST_RECRUITMENT;GAMES_CONSISTENT;CLUB_HISTORY_OVERLAPS,Chance Bateman,1981,1981,2000,2012,177,1999,National,False,False,False,,none,False,False,
791,random,https://www.draftguru.com.au/players/ned_reeves/1,players/N/Ned_Reeves.html,bridged,offline_strong,BIRTH_YEAR_CONSISTENT;DEBUT_NOT_BEFORE_EARLIEST_RECRUITMENT;GAMES_CONSISTENT;CLUB_HISTORY_OVERLAPS,Ned Reeves,1998,1998,2021,2025,43,2018,Post-Draft,False,False,False,,none,False,False,
792,random,https://www.draftguru.com.au/players/sean_denham/1,players/S/Sean_Denham.html,bridged,offline_strong,BIRTH_YEAR_CONSISTENT;SPAN_CONTAINS_EARLIEST_RECRUITMENT_YEAR;GAMES_INCONSISTENT;CLUB_HISTORY_OVERLAPS,Sean Denham,1969,1969,1987,2000,186,,,False,False,False,,none,False,False,
793,random,https://www.draftguru.com.au/players/lachie_bramble/1,players/L/Lachlan_Bramble.html,bridged,offline_strong,NAME_VARIANT;BIRTH_YEAR_CONSISTENT;DEBUT_BEFORE_EARLIEST_RECRUITMENT;SPAN_CONTAINS_EARLIEST_RECRUITMENT_YEAR;GAMES_INCONSISTENT;CLUB_HISTORY_OVERLAPS,Lachie Bramble,1998,1998,2021,2025,77,2023,Post-Draft,False,False,True,,none,False,True,
794,random,https://www.draftguru.com.au/players/clinton_shaw/1,players/C/Clinton_Shaw.html,bridged,offline_strong,BIRTH_YEAR_CONSISTENT;DEBUT_NOT_BEFORE_EARLIEST_RECRUITMENT;GAMES_CONSISTENT;CLUB_HISTORY_OVERLAPS,Clinton Shaw,1976,1976,1994,1994,6,1993,National,False,False,False,,none,False,False,
795,random,https://www.draftguru.com.au/players/ricky_dyson/1,players/R/Ricky_Dyson.html,bridged,offline_strong,BIRTH_YEAR_CONSISTENT;DEBUT_NOT_BEFORE_EARLIEST_RECRUITMENT;GAMES_CONSISTENT;CLUB_HISTORY_OVERLAPS,Ricky Dyson,1985,1985,2004,2012,114,2003,National,False,False,False,,none,False,False,
796,random,https://www.draftguru.com.au/players/jake_rogers/1,players/J/Jake_Rogers.html,bridged,offline_strong,BIRTH_YEAR_CONSISTENT;DEBUT_NOT_BEFORE_EARLIEST_RECRUITMENT;GAMES_CONSISTENT;CLUB_HISTORY_OVERLAPS,Jake Rogers,2005,2005,2024,2025,18,2023,National,False,False,False,,none,False,False,
797,random,https://www.draftguru.com.au/players/david_teague/1,players/D/David_Teague.html,bridged,offline_strong,BIRTH_YEAR_CONSISTENT;DEBUT_NOT_BEFORE_EARLIEST_RECRUITMENT;GAMES_CONSISTENT;CLUB_HISTORY_OVERLAPS,David Teague,1981,1981,2001,2006,83,2000,Rookie,False,False,False,,none,False,False,
798,random,https://www.draftguru.com.au/players/matthew_spangher/1,players/M/Matthew_Spangher.html,bridged,offline_strong,BIRTH_YEAR_CONSISTENT;DEBUT_NOT_BEFORE_EARLIEST_RECRUITMENT;GAMES_CONSISTENT;CLUB_HISTORY_OVERLAPS,Matthew Spangher,1987,1987,2008,2016,56,2005,National,False,False,False,,none,False,False,
799,random,https://www.draftguru.com.au/players/jeremy_howe/1,players/J/Jeremy_Howe.html,bridged,offline_strong,BIRTH_YEAR_CONSISTENT;DEBUT_NOT_BEFORE_EARLIEST_RECRUITMENT;GAMES_CONSISTENT;CLUB_HISTORY_OVERLAPS,Jeremy Howe,1990,1990,2011,2025,271,2010,National,False,False,False,,none,False,False,
800,random,https://www.draftguru.com.au/players/luke_mccabe/1,players/L/Luke_McCabe.html,bridged,offline_strong,BIRTH_YEAR_CONSISTENT;DEBUT_NOT_BEFORE_EARLIEST_RECRUITMENT;GAMES_CONSISTENT;CLUB_HISTORY_OVERLAPS,Luke McCabe,1976,1976,1995,2004,138,1993,National,False,False,False,,none,False,False,
801,random,https://www.draftguru.com.au/players/greg_bentley/1,players/G/Greg_Bentley.html,bridged,offline_strong,BIRTH_YEAR_CONSISTENT;DEBUT_NOT_BEFORE_EARLIEST_RECRUITMENT;GAMES_CONSISTENT;CLUB_HISTORY_OVERLAPS,Greg Bentley,1987,1987,2006,2009,26,2005,Rookie,False,False,False,,none,False,False,
802,random,https://www.draftguru.com.au/players/jason_castagna/1,players/J/Jason_Castagna.html,bridged,offline_strong,BIRTH_YEAR_CONSISTENT;DEBUT_NOT_BEFORE_EARLIEST_RECRUITMENT;GAMES_CONSISTENT;CLUB_HISTORY_OVERLAPS,Jason Castagna,1996,1996,2016,2022,134,2014,Rookie,False,False,False,,none,False,False,
803,random,https://www.draftguru.com.au/players/simon_white/1,players/S/Simon_White.html,bridged,offline_strong,BIRTH_YEAR_CONSISTENT;DEBUT_NOT_BEFORE_EARLIEST_RECRUITMENT;GAMES_CONSISTENT;CLUB_HISTORY_OVERLAPS,Simon White,1988,1988,2010,2017,87,2009,Rookie,False,False,False,,none,False,False,
804,random,https://www.draftguru.com.au/players/paul_thomas/1,players/P/Paul_Thomas.html,bridged,offline_strong,BIRTH_YEAR_CONSISTENT;DEBUT_NOT_BEFORE_EARLIEST_RECRUITMENT;GAMES_CONSISTENT;CLUB_HISTORY_OVERLAPS,Paul Thomas,1982,1982,2005,2005,8,2001,Rookie,False,False,False,,none,False,False,
805,random,https://www.draftguru.com.au/players/toby_greene/1,players/T/Toby_Greene.html,bridged,offline_strong,BIRTH_YEAR_CONSISTENT;DEBUT_NOT_BEFORE_EARLIEST_RECRUITMENT;GAMES_CONSISTENT;CLUB_HISTORY_OVERLAPS,Toby Greene,1993,1993,2012,2025,261,2011,National,False,False,False,,none,False,False,
806,random,https://www.draftguru.com.au/players/stephen_oliver/1,players/S/Stephen_Oliver.html,bridged,offline_strong,BIRTH_YEAR_CONSISTENT;DEBUT_NOT_BEFORE_EARLIEST_RECRUITMENT;GAMES_CONSISTENT;CLUB_HISTORY_OVERLAPS,Stephen Oliver,1971,1971,1992,1994,13,1987,,False,False,False,,none,False,False,
807,random,https://www.draftguru.com.au/players/josh_mellington/1,players/J/Josh_Mellington.html,bridged,offline_strong,BIRTH_YEAR_CONSISTENT_TOLERANCE;DEBUT_NOT_BEFORE_EARLIEST_RECRUITMENT;GAMES_CONSISTENT;CLUB_HISTORY_OVERLAPS,Josh Mellington,1992,1993,2011,2013,6,2010,National,False,False,False,,none,False,False,
808,random,https://www.draftguru.com.au/players/rhys_unwin/1,players/R/Rhys_Unwin.html,bridged,offline_strong,BIRTH_YEAR_CONSISTENT;DEBUT_NOT_BEFORE_EARLIEST_RECRUITMENT;GAMES_CONSISTENT;CLUB_HISTORY_OVERLAPS,Rhys Unwin,2006,2006,2025,2025,3,2024,National,False,False,False,,none,False,False,
809,random,https://www.draftguru.com.au/players/shayne_stevenson/1,players/S/Shayne_Stevenson.html,bridged,offline_strong,BIRTH_YEAR_CONSISTENT;DEBUT_NOT_BEFORE_EARLIEST_RECRUITMENT;GAMES_CONSISTENT;CLUB_HISTORY_OVERLAPS,Shayne Stevenson,1970,1970,1991,1997,45,1989,National,False,False,False,,none,False,False,
810,random,https://www.draftguru.com.au/players/tim_rieniets/1,players/T/Tim_Rieniets.html,bridged,offline_strong,BIRTH_YEAR_CONSISTENT;DEBUT_NOT_BEFORE_EARLIEST_RECRUITMENT;GAMES_CONSISTENT;CLUB_HISTORY_OVERLAPS,Tim Rieniets,1966,1966,1990,1991,24,1989,Pre-Season,False,False,False,,none,False,False,
811,random,https://www.draftguru.com.au/players/callum_wilson/1,players/C/Callum_Wilson.html,bridged,offline_strong,BIRTH_YEAR_CONSISTENT;DEBUT_NOT_BEFORE_EARLIEST_RECRUITMENT;GAMES_CONSISTENT;CLUB_HISTORY_OVERLAPS,Callum Wilson,1988,1988,2009,2010,7,2007,Rookie,False,False,False,,none,False,False,
812,random,https://www.draftguru.com.au/players/ben_miller/1,players/B/Ben_Miller.html,bridged,offline_strong,BIRTH_YEAR_CONSISTENT;DEBUT_NOT_BEFORE_EARLIEST_RECRUITMENT;GAMES_CONSISTENT;CLUB_HISTORY_OVERLAPS,Ben Miller,1999,1999,2021,2025,69,2017,National,False,False,False,,none,False,False,
813,random,https://www.draftguru.com.au/players/luke_williams/1,players/L/Luke_Williams.html,bridged,offline_strong,BIRTH_YEAR_CONSISTENT;DEBUT_NOT_BEFORE_EARLIEST_RECRUITMENT;GAMES_CONSISTENT;CLUB_HISTORY_OVERLAPS,Luke Williams,1979,1979,1999,2005,51,1997,Rookie,False,False,False,,none,False,False,
814,random,https://www.draftguru.com.au/players/luke_norman/1,players/L/Luke_Norman.html,bridged,offline_strong,BIRTH_YEAR_CONSISTENT_TOLERANCE;DEBUT_NOT_BEFORE_EARLIEST_RECRUITMENT;GAMES_CONSISTENT;CLUB_HISTORY_OVERLAPS,Luke Norman,1971,1972,1995,1996,16,1994,National,False,False,False,,none,False,False,
815,random,https://www.draftguru.com.au/players/llane_spaanderman/1,players/L/Llane_Spaanderman.html,bridged,offline_strong,BIRTH_YEAR_CONSISTENT;DEBUT_NOT_BEFORE_EARLIEST_RECRUITMENT;GAMES_CONSISTENT;CLUB_HISTORY_OVERLAPS,Llane Spaanderman,1986,1986,2005,2005,3,2003,National,False,False,False,,none,False,False,
816,random,https://www.draftguru.com.au/players/mitch_clisby/1,players/M/Mitch_Clisby.html,bridged,offline_strong,BIRTH_YEAR_CONSISTENT;DEBUT_NOT_BEFORE_EARLIEST_RECRUITMENT;GAMES_CONSISTENT;CLUB_HISTORY_OVERLAPS,Mitch Clisby,1990,1990,2013,2013,8,2012,Rookie,False,False,False,,none,False,False,
817,random,https://www.draftguru.com.au/players/tom_logan/1,players/T/Tom_Logan.html,bridged,offline_strong,BIRTH_YEAR_CONSISTENT;DEBUT_NOT_BEFORE_EARLIEST_RECRUITMENT;GAMES_CONSISTENT;CLUB_HISTORY_OVERLAPS,Tom Logan,1985,1985,2005,2014,117,2003,National,False,False,False,,none,False,False,
818,random,https://www.draftguru.com.au/players/max_lynch/1,players/M/Max_Lynch.html,bridged,offline_strong,BIRTH_YEAR_CONSISTENT;DEBUT_NOT_BEFORE_EARLIEST_RECRUITMENT;GAMES_CONSISTENT;CLUB_HISTORY_OVERLAPS,Max Lynch,1998,1998,2020,2023,11,2016,Rookie,False,False,False,,none,False,False,
819,random,https://www.draftguru.com.au/players/tyler_sellers/1,players/T/Tyler_Sellers.html,bridged,offline_strong,BIRTH_YEAR_CONSISTENT;DEBUT_NOT_BEFORE_EARLIEST_RECRUITMENT;GAMES_CONSISTENT;CLUB_HISTORY_OVERLAPS,Tyler Sellers,2002,2002,2024,2024,2,2023,Post-Draft,False,False,False,,none,False,False,
820,random,https://www.draftguru.com.au/players/craig_mcrae/1,players/C/Craig_McRae.html,bridged,offline_strong,BIRTH_YEAR_CONSISTENT;DEBUT_NOT_BEFORE_EARLIEST_RECRUITMENT;GAMES_CONSISTENT;CLUB_HISTORY_OVERLAPS,Craig McRae,1973,1973,1995,2004,195,1992,Pre-Season,False,False,False,,none,False,False,
821,random,https://www.draftguru.com.au/players/timmy_sumner/1,players/T/Timmy_Sumner.html,bridged,offline_strong,BIRTH_YEAR_CONSISTENT;DEBUT_NOT_BEFORE_EARLIEST_RECRUITMENT;GAMES_CONSISTENT;CLUB_HISTORY_OVERLAPS,Timmy Sumner,1994,1994,2013,2014,17,2012,National,False,False,False,,none,False,False,
822,random,https://www.draftguru.com.au/players/paul_evans/1,players/P/Paul_Evans.html,bridged,offline_strong,BIRTH_YEAR_CONSISTENT_TOLERANCE;DEBUT_NOT_BEFORE_EARLIEST_RECRUITMENT;GAMES_CONSISTENT;CLUB_HISTORY_OVERLAPS,Paul Evans,1978,1979,1998,1998,6,1996,Pre-Draft,False,False,False,,none,False,False,
823,random,https://www.draftguru.com.au/players/blake_acres/1,players/B/Blake_Acres.html,bridged,offline_strong,BIRTH_YEAR_CONSISTENT;DEBUT_NOT_BEFORE_EARLIEST_RECRUITMENT;GAMES_CONSISTENT;CLUB_HISTORY_OVERLAPS,Blake Acres,1995,1995,2014,2025,187,2013,National,False,False,False,,none,False,False,
824,random,https://www.draftguru.com.au/players/matthew_carr/1,players/M/Matthew_Carr.html,bridged,offline_strong,BIRTH_YEAR_CONSISTENT_TOLERANCE;DEBUT_NOT_BEFORE_EARLIEST_RECRUITMENT;GAMES_CONSISTENT;CLUB_HISTORY_OVERLAPS,Matthew Carr,1978,1979,1999,2008,162,1995,National,False,False,False,,none,False,False,
825,random,https://www.draftguru.com.au/players/garry_phillips/1,players/G/Garry_Phillips.html,bridged,offline_strong,BIRTH_YEAR_CONSISTENT;DEBUT_NOT_BEFORE_EARLIEST_RECRUITMENT;GAMES_CONSISTENT;CLUB_HISTORY_OVERLAPS,Garry Phillips,1968,1968,1990,1990,3,1988,Pre-Season,False,False,False,,none,False,False,
826,random,https://www.draftguru.com.au/players/nick_hanson/1,players/N/Nick_Hanson.html,bridged,offline_strong,BIRTH_YEAR_CONSISTENT;DEBUT_NOT_BEFORE_EARLIEST_RECRUITMENT;GAMES_CONSISTENT;CLUB_HISTORY_OVERLAPS,Nick Hanson,1973,1973,1993,1993,1,1992,Pre-Season,False,False,False,,none,False,False,
827,random,https://www.draftguru.com.au/players/ben_speight/1,players/B/Ben_Speight.html,bridged,offline_strong,BIRTH_YEAR_CONSISTENT;DEBUT_NOT_BEFORE_EARLIEST_RECRUITMENT;GAMES_CONSISTENT;CLUB_HISTORY_OVERLAPS,Ben Speight,1990,1990,2010,2011,10,2008,Rookie,False,False,False,,none,False,False,
828,random,https://www.draftguru.com.au/players/daniel_wulf/1,players/D/Daniel_Wulf.html,bridged,offline_strong,BIRTH_YEAR_CONSISTENT;DEBUT_NOT_BEFORE_EARLIEST_RECRUITMENT;GAMES_CONSISTENT;CLUB_HISTORY_OVERLAPS,Daniel Wulf,1980,1980,2001,2003,30,1998,Pre-Season,False,False,False,,none,False,False,
829,random,https://www.draftguru.com.au/players/wayne_lamb/1,players/W/Wayne_Lamb.html,bridged,offline_strong,BIRTH_YEAR_CONSISTENT;SPAN_CONTAINS_EARLIEST_RECRUITMENT_YEAR;GAMES_INCONSISTENT;CLUB_HISTORY_OVERLAPS,Wayne Lamb,1972,1972,1992,1996,21,,,False,False,False,,none,False,False,
830,random,https://www.draftguru.com.au/players/lachie_sullivan/1,players/L/Lachlan_Sullivan.html,bridged,offline_strong,NAME_VARIANT;BIRTH_YEAR_CONSISTENT;DEBUT_NOT_BEFORE_EARLIEST_RECRUITMENT;GAMES_CONSISTENT;CLUB_HISTORY_OVERLAPS,Lachie Sullivan,1997,1997,2024,2025,24,2023,Post-Draft,False,False,True,,none,False,True,
831,random,https://www.draftguru.com.au/players/cooper_trembath/1,players/C/Cooper_Trembath.html,bridged,offline_strong,BIRTH_YEAR_CONSISTENT;DEBUT_NOT_BEFORE_EARLIEST_RECRUITMENT;GAMES_CONSISTENT;CLUB_HISTORY_OVERLAPS,Cooper Trembath,2005,2005,2025,2025,3,2024,Mid-Season,False,False,False,,none,False,False,
832,random,https://www.draftguru.com.au/players/sam_fisher/1,players/S/Sam_Fisher.html,bridged,offline_strong,BIRTH_YEAR_CONSISTENT;DEBUT_NOT_BEFORE_EARLIEST_RECRUITMENT;GAMES_CONSISTENT;CLUB_HISTORY_OVERLAPS,Sam Fisher,1982,1982,2004,2016,228,2003,National,False,False,False,,none,False,False,
833,random,https://www.draftguru.com.au/players/jamie_bennell/1,players/J/Jamie_Bennell.html,bridged,offline_strong,BIRTH_YEAR_CONSISTENT;DEBUT_NOT_BEFORE_EARLIEST_RECRUITMENT;GAMES_CONSISTENT;CLUB_HISTORY_OVERLAPS,Jamie Bennell,1990,1990,2009,2016,87,2008,National,False,False,False,,none,False,False,
834,random,https://www.draftguru.com.au/players/george_horlin-smith/1,players/G/George_Horlin-Smith.html,bridged,offline_strong,BIRTH_YEAR_CONSISTENT_TOLERANCE;DEBUT_NOT_BEFORE_EARLIEST_RECRUITMENT;GAMES_CONSISTENT;CLUB_HISTORY_OVERLAPS,George Horlin-Smith,1992,1993,2012,2019,58,2010,National,False,False,False,,none,False,False,
835,random,https://www.draftguru.com.au/players/will_day/1,players/W/Will_Day.html,bridged,offline_strong,BIRTH_YEAR_CONSISTENT;DEBUT_NOT_BEFORE_EARLIEST_RECRUITMENT;GAMES_CONSISTENT;CLUB_HISTORY_OVERLAPS,Will Day,2001,2001,2020,2025,76,2019,National,False,False,False,,none,False,False,
836,random,https://www.draftguru.com.au/players/nathan_lonie/1,players/N/Nathan_Lonie.html,bridged,offline_strong,BIRTH_YEAR_CONSISTENT;DEBUT_NOT_BEFORE_EARLIEST_RECRUITMENT;GAMES_CONSISTENT;CLUB_HISTORY_OVERLAPS,Nathan Lonie,1983,1983,2001,2008,104,2000,National,False,False,False,,none,False,False,
837,random,https://www.draftguru.com.au/players/joel_patfull/1,players/J/Joel_Patfull.html,bridged,offline_strong,BIRTH_YEAR_CONSISTENT_TOLERANCE;DEBUT_NOT_BEFORE_EARLIEST_RECRUITMENT;GAMES_CONSISTENT;CLUB_HISTORY_OVERLAPS,Joel Patfull,1984,1985,2006,2016,220,2002,Rookie,False,False,False,,none,False,False,
838,random,https://www.draftguru.com.au/players/xavier_o'neill/1,players/X/Xavier_ONeill.html,bridged,offline_strong,BIRTH_YEAR_CONSISTENT;DEBUT_NOT_BEFORE_EARLIEST_RECRUITMENT;GAMES_CONSISTENT;CLUB_HISTORY_OVERLAPS,Xavier O'Neill,2000,2000,2020,2023,39,2018,National,False,False,False,,none,False,False,
839,random,https://www.draftguru.com.au/players/darren_bolton/1,players/D/Darren_Bolton.html,bridged,offline_strong,BIRTH_YEAR_CONSISTENT_TOLERANCE;DEBUT_NOT_BEFORE_EARLIEST_RECRUITMENT;GAMES_CONSISTENT;CLUB_HISTORY_OVERLAPS,Darren Bolton,1976,1977,1999,1999,2,1998,Rookie,False,False,False,,none,False,False,
840,random,https://www.draftguru.com.au/players/kamdyn_mcintosh/1,players/K/Kamdyn_McIntosh.html,bridged,offline_strong,BIRTH_YEAR_CONSISTENT;DEBUT_NOT_BEFORE_EARLIEST_RECRUITMENT;GAMES_CONSISTENT;CLUB_HISTORY_OVERLAPS,Kamdyn McIntosh,1994,1994,2015,2025,213,2012,National,False,False,False,,none,False,False,
841,random,https://www.draftguru.com.au/players/daniel_foster/1,players/D/Daniel_Foster.html,bridged,offline_strong,BIRTH_YEAR_CONSISTENT;DEBUT_NOT_BEFORE_EARLIEST_RECRUITMENT;GAMES_CONSISTENT;CLUB_HISTORY_OVERLAPS,Daniel Foster,1982,1982,2000,2002,17,1999,National,False,False,False,,none,False,False,
842,random,https://www.draftguru.com.au/players/ben_hollands/1,players/B/Ben_Hollands.html,bridged,offline_strong,BIRTH_YEAR_CONSISTENT;DEBUT_NOT_BEFORE_EARLIEST_RECRUITMENT;GAMES_CONSISTENT;CLUB_HISTORY_OVERLAPS,Ben Hollands,1978,1978,1999,1999,8,1995,Pre-Draft,False,False,False,,none,False,False,
843,random,https://www.draftguru.com.au/players/josaia_delana/1,players/J/Josaia_Delana.html,bridged,offline_strong,BIRTH_YEAR_CONSISTENT;DEBUT_NOT_BEFORE_EARLIEST_RECRUITMENT;GAMES_CONSISTENT;CLUB_HISTORY_OVERLAPS,Josaia Delana,2006,2006,2025,2025,3,2024,Post-Draft,False,False,False,,none,False,False,
844,random,https://www.draftguru.com.au/players/ewan_thompson/1,players/E/Ewan_Thompson.html,bridged,offline_strong,BIRTH_YEAR_CONSISTENT;DEBUT_NOT_BEFORE_EARLIEST_RECRUITMENT;GAMES_CONSISTENT;CLUB_HISTORY_OVERLAPS,Ewan Thompson,1977,1977,1997,1997,4,1995,National,False,False,False,,none,False,False,
845,random,https://www.draftguru.com.au/players/curtly_hampton/1,players/C/Curtly_Hampton.html,bridged,offline_strong,BIRTH_YEAR_CONSISTENT;DEBUT_NOT_BEFORE_EARLIEST_RECRUITMENT;GAMES_CONSISTENT;CLUB_HISTORY_OVERLAPS,Curtly Hampton,1993,1993,2012,2018,63,2010,Pre-Draft,False,False,False,,none,False,False,
846,random,https://www.draftguru.com.au/players/noah_mraz/1,players/N/Noah_Mraz.html,target_not_registered,target_unregistered,TARGET_NOT_REGISTERED,Noah Mraz,2006,,,,,2024,National,False,False,False,,none,False,True,
847,random,https://www.draftguru.com.au/players/chad_liddell/1,players/C/Chad_Liddell.html,bridged,offline_strong,BIRTH_YEAR_CONSISTENT;DEBUT_NOT_BEFORE_EARLIEST_RECRUITMENT;GAMES_CONSISTENT;CLUB_HISTORY_OVERLAPS,Chad Liddell,1977,1977,1995,1998,29,1994,National,False,False,False,,none,False,False,
848,random,https://www.draftguru.com.au/players/nathan_vardy/1,players/N/Nathan_Vardy.html,bridged,offline_strong,BIRTH_YEAR_CONSISTENT;DEBUT_NOT_BEFORE_EARLIEST_RECRUITMENT;GAMES_CONSISTENT;CLUB_HISTORY_OVERLAPS,Nathan Vardy,1991,1991,2011,2021,77,2009,National,False,False,False,,none,False,False,
849,random,https://www.draftguru.com.au/players/harvey_thomas/1,players/H/Harvey_Thomas.html,bridged,offline_strong,BIRTH_YEAR_CONSISTENT;DEBUT_NOT_BEFORE_EARLIEST_RECRUITMENT;GAMES_CONSISTENT;CLUB_HISTORY_OVERLAPS,Harvey Thomas,2005,2005,2024,2025,40,2023,National,False,False,False,,none,False,False,
850,random,https://www.draftguru.com.au/players/james_harmes/1,players/J/James_Harmes.html,bridged,offline_strong,BIRTH_YEAR_CONSISTENT;DEBUT_NOT_BEFORE_EARLIEST_RECRUITMENT;GAMES_CONSISTENT;CLUB_HISTORY_OVERLAPS,James Harmes,1995,1995,2015,2025,174,2013,Rookie,False,False,False,,none,False,False,
851,random,https://www.draftguru.com.au/players/kade_simpson/1,players/K/Kade_Simpson.html,bridged,offline_strong,BIRTH_YEAR_CONSISTENT;DEBUT_NOT_BEFORE_EARLIEST_RECRUITMENT;GAMES_CONSISTENT;CLUB_HISTORY_OVERLAPS,Kade Simpson,1984,1984,2003,2020,342,2002,National,False,False,False,,none,False,False,
852,random,https://www.draftguru.com.au/players/brenton_harris/1,players/B/Brenton_Harris.html,bridged,offline_strong,BIRTH_YEAR_CONSISTENT;DEBUT_NOT_BEFORE_EARLIEST_RECRUITMENT;GAMES_CONSISTENT;CLUB_HISTORY_OVERLAPS,Brenton Harris,1969,1969,1988,1988,2,1986,National,False,False,False,,none,False,False,
853,random,https://www.draftguru.com.au/players/matthew_rogers/1,players/M/Matthew_Rogers.html,bridged,offline_strong,BIRTH_YEAR_CONSISTENT_TOLERANCE;DEBUT_NOT_BEFORE_EARLIEST_RECRUITMENT;GAMES_CONSISTENT;CLUB_HISTORY_OVERLAPS,Matthew Rogers,1973,1974,1994,2004,197,1992,National,False,False,False,,none,False,False,
854,random,https://www.draftguru.com.au/players/james_podsiadly/1,players/J/James_Podsiadly.html,bridged,offline_strong,BIRTH_YEAR_CONSISTENT;DEBUT_NOT_BEFORE_EARLIEST_RECRUITMENT;GAMES_CONSISTENT;CLUB_HISTORY_OVERLAPS,James Podsiadly,1981,1981,2010,2014,104,1999,Rookie,False,False,False,,none,False,False,
855,random,https://www.draftguru.com.au/players/danny_dickfos/1,players/D/Danny_Dickfos.html,bridged,offline_strong,BIRTH_YEAR_CONSISTENT_TOLERANCE;DEBUT_NOT_BEFORE_EARLIEST_RECRUITMENT;GAMES_CONSISTENT;CLUB_HISTORY_OVERLAPS,Danny Dickfos,1970,1971,1996,1999,65,1992,Mid-Season,False,False,False,,none,False,False,
856,random,https://www.draftguru.com.au/players/brett_allison/1,players/B/Brett_Allison.html,bridged,offline_strong,BIRTH_YEAR_CONSISTENT;DEBUT_BEFORE_EARLIEST_RECRUITMENT;SPAN_CONTAINS_EARLIEST_RECRUITMENT_YEAR;GAMES_INCONSISTENT;CLUB_HISTORY_OVERLAPS,Brett Allison,1968,1968,1987,2000,228,1999,National,False,False,False,,none,False,False,
857,random,https://www.draftguru.com.au/players/noah_howes/1,players/N/Noah_Howes.html,target_not_registered,target_unregistered,TARGET_NOT_REGISTERED,Noah Howes,2005,,,,,2024,Mid-Season,False,False,False,,none,False,True,
858,random,https://www.draftguru.com.au/players/john_georgiades/1,players/J/John_Georgiades.html,bridged,offline_strong,BIRTH_YEAR_CONSISTENT;DEBUT_NOT_BEFORE_EARLIEST_RECRUITMENT;GAMES_CONSISTENT;CLUB_HISTORY_OVERLAPS,John Georgiades,1966,1966,1989,1991,15,1988,National,False,False,False,,none,False,False,
859,random,https://www.draftguru.com.au/players/sean_o'keeffe/1,players/S/Sean_OKeeffe.html,bridged,offline_strong,BIRTH_YEAR_CONSISTENT;DEBUT_NOT_BEFORE_EARLIEST_RECRUITMENT;GAMES_CONSISTENT;CLUB_HISTORY_OVERLAPS,Sean O'Keeffe,1982,1982,2002,2003,6,2000,National,False,False,False,,none,False,False,
860,random,https://www.draftguru.com.au/players/john_barker/1,players/J/John_Barker.html,bridged,offline_strong,BIRTH_YEAR_CONSISTENT;DEBUT_NOT_BEFORE_EARLIEST_RECRUITMENT;GAMES_CONSISTENT;CLUB_HISTORY_OVERLAPS,John Barker,1975,1975,1994,2006,168,1992,National,False,False,False,,none,False,False,
861,random,https://www.draftguru.com.au/players/ashley_green/1,players/A/Ashley_Green.html,bridged,offline_strong,BIRTH_YEAR_CONSISTENT;DEBUT_NOT_BEFORE_EARLIEST_RECRUITMENT;GAMES_CONSISTENT;CLUB_HISTORY_OVERLAPS,Ashley Green,1973,1973,1992,1993,23,1989,National,False,False,False,,none,False,False,
862,random,https://www.draftguru.com.au/players/kieran_sporn/1,players/K/Kieran_Sporn.html,bridged,offline_strong,BIRTH_YEAR_CONSISTENT;DEBUT_NOT_BEFORE_EARLIEST_RECRUITMENT;GAMES_CONSISTENT;CLUB_HISTORY_OVERLAPS,Kieran Sporn,1966,1966,1989,1994,84,1986,National,False,False,False,,none,False,False,
863,random,https://www.draftguru.com.au/players/scott_welsh/1,players/S/Scott_Welsh.html,bridged,offline_strong,BIRTH_YEAR_CONSISTENT;DEBUT_NOT_BEFORE_EARLIEST_RECRUITMENT;GAMES_CONSISTENT;CLUB_HISTORY_OVERLAPS,Scott Welsh,1978,1978,1996,2009,205,1995,National,False,False,False,,none,False,False,
864,random,https://www.draftguru.com.au/players/tom_lynch/1,players/T/Tom_Lynch0.html,bridged,offline_strong,BIRTH_YEAR_CONSISTENT;DEBUT_NOT_BEFORE_EARLIEST_RECRUITMENT;GAMES_CONSISTENT;CLUB_HISTORY_OVERLAPS,Tom Lynch,1990,1990,2010,2021,164,2008,National,True,False,False,,none,False,True,
865,random,https://www.draftguru.com.au/players/will_hams/1,players/W/Will_Hams.html,bridged,offline_strong,BIRTH_YEAR_CONSISTENT;DEBUT_NOT_BEFORE_EARLIEST_RECRUITMENT;GAMES_CONSISTENT;CLUB_HISTORY_OVERLAPS,Will Hams,1994,1994,2013,2016,13,2012,Pre-Season,False,False,False,,none,False,False,
866,random,https://www.draftguru.com.au/players/steven_stretch/1,players/S/Steven_Stretch.html,bridged,offline_strong,BIRTH_YEAR_CONSISTENT;DEBUT_BEFORE_EARLIEST_RECRUITMENT;SPAN_CONTAINS_EARLIEST_RECRUITMENT_YEAR;GAMES_INCONSISTENT;CLUB_HISTORY_OVERLAPS,Steven Stretch,1964,1964,1986,1995,189,1993,Pre-Season,False,False,False,,none,False,False,
867,random,https://www.draftguru.com.au/players/ben_warren/1,players/B/Ben_Warren.html,bridged,offline_strong,BIRTH_YEAR_CONSISTENT;DEBUT_NOT_BEFORE_EARLIEST_RECRUITMENT;GAMES_CONSISTENT;CLUB_HISTORY_OVERLAPS,Ben Warren,1989,1989,2009,2012,29,2006,National,False,False,False,,none,False,False,
868,random,https://www.draftguru.com.au/players/tom_hislop/1,players/T/Tom_Hislop.html,bridged,offline_strong,BIRTH_YEAR_CONSISTENT;DEBUT_NOT_BEFORE_EARLIEST_RECRUITMENT;GAMES_CONSISTENT;CLUB_HISTORY_OVERLAPS,Tom Hislop,1988,1988,2007,2011,27,2006,National,False,False,False,,none,False,False,
869,random,https://www.draftguru.com.au/players/danny_stanley/1,players/D/Danny_Stanley.html,bridged,offline_strong,BIRTH_YEAR_CONSISTENT;DEBUT_NOT_BEFORE_EARLIEST_RECRUITMENT;GAMES_CONSISTENT;CLUB_HISTORY_OVERLAPS,Danny Stanley,1988,1988,2007,2015,88,2005,National,False,False,False,,none,False,False,
870,random,https://www.draftguru.com.au/players/brendan_lee/1,players/B/Brendan_Lee.html,bridged,offline_strong,BIRTH_YEAR_CONSISTENT;DEBUT_NOT_BEFORE_EARLIEST_RECRUITMENT;GAMES_CONSISTENT;CLUB_HISTORY_OVERLAPS,Brendan Lee,1987,1987,2012,2012,2,2011,Rookie,False,False,False,,none,False,False,
871,random,https://www.draftguru.com.au/players/garth_taylor/1,players/G/Garth_Taylor.html,bridged,offline_strong,BIRTH_YEAR_CONSISTENT;DEBUT_NOT_BEFORE_EARLIEST_RECRUITMENT;GAMES_CONSISTENT;CLUB_HISTORY_OVERLAPS,Garth Taylor,1980,1980,1999,2000,15,1998,National,False,False,False,,none,False,False,
872,random,https://www.draftguru.com.au/players/jarrod_kayler-thomson/1,players/J/Jarrod_Kayler-Thomson.html,bridged,offline_strong,BIRTH_YEAR_CONSISTENT;DEBUT_NOT_BEFORE_EARLIEST_RECRUITMENT;GAMES_CONSISTENT;CLUB_HISTORY_OVERLAPS,Jarrod Kayler-Thomson,1985,1985,2010,2010,3,2009,Rookie,False,False,False,,none,False,False,
873,random,https://www.draftguru.com.au/players/murray_wrensted/1,players/M/Murray_Wrensted.html,bridged,offline_strong,BIRTH_YEAR_CONSISTENT;DEBUT_BEFORE_EARLIEST_RECRUITMENT;SPAN_CONTAINS_EARLIEST_RECRUITMENT_YEAR;GAMES_INCONSISTENT;CLUB_HISTORY_OVERLAPS,Murray Wrensted,1964,1964,1987,1989,39,1988,Pre-Season,False,False,False,,none,False,False,
874,random,https://www.draftguru.com.au/players/david_williams/1,players/D/David_Williams.html,bridged,offline_contradict,BIRTH_YEAR_CONSISTENT_TOLERANCE;DEBUT_BEFORE_EARLIEST_RECRUITMENT;CAREER_ENDED_BEFORE_EARLIEST_RECRUITMENT;GAMES_INCONSISTENT,David Williams,1961,1962,1983,1988,67,1989,Pre-Season,False,False,False,,none,False,True,
875,random,https://www.draftguru.com.au/players/tom_hawkins/2,players/T/Tom_Hawkins.html,bridged,offline_strong,BIRTH_YEAR_CONSISTENT;DEBUT_NOT_BEFORE_EARLIEST_RECRUITMENT;GAMES_CONSISTENT;CLUB_HISTORY_OVERLAPS,Tom Hawkins,1988,1988,2007,2024,359,2006,National,False,False,False,,none,False,False,
876,random,https://www.draftguru.com.au/players/jacob_blight/1,players/J/Jacob_Blight.html,bridged,offline_strong,BIRTH_YEAR_CONSISTENT;DEBUT_NOT_BEFORE_EARLIEST_RECRUITMENT;GAMES_CONSISTENT;CLUB_HISTORY_OVERLAPS,Jacob Blight,2001,2001,2024,2025,10,2023,Mid-Season,False,False,False,,none,False,False,
877,random,https://www.draftguru.com.au/players/josh_simpson/1,players/J/Josh_Simpson.html,bridged,offline_strong,BIRTH_YEAR_CONSISTENT_TOLERANCE;DEBUT_NOT_BEFORE_EARLIEST_RECRUITMENT;GAMES_CONSISTENT;CLUB_HISTORY_OVERLAPS,Josh Simpson,1994,1993,2013,2014,2,2012,National,False,False,False,,none,False,False,
878,random,https://www.draftguru.com.au/players/andrew_siegert/1,players/A/Andrew_Siegert.html,bridged,offline_strong,BIRTH_YEAR_CONSISTENT;DEBUT_NOT_BEFORE_EARLIEST_RECRUITMENT;GAMES_CONSISTENT;CLUB_HISTORY_OVERLAPS,Andrew Siegert,1982,1982,2002,2005,36,2000,Rookie,False,False,False,,none,False,False,
879,random,https://www.draftguru.com.au/players/matt_priddis/1,players/M/Matt_Priddis.html,bridged,offline_strong,BIRTH_YEAR_CONSISTENT;DEBUT_NOT_BEFORE_EARLIEST_RECRUITMENT;GAMES_CONSISTENT;CLUB_HISTORY_OVERLAPS,Matt Priddis,1985,1985,2006,2017,240,2005,Rookie,False,False,False,,none,False,False,
880,random,https://www.draftguru.com.au/players/scott_harding/1,players/S/Scott_Harding.html,bridged,offline_strong,BIRTH_YEAR_CONSISTENT;DEBUT_NOT_BEFORE_EARLIEST_RECRUITMENT;GAMES_CONSISTENT;CLUB_HISTORY_OVERLAPS,Scott Harding,1986,1986,2006,2010,50,2004,Rookie,False,False,False,,none,False,False,
881,random,https://www.draftguru.com.au/players/anthony_mellington/1,players/A/Anthony_Mellington.html,bridged,offline_strong,BIRTH_YEAR_CONSISTENT;DEBUT_NOT_BEFORE_EARLIEST_RECRUITMENT;GAMES_CONSISTENT;CLUB_HISTORY_OVERLAPS,Anthony Mellington,1974,1974,1995,1999,44,1994,Pre-Season,False,False,False,,none,False,False,
882,random,https://www.draftguru.com.au/players/brad_davis/1,players/B/Brad_Davis.html,bridged,offline_strong,BIRTH_YEAR_CONSISTENT;DEBUT_NOT_BEFORE_EARLIEST_RECRUITMENT;GAMES_CONSISTENT;CLUB_HISTORY_OVERLAPS,Brad Davis,1972,1972,1991,1993,5,1990,National,False,False,False,,none,False,False,
883,random,https://www.draftguru.com.au/players/sam_swadling/1,players/S/Sam_Swadling.html,target_not_registered,target_unregistered,TARGET_NOT_REGISTERED,Sam Swadling,2007,,,,,2025,National,False,False,False,,none,False,True,
884,random,https://www.draftguru.com.au/players/josh_smith/1,players/J/Josh_Smith.html,target_not_registered,target_unregistered,TARGET_NOT_REGISTERED,Josh Smith,1986,,,,,2007,National,False,False,False,numbering,none,False,True,
885,random,https://www.draftguru.com.au/players/hayden_skipworth/1,players/H/Hayden_Skipworth.html,bridged,offline_strong,BIRTH_YEAR_CONSISTENT;DEBUT_NOT_BEFORE_EARLIEST_RECRUITMENT;GAMES_CONSISTENT;CLUB_HISTORY_OVERLAPS,Hayden Skipworth,1983,1983,2001,2009,55,2000,National,False,False,False,,none,False,False,
886,random,https://www.draftguru.com.au/players/lachlan_murphy/1,players/L/Lachlan_Murphy.html,bridged,offline_strong,BIRTH_YEAR_CONSISTENT;DEBUT_NOT_BEFORE_EARLIEST_RECRUITMENT;GAMES_CONSISTENT;CLUB_HISTORY_OVERLAPS,Lachlan Murphy,1998,1998,2018,2025,120,2017,Rookie,False,False,False,,none,False,False,
887,random,https://www.draftguru.com.au/players/michael_pettigrew/1,players/M/Michael_Pettigrew.html,bridged,offline_strong,BIRTH_YEAR_CONSISTENT;DEBUT_NOT_BEFORE_EARLIEST_RECRUITMENT;GAMES_CONSISTENT;CLUB_HISTORY_OVERLAPS,Michael Pettigrew,1985,1985,2004,2011,103,2003,National,False,False,False,,none,False,False,
888,random,https://www.draftguru.com.au/players/jordan_doering/1,players/J/Jordan_Doering.html,bridged,offline_strong,BIRTH_YEAR_CONSISTENT;DEBUT_NOT_BEFORE_EARLIEST_RECRUITMENT;GAMES_CONSISTENT;CLUB_HISTORY_OVERLAPS,Jordan Doering,1979,1979,2001,2002,18,1997,National,False,False,False,,none,False,False,
889,random,https://www.draftguru.com.au/players/hugh_dixon/1,players/H/Hugh_Dixon.html,bridged,offline_strong,BIRTH_YEAR_CONSISTENT;DEBUT_NOT_BEFORE_EARLIEST_RECRUITMENT;GAMES_CONSISTENT;CLUB_HISTORY_OVERLAPS,Hugh Dixon,1999,1999,2019,2022,11,2017,National,False,False,False,,none,False,False,
890,random,https://www.draftguru.com.au/players/stuart_maxfield/1,players/S/Stuart_Maxfield.html,bridged,offline_strong,BIRTH_YEAR_CONSISTENT;DEBUT_BEFORE_EARLIEST_RECRUITMENT;SPAN_CONTAINS_EARLIEST_RECRUITMENT_YEAR;GAMES_INCONSISTENT;CLUB_HISTORY_OVERLAPS,Stuart Maxfield,1972,1972,1990,2005,289,1995,Pre-Draft,False,False,False,,none,False,False,
891,random,https://www.draftguru.com.au/players/steven_greene/1,players/S/Steven_Greene.html,bridged,offline_strong,BIRTH_YEAR_CONSISTENT;DEBUT_NOT_BEFORE_EARLIEST_RECRUITMENT;GAMES_CONSISTENT;CLUB_HISTORY_OVERLAPS,Steven Greene,1982,1982,2001,2005,42,2000,National,False,False,False,,none,False,False,
892,random,https://www.draftguru.com.au/players/rhys_mathieson/1,players/R/Rhys_Mathieson.html,bridged,offline_strong,BIRTH_YEAR_CONSISTENT;DEBUT_NOT_BEFORE_EARLIEST_RECRUITMENT;GAMES_CONSISTENT;CLUB_HISTORY_OVERLAPS,Rhys Mathieson,1997,1997,2016,2022,72,2015,National,False,False,False,,none,False,False,
893,random,https://www.draftguru.com.au/players/david_palm/1,players/D/David_Palm.html,bridged,offline_strong,BIRTH_YEAR_CONSISTENT;DEBUT_NOT_BEFORE_EARLIEST_RECRUITMENT;GAMES_CONSISTENT;CLUB_HISTORY_OVERLAPS,David Palm,1958,1958,1983,1988,104,1982,,False,False,False,,none,False,False,
894,random,https://www.draftguru.com.au/players/bradd_dalziell/1,players/B/Bradd_Dalziell.html,bridged,offline_strong,BIRTH_YEAR_CONSISTENT;DEBUT_NOT_BEFORE_EARLIEST_RECRUITMENT;GAMES_CONSISTENT;CLUB_HISTORY_OVERLAPS,Bradd Dalziell,1987,1987,2008,2013,43,2007,National,False,False,False,,none,False,False,
895,random,https://www.draftguru.com.au/players/matthew_warnock/1,players/M/Matthew_Warnock.html,bridged,offline_strong,BIRTH_YEAR_CONSISTENT;DEBUT_NOT_BEFORE_EARLIEST_RECRUITMENT;GAMES_CONSISTENT;CLUB_HISTORY_OVERLAPS,Matthew Warnock,1984,1984,2006,2014,87,2004,Rookie,False,False,False,,none,False,False,
896,random,https://www.draftguru.com.au/players/sean_simpson/1,players/S/Sean_Simpson.html,bridged,offline_strong,BIRTH_YEAR_CONSISTENT;DEBUT_BEFORE_EARLIEST_RECRUITMENT;SPAN_CONTAINS_EARLIEST_RECRUITMENT_YEAR;GAMES_INCONSISTENT;CLUB_HISTORY_OVERLAPS,Sean Simpson,1970,1970,1988,1998,121,1990,Pre-Season,False,False,False,,none,False,False,
897,random,https://www.draftguru.com.au/players/fraser_mcinnes/1,players/F/Fraser_McInnes.html,bridged,offline_strong,BIRTH_YEAR_CONSISTENT;DEBUT_NOT_BEFORE_EARLIEST_RECRUITMENT;GAMES_CONSISTENT;CLUB_HISTORY_OVERLAPS,Fraser McInnes,1993,1993,2015,2018,14,2011,National,False,False,False,,none,False,False,
898,random,https://www.draftguru.com.au/players/bryan_beinke/1,players/B/Bryan_Beinke.html,bridged,offline_strong,BIRTH_YEAR_CONSISTENT;DEBUT_NOT_BEFORE_EARLIEST_RECRUITMENT;GAMES_CONSISTENT;CLUB_HISTORY_OVERLAPS,Bryan Beinke,1975,1975,1999,2002,38,1992,National,False,False,False,,none,False,False,
899,random,https://www.draftguru.com.au/players/will_slade/1,players/W/Will_Slade.html,bridged,offline_strong,BIRTH_YEAR_CONSISTENT;DEBUT_NOT_BEFORE_EARLIEST_RECRUITMENT;GAMES_CONSISTENT;CLUB_HISTORY_OVERLAPS,Will Slade,1983,1983,2002,2006,17,2001,Rookie,False,False,False,,none,False,False,
900,random,https://www.draftguru.com.au/players/danny_del-re/1,players/D/Danny_Del-Re.html,bridged,offline_strong,BIRTH_YEAR_CONSISTENT;DEBUT_NOT_BEFORE_EARLIEST_RECRUITMENT;GAMES_CONSISTENT;CLUB_HISTORY_OVERLAPS,Danny Del-Re,1968,1968,1990,1994,62,1989,Pre-Season,False,False,False,,none,False,False,
901,random,https://www.draftguru.com.au/players/jon_ballantyne/1,players/J/Jon_Ballantyne.html,bridged,offline_strong,BIRTH_YEAR_CONSISTENT;DEBUT_BEFORE_EARLIEST_RECRUITMENT;SPAN_CONTAINS_EARLIEST_RECRUITMENT_YEAR;GAMES_INCONSISTENT;CLUB_HISTORY_OVERLAPS,Jon Ballantyne,1969,1969,1990,1995,29,1993,Pre-Season,False,False,False,,none,False,False,
902,random,https://www.draftguru.com.au/players/dylan_mclaren/1,players/D/Dylan_McLaren.html,bridged,offline_strong,BIRTH_YEAR_CONSISTENT;DEBUT_NOT_BEFORE_EARLIEST_RECRUITMENT;GAMES_CONSISTENT;CLUB_HISTORY_OVERLAPS,Dylan McLaren,1982,1982,2001,2006,59,2000,Pre-Season,False,False,False,,none,False,False,
903,random,https://www.draftguru.com.au/players/bryce_retzlaff/1,players/B/Bryce_Retzlaff.html,bridged,offline_strong,BIRTH_YEAR_CONSISTENT;DEBUT_NOT_BEFORE_EARLIEST_RECRUITMENT;GAMES_CONSISTENT;CLUB_HISTORY_OVERLAPS,Bryce Retzlaff,1991,1991,2011,2011,11,2009,National,False,False,False,,none,False,False,
904,random,https://www.draftguru.com.au/players/lance_collard/1,players/L/Lance_Collard.html,bridged,offline_strong,BIRTH_YEAR_CONSISTENT;DEBUT_NOT_BEFORE_EARLIEST_RECRUITMENT;GAMES_CONSISTENT;CLUB_HISTORY_OVERLAPS,Lance Collard,2005,2005,2024,2025,15,2023,National,False,False,False,,none,False,False,
905,random,https://www.draftguru.com.au/players/brad_campbell/1,players/B/Brad_Campbell.html,bridged,offline_strong,BIRTH_YEAR_CONSISTENT_TOLERANCE;DEBUT_NOT_BEFORE_EARLIEST_RECRUITMENT;GAMES_CONSISTENT;CLUB_HISTORY_OVERLAPS,Brad Campbell,1975,1976,1997,1999,22,1996,Pre-Season,False,False,False,,none,False,False,
906,random,https://www.draftguru.com.au/players/adam_kennedy/1,players/A/Adam_Kennedy.html,bridged,offline_strong,BIRTH_YEAR_CONSISTENT;DEBUT_NOT_BEFORE_EARLIEST_RECRUITMENT;GAMES_CONSISTENT;CLUB_HISTORY_OVERLAPS,Adam Kennedy,1992,1992,2012,2023,153,2011,Pre-Draft,False,False,False,,none,False,False,
907,random,https://www.draftguru.com.au/players/jake_king/1,players/J/Jake_King.html,bridged,offline_strong,BIRTH_YEAR_CONSISTENT;DEBUT_NOT_BEFORE_EARLIEST_RECRUITMENT;GAMES_CONSISTENT;CLUB_HISTORY_OVERLAPS,Jake King,1984,1984,2007,2014,107,2006,Rookie,False,False,False,,none,False,False,
908,random,https://www.draftguru.com.au/players/liam_ryan/1,players/L/Liam_Ryan.html,bridged,offline_strong,BIRTH_YEAR_CONSISTENT;DEBUT_NOT_BEFORE_EARLIEST_RECRUITMENT;GAMES_CONSISTENT;CLUB_HISTORY_OVERLAPS,Liam Ryan,1996,1996,2018,2025,125,2017,National,False,False,False,,none,False,False,
909,random,https://www.draftguru.com.au/players/brad_pearce/1,players/B/Brad_Pearce.html,bridged,offline_strong,BIRTH_YEAR_CONSISTENT;DEBUT_NOT_BEFORE_EARLIEST_RECRUITMENT;GAMES_CONSISTENT;CLUB_HISTORY_OVERLAPS,Brad Pearce,1971,1971,1993,1999,79,1991,Mid-Season,False,False,False,,none,False,False,
910,random,https://www.draftguru.com.au/players/peter_vardy/1,players/P/Peter_Vardy.html,bridged,offline_strong,BIRTH_YEAR_CONSISTENT;DEBUT_NOT_BEFORE_EARLIEST_RECRUITMENT;GAMES_CONSISTENT;CLUB_HISTORY_OVERLAPS,Peter Vardy,1976,1976,1996,2004,137,1994,Pre-Season,False,False,False,,none,False,False,
911,random,https://www.draftguru.com.au/players/will_thursfield/1,players/W/Will_Thursfield.html,bridged,offline_strong,BIRTH_YEAR_CONSISTENT;DEBUT_NOT_BEFORE_EARLIEST_RECRUITMENT;GAMES_CONSISTENT;CLUB_HISTORY_OVERLAPS,Will Thursfield,1986,1986,2005,2011,77,2004,Rookie,False,False,False,,none,False,False,
912,random,https://www.draftguru.com.au/players/david_king/1,players/D/David_King0.html,bridged,offline_strong,BIRTH_YEAR_CONSISTENT;DEBUT_NOT_BEFORE_EARLIEST_RECRUITMENT;GAMES_CONSISTENT;CLUB_HISTORY_OVERLAPS,David King,1972,1972,1994,2004,241,1993,National,True,False,False,,none,False,True,
913,random,https://www.draftguru.com.au/players/david_sierakowski/1,players/D/David_Sierakowski.html,bridged,offline_strong,BIRTH_YEAR_CONSISTENT_TOLERANCE;DEBUT_NOT_BEFORE_EARLIEST_RECRUITMENT;GAMES_CONSISTENT;CLUB_HISTORY_OVERLAPS,David Sierakowski,1974,1975,1994,2003,103,1992,Pre-Draft,False,False,False,,none,False,False,
914,random,https://www.draftguru.com.au/players/nicholas_bruton/1,players/N/Nicholas_Bruton.html,bridged,offline_strong,BIRTH_YEAR_CONSISTENT;DEBUT_NOT_BEFORE_EARLIEST_RECRUITMENT;GAMES_CONSISTENT;CLUB_HISTORY_OVERLAPS,Nicholas Bruton,1981,1981,2003,2003,2,2000,Pre-Season,False,False,False,,none,False,False,
915,random,https://www.draftguru.com.au/players/david_calthorpe/1,players/D/David_Calthorpe.html,bridged,offline_strong,BIRTH_YEAR_CONSISTENT;DEBUT_BEFORE_EARLIEST_RECRUITMENT;SPAN_CONTAINS_EARLIEST_RECRUITMENT_YEAR;GAMES_INCONSISTENT;CLUB_HISTORY_OVERLAPS,David Calthorpe,1973,1973,1992,2000,114,1998,Pre-Season,False,False,False,,none,False,False,
916,random,https://www.draftguru.com.au/players/karl_amon/1,players/K/Karl_Amon.html,bridged,offline_strong,BIRTH_YEAR_CONSISTENT;DEBUT_NOT_BEFORE_EARLIEST_RECRUITMENT;GAMES_CONSISTENT;CLUB_HISTORY_OVERLAPS,Karl Amon,1995,1995,2015,2025,195,2013,National,False,False,False,,none,False,False,
917,random,https://www.draftguru.com.au/players/luke_parker/1,players/L/Luke_Parker.html,bridged,offline_strong,BIRTH_YEAR_CONSISTENT;DEBUT_NOT_BEFORE_EARLIEST_RECRUITMENT;GAMES_CONSISTENT;CLUB_HISTORY_OVERLAPS,Luke Parker,1992,1992,2011,2025,315,2010,National,False,False,False,,none,False,False,
918,random,https://www.draftguru.com.au/players/ryan_gardner/1,players/R/Ryan_Gardner.html,bridged,offline_strong,BIRTH_YEAR_CONSISTENT;DEBUT_NOT_BEFORE_EARLIEST_RECRUITMENT;GAMES_CONSISTENT;CLUB_HISTORY_OVERLAPS,Ryan Gardner,1997,1997,2019,2025,54,2015,National,False,False,False,,none,False,False,
919,random,https://www.draftguru.com.au/players/carter_michael/1,players/C/Carter_Michael.html,bridged,offline_strong,BIRTH_YEAR_CONSISTENT;DEBUT_NOT_BEFORE_EARLIEST_RECRUITMENT;GAMES_CONSISTENT;CLUB_HISTORY_OVERLAPS,Carter Michael,2002,2002,2022,2022,1,2020,Post-Draft,False,False,False,,none,False,False,
920,random,https://www.draftguru.com.au/players/paul_puopolo/1,players/P/Paul_Puopolo.html,bridged,offline_strong,BIRTH_YEAR_CONSISTENT_TOLERANCE;DEBUT_NOT_BEFORE_EARLIEST_RECRUITMENT;GAMES_CONSISTENT;CLUB_HISTORY_OVERLAPS,Paul Puopolo,1987,1988,2011,2020,196,2010,National,False,False,False,,none,False,False,
921,random,https://www.draftguru.com.au/players/aaron_joseph/1,players/A/Aaron_Joseph.html,bridged,offline_strong,BIRTH_YEAR_CONSISTENT;DEBUT_NOT_BEFORE_EARLIEST_RECRUITMENT;GAMES_CONSISTENT;CLUB_HISTORY_OVERLAPS,Aaron Joseph,1989,1989,2009,2013,73,2007,Rookie,False,False,False,,none,False,False,
922,random,https://www.draftguru.com.au/players/jarrod_garlett/1,players/J/Jarrod_Garlett.html,bridged,offline_strong,BIRTH_YEAR_CONSISTENT;DEBUT_NOT_BEFORE_EARLIEST_RECRUITMENT;GAMES_CONSISTENT;CLUB_HISTORY_OVERLAPS,Jarrod Garlett,1996,1996,2015,2019,30,2014,National,False,False,False,,none,False,False,
923,random,https://www.draftguru.com.au/players/anthony_ingerson/1,players/A/Anthony_Ingerson.html,bridged,offline_strong,BIRTH_YEAR_CONSISTENT_TOLERANCE;SPAN_CONTAINS_EARLIEST_RECRUITMENT_YEAR;GAMES_INCONSISTENT;CLUB_HISTORY_OVERLAPS,Anthony Ingerson,1969,1970,1992,2001,158,,,False,False,False,,none,False,False,
924,random,https://www.draftguru.com.au/players/tony_bourke/1,players/T/Tony_Bourke.html,bridged,offline_strong,BIRTH_YEAR_CONSISTENT;DEBUT_NOT_BEFORE_EARLIEST_RECRUITMENT;GAMES_CONSISTENT;CLUB_HISTORY_OVERLAPS,Tony Bourke,1976,1976,1998,1999,4,1994,National,False,False,False,,none,False,False,
925,random,https://www.draftguru.com.au/players/david_wittey/1,players/D/David_Wittey.html,bridged,offline_strong,BIRTH_YEAR_CONSISTENT;DEBUT_BEFORE_EARLIEST_RECRUITMENT;SPAN_CONTAINS_EARLIEST_RECRUITMENT_YEAR;GAMES_INCONSISTENT;CLUB_HISTORY_OVERLAPS,David Wittey,1966,1966,1986,1990,25,1988,Pre-Season,False,False,False,,none,False,False,
926,random,https://www.draftguru.com.au/players/tim_o'brien/1,players/T/Tim_OBrien.html,bridged,offline_strong,BIRTH_YEAR_CONSISTENT;DEBUT_NOT_BEFORE_EARLIEST_RECRUITMENT;GAMES_CONSISTENT;CLUB_HISTORY_OVERLAPS,Tim O'Brien,1994,1994,2014,2023,115,2012,National,False,False,False,,none,False,False,
927,random,https://www.draftguru.com.au/players/brad_miller/1,players/B/Brad_Miller.html,bridged,offline_strong,BIRTH_YEAR_CONSISTENT;DEBUT_NOT_BEFORE_EARLIEST_RECRUITMENT;GAMES_CONSISTENT;CLUB_HISTORY_OVERLAPS,Brad Miller,1983,1983,2002,2012,157,2001,National,False,False,False,,none,False,False,
928,random,https://www.draftguru.com.au/players/liam_duggan/1,players/L/Liam_Duggan.html,bridged,offline_strong,BIRTH_YEAR_CONSISTENT;DEBUT_NOT_BEFORE_EARLIEST_RECRUITMENT;GAMES_CONSISTENT;CLUB_HISTORY_OVERLAPS,Liam Duggan,1996,1996,2015,2025,200,2014,National,False,False,False,,none,False,False,
929,random,https://www.draftguru.com.au/players/blake_hardwick/1,players/B/Blake_Hardwick.html,bridged,offline_strong,BIRTH_YEAR_CONSISTENT;DEBUT_NOT_BEFORE_EARLIEST_RECRUITMENT;GAMES_CONSISTENT;CLUB_HISTORY_OVERLAPS,Blake Hardwick,1997,1997,2016,2025,198,2015,National,False,False,False,,none,False,False,
930,random,https://www.draftguru.com.au/players/josh_battle/1,players/J/Josh_Battle.html,bridged,offline_strong,BIRTH_YEAR_CONSISTENT;DEBUT_NOT_BEFORE_EARLIEST_RECRUITMENT;GAMES_CONSISTENT;CLUB_HISTORY_OVERLAPS,Josh Battle,1998,1998,2017,2025,149,2016,National,False,False,False,,none,False,False,
931,random,https://www.draftguru.com.au/players/matthew_mansfield/1,players/M/Matthew_Mansfield.html,bridged,offline_strong,BIRTH_YEAR_CONSISTENT;DEBUT_NOT_BEFORE_EARLIEST_RECRUITMENT;GAMES_CONSISTENT;CLUB_HISTORY_OVERLAPS,Matthew Mansfield,1969,1969,1991,1993,32,1986,National,False,False,False,,none,False,False,
932,random,https://www.draftguru.com.au/players/jase_burgoyne/1,players/J/Jase_Burgoyne.html,bridged,offline_strong,BIRTH_YEAR_CONSISTENT;DEBUT_NOT_BEFORE_EARLIEST_RECRUITMENT;GAMES_CONSISTENT;CLUB_HISTORY_OVERLAPS,Jase Burgoyne,2003,2003,2022,2025,56,2021,National,False,False,False,,none,False,False,
933,random,https://www.draftguru.com.au/players/stephen_schwerdt/1,players/S/Steven_Schwerdt.html,target_not_registered,target_unregistered,TARGET_NOT_REGISTERED,Stephen Schwerdt,1968,,,,,1989,National,False,False,False,schwerdt,none,False,True,
934,random,https://www.draftguru.com.au/players/caleb_lewis/1,players/C/Caleb_Lewis.html,target_not_registered,target_unregistered,TARGET_NOT_REGISTERED,Caleb Lewis,2003,,,,,2024,Mid-Season,False,False,False,,none,False,True,
935,random,https://www.draftguru.com.au/players/dean_solomon/1,players/D/Dean_Solomon.html,bridged,offline_strong,BIRTH_YEAR_CONSISTENT;DEBUT_NOT_BEFORE_EARLIEST_RECRUITMENT;GAMES_CONSISTENT;CLUB_HISTORY_OVERLAPS,Dean Solomon,1980,1980,1998,2009,209,1997,National,False,False,False,,none,False,False,
936,random,https://www.draftguru.com.au/players/jack_ross/3,players/J/Jack_Ross3.html,bridged,offline_strong,BIRTH_YEAR_CONSISTENT;DEBUT_NOT_BEFORE_EARLIEST_RECRUITMENT;GAMES_CONSISTENT;CLUB_HISTORY_OVERLAPS,Jack Ross,2000,2000,2019,2025,93,2018,National,True,True,False,,none,False,True,
937,random,https://www.draftguru.com.au/players/brodie_grundy/1,players/B/Brodie_Grundy.html,bridged,offline_strong,BIRTH_YEAR_CONSISTENT;DEBUT_NOT_BEFORE_EARLIEST_RECRUITMENT;GAMES_CONSISTENT;CLUB_HISTORY_OVERLAPS,Brodie Grundy,1994,1994,2013,2025,242,2012,National,False,False,False,,none,False,False,
938,random,https://www.draftguru.com.au/players/scott_thompson/3,players/S/Scott_Thompson1.html,bridged,offline_strong,BIRTH_YEAR_CONSISTENT;DEBUT_NOT_BEFORE_EARLIEST_RECRUITMENT;GAMES_CONSISTENT;CLUB_HISTORY_OVERLAPS,Scott Thompson,1986,1986,2008,2019,241,2007,National,True,False,False,,none,False,True,
939,random,https://www.draftguru.com.au/players/tom_jonas/1,players/T/Tom_Jonas.html,bridged,offline_strong,BIRTH_YEAR_CONSISTENT;DEBUT_NOT_BEFORE_EARLIEST_RECRUITMENT;GAMES_CONSISTENT;CLUB_HISTORY_OVERLAPS,Tom Jonas,1991,1991,2011,2023,216,2010,Rookie,False,False,False,,none,False,False,
940,random,https://www.draftguru.com.au/players/tim_mohr/1,players/T/Tim_Mohr.html,bridged,offline_strong,BIRTH_YEAR_CONSISTENT_TOLERANCE;DEBUT_NOT_BEFORE_EARLIEST_RECRUITMENT;GAMES_CONSISTENT;CLUB_HISTORY_OVERLAPS,Tim Mohr,1988,1989,2012,2018,48,2011,Pre-Draft,False,False,False,,none,False,False,
941,random,https://www.draftguru.com.au/players/blaine_boekhorst/1,players/B/Blaine_Boekhorst.html,bridged,offline_strong,BIRTH_YEAR_CONSISTENT;DEBUT_NOT_BEFORE_EARLIEST_RECRUITMENT;GAMES_CONSISTENT;CLUB_HISTORY_OVERLAPS,Blaine Boekhorst,1993,1993,2015,2017,25,2014,National,False,False,False,,none,False,False,
942,random,https://www.draftguru.com.au/players/levi_casboult/1,players/L/Levi_Casboult.html,bridged,offline_strong,BIRTH_YEAR_CONSISTENT;DEBUT_NOT_BEFORE_EARLIEST_RECRUITMENT;GAMES_CONSISTENT;CLUB_HISTORY_OVERLAPS,Levi Casboult,1990,1990,2012,2024,198,2009,Rookie,False,False,False,,none,False,False,
943,random,https://www.draftguru.com.au/players/zane_zakostelsky/1,players/Z/Zane_Zakostelsky.html,target_not_registered,target_unregistered,TARGET_NOT_REGISTERED,Zane Zakostelsky,2005,,,,,2023,National,False,False,False,,none,False,True,
944,random,https://www.draftguru.com.au/players/jay_rantall/1,players/J/Jay_Rantall.html,bridged,offline_strong,BIRTH_YEAR_CONSISTENT;DEBUT_NOT_BEFORE_EARLIEST_RECRUITMENT;GAMES_CONSISTENT;CLUB_HISTORY_OVERLAPS,Jay Rantall,2001,2001,2021,2021,5,2019,National,False,False,False,,none,False,False,
945,random,https://www.draftguru.com.au/players/zach_tuohy/1,players/Z/Zach_Tuohy.html,bridged,offline_strong,BIRTH_YEAR_CONSISTENT;DEBUT_NOT_BEFORE_EARLIEST_RECRUITMENT;GAMES_CONSISTENT;CLUB_HISTORY_OVERLAPS,Zach Tuohy,1989,1989,2011,2024,288,2009,Rookie,False,False,False,,none,False,False,
946,random,https://www.draftguru.com.au/players/matthew_spencer/1,players/M/Matthew_Spencer.html,bridged,offline_strong,BIRTH_YEAR_CONSISTENT;DEBUT_NOT_BEFORE_EARLIEST_RECRUITMENT;GAMES_CONSISTENT;CLUB_HISTORY_OVERLAPS,Matthew Spencer,1985,1985,2006,2006,2,2003,National,False,False,False,,none,False,False,
947,random,https://www.draftguru.com.au/players/anthony_mcdonald-tipungwuti/1,players/A/Anthony_McDonald-Tipungwuti.html,bridged,offline_strong,BIRTH_YEAR_CONSISTENT;DEBUT_NOT_BEFORE_EARLIEST_RECRUITMENT;GAMES_CONSISTENT;CLUB_HISTORY_OVERLAPS,Anthony McDonald-Tipungwuti,1993,1993,2016,2023,133,2015,Rookie,False,False,False,,none,False,False,
948,random,https://www.draftguru.com.au/players/simon_taylor/1,players/S/Simon_Taylor0.html,bridged,offline_contradict,BIRTH_YEAR_CONSISTENT;DEBUT_BEFORE_EARLIEST_RECRUITMENT;CAREER_ENDED_BEFORE_EARLIEST_RECRUITMENT;GAMES_INCONSISTENT,Simon Taylor,1970,1970,1989,1989,2,1991,Pre-Season,True,False,False,,none,False,True,
949,random,https://www.draftguru.com.au/players/ben_cunningham/1,players/B/Ben_Cunningham.html,bridged,offline_strong,BIRTH_YEAR_CONSISTENT;DEBUT_NOT_BEFORE_EARLIEST_RECRUITMENT;GAMES_CONSISTENT;CLUB_HISTORY_OVERLAPS,Ben Cunningham,1981,1981,2000,2004,33,1999,National,False,False,False,,none,False,False,
950,random,https://www.draftguru.com.au/players/kane_lucas/1,players/K/Kane_Lucas.html,bridged,offline_strong,BIRTH_YEAR_CONSISTENT;DEBUT_NOT_BEFORE_EARLIEST_RECRUITMENT;GAMES_CONSISTENT;CLUB_HISTORY_OVERLAPS,Kane Lucas,1991,1991,2010,2014,42,2009,National,False,False,False,,none,False,False,
951,random,https://www.draftguru.com.au/players/kade_chandler/1,players/K/Kade_Chandler.html,bridged,offline_strong,BIRTH_YEAR_CONSISTENT;DEBUT_NOT_BEFORE_EARLIEST_RECRUITMENT;GAMES_CONSISTENT;CLUB_HISTORY_OVERLAPS,Kade Chandler,2000,2000,2019,2025,79,2018,Rookie,False,False,False,,none,False,False,
952,random,https://www.draftguru.com.au/players/tomas_bugg/1,players/T/Tomas_Bugg.html,bridged,offline_strong,BIRTH_YEAR_CONSISTENT;DEBUT_NOT_BEFORE_EARLIEST_RECRUITMENT;GAMES_CONSISTENT;CLUB_HISTORY_OVERLAPS,Tomas Bugg,1993,1993,2012,2018,96,2010,Pre-Draft,False,False,False,,none,False,False,
953,random,https://www.draftguru.com.au/players/cooper_stephens/1,players/C/Cooper_Stephens.html,bridged,offline_strong,BIRTH_YEAR_CONSISTENT;DEBUT_NOT_BEFORE_EARLIEST_RECRUITMENT;GAMES_CONSISTENT;CLUB_HISTORY_OVERLAPS,Cooper Stephens,2001,2001,2022,2022,7,2019,National,False,False,False,,none,False,False,
954,random,https://www.draftguru.com.au/players/jason_carter/1,players/J/Jason_Carter.html,bridged,offline_strong,BIRTH_YEAR_CONSISTENT_TOLERANCE;DEBUT_NOT_BEFORE_EARLIEST_RECRUITMENT;GAMES_CONSISTENT;CLUB_HISTORY_OVERLAPS,Jason Carter,2000,1999,2019,2019,2,2018,Post-Draft,False,False,False,,none,False,False,
955,random,https://www.draftguru.com.au/players/errol_gulden/1,players/E/Errol_Gulden.html,bridged,offline_strong,BIRTH_YEAR_CONSISTENT;DEBUT_NOT_BEFORE_EARLIEST_RECRUITMENT;GAMES_CONSISTENT;CLUB_HISTORY_OVERLAPS,Errol Gulden,2002,2002,2021,2025,103,2020,National,False,False,False,,none,False,False,
956,random,https://www.draftguru.com.au/players/lachlan_keeffe/1,players/L/Lachlan_Keeffe.html,bridged,offline_strong,BIRTH_YEAR_CONSISTENT;DEBUT_NOT_BEFORE_EARLIEST_RECRUITMENT;GAMES_CONSISTENT;CLUB_HISTORY_OVERLAPS,Lachlan Keeffe,1990,1990,2011,2025,119,2008,Rookie,False,False,False,,none,False,False,
957,random,https://www.draftguru.com.au/players/miller_bergman/1,players/M/Miller_Bergman.html,bridged,offline_strong,BIRTH_YEAR_CONSISTENT;DEBUT_NOT_BEFORE_EARLIEST_RECRUITMENT;GAMES_CONSISTENT;CLUB_HISTORY_OVERLAPS,Miller Bergman,2003,2003,2022,2024,16,2021,National,False,False,False,,none,False,False,
958,random,https://www.draftguru.com.au/players/josh_hall/1,players/J/Josh_Hall.html,bridged,offline_strong,BIRTH_YEAR_CONSISTENT;DEBUT_NOT_BEFORE_EARLIEST_RECRUITMENT;GAMES_CONSISTENT;CLUB_HISTORY_OVERLAPS,Josh Hall,1990,1990,2012,2015,7,2011,Rookie,False,False,False,,none,False,False,
959,random,https://www.draftguru.com.au/players/alex_cincotta/1,players/A/Alex_Cincotta.html,bridged,offline_strong,BIRTH_YEAR_CONSISTENT;DEBUT_NOT_BEFORE_EARLIEST_RECRUITMENT;GAMES_CONSISTENT;CLUB_HISTORY_OVERLAPS,Alex Cincotta,1996,1996,2023,2025,40,2022,Post-Draft,False,False,False,,none,False,False,
960,random,https://www.draftguru.com.au/players/jesse_lonergan/1,players/J/Jesse_Lonergan.html,bridged,offline_strong,BIRTH_YEAR_CONSISTENT_TOLERANCE;DEBUT_NOT_BEFORE_EARLIEST_RECRUITMENT;GAMES_CONSISTENT;CLUB_HISTORY_OVERLAPS,Jesse Lonergan,1994,1995,2013,2018,60,2012,National,False,False,False,,none,False,False,
961,random,https://www.draftguru.com.au/players/glen_bartlett/1,players/G/Glen_Bartlett.html,bridged,offline_contradict,BIRTH_YEAR_CONSISTENT;DEBUT_BEFORE_EARLIEST_RECRUITMENT;CAREER_ENDED_BEFORE_EARLIEST_RECRUITMENT;GAMES_INCONSISTENT,Glen Bartlett,1964,1964,1987,1987,4,1989,Mid-Season,False,False,False,,none,False,True,
962,random,https://www.draftguru.com.au/players/brad_mckenzie/1,players/B/Brad_McKenzie.html,bridged,offline_strong,BIRTH_YEAR_CONSISTENT;DEBUT_NOT_BEFORE_EARLIEST_RECRUITMENT;GAMES_CONSISTENT;CLUB_HISTORY_OVERLAPS,Brad McKenzie,1993,1993,2012,2016,37,2011,National,False,False,False,,none,False,False,
963,random,https://www.draftguru.com.au/players/tom_warhurst/1,players/T/Tom_Warhurst.html,bridged,offline_strong,BIRTH_YEAR_CONSISTENT;DEBUT_NOT_BEFORE_EARLIEST_RECRUITMENT;GAMES_CONSISTENT;CLUB_HISTORY_OVERLAPS,Tom Warhurst,1963,1963,1991,1991,2,1981,,False,False,False,,none,False,False,
964,random,https://www.draftguru.com.au/players/josh_francou/1,players/J/Josh_Francou.html,bridged,offline_strong,BIRTH_YEAR_CONSISTENT;DEBUT_NOT_BEFORE_EARLIEST_RECRUITMENT;GAMES_CONSISTENT;CLUB_HISTORY_OVERLAPS,Josh Francou,1974,1974,1997,2005,156,1996,Pre-Draft,False,False,False,,none,False,False,
965,random,https://www.draftguru.com.au/players/tim_clarke/1,players/T/Tim_Clarke.html,bridged,offline_strong,BIRTH_YEAR_CONSISTENT;DEBUT_NOT_BEFORE_EARLIEST_RECRUITMENT;GAMES_CONSISTENT;CLUB_HISTORY_OVERLAPS,Tim Clarke,1982,1982,2001,2008,96,1999,National,False,False,False,,none,False,False,
966,random,https://www.draftguru.com.au/players/jackson_merrett/1,players/J/Jackson_Merrett.html,bridged,offline_strong,BIRTH_YEAR_CONSISTENT_TOLERANCE;DEBUT_NOT_BEFORE_EARLIEST_RECRUITMENT;GAMES_CONSISTENT;CLUB_HISTORY_OVERLAPS,Jackson Merrett,1993,1992,2012,2018,56,2011,National,False,False,False,,none,False,False,
967,random,https://www.draftguru.com.au/players/glen_coghlan/1,players/G/Glen_Coghlan.html,bridged,offline_strong,BIRTH_YEAR_CONSISTENT;DEBUT_NOT_BEFORE_EARLIEST_RECRUITMENT;GAMES_CONSISTENT;CLUB_HISTORY_OVERLAPS,Glen Coghlan,1974,1974,1995,1997,29,1994,Pre-Season,False,False,False,,none,False,False,
968,random,https://www.draftguru.com.au/players/niall_mckeever/1,players/N/Niall_McKeever.html,bridged,offline_strong,BIRTH_YEAR_CONSISTENT;DEBUT_NOT_BEFORE_EARLIEST_RECRUITMENT;GAMES_CONSISTENT;CLUB_HISTORY_OVERLAPS,Niall McKeever,1989,1989,2011,2013,22,2009,Rookie,False,False,False,,none,False,False,
969,random,https://www.draftguru.com.au/players/jared_petrenko/1,players/J/Jared_Petrenko.html,bridged,offline_strong,BIRTH_YEAR_CONSISTENT_TOLERANCE;DEBUT_NOT_BEFORE_EARLIEST_RECRUITMENT;GAMES_CONSISTENT;CLUB_HISTORY_OVERLAPS,Jared Petrenko,1989,1990,2009,2014,76,2007,Rookie,False,False,False,,none,False,False,
970,random,https://www.draftguru.com.au/players/chad_morrison/1,players/C/Chad_Morrison.html,bridged,offline_strong,BIRTH_YEAR_CONSISTENT;DEBUT_NOT_BEFORE_EARLIEST_RECRUITMENT;GAMES_CONSISTENT;CLUB_HISTORY_OVERLAPS,Chad Morrison,1978,1978,1996,2006,169,1994,Pre-Draft,False,False,False,,none,False,False,
971,random,https://www.draftguru.com.au/players/ty_zantuck/1,players/T/Ty_Zantuck.html,bridged,offline_strong,BIRTH_YEAR_CONSISTENT;DEBUT_NOT_BEFORE_EARLIEST_RECRUITMENT;GAMES_CONSISTENT;CLUB_HISTORY_OVERLAPS,Ty Zantuck,1982,1982,2000,2005,77,1999,National,False,False,False,,none,False,False,
972,random,https://www.draftguru.com.au/players/ben_davies/1,players/B/Ben_Davies.html,bridged,offline_strong,BIRTH_YEAR_CONSISTENT;DEBUT_NOT_BEFORE_EARLIEST_RECRUITMENT;GAMES_CONSISTENT;CLUB_HISTORY_OVERLAPS,Ben Davies,1986,1986,2005,2008,14,2004,Rookie,False,False,False,,none,False,False,
973,random,https://www.draftguru.com.au/players/damien_gaspar/1,players/D/Damien_Gaspar.html,bridged,offline_strong,BIRTH_YEAR_CONSISTENT;DEBUT_NOT_BEFORE_EARLIEST_RECRUITMENT;GAMES_CONSISTENT;CLUB_HISTORY_OVERLAPS,Damien Gaspar,1975,1975,1995,1998,29,1992,National,False,False,False,,none,False,False,
974,random,https://www.draftguru.com.au/players/jackson_allen/1,players/J/Jackson_Allen.html,bridged,offline_strong,BIRTH_YEAR_CONSISTENT;DEBUT_NOT_BEFORE_EARLIEST_RECRUITMENT;GAMES_CONSISTENT;CLUB_HISTORY_OVERLAPS,Jackson Allen,1993,1993,2012,2013,4,2011,National,False,False,False,,none,False,False,
975,random,https://www.draftguru.com.au/players/bigoa_nyuon/1,players/B/Bigoa_Nyuon.html,bridged,offline_strong,BIRTH_YEAR_CONSISTENT;DEBUT_NOT_BEFORE_EARLIEST_RECRUITMENT;GAMES_CONSISTENT;CLUB_HISTORY_OVERLAPS,Bigoa Nyuon,2001,2001,2022,2024,4,2019,National,False,False,False,,none,False,False,
976,random,https://www.draftguru.com.au/players/justin_wood/1,players/J/Justin_Wood.html,bridged,offline_strong,BIRTH_YEAR_CONSISTENT_TOLERANCE;DEBUT_NOT_BEFORE_EARLIEST_RECRUITMENT;GAMES_CONSISTENT;CLUB_HISTORY_OVERLAPS,Justin Wood,1979,1980,1998,1998,7,1997,National,False,False,False,,none,False,False,
977,random,https://www.draftguru.com.au/players/patrick_naish/1,players/P/Patrick_Naish.html,bridged,offline_strong,BIRTH_YEAR_CONSISTENT;DEBUT_NOT_BEFORE_EARLIEST_RECRUITMENT;GAMES_CONSISTENT;CLUB_HISTORY_OVERLAPS,Patrick Naish,1999,1999,2019,2022,20,2017,National,False,False,False,,none,False,False,
978,random,https://www.draftguru.com.au/players/zak_jones/1,players/Z/Zak_Jones.html,bridged,offline_strong,BIRTH_YEAR_CONSISTENT;DEBUT_NOT_BEFORE_EARLIEST_RECRUITMENT;GAMES_CONSISTENT;CLUB_HISTORY_OVERLAPS,Zak Jones,1995,1995,2014,2025,164,2013,National,False,False,False,,none,False,False,
979,random,https://www.draftguru.com.au/players/craig_bird/1,players/C/Craig_Bird.html,bridged,offline_strong,BIRTH_YEAR_CONSISTENT;DEBUT_NOT_BEFORE_EARLIEST_RECRUITMENT;GAMES_CONSISTENT;CLUB_HISTORY_OVERLAPS,Craig Bird,1989,1989,2008,2017,157,2007,National,False,False,False,,none,False,False,
980,random,https://www.draftguru.com.au/players/keren_ugle/1,players/K/Keren_Ugle.html,bridged,offline_strong,BIRTH_YEAR_CONSISTENT;DEBUT_NOT_BEFORE_EARLIEST_RECRUITMENT;GAMES_CONSISTENT;CLUB_HISTORY_OVERLAPS,Keren Ugle,1979,1979,2001,2001,4,2000,Rookie,False,False,False,,none,False,False,
981,random,https://www.draftguru.com.au/players/andrew_dunkley/1,players/A/Andrew_Dunkley.html,bridged,offline_strong,BIRTH_YEAR_CONSISTENT;DEBUT_NOT_BEFORE_EARLIEST_RECRUITMENT;GAMES_CONSISTENT;CLUB_HISTORY_OVERLAPS,Andrew Dunkley,1968,1968,1992,2002,217,1991,National,False,False,False,,none,False,False,
982,random,https://www.draftguru.com.au/players/brad_boyd/1,players/B/Brad_Boyd.html,bridged,offline_strong,BIRTH_YEAR_CONSISTENT;DEBUT_BEFORE_EARLIEST_RECRUITMENT;SPAN_CONTAINS_EARLIEST_RECRUITMENT_YEAR;GAMES_CONSISTENT;CLUB_HISTORY_OVERLAPS,Brad Boyd,1971,1971,1992,1999,85,1996,Pre-Draft,False,False,False,,none,False,False,
983,random,https://www.draftguru.com.au/players/matt_cottrell/1,players/M/Matthew_Cottrell.html,bridged,offline_strong,NAME_VARIANT;BIRTH_YEAR_CONSISTENT;DEBUT_NOT_BEFORE_EARLIEST_RECRUITMENT;GAMES_CONSISTENT;CLUB_HISTORY_OVERLAPS,Matt Cottrell,2000,2000,2020,2025,74,2018,Post-Draft,False,False,True,,none,False,True,
984,random,https://www.draftguru.com.au/players/andy_otten/1,players/A/Andy_Otten.html,bridged,offline_strong,BIRTH_YEAR_CONSISTENT;DEBUT_NOT_BEFORE_EARLIEST_RECRUITMENT;GAMES_CONSISTENT;CLUB_HISTORY_OVERLAPS,Andy Otten,1989,1989,2008,2019,109,2007,National,False,False,False,,none,False,False,
985,random,https://www.draftguru.com.au/players/jake_barrett/1,players/J/Jake_Barrett.html,bridged,offline_strong,BIRTH_YEAR_CONSISTENT;DEBUT_NOT_BEFORE_EARLIEST_RECRUITMENT;GAMES_CONSISTENT;CLUB_HISTORY_OVERLAPS,Jake Barrett,1995,1995,2015,2018,23,2013,National,False,False,False,,none,False,False,
986,random,https://www.draftguru.com.au/players/andrew_strijk/1,players/A/Andrew_Strijk.html,bridged,offline_strong,BIRTH_YEAR_CONSISTENT;DEBUT_NOT_BEFORE_EARLIEST_RECRUITMENT;GAMES_CONSISTENT;CLUB_HISTORY_OVERLAPS,Andrew Strijk,1987,1987,2010,2012,13,2009,Rookie,False,False,False,,none,False,False,
987,random,https://www.draftguru.com.au/players/brandan_parfitt/1,players/B/Brandan_Parfitt.html,bridged,offline_strong,BIRTH_YEAR_CONSISTENT;DEBUT_NOT_BEFORE_EARLIEST_RECRUITMENT;GAMES_CONSISTENT;CLUB_HISTORY_OVERLAPS,Brandan Parfitt,1998,1998,2017,2024,130,2016,National,False,False,False,,none,False,False,
988,random,https://www.draftguru.com.au/players/adrian_mcadam/1,players/A/Adrian_McAdam.html,bridged,offline_strong,BIRTH_YEAR_CONSISTENT;DEBUT_NOT_BEFORE_EARLIEST_RECRUITMENT;GAMES_CONSISTENT;CLUB_HISTORY_OVERLAPS,Adrian McAdam,1971,1971,1993,1995,36,1992,National,False,False,False,,none,False,False,
989,random,https://www.draftguru.com.au/players/ryan_lonie/1,players/R/Ryan_Lonie.html,bridged,offline_strong,BIRTH_YEAR_CONSISTENT;DEBUT_NOT_BEFORE_EARLIEST_RECRUITMENT;GAMES_CONSISTENT;CLUB_HISTORY_OVERLAPS,Ryan Lonie,1983,1983,2001,2008,123,2000,National,False,False,False,,none,False,False,
990,random,https://www.draftguru.com.au/players/chris_ladhams/1,players/C/Chris_Ladhams.html,bridged,offline_strong,BIRTH_YEAR_CONSISTENT_TOLERANCE;DEBUT_NOT_BEFORE_EARLIEST_RECRUITMENT;GAMES_CONSISTENT;CLUB_HISTORY_OVERLAPS,Chris Ladhams,1980,1981,2001,2004,54,1998,National,False,False,False,,none,False,False,
991,random,https://www.draftguru.com.au/players/luke_mullins/1,players/L/Luke_Mullins.html,bridged,offline_strong,BIRTH_YEAR_CONSISTENT_TOLERANCE;DEBUT_NOT_BEFORE_EARLIEST_RECRUITMENT;GAMES_CONSISTENT;CLUB_HISTORY_OVERLAPS,Luke Mullins,1984,1985,2004,2004,3,2002,Pre-Season,False,False,False,,none,False,False,
992,random,https://www.draftguru.com.au/players/danyle_pearce/1,players/D/Danyle_Pearce.html,bridged,offline_strong,BIRTH_YEAR_CONSISTENT;DEBUT_NOT_BEFORE_EARLIEST_RECRUITMENT;GAMES_CONSISTENT;CLUB_HISTORY_OVERLAPS,Danyle Pearce,1986,1986,2005,2018,258,2004,Rookie,False,False,False,,none,False,False,
993,random,https://www.draftguru.com.au/players/jack_steele/1,players/J/Jack_Steele.html,bridged,offline_strong,BIRTH_YEAR_CONSISTENT;DEBUT_NOT_BEFORE_EARLIEST_RECRUITMENT;GAMES_CONSISTENT;CLUB_HISTORY_OVERLAPS,Jack Steele,1995,1995,2015,2025,202,2014,National,False,False,False,,none,False,False,
994,random,https://www.draftguru.com.au/players/emerson_jeka/1,players/E/Emerson_Jeka.html,bridged,offline_strong,BIRTH_YEAR_CONSISTENT;DEBUT_NOT_BEFORE_EARLIEST_RECRUITMENT;GAMES_CONSISTENT;CLUB_HISTORY_OVERLAPS,Emerson Jeka,2001,2001,2021,2022,7,2019,Rookie,False,False,False,,none,False,False,
995,random,https://www.draftguru.com.au/players/jason_holmes/1,players/J/Jason_Holmes.html,bridged,offline_strong,BIRTH_YEAR_CONSISTENT;DEBUT_NOT_BEFORE_EARLIEST_RECRUITMENT;GAMES_CONSISTENT;CLUB_HISTORY_OVERLAPS,Jason Holmes,1989,1989,2015,2016,5,2013,Rookie,False,False,False,,none,False,False,
996,random,https://www.draftguru.com.au/players/shane_kersten/1,players/S/Shane_Kersten.html,bridged,offline_strong,BIRTH_YEAR_CONSISTENT;DEBUT_NOT_BEFORE_EARLIEST_RECRUITMENT;GAMES_CONSISTENT;CLUB_HISTORY_OVERLAPS,Shane Kersten,1993,1993,2014,2018,66,2011,National,False,False,False,,none,False,False,
997,random,https://www.draftguru.com.au/players/isaac_weetra/1,players/I/Isaac_Weetra.html,bridged,offline_strong,BIRTH_YEAR_CONSISTENT;DEBUT_NOT_BEFORE_EARLIEST_RECRUITMENT;GAMES_CONSISTENT;CLUB_HISTORY_OVERLAPS,Isaac Weetra,1989,1989,2008,2008,2,2006,National,False,False,False,,none,False,False,
