player_url,status,withheld_reason,afltables_external_id,v1_afltables_external_id,action,operator_verdict,operator_group
https://www.draftguru.com.au/players/aaron_black/1,accepted,,players/A/Aaron_Black0.html,players/A/Aaron_Black.html,corrected,approve_manual_curation,discrepancy
https://www.draftguru.com.au/players/aaron_bruce/1,withheld,U-no-href,,,unchanged,,
https://www.draftguru.com.au/players/aaron_cadman/1,accepted,,players/A/Aaron_Cadman.html,players/A/Aaron_Cadman.html,unchanged,,
https://www.draftguru.com.au/players/aaron_cornelius/1,accepted,,players/A/Aaron_Cornelius.html,players/A/Aaron_Cornelius.html,unchanged,,
https://www.draftguru.com.au/players/aaron_davey/1,accepted,,players/A/Aaron_Davey.html,players/A/Aaron_Davey.html,unchanged,,
https://www.draftguru.com.au/players/aaron_edwards/1,accepted,,players/A/Aaron_Edwards.html,players/A/Aaron_Edwards.html,unchanged,,
https://www.draftguru.com.au/players/aaron_fiora/1,accepted,,players/A/Aaron_Fiora.html,players/A/Aaron_Fiora.html,unchanged,,
https://www.draftguru.com.au/players/aaron_francis/1,accepted,,players/A/Aaron_Francis.html,players/A/Aaron_Francis.html,unchanged,,
https://www.draftguru.com.au/players/aaron_hall/1,accepted,,players/A/Aaron_Hall.html,players/A/Aaron_Hall.html,unchanged,,
https://www.draftguru.com.au/players/aaron_hamill/1,accepted,,players/A/Aaron_Hamill.html,players/A/Aaron_Hamill.html,unchanged,,
https://www.draftguru.com.au/players/aaron_henneman/1,accepted,,players/A/Aaron_Henneman.html,players/A/Aaron_Henneman.html,unchanged,,
https://www.draftguru.com.au/players/aaron_james/1,accepted,,players/A/Aaron_James.html,players/A/Aaron_James.html,unchanged,,
https://www.draftguru.com.au/players/aaron_joseph/1,accepted,,players/A/Aaron_Joseph.html,players/A/Aaron_Joseph.html,unchanged,,
https://www.draftguru.com.au/players/aaron_keating/1,accepted,,players/A/Aaron_Keating.html,players/A/Aaron_Keating.html,unchanged,,
https://www.draftguru.com.au/players/aaron_kite/1,withheld,U-no-href,,,unchanged,,
https://www.draftguru.com.au/players/aaron_lord/1,accepted,,players/A/Aaron_Lord.html,players/A/Aaron_Lord.html,unchanged,,
https://www.draftguru.com.au/players/aaron_mullett/1,accepted,,players/A/Aaron_Mullett.html,players/A/Aaron_Mullett.html,unchanged,,
https://www.draftguru.com.au/players/aaron_naughton/1,accepted,,players/A/Aaron_Naughton.html,players/A/Aaron_Naughton.html,unchanged,,
https://www.draftguru.com.au/players/aaron_nietschke/1,withheld,U-no-href,,,unchanged,,
https://www.draftguru.com.au/players/aaron_rogers/1,accepted,,players/A/Aaron_Rogers.html,players/A/Aaron_Rogers.html,unchanged,,
https://www.draftguru.com.au/players/aaron_sandilands/1,accepted,,players/A/Aaron_Sandilands.html,players/A/Aaron_Sandilands.html,unchanged,,
https://www.draftguru.com.au/players/aaron_shattock/1,accepted,,players/A/Aaron_Shattock.html,players/A/Aaron_Shattock.html,unchanged,,
https://www.draftguru.com.au/players/aaron_vandenberg/1,accepted,,players/A/Aaron_Vandenberg.html,players/A/Aaron_Vandenberg.html,unchanged,,
https://www.draftguru.com.au/players/aaron_young/1,accepted,,players/A/Aaron_Young.html,players/A/Aaron_Young.html,unchanged,,
https://www.draftguru.com.au/players/abe_davis/1,withheld,U-no-href,,,unchanged,,
https://www.draftguru.com.au/players/adam_aherne/1,withheld,U-no-href,,,unchanged,,
https://www.draftguru.com.au/players/adam_ansell/1,withheld,U-no-href,,,unchanged,,
https://www.draftguru.com.au/players/adam_benjamin/1,withheld,U-no-href,,,unchanged,,
https://www.draftguru.com.au/players/adam_bentick/1,accepted,,players/A/Adam_Bentick.html,players/A/Adam_Bentick.html,unchanged,,
https://www.draftguru.com.au/players/adam_butler/1,withheld,U-no-href,,,unchanged,,
https://www.draftguru.com.au/players/adam_campbell/1,accepted,,players/A/Adam_Campbell.html,players/A/Adam_Campbell.html,unchanged,,
https://www.draftguru.com.au/players/adam_carter/1,accepted,,players/A/Adam_Carter.html,players/A/Adam_Carter.html,unchanged,,
https://www.draftguru.com.au/players/adam_cerra/1,accepted,,players/A/Adam_Cerra.html,players/A/Adam_Cerra.html,unchanged,,
https://www.draftguru.com.au/players/adam_chatfield/1,accepted,,players/A/Adam_Chatfield.html,players/A/Adam_Chatfield.html,unchanged,,
https://www.draftguru.com.au/players/adam_cockie/1,accepted,,players/A/Adam_Cockie.html,players/A/Adam_Cockie.html,unchanged,,
https://www.draftguru.com.au/players/adam_cockshell/1,accepted,,players/A/Adam_Cockshell.html,players/A/Adam_Cockshell.html,unchanged,,
https://www.draftguru.com.au/players/adam_coghlan/1,withheld,U-no-href,,,unchanged,,
https://www.draftguru.com.au/players/adam_collings/1,withheld,U-no-href,,,unchanged,,
https://www.draftguru.com.au/players/adam_contessa/1,accepted,,players/A/Adam_Contessa.html,players/A/Adam_Contessa.html,unchanged,,
https://www.draftguru.com.au/players/adam_cooney/1,accepted,,players/A/Adam_Cooney.html,players/A/Adam_Cooney.html,unchanged,,
https://www.draftguru.com.au/players/adam_crudden/1,withheld,U-no-href,,,unchanged,,
https://www.draftguru.com.au/players/adam_donohue/1,withheld,U-no-href,,,unchanged,,
https://www.draftguru.com.au/players/adam_fisher/1,withheld,U-no-href,,,unchanged,,
https://www.draftguru.com.au/players/adam_garton/1,accepted,,players/A/Adam_Garton.html,players/A/Adam_Garton.html,unchanged,,
https://www.draftguru.com.au/players/adam_goodes/1,accepted,,players/A/Adam_Goodes.html,players/A/Adam_Goodes.html,unchanged,,
https://www.draftguru.com.au/players/adam_grocke/1,withheld,U-no-href,,,unchanged,,
https://www.draftguru.com.au/players/adam_hartlett/1,accepted,,players/A/Adam_Hartlett.html,players/A/Adam_Hartlett.html,unchanged,,
https://www.draftguru.com.au/players/adam_hay/1,withheld,U-no-href,,,unchanged,,
https://www.draftguru.com.au/players/adam_heuskes/1,accepted,,players/A/Adam_Heuskes.html,players/A/Adam_Heuskes.html,unchanged,,
https://www.draftguru.com.au/players/adam_hilton/1,withheld,U-no-href,,,unchanged,,
https://www.draftguru.com.au/players/adam_houlihan/1,accepted,,players/A/Adam_Houlihan.html,players/A/Adam_Houlihan.html,unchanged,,
https://www.draftguru.com.au/players/adam_houlihan/2,withheld,U-no-href,,,unchanged,,
https://www.draftguru.com.au/players/adam_hunter/1,accepted,,players/A/Adam_Hunter.html,players/A/Adam_Hunter.html,unchanged,,
https://www.draftguru.com.au/players/adam_iacobucci/1,accepted,,players/A/Adam_Iacobucci.html,players/A/Adam_Iacobucci.html,unchanged,,
https://www.draftguru.com.au/players/adam_jones/1,withheld,U-no-href,,,unchanged,,
https://www.draftguru.com.au/players/adam_kennedy/1,accepted,,players/A/Adam_Kennedy.html,players/A/Adam_Kennedy.html,unchanged,,
https://www.draftguru.com.au/players/adam_kingsley/1,accepted,,players/A/Adam_Kingsley.html,players/A/Adam_Kingsley.html,unchanged,,
https://www.draftguru.com.au/players/adam_ladbrook/1,withheld,U-no-href,,,unchanged,,
https://www.draftguru.com.au/players/adam_lange/1,accepted,,players/A/Adam_Lange.html,players/A/Adam_Lange.html,unchanged,,
https://www.draftguru.com.au/players/adam_marcon/1,accepted,,players/A/Adam_Marcon.html,players/A/Adam_Marcon.html,unchanged,,
https://www.draftguru.com.au/players/adam_mathews/1,withheld,U-no-href,,,unchanged,,
https://www.draftguru.com.au/players/adam_mccarthy/1,accepted,,players/A/Adam_McCarthy.html,players/A/Adam_McCarthy.html,unchanged,,
https://www.draftguru.com.au/players/adam_mcphee/1,accepted,,players/A/Adam_McPhee.html,players/A/Adam_McPhee.html,unchanged,,
https://www.draftguru.com.au/players/adam_morgan/1,accepted,,players/A/Adam_Morgan.html,players/A/Adam_Morgan.html,unchanged,,
https://www.draftguru.com.au/players/adam_oxley/1,accepted,,players/A/Adam_Oxley.html,players/A/Adam_Oxley.html,unchanged,,
https://www.draftguru.com.au/players/adam_pattison/1,accepted,,players/A/Adam_Pattison.html,players/A/Adam_Pattison.html,unchanged,,
https://www.draftguru.com.au/players/adam_pickering/1,accepted,,players/A/Adam_Pickering.html,players/A/Adam_Pickering.html,unchanged,,
https://www.draftguru.com.au/players/adam_prior/1,withheld,U-no-href,,,unchanged,,
https://www.draftguru.com.au/players/adam_ramanauskas/1,accepted,,players/A/Adam_Ramanauskas.html,players/A/Adam_Ramanauskas.html,unchanged,,
https://www.draftguru.com.au/players/adam_richardson/1,accepted,,players/A/Adam_Richardson.html,players/A/Adam_Richardson.html,unchanged,,
https://www.draftguru.com.au/players/adam_rudd/1,withheld,U-no-href,,,unchanged,,
https://www.draftguru.com.au/players/adam_ryder/1,withheld,U-no-href,,,unchanged,,
https://www.draftguru.com.au/players/adam_saad/1,accepted,,players/A/Adam_Saad.html,players/A/Adam_Saad.html,unchanged,,
https://www.draftguru.com.au/players/adam_saliba/1,accepted,,players/A/Adam_Saliba.html,players/A/Adam_Saliba.html,unchanged,,
https://www.draftguru.com.au/players/adam_schneider/1,accepted,,players/A/Adam_Schneider.html,players/A/Adam_Schneider.html,unchanged,,
https://www.draftguru.com.au/players/adam_selwood/1,accepted,,players/A/Adam_Selwood.html,players/A/Adam_Selwood.html,unchanged,,
https://www.draftguru.com.au/players/adam_shanahan/1,withheld,U-no-href,,,unchanged,,
https://www.draftguru.com.au/players/adam_sheridan/1,withheld,U-no-href,,,unchanged,,
https://www.draftguru.com.au/players/adam_simpson/1,accepted,,players/A/Adam_Simpson.html,players/A/Adam_Simpson.html,unchanged,,
https://www.draftguru.com.au/players/adam_spackman/1,withheld,U-no-href,,,unchanged,,
https://www.draftguru.com.au/players/adam_sweid/1,withheld,U-no-href,,,unchanged,,
https://www.draftguru.com.au/players/adam_switala/1,withheld,U-no-href,,,unchanged,,
https://www.draftguru.com.au/players/adam_thomson/1,accepted,,players/A/Adam_Thomson.html,players/A/Adam_Thomson.html,unchanged,,
https://www.draftguru.com.au/players/adam_tomlinson/1,accepted,,players/A/Adam_Tomlinson.html,players/A/Adam_Tomlinson.html,unchanged,,
https://www.draftguru.com.au/players/adam_treloar/1,accepted,,players/A/Adam_Treloar.html,players/A/Adam_Treloar.html,unchanged,,
https://www.draftguru.com.au/players/adam_ugrinic/1,withheld,U-no-href,,,unchanged,,
https://www.draftguru.com.au/players/adam_varcoe/1,withheld,U-no-href,,,unchanged,,
https://www.draftguru.com.au/players/adam_white/1,accepted,,players/A/Adam_White.html,players/A/Adam_White.html,unchanged,,
https://www.draftguru.com.au/players/adam_williamson/1,withheld,U-no-href,,,unchanged,,
https://www.draftguru.com.au/players/adam_winter/1,withheld,U-no-href,,,unchanged,,
https://www.draftguru.com.au/players/addam_maric/1,accepted,,players/A/Addam_Maric.html,players/A/Addam_Maric.html,unchanged,,
https://www.draftguru.com.au/players/adem_yze/1,accepted,,players/A/Adem_Yze.html,players/A/Adem_Yze.html,unchanged,,
https://www.draftguru.com.au/players/adrian_bassett/1,accepted,,players/A/Adrian_Bassett.html,players/A/Adrian_Bassett.html,unchanged,,
https://www.draftguru.com.au/players/adrian_bonaddio/1,withheld,U-no-href,,,unchanged,,
https://www.draftguru.com.au/players/adrian_burdon/1,withheld,U-no-href,,,unchanged,,
https://www.draftguru.com.au/players/adrian_burgiel/1,withheld,U-no-href,,,unchanged,,
https://www.draftguru.com.au/players/adrian_burns/1,accepted,,players/A/Adrian_Burns.html,players/A/Adrian_Burns.html,unchanged,,
https://www.draftguru.com.au/players/adrian_campbell/1,accepted,,players/A/Adrian_Campbell.html,players/A/Adrian_Campbell.html,unchanged,,
https://www.draftguru.com.au/players/adrian_cox/1,accepted,,players/A/Adrian_Cox.html,players/A/Adrian_Cox.html,unchanged,,
https://www.draftguru.com.au/players/adrian_deluca/1,accepted,,players/A/Adrian_De_Luca.html,players/A/Adrian_De_Luca.html,confirmed,same_person_valid_href,tokenisation
https://www.draftguru.com.au/players/adrian_fletcher/1,accepted,,players/A/Adrian_Fletcher.html,players/A/Adrian_Fletcher.html,unchanged,,
https://www.draftguru.com.au/players/adrian_goldup/1,withheld,U-no-href,,,unchanged,,
https://www.draftguru.com.au/players/adrian_hickmott/1,accepted,,players/A/Adrian_Hickmott.html,players/A/Adrian_Hickmott.html,unchanged,,
https://www.draftguru.com.au/players/adrian_mcadam/1,accepted,,players/A/Adrian_McAdam.html,players/A/Adrian_McAdam.html,unchanged,,
https://www.draftguru.com.au/players/adrian_menera/1,withheld,U-no-href,,,unchanged,,
https://www.draftguru.com.au/players/adrian_whitehead/1,accepted,,players/A/Adrian_Whitehead.html,players/A/Adrian_Whitehead.html,unchanged,,
https://www.draftguru.com.au/players/adrian_wilson/1,withheld,U-no-href,,,unchanged,,
https://www.draftguru.com.au/players/ahmed_saad/1,accepted,,players/A/Ahmed_Saad.html,players/A/Ahmed_Saad.html,unchanged,,
https://www.draftguru.com.au/players/aidan_bussell/1,withheld,U-no-href,,,unchanged,,
https://www.draftguru.com.au/players/aidan_corr/1,accepted,,players/A/Aidan_Corr.html,players/A/Aidan_Corr.html,unchanged,,
https://www.draftguru.com.au/players/aidan_johnson/1,accepted,,players/A/Aidan_Johnson.html,players/A/Aidan_Johnson.html,unchanged,,
https://www.draftguru.com.au/players/aidan_parker/1,withheld,U-no-href,,,unchanged,,
https://www.draftguru.com.au/players/aidan_riley/1,accepted,,players/A/Aidan_Riley.html,players/A/Aidan_Riley.html,unchanged,,
https://www.draftguru.com.au/players/aidan_schubert/1,accepted,,players/A/Aidan_Schubert.html,players/A/Aidan_Schubert.html,unchanged,,
https://www.draftguru.com.au/players/aiden_begg/1,accepted,,players/A/Aiden_Begg.html,players/A/Aiden_Begg.html,unchanged,,
https://www.draftguru.com.au/players/aiden_bonar/1,accepted,,players/A/Aiden_Bonar.html,players/A/Aiden_Bonar.html,unchanged,,
https://www.draftguru.com.au/players/aiden_fyfe/1,withheld,U-no-href,,,unchanged,,
https://www.draftguru.com.au/players/aiden_o'driscoll/1,withheld,U-no-href,,,unchanged,,
https://www.draftguru.com.au/players/aiden_riddle/1,withheld,U-no-href,,,unchanged,,
https://www.draftguru.com.au/players/aidyn_johnson/1,accepted,,players/A/Aidyn_Johnson.html,players/A/Aidyn_Johnson.html,unchanged,,
https://www.draftguru.com.au/players/aisake_o'hailpin/1,withheld,U-no-href,,,unchanged,,
https://www.draftguru.com.au/players/alan_didak/1,accepted,,players/A/Alan_Didak.html,players/A/Alan_Didak.html,unchanged,,
https://www.draftguru.com.au/players/alan_johnson/1,accepted,,players/A/Alan_Johnson.html,players/A/Alan_Johnson.html,unchanged,,
https://www.draftguru.com.au/players/alan_obst/1,accepted,,players/A/Alan_Obst.html,players/A/Alan_Obst.html,unchanged,,
https://www.draftguru.com.au/players/alan_schwartz/1,withheld,U-no-href,,,unchanged,,
https://www.draftguru.com.au/players/alan_thorpe/1,accepted,,players/A/Alan_Thorpe.html,players/A/Alan_Thorpe.html,unchanged,,
https://www.draftguru.com.au/players/alan_toovey/1,accepted,,players/A/Alan_Toovey.html,players/A/Alan_Toovey.html,unchanged,,
https://www.draftguru.com.au/players/alastair_clarkson/1,accepted,,players/A/Alastair_Clarkson.html,players/A/Alastair_Clarkson.html,unchanged,,
https://www.draftguru.com.au/players/alastair_gray/1,withheld,U-no-href,,,unchanged,,
https://www.draftguru.com.au/players/alastair_lord/1,accepted,,players/A/Alastair_Lord.html,players/A/Alastair_Lord.html,unchanged,,
https://www.draftguru.com.au/players/alastair_lynch/1,accepted,,players/A/Alastair_Lynch.html,players/A/Alastair_Lynch.html,unchanged,,
https://www.draftguru.com.au/players/albert_proud/1,accepted,,players/A/Albert_Proud.html,players/A/Albert_Proud.html,unchanged,,
https://www.draftguru.com.au/players/aldo_dipetta/1,accepted,,players/A/Aldo_Dipetta.html,players/A/Aldo_Dipetta.html,unchanged,,
https://www.draftguru.com.au/players/alec_waterman/1,accepted,,players/A/Alec_Waterman.html,players/A/Alec_Waterman.html,unchanged,,
https://www.draftguru.com.au/players/alex_brown/1,withheld,U-no-href,,,unchanged,,
https://www.draftguru.com.au/players/alex_browne/1,accepted,,players/A/Alex_Browne.html,players/A/Alex_Browne.html,unchanged,,
https://www.draftguru.com.au/players/alex_cincotta/1,accepted,,players/A/Alex_Cincotta.html,players/A/Alex_Cincotta.html,unchanged,,
https://www.draftguru.com.au/players/alex_davies/1,accepted,,players/A/Alex_Davies.html,players/A/Alex_Davies.html,unchanged,,
https://www.draftguru.com.au/players/alex_dodson/1,accepted,,players/A/Alex_Dodson.html,players/A/Alex_Dodson.html,unchanged,,
https://www.draftguru.com.au/players/alex_fasolo/1,accepted,,players/A/Alex_Fasolo.html,players/A/Alex_Fasolo.html,unchanged,,
https://www.draftguru.com.au/players/alex_forster/1,accepted,,players/A/Alex_Forster.html,players/A/Alex_Forster.html,unchanged,,
https://www.draftguru.com.au/players/alex_georgiou/1,accepted,,players/A/Alex_Georgiou.html,players/A/Alex_Georgiou.html,unchanged,,
https://www.draftguru.com.au/players/alex_gilmour/1,withheld,U-no-href,,,unchanged,,
https://www.draftguru.com.au/players/alex_greenwood/1,withheld,U-no-href,,,unchanged,,
https://www.draftguru.com.au/players/alex_grima/1,withheld,U-no-href,,,unchanged,,
https://www.draftguru.com.au/players/alex_howson/1,withheld,U-no-href,,,unchanged,,
https://www.draftguru.com.au/players/alex_ishchenko/1,accepted,,players/A/Alex_Ishchenko.html,players/A/Alex_Ishchenko.html,unchanged,,
https://www.draftguru.com.au/players/alex_johnson/1,accepted,,players/A/Alex_Johnson.html,players/A/Alex_Johnson.html,unchanged,,
https://www.draftguru.com.au/players/alex_keath/1,accepted,,players/A/Alex_Keath.html,players/A/Alex_Keath.html,unchanged,,
https://www.draftguru.com.au/players/alex_lee/2,withheld,U-no-href,,,unchanged,,
https://www.draftguru.com.au/players/alex_mcdonald/1,accepted,,players/A/Alex_McDonald.html,players/A/Alex_McDonald.html,unchanged,,
https://www.draftguru.com.au/players/alex_mirkov/1,withheld,U-no-href,,,unchanged,,
https://www.draftguru.com.au/players/alex_morgan/1,accepted,,players/A/Alex_Morgan.html,players/A/Alex_Morgan.html,unchanged,,
https://www.draftguru.com.au/players/alex_neal-bullen/1,accepted,,players/A/Alex_Neal-Bullen.html,players/A/Alex_Neal-Bullen.html,unchanged,,
https://www.draftguru.com.au/players/alex_pearce/1,accepted,,players/A/Alex_Pearce.html,players/A/Alex_Pearce.html,unchanged,,
https://www.draftguru.com.au/players/alex_rance/1,accepted,,players/A/Alex_Rance.html,players/A/Alex_Rance.html,unchanged,,
https://www.draftguru.com.au/players/alex_sexton/1,accepted,,players/A/Alex_Sexton.html,players/A/Alex_Sexton.html,unchanged,,
https://www.draftguru.com.au/players/alex_silvagni/1,accepted,,players/A/Alex_Silvagni.html,players/A/Alex_Silvagni.html,unchanged,,
https://www.draftguru.com.au/players/alex_spina/1,withheld,U-no-href,,,unchanged,,
https://www.draftguru.com.au/players/alex_van%20wyk/1,accepted,,players/A/Alex_Van_Wyk.html,players/A/Alex_Van_Wyk.html,unchanged,,
https://www.draftguru.com.au/players/alex_witherden/1,accepted,,players/A/Alex_Witherden.html,players/A/Alex_Witherden.html,unchanged,,
https://www.draftguru.com.au/players/alex_woodward/1,accepted,,players/A/Alex_Woodward.html,players/A/Alex_Woodward.html,unchanged,,
https://www.draftguru.com.au/players/aliir_aliir/1,accepted,,players/A/Aliir_Aliir.html,players/A/Aliir_Aliir.html,unchanged,,
https://www.draftguru.com.au/players/alik_magin/1,accepted,,players/A/Alik_Magin.html,players/A/Alik_Magin.html,unchanged,,
https://www.draftguru.com.au/players/alipate_carlile/1,accepted,,players/A/Alipate_Carlile.html,players/A/Alipate_Carlile.html,unchanged,,
https://www.draftguru.com.au/players/alistair_burke/1,withheld,U-no-href,,,unchanged,,
https://www.draftguru.com.au/players/alistair_nicholson/1,accepted,,players/A/Alistair_Nicholson.html,players/A/Alistair_Nicholson.html,unchanged,,
https://www.draftguru.com.au/players/alistair_smith/1,accepted,,players/A/Alistair_Smith.html,players/A/Alistair_Smith.html,unchanged,,
https://www.draftguru.com.au/players/alister_carr/1,accepted,,players/A/Alister_Carr.html,players/A/Alister_Carr.html,unchanged,,
https://www.draftguru.com.au/players/alix_tauru/1,accepted,,players/A/Alix_Tauru.html,players/A/Alix_Tauru.html,unchanged,,
https://www.draftguru.com.au/players/allan_bartlett/1,accepted,,players/A/Allan_Bartlett.html,players/A/Allan_Bartlett.html,unchanged,,
https://www.draftguru.com.au/players/allan_mckellar/1,accepted,,players/A/Allan_McKellar.html,players/A/Allan_McKellar.html,unchanged,,
https://www.draftguru.com.au/players/allan_murray/1,accepted,,players/A/Allan_Murray.html,players/A/Allan_Murray.html,unchanged,,
https://www.draftguru.com.au/players/allan_sidebottom/1,accepted,,players/A/Allan_Sidebottom.html,players/A/Allan_Sidebottom.html,unchanged,,
https://www.draftguru.com.au/players/allen_christensen/1,accepted,,players/A/Allen_Christensen.html,players/A/Allen_Christensen.html,unchanged,,
https://www.draftguru.com.au/players/allen_jakovich/1,accepted,,players/A/Allen_Jakovich.html,players/A/Allen_Jakovich.html,unchanged,,
https://www.draftguru.com.au/players/allen_nash/1,withheld,U-no-href,,,unchanged,,
https://www.draftguru.com.au/players/allister_scott/1,accepted,,players/A/Allister_Scott.html,players/A/Allister_Scott.html,unchanged,,
https://www.draftguru.com.au/players/alroy_gilligan/1,withheld,U-no-href,,,unchanged,,
https://www.draftguru.com.au/players/alwyn_davey/1,accepted,,players/A/Alwyn_Davey0.html,players/A/Alwyn_Davey.html,corrected,approve_manual_curation,discrepancy
https://www.draftguru.com.au/players/alwyn_davey/2,accepted,,players/A/Alwyn_Davey1.html,players/A/Alwyn_Davey1.html,unchanged,,
https://www.draftguru.com.au/players/amon_buchanan/1,accepted,,players/A/Amon_Buchanan.html,players/A/Amon_Buchanan.html,unchanged,,
https://www.draftguru.com.au/players/amos_frank/1,withheld,U-no-href,,,unchanged,,
https://www.draftguru.com.au/players/amua_parika/1,withheld,U-no-href,,,unchanged,,
https://www.draftguru.com.au/players/andre_gianfagna/1,withheld,U-no-href,,,unchanged,,
https://www.draftguru.com.au/players/andrejs_everitt/1,accepted,,players/A/Andrejs_Everitt.html,players/A/Andrejs_Everitt.html,unchanged,,
https://www.draftguru.com.au/players/andrew_balkwill/1,accepted,,players/A/Andrew_Balkwill.html,players/A/Andrew_Balkwill.html,unchanged,,
https://www.draftguru.com.au/players/andrew_bews/1,accepted,,players/A/Andrew_Bews.html,players/A/Andrew_Bews.html,unchanged,,
https://www.draftguru.com.au/players/andrew_bishop/1,withheld,U-no-href,,,unchanged,,
https://www.draftguru.com.au/players/andrew_bomford/1,accepted,,players/A/Andrew_Bomford.html,players/A/Andrew_Bomford.html,unchanged,,
https://www.draftguru.com.au/players/andrew_boseley/1,withheld,U-no-href,,,unchanged,,
https://www.draftguru.com.au/players/andrew_boston/1,accepted,,players/A/Andrew_Boston.html,players/A/Andrew_Boston.html,unchanged,,
https://www.draftguru.com.au/players/andrew_brayshaw/1,accepted,,players/A/Andrew_Brayshaw.html,players/A/Andrew_Brayshaw.html,unchanged,,
https://www.draftguru.com.au/players/andrew_brockhurst/1,accepted,,players/A/Andrew_Brockhurst.html,players/A/Andrew_Brockhurst.html,unchanged,,
https://www.draftguru.com.au/players/andrew_browne/1,accepted,,players/A/Andrew_Browne0.html,players/A/Andrew_Browne0.html,unchanged,,
https://www.draftguru.com.au/players/andrew_browne/2,accepted,,players/A/Andrew_Browne1.html,players/A/Andrew_Browne1.html,unchanged,,
https://www.draftguru.com.au/players/andrew_carrazzo/1,accepted,,players/A/Andrew_Carrazzo.html,players/A/Andrew_Carrazzo.html,unchanged,,
https://www.draftguru.com.au/players/andrew_cavedon/1,accepted,,players/A/Andrew_Cavedon.html,players/A/Andrew_Cavedon.html,unchanged,,
https://www.draftguru.com.au/players/andrew_collins/2,accepted,,players/A/Andrew_Collins1.html,players/A/Andrew_Collins1.html,unchanged,,
https://www.draftguru.com.au/players/andrew_crowell/1,accepted,,players/A/Andrew_Crowell.html,players/A/Andrew_Crowell.html,unchanged,,
https://www.draftguru.com.au/players/andrew_dimattina/1,accepted,,players/A/Andrew_Dimattina.html,players/A/Andrew_Dimattina.html,unchanged,,
https://www.draftguru.com.au/players/andrew_donnelly/1,accepted,,players/A/Andrew_Donnelly.html,players/A/Andrew_Donnelly.html,unchanged,,
https://www.draftguru.com.au/players/andrew_dunkley/1,accepted,,players/A/Andrew_Dunkley.html,players/A/Andrew_Dunkley.html,unchanged,,
https://www.draftguru.com.au/players/andrew_eccles/1,accepted,,players/A/Andrew_Eccles.html,players/A/Andrew_Eccles.html,unchanged,,
https://www.draftguru.com.au/players/andrew_embley/1,accepted,,players/A/Andrew_Embley.html,players/A/Andrew_Embley.html,unchanged,,
https://www.draftguru.com.au/players/andrew_ericksen/1,withheld,U-no-href,,,unchanged,,
https://www.draftguru.com.au/players/andrew_ford/1,accepted,,players/A/Andrew_Ford.html,players/A/Andrew_Ford.html,unchanged,,
https://www.draftguru.com.au/players/andrew_foster/1,accepted,,players/A/Andrew_Foster.html,players/A/Andrew_Foster.html,unchanged,,
https://www.draftguru.com.au/players/andrew_gaff/1,accepted,,players/A/Andrew_Gaff.html,players/A/Andrew_Gaff.html,unchanged,,
https://www.draftguru.com.au/players/andrew_gallucci/1,withheld,U-no-href,,,unchanged,,
https://www.draftguru.com.au/players/andrew_geddes/1,withheld,U-no-href,,,unchanged,,
https://www.draftguru.com.au/players/andrew_gowers/1,accepted,,players/A/Andrew_Gowers.html,players/A/Andrew_Gowers.html,unchanged,,
https://www.draftguru.com.au/players/andrew_gowling/1,withheld,U-no-href,,,unchanged,,
https://www.draftguru.com.au/players/andrew_gray/1,withheld,U-no-href,,,unchanged,,
https://www.draftguru.com.au/players/andrew_gribble/1,withheld,U-no-href,,,unchanged,,
https://www.draftguru.com.au/players/andrew_hamer/1,withheld,U-no-href,,,unchanged,,
https://www.draftguru.com.au/players/andrew_hardiman/1,withheld,U-no-href,,,unchanged,,
https://www.draftguru.com.au/players/andrew_harrison/1,withheld,U-no-href,,,unchanged,,
https://www.draftguru.com.au/players/andrew_hayes/1,withheld,U-no-href,,,unchanged,,
https://www.draftguru.com.au/players/andrew_henderson/1,withheld,U-no-href,,,unchanged,,
https://www.draftguru.com.au/players/andrew_herring/1,withheld,U-no-href,,,unchanged,,
https://www.draftguru.com.au/players/andrew_hill/1,withheld,U-no-href,,,unchanged,,
https://www.draftguru.com.au/players/andrew_hill/2,accepted,,players/A/Andrew_Hill.html,players/A/Andrew_Hill.html,unchanged,,
https://www.draftguru.com.au/players/andrew_hooper/1,accepted,,players/A/Andrew_Hooper.html,players/A/Andrew_Hooper.html,unchanged,,
https://www.draftguru.com.au/players/andrew_jarman/1,accepted,,players/A/Andrew_Jarman.html,players/A/Andrew_Jarman.html,unchanged,,
https://www.draftguru.com.au/players/andrew_johnston/1,accepted,,players/A/Andrew_Johnston.html,players/A/Andrew_Johnston.html,unchanged,,
https://www.draftguru.com.au/players/andrew_kellaway/1,accepted,,players/A/Andrew_Kellaway.html,players/A/Andrew_Kellaway.html,unchanged,,
https://www.draftguru.com.au/players/andrew_kemp/1,withheld,U-no-href,,,unchanged,,
https://www.draftguru.com.au/players/andrew_krakouer/1,accepted,,players/A/Andrew_Krakouer0.html,players/A/Andrew_Krakouer0.html,confirmed,same_person_valid_relisting,relisting
https://www.draftguru.com.au/players/andrew_krakouer/2,accepted,,players/A/Andrew_Krakouer1.html,players/A/Andrew_Krakouer1.html,unchanged,,
https://www.draftguru.com.au/players/andrew_lamb/1,withheld,U-no-href,,,unchanged,,
https://www.draftguru.com.au/players/andrew_lamprill/1,accepted,,players/A/Andrew_Lamprill.html,players/A/Andrew_Lamprill.html,unchanged,,
https://www.draftguru.com.au/players/andrew_lee/1,accepted,,players/A/Andrew_Lee.html,players/A/Andrew_Lee.html,unchanged,,
https://www.draftguru.com.au/players/andrew_leoncelli/1,accepted,,players/A/Andrew_Leoncelli.html,players/A/Andrew_Leoncelli.html,unchanged,,
https://www.draftguru.com.au/players/andrew_lovett/1,accepted,,players/A/Andrew_Lovett.html,players/A/Andrew_Lovett.html,unchanged,,
https://www.draftguru.com.au/players/andrew_mackie/1,accepted,,players/A/Andrew_Mackie.html,players/A/Andrew_Mackie.html,unchanged,,
https://www.draftguru.com.au/players/andrew_macnish/1,accepted,,players/A/Andrew_MacNish.html,players/A/Andrew_MacNish.html,unchanged,,
https://www.draftguru.com.au/players/andrew_mccarrey/1,withheld,U-no-href,,,unchanged,,
https://www.draftguru.com.au/players/andrew_mcdougall/1,accepted,,players/A/Andrew_McDougall.html,players/A/Andrew_McDougall.html,unchanged,,
https://www.draftguru.com.au/players/andrew_mcgovern/1,accepted,,players/A/Andrew_McGovern.html,players/A/Andrew_McGovern.html,unchanged,,
https://www.draftguru.com.au/players/andrew_mcgrath/1,accepted,,players/A/Andrew_McGrath.html,players/A/Andrew_McGrath.html,unchanged,,
https://www.draftguru.com.au/players/andrew_mcinnes/1,accepted,,players/A/Andrew_McInnes.html,players/A/Andrew_McInnes.html,unchanged,,
https://www.draftguru.com.au/players/andrew_mcintyre/1,withheld,U-no-href,,,unchanged,,
https://www.draftguru.com.au/players/andrew_mckay/1,accepted,,players/A/Andrew_McKay.html,players/A/Andrew_McKay.html,unchanged,,
https://www.draftguru.com.au/players/andrew_mclean/1,accepted,,players/A/Andrew_McLean.html,players/A/Andrew_McLean.html,unchanged,,
https://www.draftguru.com.au/players/andrew_mcleod/1,accepted,,players/A/Andrew_McLeod.html,players/A/Andrew_McLeod.html,unchanged,,
https://www.draftguru.com.au/players/andrew_mcpherson/1,accepted,,players/A/Andrew_McPherson.html,players/A/Andrew_McPherson.html,unchanged,,
https://www.draftguru.com.au/players/andrew_mcqualter/1,accepted,,players/A/Andrew_McQualter.html,players/A/Andrew_McQualter.html,unchanged,,
https://www.draftguru.com.au/players/andrew_merrington/1,accepted,,players/A/Andrew_Merrington.html,players/A/Andrew_Merrington.html,unchanged,,
https://www.draftguru.com.au/players/andrew_mills/1,withheld,U-no-href,,,unchanged,,
https://www.draftguru.com.au/players/andrew_mills/2,accepted,,players/A/Andrew_Mills.html,players/A/Andrew_Mills.html,unchanged,,
https://www.draftguru.com.au/players/andrew_moore/1,accepted,,players/A/Andrew_Moore.html,players/A/Andrew_Moore.html,unchanged,,
https://www.draftguru.com.au/players/andrew_nichol/1,accepted,,players/A/Andrew_Nichol.html,players/A/Andrew_Nichol.html,unchanged,,
https://www.draftguru.com.au/players/andrew_obst/1,accepted,,players/A/Andrew_Obst.html,players/A/Andrew_Obst.html,unchanged,,
https://www.draftguru.com.au/players/andrew_osborn/1,withheld,U-no-href,,,unchanged,,
https://www.draftguru.com.au/players/andrew_pascoe/1,withheld,U-no-href,,,unchanged,,
https://www.draftguru.com.au/players/andrew_payze/1,accepted,,players/A/Andrew_Payze.html,players/A/Andrew_Payze.html,unchanged,,
https://www.draftguru.com.au/players/andrew_peck/1,withheld,U-no-href,,,unchanged,,
https://www.draftguru.com.au/players/andrew_phillips/2,accepted,,players/A/Andrew_Phillips1.html,players/A/Andrew_Phillips1.html,unchanged,,
https://www.draftguru.com.au/players/andrew_pugsley/1,accepted,,players/A/Andrew_Pugsley.html,players/A/Andrew_Pugsley.html,unchanged,,
https://www.draftguru.com.au/players/andrew_purser/1,accepted,,players/A/Andrew_Purser.html,players/A/Andrew_Purser.html,confirmed,agree,audit
https://www.draftguru.com.au/players/andrew_raines/1,accepted,,players/A/Andrew_Raines.html,players/A/Andrew_Raines.html,unchanged,,
https://www.draftguru.com.au/players/andrew_ramsden/1,withheld,U-no-href,,,unchanged,,
https://www.draftguru.com.au/players/andrew_rogers/1,accepted,,players/A/Andrew_Rogers.html,players/A/Andrew_Rogers.html,unchanged,,
https://www.draftguru.com.au/players/andrew_schauble/1,accepted,,players/A/Andrew_Schauble.html,players/A/Andrew_Schauble.html,unchanged,,
https://www.draftguru.com.au/players/andrew_shipp/1,accepted,,players/A/Andrew_Shipp.html,players/A/Andrew_Shipp.html,unchanged,,
https://www.draftguru.com.au/players/andrew_siegert/1,accepted,,players/A/Andrew_Siegert.html,players/A/Andrew_Siegert.html,unchanged,,
https://www.draftguru.com.au/players/andrew_smith/2,withheld,U-no-href,,,unchanged,,
https://www.draftguru.com.au/players/andrew_strijk/1,accepted,,players/A/Andrew_Strijk.html,players/A/Andrew_Strijk.html,unchanged,,
https://www.draftguru.com.au/players/andrew_swallow/1,accepted,,players/A/Andrew_Swallow.html,players/A/Andrew_Swallow.html,unchanged,,
https://www.draftguru.com.au/players/andrew_tarpey/1,accepted,,players/A/Andrew_Tarpey.html,players/A/Andrew_Tarpey.html,confirmed,same_person_valid_relisting,relisting
https://www.draftguru.com.au/players/andrew_taylor/2,withheld,U-no-href,,,unchanged,,
https://www.draftguru.com.au/players/andrew_thompson/1,accepted,,players/A/Andrew_Thompson.html,players/A/Andrew_Thompson.html,unchanged,,
https://www.draftguru.com.au/players/andrew_tranquilli/1,accepted,,players/A/Andrew_Tranquilli.html,players/A/Andrew_Tranquilli.html,unchanged,,
https://www.draftguru.com.au/players/andrew_ukovic/1,accepted,,players/A/Andrew_Ukovic.html,players/A/Andrew_Ukovic.html,unchanged,,
https://www.draftguru.com.au/players/andrew_underwood/1,accepted,,players/A/Andrew_Underwood.html,players/A/Andrew_Underwood.html,unchanged,,
https://www.draftguru.com.au/players/andrew_venner/1,withheld,U-no-href,,,unchanged,,
https://www.draftguru.com.au/players/andrew_walker/1,accepted,,players/A/Andrew_Walker.html,players/A/Andrew_Walker.html,unchanged,,
https://www.draftguru.com.au/players/andrew_welsh/1,accepted,,players/A/Andrew_Welsh.html,players/A/Andrew_Welsh.html,unchanged,,
https://www.draftguru.com.au/players/andrew_wickham/1,withheld,U-no-href,,,unchanged,,
https://www.draftguru.com.au/players/andrew_williams/1,accepted,,players/A/Andrew_Williams.html,players/A/Andrew_Williams.html,unchanged,,
https://www.draftguru.com.au/players/andrew_wills/1,accepted,,players/A/Andrew_Wills.html,players/A/Andrew_Wills.html,unchanged,,
https://www.draftguru.com.au/players/andrew_wisken/1,withheld,U-no-href,,,unchanged,,
https://www.draftguru.com.au/players/andy_goodwin/1,accepted,,players/A/Andy_Goodwin.html,players/A/Andy_Goodwin.html,unchanged,,
https://www.draftguru.com.au/players/andy_lovell/1,accepted,,players/A/Andy_Lovell.html,players/A/Andy_Lovell.html,unchanged,,
https://www.draftguru.com.au/players/andy_moniz-wakefield/1,accepted,,players/A/Andy_Moniz-Wakefield.html,players/A/Andy_Moniz-Wakefield.html,unchanged,,
https://www.draftguru.com.au/players/andy_otten/1,accepted,,players/A/Andy_Otten.html,players/A/Andy_Otten.html,unchanged,,
https://www.draftguru.com.au/players/angelo_lekkas/1,accepted,,players/A/Angelo_Lekkas.html,players/A/Angelo_Lekkas.html,unchanged,,
https://www.draftguru.com.au/players/angus_anderson/1,accepted,,players/A/Angus_Anderson.html,players/A/Angus_Anderson.html,unchanged,,
https://www.draftguru.com.au/players/angus_brayshaw/1,accepted,,players/A/Angus_Brayshaw.html,players/A/Angus_Brayshaw.html,unchanged,,
https://www.draftguru.com.au/players/angus_clarke/2,accepted,,players/A/Angus_Clarke.html,players/A/Angus_Clarke.html,unchanged,,
https://www.draftguru.com.au/players/angus_dewar/1,accepted,,players/A/Angus_Dewar.html,players/A/Angus_Dewar.html,unchanged,,
https://www.draftguru.com.au/players/angus_graham/1,accepted,,players/A/Angus_Graham.html,players/A/Angus_Graham.html,unchanged,,
https://www.draftguru.com.au/players/angus_hastie/1,accepted,,players/A/Angus_Hastie.html,players/A/Angus_Hastie.html,unchanged,,
https://www.draftguru.com.au/players/angus_mclennan/1,accepted,,players/A/Angus_McLennan.html,players/A/Angus_McLennan.html,unchanged,,
https://www.draftguru.com.au/players/angus_monfries/1,accepted,,players/A/Angus_Monfries.html,players/A/Angus_Monfries.html,unchanged,,
https://www.draftguru.com.au/players/angus_schumacher/1,accepted,,players/A/Angus_Schumacher.html,players/A/Angus_Schumacher.html,unchanged,,
https://www.draftguru.com.au/players/angus_sheldrick/1,accepted,,players/A/Angus_Sheldrick.html,players/A/Angus_Sheldrick.html,unchanged,,
https://www.draftguru.com.au/players/angus_styles/1,withheld,U-no-href,,,unchanged,,
https://www.draftguru.com.au/players/anthony_alessio/1,withheld,U-no-href,,,unchanged,,
https://www.draftguru.com.au/players/anthony_aloi/1,withheld,U-no-href,,,unchanged,,
https://www.draftguru.com.au/players/anthony_banik/1,accepted,,players/A/Anthony_Banik.html,players/A/Anthony_Banik.html,unchanged,,
https://www.draftguru.com.au/players/anthony_caminiti/1,accepted,,players/A/Anthony_Caminiti.html,players/A/Anthony_Caminiti.html,unchanged,,
https://www.draftguru.com.au/players/anthony_cole/1,withheld,U-no-href,,,unchanged,,
https://www.draftguru.com.au/players/anthony_corrie/1,accepted,,players/A/Anthony_Corrie.html,players/A/Anthony_Corrie.html,unchanged,,
https://www.draftguru.com.au/players/anthony_darcy/1,accepted,,players/A/Anthony_Darcy.html,players/A/Anthony_Darcy.html,unchanged,,
https://www.draftguru.com.au/players/anthony_dessent/1,withheld,U-no-href,,,unchanged,,
https://www.draftguru.com.au/players/anthony_franchina/1,accepted,,players/A/Anthony_Franchina.html,players/A/Anthony_Franchina.html,unchanged,,
https://www.draftguru.com.au/players/anthony_harvey/1,accepted,,players/A/Anthony_Harvey.html,players/A/Anthony_Harvey.html,unchanged,,
https://www.draftguru.com.au/players/anthony_ingerson/1,accepted,,players/A/Anthony_Ingerson.html,players/A/Anthony_Ingerson.html,unchanged,,
https://www.draftguru.com.au/players/anthony_jones/1,accepted,,players/A/Anthony_Jones.html,players/A/Anthony_Jones.html,unchanged,,
https://www.draftguru.com.au/players/anthony_long/1,withheld,U-no-href,,,unchanged,,
https://www.draftguru.com.au/players/anthony_loone/1,withheld,U-no-href,,,unchanged,,
https://www.draftguru.com.au/players/anthony_mcdonald-tipungwuti/1,accepted,,players/A/Anthony_McDonald-Tipungwuti.html,players/A/Anthony_McDonald-Tipungwuti.html,unchanged,,
https://www.draftguru.com.au/players/anthony_mcdonald/1,accepted,,players/A/Anthony_McDonald.html,players/A/Anthony_McDonald.html,unchanged,,
https://www.draftguru.com.au/players/anthony_mcgregor/1,accepted,,players/A/Anthony_McGregor.html,players/A/Anthony_McGregor.html,unchanged,,
https://www.draftguru.com.au/players/anthony_mellington/1,accepted,,players/A/Anthony_Mellington.html,players/A/Anthony_Mellington.html,unchanged,,
https://www.draftguru.com.au/players/anthony_miles/1,accepted,,players/A/Anthony_Miles.html,players/A/Anthony_Miles.html,unchanged,,
https://www.draftguru.com.au/players/anthony_morabito/1,accepted,,players/A/Anthony_Morabito.html,players/A/Anthony_Morabito.html,unchanged,,
https://www.draftguru.com.au/players/anthony_munkara/1,withheld,U-no-href,,,unchanged,,
https://www.draftguru.com.au/players/anthony_palmer/1,withheld,U-no-href,,,unchanged,,
https://www.draftguru.com.au/players/anthony_pavey/1,withheld,U-no-href,,,unchanged,,
https://www.draftguru.com.au/players/anthony_raso/1,withheld,U-no-href,,,unchanged,,
https://www.draftguru.com.au/players/anthony_reynolds/1,withheld,U-no-href,,,unchanged,,
https://www.draftguru.com.au/players/anthony_rocca/1,accepted,,players/A/Anthony_Rocca.html,players/A/Anthony_Rocca.html,unchanged,,
https://www.draftguru.com.au/players/anthony_rock/1,accepted,,players/A/Anthony_Rock.html,players/A/Anthony_Rock.html,unchanged,,
https://www.draftguru.com.au/players/anthony_scott/1,accepted,,players/A/Anthony_Scott.html,players/A/Anthony_Scott.html,unchanged,,
https://www.draftguru.com.au/players/anthony_stevens/1,accepted,,players/A/Anthony_Stevens.html,players/A/Anthony_Stevens.html,unchanged,,
https://www.draftguru.com.au/players/anthony_tohill/1,withheld,U-no-href,,,unchanged,,
https://www.draftguru.com.au/players/anthony_treacy/1,withheld,U-no-href,,,unchanged,,
https://www.draftguru.com.au/players/anthony_wilson/1,withheld,U-no-href,,,unchanged,,
https://www.draftguru.com.au/players/anton_hamp/1,withheld,U-no-href,,,unchanged,,
https://www.draftguru.com.au/players/anton_tohill/1,accepted,,players/A/Anton_Tohill.html,players/A/Anton_Tohill.html,unchanged,,
https://www.draftguru.com.au/players/antoni_grover/1,accepted,,players/A/Antoni_Grover.html,players/A/Antoni_Grover.html,unchanged,,
https://www.draftguru.com.au/players/antony_ljubic/1,withheld,U-no-href,,,unchanged,,
https://www.draftguru.com.au/players/antony_sheehan/1,withheld,U-no-href,,,unchanged,,
https://www.draftguru.com.au/players/archer_day-wicks/1,accepted,,players/A/Archer_Day-Wicks.html,players/A/Archer_Day-Wicks.html,unchanged,,
https://www.draftguru.com.au/players/archer_reid/1,accepted,,players/A/Archer_Reid.html,players/A/Archer_Reid.html,unchanged,,
https://www.draftguru.com.au/players/archie_ludowyke/1,accepted,,players/A/Archie_Ludowyke.html,players/A/Archie_Ludowyke.html,unchanged,,
https://www.draftguru.com.au/players/archie_may/1,accepted,,players/A/Archie_May.html,players/A/Archie_May.html,unchanged,,
https://www.draftguru.com.au/players/archie_perkins/1,accepted,,players/A/Archie_Perkins.html,players/A/Archie_Perkins.html,unchanged,,
https://www.draftguru.com.au/players/archie_roberts/2,accepted,,players/A/Archie_Roberts1.html,players/A/Archie_Roberts1.html,unchanged,,
https://www.draftguru.com.au/players/archie_smith/2,accepted,,players/A/Archie_Smith1.html,players/A/Archie_Smith1.html,unchanged,,
https://www.draftguru.com.au/players/arie_schoenmaker/1,accepted,,players/A/Arie_Schoenmaker.html,players/A/Arie_Schoenmaker.html,unchanged,,
https://www.draftguru.com.au/players/ariel_steinberg/1,accepted,,players/A/Ariel_Steinberg.html,players/A/Ariel_Steinberg.html,unchanged,,
https://www.draftguru.com.au/players/arlo_draper/1,withheld,U-no-href,,,unchanged,,
https://www.draftguru.com.au/players/arryn_siposs/1,accepted,,players/A/Arryn_Siposs.html,players/A/Arryn_Siposs.html,unchanged,,
https://www.draftguru.com.au/players/arthur_jones/2,accepted,,players/A/Arthur_Jones1.html,players/A/Arthur_Jones1.html,unchanged,,
https://www.draftguru.com.au/players/ash_johnson/1,accepted,,players/A/Ash_Johnson.html,players/A/Ash_Johnson.html,unchanged,,
https://www.draftguru.com.au/players/asher_eastham/1,withheld,U-no-href,,,unchanged,,
https://www.draftguru.com.au/players/ashley_arrowsmith/1,withheld,U-no-href,,,unchanged,,
https://www.draftguru.com.au/players/ashley_blurton/1,accepted,,players/A/Ashley_Blurton.html,players/A/Ashley_Blurton.html,unchanged,,
https://www.draftguru.com.au/players/ashley_byrne/1,withheld,U-no-href,,,unchanged,,
https://www.draftguru.com.au/players/ashley_clancy/1,withheld,U-no-href,,,unchanged,,
https://www.draftguru.com.au/players/ashley_coutts/1,withheld,U-no-href,,,unchanged,,
https://www.draftguru.com.au/players/ashley_fernee/1,accepted,,players/A/Ashley_Fernee.html,players/A/Ashley_Fernee.html,unchanged,,
https://www.draftguru.com.au/players/ashley_gehling/1,withheld,U-no-href,,,unchanged,,
https://www.draftguru.com.au/players/ashley_green/1,accepted,,players/A/Ashley_Green.html,players/A/Ashley_Green.html,unchanged,,
https://www.draftguru.com.au/players/ashley_hansen/1,accepted,,players/A/Ashley_Hansen.html,players/A/Ashley_Hansen.html,unchanged,,
https://www.draftguru.com.au/players/ashley_matthews/1,accepted,,players/A/Ashley_Matthews.html,players/A/Ashley_Matthews.html,unchanged,,
https://www.draftguru.com.au/players/ashley_mcgrath/1,accepted,,players/A/Ashley_McGrath.html,players/A/Ashley_McGrath.html,unchanged,,
https://www.draftguru.com.au/players/ashley_mcintosh/1,accepted,,players/A/Ashley_McIntosh.html,players/A/Ashley_McIntosh.html,unchanged,,
https://www.draftguru.com.au/players/ashley_prescott/1,accepted,,players/A/Ashley_Prescott.html,players/A/Ashley_Prescott.html,unchanged,,
https://www.draftguru.com.au/players/ashley_sampi/1,accepted,,players/A/Ashley_Sampi.html,players/A/Ashley_Sampi.html,unchanged,,
https://www.draftguru.com.au/players/ashley_smith/1,accepted,,players/A/Ashley_Smith.html,players/A/Ashley_Smith.html,unchanged,,
https://www.draftguru.com.au/players/ashley_thompson/1,withheld,U-no-href,,,unchanged,,
https://www.draftguru.com.au/players/ashley_thornton/1,withheld,U-no-href,,,unchanged,,
https://www.draftguru.com.au/players/ashley_watson/1,accepted,,players/A/Ashley_Watson.html,players/A/Ashley_Watson.html,unchanged,,
https://www.draftguru.com.au/players/ashton_hams/1,accepted,,players/A/Ashton_Hams.html,players/A/Ashton_Hams.html,unchanged,,
https://www.draftguru.com.au/players/ashton_moir/1,accepted,,players/A/Ashton_Moir.html,players/A/Ashton_Moir.html,unchanged,,
https://www.draftguru.com.au/players/athas_hrysoulakis/1,accepted,,players/A/Athas_Hrysoulakis.html,players/A/Athas_Hrysoulakis.html,confirmed,same_person_valid_relisting,relisting
https://www.draftguru.com.au/players/atu_bosenavulagi/1,accepted,,players/A/Atu_Bosenavulagi.html,players/A/Atu_Bosenavulagi.html,unchanged,,
https://www.draftguru.com.au/players/austin_bradtke/1,withheld,U-no-href,,,unchanged,,
https://www.draftguru.com.au/players/austin_lucy/1,withheld,U-no-href,,,unchanged,,
https://www.draftguru.com.au/players/austin_mccrabb/1,accepted,,players/A/Austin_McCrabb.html,players/A/Austin_McCrabb.html,unchanged,,
https://www.draftguru.com.au/players/austin_wonaeamirri/1,accepted,,players/A/Austin_Wonaeamirri.html,players/A/Austin_Wonaeamirri.html,unchanged,,
https://www.draftguru.com.au/players/austinn_jones/1,accepted,,players/A/Austinn_Jones.html,players/A/Austinn_Jones.html,unchanged,,
https://www.draftguru.com.au/players/avery_thomas/1,withheld,U-no-href,,,unchanged,,
https://www.draftguru.com.au/players/ayce_cordy/1,accepted,,players/A/Ayce_Cordy.html,players/A/Ayce_Cordy.html,unchanged,,
https://www.draftguru.com.au/players/ayce_taylor/1,withheld,U-no-href,,,unchanged,,
https://www.draftguru.com.au/players/ayden_kennedy/1,withheld,U-no-href,,,unchanged,,
https://www.draftguru.com.au/players/bachar_houli/1,accepted,,players/B/Bachar_Houli.html,players/B/Bachar_Houli.html,unchanged,,
https://www.draftguru.com.au/players/baden_harper/1,withheld,U-no-href,,,unchanged,,
https://www.draftguru.com.au/players/bailey_banfield/1,accepted,,players/B/Bailey_Banfield.html,players/B/Bailey_Banfield.html,unchanged,,
https://www.draftguru.com.au/players/bailey_dale/1,accepted,,players/B/Bailey_Dale.html,players/B/Bailey_Dale.html,unchanged,,
https://www.draftguru.com.au/players/bailey_humphrey/1,accepted,,players/B/Bailey_Humphrey.html,players/B/Bailey_Humphrey.html,unchanged,,
https://www.draftguru.com.au/players/bailey_laurie/1,accepted,,players/B/Bailey_Laurie.html,players/B/Bailey_Laurie.html,unchanged,,
https://www.draftguru.com.au/players/bailey_macdonald/1,accepted,,players/B/Bailey_Macdonald.html,players/B/Bailey_Macdonald.html,unchanged,,
https://www.draftguru.com.au/players/bailey_rice/1,accepted,,players/B/Bailey_Rice.html,players/B/Bailey_Rice.html,unchanged,,
https://www.draftguru.com.au/players/bailey_scott/2,accepted,,players/B/Bailey_Scott.html,players/B/Bailey_Scott.html,unchanged,,
https://www.draftguru.com.au/players/bailey_smith/2,accepted,,players/B/Bailey_Smith.html,players/B/Bailey_Smith.html,unchanged,,
https://www.draftguru.com.au/players/bailey_williams/1,accepted,,players/B/Bailey_Williams0.html,players/B/Bailey_Williams0.html,unchanged,,
https://www.draftguru.com.au/players/bailey_williams/2,accepted,,players/B/Bailey_Williams1.html,players/B/Bailey_Williams1.html,unchanged,,
https://www.draftguru.com.au/players/balraj_singh/1,withheld,U-no-href,,,unchanged,,
https://www.draftguru.com.au/players/balyn_o'brien/1,accepted,,players/B/Balyn_OBrien.html,players/B/Balyn_OBrien.html,unchanged,,
https://www.draftguru.com.au/players/barnaby_french/1,accepted,,players/B/Barnaby_French.html,players/B/Barnaby_French.html,unchanged,,
https://www.draftguru.com.au/players/barry_brooks/1,accepted,,players/B/Barry_Brooks.html,players/B/Barry_Brooks.html,unchanged,,
https://www.draftguru.com.au/players/barry_hall/1,accepted,,players/B/Barry_Hall.html,players/B/Barry_Hall.html,unchanged,,
https://www.draftguru.com.au/players/barry_mitchell/1,accepted,,players/B/Barry_Mitchell.html,players/B/Barry_Mitchell.html,unchanged,,
https://www.draftguru.com.au/players/barry_o'connor/1,withheld,U-no-href,,,unchanged,,
https://www.draftguru.com.au/players/barry_spierings/1,withheld,U-no-href,,,unchanged,,
https://www.draftguru.com.au/players/barry_standfield/1,accepted,,players/B/Barry_Standfield.html,players/B/Barry_Standfield.html,unchanged,,
https://www.draftguru.com.au/players/barry_young/1,accepted,,players/B/Barry_Young.html,players/B/Barry_Young.html,unchanged,,
https://www.draftguru.com.au/players/bart_mcculloch/1,withheld,U-no-href,,,unchanged,,
https://www.draftguru.com.au/players/bayley_fritsch/1,accepted,,players/B/Bayley_Fritsch.html,players/B/Bayley_Fritsch.html,unchanged,,
https://www.draftguru.com.au/players/beau_addinsall/1,accepted,,players/B/Beau_Addinsall.html,players/B/Beau_Addinsall.html,unchanged,,
https://www.draftguru.com.au/players/beau_dowler/1,accepted,,players/B/Beau_Dowler.html,players/B/Beau_Dowler.html,unchanged,,
https://www.draftguru.com.au/players/beau_maister/1,accepted,,players/B/Beau_Maister.html,players/B/Beau_Maister.html,unchanged,,
https://www.draftguru.com.au/players/beau_mccreery/1,accepted,,players/B/Beau_McCreery.html,players/B/Beau_McCreery.html,unchanged,,
https://www.draftguru.com.au/players/beau_mcdonald/1,accepted,,players/B/Beau_McDonald.html,players/B/Beau_McDonald.html,unchanged,,
https://www.draftguru.com.au/players/beau_muston/1,accepted,,players/B/Beau_Muston.html,players/B/Beau_Muston.html,unchanged,,
https://www.draftguru.com.au/players/beau_waters/1,accepted,,players/B/Beau_Waters.html,players/B/Beau_Waters.html,unchanged,,
https://www.draftguru.com.au/players/ben_ainsworth/1,accepted,,players/B/Ben_Ainsworth.html,players/B/Ben_Ainsworth.html,unchanged,,
https://www.draftguru.com.au/players/ben_allan/1,accepted,,players/B/Ben_Allan.html,players/B/Ben_Allan.html,unchanged,,
https://www.draftguru.com.au/players/ben_atkins/1,withheld,U-no-href,,,unchanged,,
https://www.draftguru.com.au/players/ben_aulich/1,withheld,U-no-href,,,unchanged,,
https://www.draftguru.com.au/players/ben_beams/1,accepted,,players/B/Ben_Beams.html,players/B/Ben_Beams.html,unchanged,,
https://www.draftguru.com.au/players/ben_brown/1,accepted,,players/B/Ben_Brown.html,players/B/Ben_Brown.html,unchanged,,
https://www.draftguru.com.au/players/ben_bucovaz/1,accepted,,players/B/Ben_Bucovaz.html,players/B/Ben_Bucovaz.html,unchanged,,
https://www.draftguru.com.au/players/ben_camporeale/1,withheld,U-no-href,,,unchanged,,
https://www.draftguru.com.au/players/ben_careless/1,withheld,U-no-href,,,unchanged,,
https://www.draftguru.com.au/players/ben_cavarra/1,accepted,,players/B/Ben_Cavarra.html,players/B/Ben_Cavarra.html,unchanged,,
https://www.draftguru.com.au/players/ben_clifton/1,withheld,U-no-href,,,unchanged,,
https://www.draftguru.com.au/players/ben_colreavy/1,withheld,U-no-href,,,unchanged,,
https://www.draftguru.com.au/players/ben_cosgriff/1,withheld,U-no-href,,,unchanged,,
https://www.draftguru.com.au/players/ben_cousins/1,accepted,,players/B/Ben_Cousins.html,players/B/Ben_Cousins.html,unchanged,,
https://www.draftguru.com.au/players/ben_crocker/1,accepted,,players/B/Ben_Crocker.html,players/B/Ben_Crocker.html,unchanged,,
https://www.draftguru.com.au/players/ben_cross/1,withheld,U-no-href,,,unchanged,,
https://www.draftguru.com.au/players/ben_cunningham/1,accepted,,players/B/Ben_Cunningham.html,players/B/Ben_Cunningham.html,unchanged,,
https://www.draftguru.com.au/players/ben_cunnington/1,accepted,,players/B/Ben_Cunnington.html,players/B/Ben_Cunnington.html,unchanged,,
https://www.draftguru.com.au/players/ben_darrou/1,withheld,U-no-href,,,unchanged,,
https://www.draftguru.com.au/players/ben_davies/1,accepted,,players/B/Ben_Davies.html,players/B/Ben_Davies.html,unchanged,,
https://www.draftguru.com.au/players/ben_davis/1,accepted,,players/B/Ben_Davis.html,players/B/Ben_Davis.html,unchanged,,
https://www.draftguru.com.au/players/ben_dixon/1,accepted,,players/B/Ben_Dixon.html,players/B/Ben_Dixon.html,unchanged,,
https://www.draftguru.com.au/players/ben_doherty/1,withheld,U-no-href,,,unchanged,,
https://www.draftguru.com.au/players/ben_doolan/1,accepted,,players/B/Ben_Doolan.html,players/B/Ben_Doolan.html,unchanged,,
https://www.draftguru.com.au/players/ben_dowdell/1,withheld,U-no-href,,,unchanged,,
https://www.draftguru.com.au/players/ben_eckermann/1,accepted,,players/B/Ben_Eckermann.html,players/B/Ben_Eckermann.html,unchanged,,
https://www.draftguru.com.au/players/ben_edwards/1,withheld,U-no-href,,,unchanged,,
https://www.draftguru.com.au/players/ben_ellinghaus/1,withheld,U-no-href,,,unchanged,,
https://www.draftguru.com.au/players/ben_finnin/1,withheld,U-no-href,,,unchanged,,
https://www.draftguru.com.au/players/ben_fixter/1,accepted,,players/B/Ben_Fixter.html,players/B/Ben_Fixter.html,unchanged,,
https://www.draftguru.com.au/players/ben_graham/1,accepted,,players/B/Ben_Graham.html,players/B/Ben_Graham.html,unchanged,,
https://www.draftguru.com.au/players/ben_griffiths/1,accepted,,players/B/Ben_Griffiths.html,players/B/Ben_Griffiths.html,unchanged,,
https://www.draftguru.com.au/players/ben_haren/1,withheld,U-no-href,,,unchanged,,
https://www.draftguru.com.au/players/ben_harris/1,accepted,,players/B/Ben_Harris.html,players/B/Ben_Harris.html,unchanged,,
https://www.draftguru.com.au/players/ben_harrison/1,accepted,,players/B/Ben_Harrison.html,players/B/Ben_Harrison.html,unchanged,,
https://www.draftguru.com.au/players/ben_hart/1,accepted,,players/B/Ben_Hart.html,players/B/Ben_Hart.html,unchanged,,
https://www.draftguru.com.au/players/ben_haynes/1,accepted,,players/B/Ben_Haynes.html,players/B/Ben_Haynes.html,unchanged,,
https://www.draftguru.com.au/players/ben_herrald/1,withheld,U-no-href,,,unchanged,,
https://www.draftguru.com.au/players/ben_hobbs/1,accepted,,players/B/Ben_Hobbs.html,players/B/Ben_Hobbs.html,unchanged,,
https://www.draftguru.com.au/players/ben_holland/1,accepted,,players/B/Ben_Holland.html,players/B/Ben_Holland.html,unchanged,,
https://www.draftguru.com.au/players/ben_hollands/1,accepted,,players/B/Ben_Hollands.html,players/B/Ben_Hollands.html,unchanged,,
https://www.draftguru.com.au/players/ben_howlett/1,accepted,,players/B/Ben_Howlett.html,players/B/Ben_Howlett.html,unchanged,,
https://www.draftguru.com.au/players/ben_hudson/1,accepted,,players/B/Ben_Hudson.html,players/B/Ben_Hudson.html,unchanged,,
https://www.draftguru.com.au/players/ben_hughes/1,withheld,U-no-href,,,unchanged,,
https://www.draftguru.com.au/players/ben_jacobs/1,accepted,,players/B/Ben_Jacobs.html,players/B/Ben_Jacobs.html,unchanged,,
https://www.draftguru.com.au/players/ben_jakobi/1,withheld,U-no-href,,,unchanged,,
https://www.draftguru.com.au/players/ben_jarman/1,withheld,U-no-href,,,unchanged,,
https://www.draftguru.com.au/players/ben_jarvis/1,accepted,,players/B/Ben_Jarvis.html,players/B/Ben_Jarvis.html,unchanged,,
https://www.draftguru.com.au/players/ben_jepson/1,accepted,,players/B/Ben_Jepson.html,players/B/Ben_Jepson.html,unchanged,,
https://www.draftguru.com.au/players/ben_johnson/1,accepted,,players/B/Ben_Johnson.html,players/B/Ben_Johnson.html,unchanged,,
https://www.draftguru.com.au/players/ben_johnson/2,withheld,U-no-href,,,unchanged,,
https://www.draftguru.com.au/players/ben_johnson/3,withheld,U-no-href,,,unchanged,,
https://www.draftguru.com.au/players/ben_jolley/1,accepted,,players/B/Ben_Jolley.html,players/B/Ben_Jolley.html,unchanged,,
https://www.draftguru.com.au/players/ben_judd/1,withheld,U-no-href,,,unchanged,,
https://www.draftguru.com.au/players/ben_kane/1,accepted,,players/B/Ben_Kane.html,players/B/Ben_Kane.html,unchanged,,
https://www.draftguru.com.au/players/ben_keays/1,accepted,,players/B/Ben_Keays.html,players/B/Ben_Keays.html,unchanged,,
https://www.draftguru.com.au/players/ben_kemp/1,withheld,U-no-href,,,unchanged,,
https://www.draftguru.com.au/players/ben_kennedy/1,accepted,,players/B/Ben_Kennedy.html,players/B/Ben_Kennedy.html,unchanged,,
https://www.draftguru.com.au/players/ben_king/1,accepted,,players/B/Ben_King.html,players/B/Ben_King.html,unchanged,,
https://www.draftguru.com.au/players/ben_kinnear/1,accepted,,players/B/Ben_Kinnear.html,players/B/Ben_Kinnear.html,unchanged,,
https://www.draftguru.com.au/players/ben_lennon/1,accepted,,players/B/Ben_Lennon.html,players/B/Ben_Lennon.html,unchanged,,
https://www.draftguru.com.au/players/ben_long/1,accepted,,players/B/Ben_Long.html,players/B/Ben_Long.html,unchanged,,
https://www.draftguru.com.au/players/ben_mabon/1,withheld,U-no-href,,,unchanged,,
https://www.draftguru.com.au/players/ben_marsh/1,accepted,,players/B/Ben_Marsh.html,players/B/Ben_Marsh.html,unchanged,,
https://www.draftguru.com.au/players/ben_mathews/1,accepted,,players/B/Ben_Mathews.html,players/B/Ben_Mathews.html,unchanged,,
https://www.draftguru.com.au/players/ben_mcevoy/1,accepted,,players/B/Ben_McEvoy.html,players/B/Ben_McEvoy.html,unchanged,,
https://www.draftguru.com.au/players/ben_mcglynn/1,accepted,,players/B/Ben_McGlynn.html,players/B/Ben_McGlynn.html,unchanged,,
https://www.draftguru.com.au/players/ben_mckay/1,accepted,,players/B/Ben_McKay.html,players/B/Ben_McKay.html,unchanged,,
https://www.draftguru.com.au/players/ben_mckinley/1,accepted,,players/B/Ben_McKinley.html,players/B/Ben_McKinley.html,unchanged,,
https://www.draftguru.com.au/players/ben_mcniece/1,accepted,,players/B/Ben_McNiece.html,players/B/Ben_McNiece.html,unchanged,,
https://www.draftguru.com.au/players/ben_miller/1,accepted,,players/B/Ben_Miller.html,players/B/Ben_Miller.html,unchanged,,
https://www.draftguru.com.au/players/ben_moore/1,accepted,,players/B/Ben_Moore.html,players/B/Ben_Moore.html,unchanged,,
https://www.draftguru.com.au/players/ben_nason/1,accepted,,players/B/Ben_Nason.html,players/B/Ben_Nason.html,unchanged,,
https://www.draftguru.com.au/players/ben_nelson/1,accepted,,players/B/Ben_Nelson.html,players/B/Ben_Nelson.html,unchanged,,
https://www.draftguru.com.au/players/ben_newton/1,accepted,,players/B/Ben_Newton.html,players/B/Ben_Newton.html,unchanged,,
https://www.draftguru.com.au/players/ben_parker/1,withheld,U-no-href,,,unchanged,,
https://www.draftguru.com.au/players/ben_paton/1,accepted,,players/B/Ben_Paton.html,players/B/Ben_Paton.html,unchanged,,
https://www.draftguru.com.au/players/ben_reid/1,accepted,,players/B/Ben_Reid.html,players/B/Ben_Reid.html,unchanged,,
https://www.draftguru.com.au/players/ben_richmond/1,withheld,U-no-href,,,unchanged,,
https://www.draftguru.com.au/players/ben_robbins/1,accepted,,players/B/Ben_Robbins.html,players/B/Ben_Robbins.html,unchanged,,
https://www.draftguru.com.au/players/ben_robertson/1,accepted,,players/B/Ben_Robertson.html,players/B/Ben_Robertson.html,unchanged,,
https://www.draftguru.com.au/players/ben_ronke/1,accepted,,players/B/Ben_Ronke.html,players/B/Ben_Ronke.html,unchanged,,
https://www.draftguru.com.au/players/ben_ross/1,accepted,,players/B/Ben_Ross.html,players/B/Ben_Ross.html,unchanged,,
https://www.draftguru.com.au/players/ben_rutten/1,accepted,,players/B/Ben_Rutten.html,players/B/Ben_Rutten.html,unchanged,,
https://www.draftguru.com.au/players/ben_schwarze/1,accepted,,players/B/Ben_Schwarze.html,players/B/Ben_Schwarze.html,unchanged,,
https://www.draftguru.com.au/players/ben_sexton/1,accepted,,players/B/Ben_Sexton.html,players/B/Ben_Sexton.html,unchanged,,
https://www.draftguru.com.au/players/ben_sharp/1,withheld,U-no-href,,,unchanged,,
https://www.draftguru.com.au/players/ben_silvagni/1,withheld,U-no-href,,,unchanged,,
https://www.draftguru.com.au/players/ben_sinclair/1,accepted,,players/B/Ben_Sinclair.html,players/B/Ben_Sinclair.html,unchanged,,
https://www.draftguru.com.au/players/ben_speight/1,accepted,,players/B/Ben_Speight.html,players/B/Ben_Speight.html,confirmed,agree,audit
https://www.draftguru.com.au/players/ben_stratton/1,accepted,,players/B/Ben_Stratton.html,players/B/Ben_Stratton.html,unchanged,,
https://www.draftguru.com.au/players/ben_thomas/1,withheld,U-no-href,,,unchanged,,
https://www.draftguru.com.au/players/ben_thompson/1,accepted,,players/B/Ben_Thompson0.html,players/B/Ben_Thompson0.html,unchanged,,
https://www.draftguru.com.au/players/ben_thompson/2,accepted,,players/B/Ben_Thompson1.html,players/B/Ben_Thompson1.html,unchanged,,
https://www.draftguru.com.au/players/ben_walton/1,accepted,,players/B/Ben_Walton.html,players/B/Ben_Walton.html,unchanged,,
https://www.draftguru.com.au/players/ben_warren/1,accepted,,players/B/Ben_Warren.html,players/B/Ben_Warren.html,unchanged,,
https://www.draftguru.com.au/players/ben_wilson/1,accepted,,players/B/Ben_Wilson.html,players/B/Ben_Wilson.html,unchanged,,
https://www.draftguru.com.au/players/benet_copping/1,withheld,U-no-href,,,unchanged,,
https://www.draftguru.com.au/players/benny_barrett/1,withheld,U-no-href,,,unchanged,,
https://www.draftguru.com.au/players/bernard_toohey/1,accepted,,players/B/Bernard_Toohey.html,players/B/Bernard_Toohey.html,unchanged,,
https://www.draftguru.com.au/players/bernie_collins/1,withheld,U-no-href,,,unchanged,,
https://www.draftguru.com.au/players/bernie_harris/1,accepted,,players/B/Bernie_Harris.html,players/B/Bernie_Harris.html,unchanged,,
https://www.draftguru.com.au/players/bernie_vince/1,accepted,,players/B/Bernie_Vince.html,players/B/Bernie_Vince.html,unchanged,,
https://www.draftguru.com.au/players/bevan_cox/1,withheld,U-no-href,,,unchanged,,
https://www.draftguru.com.au/players/bevan_smillie/1,withheld,U-no-href,,,unchanged,,
https://www.draftguru.com.au/players/bigoa_nyuon/1,accepted,,players/B/Bigoa_Nyuon.html,players/B/Bigoa_Nyuon.html,unchanged,,
https://www.draftguru.com.au/players/bill_lokan/1,accepted,,players/B/Bill_Lokan.html,players/B/Bill_Lokan.html,unchanged,,
https://www.draftguru.com.au/players/bill_nicholls/1,accepted,,players/B/Bill_Nicholls.html,players/B/Bill_Nicholls.html,unchanged,,
https://www.draftguru.com.au/players/billie_smedts/1,accepted,,players/B/Billie_Smedts.html,players/B/Billie_Smedts.html,unchanged,,
https://www.draftguru.com.au/players/billy_cootee/1,accepted,,players/B/Billy_Cootee.html,players/B/Billy_Cootee.html,unchanged,,
https://www.draftguru.com.au/players/billy_dowling/1,accepted,,players/B/Billy_Dowling.html,players/B/Billy_Dowling.html,unchanged,,
https://www.draftguru.com.au/players/billy_evans/1,accepted,,players/B/Billy_Evans.html,players/B/Billy_Evans.html,unchanged,,
https://www.draftguru.com.au/players/billy_frampton/1,accepted,,players/B/Billy_Frampton.html,players/B/Billy_Frampton.html,unchanged,,
https://www.draftguru.com.au/players/billy_gowers/1,accepted,,players/B/Billy_Gowers.html,players/B/Billy_Gowers.html,unchanged,,
https://www.draftguru.com.au/players/billy_hartung/1,accepted,,players/B/Billy_Hartung.html,players/B/Billy_Hartung.html,unchanged,,
https://www.draftguru.com.au/players/billy_longer/1,accepted,,players/B/Billy_Longer.html,players/B/Billy_Longer.html,unchanged,,
https://www.draftguru.com.au/players/billy_morrison/1,withheld,U-no-href,,,unchanged,,
https://www.draftguru.com.au/players/billy_stretch/1,accepted,,players/B/Billy_Stretch.html,players/B/Billy_Stretch.html,unchanged,,
https://www.draftguru.com.au/players/billy_wilson/3,accepted,,players/B/Billy_Wilson2.html,players/B/Billy_Wilson2.html,unchanged,,
https://www.draftguru.com.au/players/blaine_boekhorst/1,accepted,,players/B/Blaine_Boekhorst.html,players/B/Blaine_Boekhorst.html,unchanged,,
https://www.draftguru.com.au/players/blaine_johnson/1,accepted,,players/B/Blaine_Johnson.html,players/B/Blaine_Johnson.html,unchanged,,
https://www.draftguru.com.au/players/blake_acres/1,accepted,,players/B/Blake_Acres.html,players/B/Blake_Acres.html,unchanged,,
https://www.draftguru.com.au/players/blake_bray/1,withheld,U-no-href,,,unchanged,,
https://www.draftguru.com.au/players/blake_campbell/1,accepted,,players/B/Blake_Campbell.html,players/B/Blake_Campbell.html,unchanged,,
https://www.draftguru.com.au/players/blake_caracella/1,accepted,,players/B/Blake_Caracella.html,players/B/Blake_Caracella.html,unchanged,,
https://www.draftguru.com.au/players/blake_coleman/1,withheld,U-no-href,,,unchanged,,
https://www.draftguru.com.au/players/blake_drury/1,accepted,,players/B/Blake_Drury.html,players/B/Blake_Drury.html,unchanged,,
https://www.draftguru.com.au/players/blake_grewar/1,withheld,U-no-href,,,unchanged,,
https://www.draftguru.com.au/players/blake_grima/1,accepted,,players/B/Blake_Grima.html,players/B/Blake_Grima.html,unchanged,,
https://www.draftguru.com.au/players/blake_hardwick/1,accepted,,players/B/Blake_Hardwick.html,players/B/Blake_Hardwick.html,unchanged,,
https://www.draftguru.com.au/players/blake_howes/1,accepted,,players/B/Blake_Howes.html,players/B/Blake_Howes.html,unchanged,,
https://www.draftguru.com.au/players/blake_leidler/1,withheld,U-no-href,,,unchanged,,
https://www.draftguru.com.au/players/blake_mcgrath/1,withheld,U-no-href,,,unchanged,,
https://www.draftguru.com.au/players/blake_schlensog/1,withheld,U-no-href,,,unchanged,,
https://www.draftguru.com.au/players/blake_thredgold/1,withheld,U-no-href,,,unchanged,,
https://www.draftguru.com.au/players/blayne_wilson/1,accepted,,players/B/Blayne_Wilson.html,players/B/Blayne_Wilson.html,unchanged,,
https://www.draftguru.com.au/players/bo_allan/1,accepted,,players/B/Bo_Allan.html,players/B/Bo_Allan.html,unchanged,,
https://www.draftguru.com.au/players/bo_nixon/1,accepted,,players/B/Bo_Nixon.html,players/B/Bo_Nixon.html,unchanged,,
https://www.draftguru.com.au/players/bob_jones/1,accepted,,players/B/Bob_Jones.html,players/B/Bob_Jones.html,unchanged,,
https://www.draftguru.com.au/players/bobby_hill/1,accepted,,players/B/Bobby_Hill.html,players/B/Bobby_Hill.html,unchanged,,
https://www.draftguru.com.au/players/bodhi_uwland/1,accepted,,players/B/Bodhi_Uwland.html,players/B/Bodhi_Uwland.html,unchanged,,
https://www.draftguru.com.au/players/bodie_ryan/1,accepted,,players/B/Bodie_Ryan.html,players/B/Bodie_Ryan.html,unchanged,,
https://www.draftguru.com.au/players/bowden_hamilton/1,withheld,U-no-href,,,unchanged,,
https://www.draftguru.com.au/players/bowen_lockwood/1,accepted,,players/B/Bowen_Lockwood.html,players/B/Bowen_Lockwood.html,unchanged,,
https://www.draftguru.com.au/players/boyd_woodcock/1,accepted,,players/B/Boyd_Woodcock.html,players/B/Boyd_Woodcock.html,unchanged,,
https://www.draftguru.com.au/players/brad_bootsma/1,accepted,,players/B/Brad_Bootsma.html,players/B/Brad_Bootsma.html,unchanged,,
https://www.draftguru.com.au/players/brad_boyd/1,accepted,,players/B/Brad_Boyd.html,players/B/Brad_Boyd.html,unchanged,,
https://www.draftguru.com.au/players/brad_campbell/1,accepted,,players/B/Brad_Campbell.html,players/B/Brad_Campbell.html,unchanged,,
https://www.draftguru.com.au/players/brad_cassidy/1,accepted,,players/B/Brad_Cassidy.html,players/B/Brad_Cassidy.html,unchanged,,
https://www.draftguru.com.au/players/brad_close/1,accepted,,players/B/Brad_Close.html,players/B/Brad_Close.html,unchanged,,
https://www.draftguru.com.au/players/brad_copeland/1,withheld,U-no-href,,,unchanged,,
https://www.draftguru.com.au/players/brad_crouch/1,accepted,,players/B/Brad_Crouch.html,players/B/Brad_Crouch.html,unchanged,,
https://www.draftguru.com.au/players/brad_dabrowski/1,withheld,U-no-href,,,unchanged,,
https://www.draftguru.com.au/players/brad_davis/1,accepted,,players/B/Brad_Davis.html,players/B/Brad_Davis.html,unchanged,,
https://www.draftguru.com.au/players/brad_dick/1,accepted,,players/B/Brad_Dick.html,players/B/Brad_Dick.html,unchanged,,
https://www.draftguru.com.au/players/brad_dodd/1,accepted,,players/B/Brad_Dodd.html,players/B/Brad_Dodd.html,unchanged,,
https://www.draftguru.com.au/players/brad_dowling/1,withheld,U-no-href,,,unchanged,,
https://www.draftguru.com.au/players/brad_ebert/1,accepted,,players/B/Brad_Ebert.html,players/B/Brad_Ebert.html,unchanged,,
https://www.draftguru.com.au/players/brad_fisher/1,accepted,,players/B/Brad_Fisher.html,players/B/Brad_Fisher.html,unchanged,,
https://www.draftguru.com.au/players/brad_fox/1,accepted,,players/B/Brad_Fox.html,players/B/Brad_Fox.html,unchanged,,
https://www.draftguru.com.au/players/brad_fuller/1,accepted,,players/B/Brad_Fuller.html,players/B/Brad_Fuller.html,unchanged,,
https://www.draftguru.com.au/players/brad_green/1,accepted,,players/B/Brad_Green.html,players/B/Brad_Green.html,unchanged,,
https://www.draftguru.com.au/players/brad_gwilliam/1,accepted,,players/B/Brad_Gwilliam.html,players/B/Brad_Gwilliam.html,unchanged,,
https://www.draftguru.com.au/players/brad_hall/1,withheld,U-no-href,,,unchanged,,
https://www.draftguru.com.au/players/brad_hardie/1,accepted,,players/B/Brad_Hardie.html,players/B/Brad_Hardie.html,unchanged,,
https://www.draftguru.com.au/players/brad_hartman/1,accepted,,players/B/Brad_Hartman.html,players/B/Brad_Hartman.html,unchanged,,
https://www.draftguru.com.au/players/brad_harvey/1,withheld,U-no-href,,,unchanged,,
https://www.draftguru.com.au/players/brad_helbig/1,accepted,,players/B/Brad_Helbig.html,players/B/Brad_Helbig.html,unchanged,,
https://www.draftguru.com.au/players/brad_hill/1,accepted,,players/B/Bradley_Hill.html,players/B/Bradley_Hill.html,unchanged,,
https://www.draftguru.com.au/players/brad_howard/1,accepted,,players/B/Brad_Howard.html,players/B/Brad_Howard.html,unchanged,,
https://www.draftguru.com.au/players/brad_johnson/1,accepted,,players/B/Brad_Johnson.html,players/B/Brad_Johnson.html,unchanged,,
https://www.draftguru.com.au/players/brad_lloyd/1,accepted,,players/B/Brad_Lloyd.html,players/B/Brad_Lloyd.html,unchanged,,
https://www.draftguru.com.au/players/brad_mangan/1,withheld,U-no-href,,,unchanged,,
https://www.draftguru.com.au/players/brad_mckenzie/1,accepted,,players/B/Brad_McKenzie.html,players/B/Brad_McKenzie.html,unchanged,,
https://www.draftguru.com.au/players/brad_mcmahon/1,withheld,U-no-href,,,unchanged,,
https://www.draftguru.com.au/players/brad_miller/1,accepted,,players/B/Brad_Miller.html,players/B/Brad_Miller.html,unchanged,,
https://www.draftguru.com.au/players/brad_miller/2,withheld,U-no-href,,,unchanged,,
https://www.draftguru.com.au/players/brad_moran/1,accepted,,players/B/Brad_Moran.html,players/B/Brad_Moran.html,unchanged,,
https://www.draftguru.com.au/players/brad_murphy/1,accepted,,players/B/Brad_Murphy.html,players/B/Brad_Murphy.html,unchanged,,
https://www.draftguru.com.au/players/brad_nicholls/1,withheld,U-no-href,,,unchanged,,
https://www.draftguru.com.au/players/brad_nicholson/1,accepted,,players/B/Brad_Nicholson.html,players/B/Brad_Nicholson.html,unchanged,,
https://www.draftguru.com.au/players/brad_oborne/1,accepted,,players/B/Brad_Oborne.html,players/B/Brad_Oborne.html,unchanged,,
https://www.draftguru.com.au/players/brad_ottens/1,accepted,,players/B/Brad_Ottens.html,players/B/Brad_Ottens.html,unchanged,,
https://www.draftguru.com.au/players/brad_pearce/1,accepted,,players/B/Brad_Pearce.html,players/B/Brad_Pearce.html,unchanged,,
https://www.draftguru.com.au/players/brad_read/1,withheld,U-no-href,,,unchanged,,
https://www.draftguru.com.au/players/brad_rowe/1,accepted,,players/B/Brad_Rowe.html,players/B/Brad_Rowe.html,unchanged,,
https://www.draftguru.com.au/players/brad_scheer/1,accepted,,players/B/Brad_Scheer.html,players/B/Brad_Scheer.html,unchanged,,
https://www.draftguru.com.au/players/brad_scott/1,accepted,,players/B/Brad_Scott.html,players/B/Brad_Scott.html,unchanged,,
https://www.draftguru.com.au/players/brad_sewell/1,accepted,,players/B/Brad_Sewell.html,players/B/Brad_Sewell.html,unchanged,,
https://www.draftguru.com.au/players/brad_seymour/1,accepted,,players/B/Brad_Seymour.html,players/B/Brad_Seymour.html,unchanged,,
https://www.draftguru.com.au/players/brad_sheppard/1,accepted,,players/B/Brad_Sheppard.html,players/B/Brad_Sheppard.html,unchanged,,
https://www.draftguru.com.au/players/brad_sholl/1,accepted,,players/B/Brad_Sholl.html,players/B/Brad_Sholl.html,unchanged,,
https://www.draftguru.com.au/players/brad_stephens/1,accepted,,players/B/Brad_Stephens.html,players/B/Brad_Stephens.html,unchanged,,
https://www.draftguru.com.au/players/brad_sugars/1,withheld,U-no-href,,,unchanged,,
https://www.draftguru.com.au/players/brad_symes/1,accepted,,players/B/Brad_Symes.html,players/B/Brad_Symes.html,unchanged,,
https://www.draftguru.com.au/players/brad_tunbridge/1,accepted,,players/B/Brad_Tunbridge.html,players/B/Brad_Tunbridge.html,unchanged,,
https://www.draftguru.com.au/players/brad_walsh/1,accepted,,players/B/Brad_Walsh.html,players/B/Brad_Walsh.html,unchanged,,
https://www.draftguru.com.au/players/brad_wira/1,accepted,,players/B/Brad_Wira.html,players/B/Brad_Wira.html,unchanged,,
https://www.draftguru.com.au/players/bradd_dalziell/1,accepted,,players/B/Bradd_Dalziell.html,players/B/Bradd_Dalziell.html,unchanged,,
https://www.draftguru.com.au/players/bradley_campbell/1,accepted,,players/B/Bradley_Campbell.html,players/B/Bradley_Campbell.html,unchanged,,
https://www.draftguru.com.au/players/bradley_edwards/1,accepted,,players/B/Bradley_Edwards.html,players/B/Bradley_Edwards.html,unchanged,,
https://www.draftguru.com.au/players/bradley_lynch/1,accepted,,players/B/Brad_Lynch.html,players/B/Brad_Lynch.html,unchanged,,
https://www.draftguru.com.au/players/bradley_plain/1,accepted,,players/B/Bradley_Plain.html,players/B/Bradley_Plain.html,unchanged,,
https://www.draftguru.com.au/players/bradley_smith/1,accepted,,players/B/Bradley_Smith.html,players/B/Bradley_Smith.html,unchanged,,
https://www.draftguru.com.au/players/bradley_smith/2,withheld,U-no-href,,,unchanged,,
https://www.draftguru.com.au/players/bradley_sparks/1,accepted,,players/B/Bradley_Sparks.html,players/B/Bradley_Sparks.html,confirmed,same_person_valid_relisting,relisting
https://www.draftguru.com.au/players/brady_anderson/1,accepted,,players/B/Brady_Anderson.html,players/B/Brady_Anderson.html,unchanged,,
https://www.draftguru.com.au/players/brady_grey/1,accepted,,players/B/Brady_Grey.html,players/B/Brady_Grey.html,unchanged,,
https://www.draftguru.com.au/players/brady_hough/1,accepted,,players/B/Brady_Hough.html,players/B/Brady_Hough.html,unchanged,,
https://www.draftguru.com.au/players/brady_leckie/1,withheld,U-no-href,,,unchanged,,
https://www.draftguru.com.au/players/brady_rawlings/1,accepted,,players/B/Brady_Rawlings.html,players/B/Brady_Rawlings.html,unchanged,,
https://www.draftguru.com.au/players/brady_rowles/1,withheld,U-no-href,,,unchanged,,
https://www.draftguru.com.au/players/braeden_campbell/1,accepted,,players/B/Braeden_Campbell.html,players/B/Braeden_Campbell.html,unchanged,,
https://www.draftguru.com.au/players/brandan_parfitt/1,accepted,,players/B/Brandan_Parfitt.html,players/B/Brandan_Parfitt.html,unchanged,,
https://www.draftguru.com.au/players/brandon_ellis/1,accepted,,players/B/Brandon_Ellis.html,players/B/Brandon_Ellis.html,unchanged,,
https://www.draftguru.com.au/players/brandon_hill/1,withheld,U-no-href,,,unchanged,,
https://www.draftguru.com.au/players/brandon_jack/1,accepted,,players/B/Brandon_Jack.html,players/B/Brandon_Jack.html,unchanged,,
https://www.draftguru.com.au/players/brandon_matera/1,accepted,,players/B/Brandon_Matera.html,players/B/Brandon_Matera.html,unchanged,,
https://www.draftguru.com.au/players/brandon_ryan/1,accepted,,players/B/Brandon_Ryan.html,players/B/Brandon_Ryan.html,unchanged,,
https://www.draftguru.com.au/players/brandon_starcevich/1,accepted,,players/B/Brandon_Starcevich.html,players/B/Brandon_Starcevich.html,unchanged,,
https://www.draftguru.com.au/players/brandon_walker/1,accepted,,players/B/Brandon_Walker.html,players/B/Brandon_Walker.html,unchanged,,
https://www.draftguru.com.au/players/brandon_white/1,accepted,,players/B/Brandon_White.html,players/B/Brandon_White.html,unchanged,,
https://www.draftguru.com.au/players/brandon_zerk-thatcher/1,accepted,,players/B/Brandon_Zerk-Thatcher.html,players/B/Brandon_Zerk-Thatcher.html,unchanged,,
https://www.draftguru.com.au/players/brant_colledge/1,accepted,,players/B/Brant_Colledge.html,players/B/Brant_Colledge.html,unchanged,,
https://www.draftguru.com.au/players/brayden_ainsworth/1,accepted,,players/B/Brayden_Ainsworth.html,players/B/Brayden_Ainsworth.html,unchanged,,
https://www.draftguru.com.au/players/brayden_cook/1,accepted,,players/B/Brayden_Cook.html,players/B/Brayden_Cook.html,unchanged,,
https://www.draftguru.com.au/players/brayden_crossley/1,accepted,,players/B/Brayden_Crossley.html,players/B/Brayden_Crossley.html,unchanged,,
https://www.draftguru.com.au/players/brayden_fiorini/1,accepted,,players/B/Brayden_Fiorini.html,players/B/Brayden_Fiorini.html,unchanged,,
https://www.draftguru.com.au/players/brayden_george/1,withheld,U-no-href,,,unchanged,,
https://www.draftguru.com.au/players/brayden_ham/1,accepted,,players/B/Brayden_Ham.html,players/B/Brayden_Ham.html,unchanged,,
https://www.draftguru.com.au/players/brayden_lyle/1,accepted,,players/B/Brayden_Lyle.html,players/B/Brayden_Lyle.html,unchanged,,
https://www.draftguru.com.au/players/brayden_maynard/1,accepted,,players/B/Brayden_Maynard.html,players/B/Brayden_Maynard.html,unchanged,,
https://www.draftguru.com.au/players/brayden_norris/1,withheld,U-no-href,,,unchanged,,
https://www.draftguru.com.au/players/brayden_shaw/1,withheld,U-no-href,,,unchanged,,
https://www.draftguru.com.au/players/brayden_sier/1,accepted,,players/B/Brayden_Sier.html,players/B/Brayden_Sier.html,unchanged,,
https://www.draftguru.com.au/players/braydon_preuss/1,accepted,,players/B/Braydon_Preuss.html,players/B/Braydon_Preuss.html,unchanged,,
https://www.draftguru.com.au/players/brendan_barrows/1,withheld,U-no-href,,,unchanged,,
https://www.draftguru.com.au/players/brendan_bicknell/1,withheld,U-no-href,,,unchanged,,
https://www.draftguru.com.au/players/brendan_bower/1,accepted,,players/B/Brendan_Bower.html,players/B/Brendan_Bower.html,unchanged,,
https://www.draftguru.com.au/players/brendan_duncan/1,withheld,U-no-href,,,unchanged,,
https://www.draftguru.com.au/players/brendan_fevola/1,accepted,,players/B/Brendan_Fevola.html,players/B/Brendan_Fevola.html,unchanged,,
https://www.draftguru.com.au/players/brendan_green/1,withheld,U-no-href,,,unchanged,,
https://www.draftguru.com.au/players/brendan_hehir/1,withheld,U-no-href,,,unchanged,,
https://www.draftguru.com.au/players/brendan_hogan/1,withheld,U-no-href,,,unchanged,,
https://www.draftguru.com.au/players/brendan_krummel/1,accepted,,players/B/Brendan_Krummel.html,players/B/Brendan_Krummel.html,unchanged,,
https://www.draftguru.com.au/players/brendan_lee/1,accepted,,players/B/Brendan_Lee.html,players/B/Brendan_Lee.html,unchanged,,
https://www.draftguru.com.au/players/brendan_lowther/1,withheld,U-no-href,,,unchanged,,
https://www.draftguru.com.au/players/brendan_mccormack/1,accepted,,players/B/Brendan_McCormack.html,players/B/Brendan_McCormack.html,unchanged,,
https://www.draftguru.com.au/players/brendan_murphy/1,withheld,U-no-href,,,unchanged,,
https://www.draftguru.com.au/players/brendan_parker/1,accepted,,players/B/Brendan_Parker.html,players/B/Brendan_Parker.html,unchanged,,
https://www.draftguru.com.au/players/brendan_quigley/1,withheld,U-no-href,,,unchanged,,
https://www.draftguru.com.au/players/brendan_tranter/1,accepted,,players/B/Brendan_Tranter.html,players/B/Brendan_Tranter.html,unchanged,,
https://www.draftguru.com.au/players/brendan_van%20schaik/1,withheld,U-no-href,,,unchanged,,
https://www.draftguru.com.au/players/brendan_whitecross/1,accepted,,players/B/Brendan_Whitecross.html,players/B/Brendan_Whitecross.html,unchanged,,
https://www.draftguru.com.au/players/brenden_abbott/1,withheld,U-no-href,,,unchanged,,
https://www.draftguru.com.au/players/brendon_ah%20chee/1,accepted,,players/B/Brendon_Ah_Chee.html,players/B/Brendon_Ah_Chee.html,unchanged,,
https://www.draftguru.com.au/players/brendon_feddema/1,accepted,,players/B/Brendon_Feddema.html,players/B/Brendon_Feddema.html,unchanged,,
https://www.draftguru.com.au/players/brendon_fewster/1,accepted,,players/B/Brendon_Fewster.html,players/B/Brendon_Fewster.html,unchanged,,
https://www.draftguru.com.au/players/brendon_gale/1,accepted,,players/B/Brendon_Gale.html,players/B/Brendon_Gale.html,unchanged,,
https://www.draftguru.com.au/players/brendon_goddard/1,accepted,,players/B/Brendon_Goddard.html,players/B/Brendon_Goddard.html,unchanged,,
https://www.draftguru.com.au/players/brendon_lade/1,accepted,,players/B/Brendon_Lade.html,players/B/Brendon_Lade.html,unchanged,,
https://www.draftguru.com.au/players/brendon_logan/1,withheld,U-no-href,,,unchanged,,
https://www.draftguru.com.au/players/brendon_retzlaff/1,accepted,,players/B/Brendon_Retzlaff.html,players/B/Brendon_Retzlaff.html,unchanged,,
https://www.draftguru.com.au/players/brennan_cox/1,accepted,,players/B/Brennan_Cox.html,players/B/Brennan_Cox.html,unchanged,,
https://www.draftguru.com.au/players/brennan_stack/1,accepted,,players/B/Brennan_Stack.html,players/B/Brennan_Stack.html,unchanged,,
https://www.draftguru.com.au/players/brent_colbert/1,withheld,U-no-href,,,unchanged,,
https://www.draftguru.com.au/players/brent_connelly/1,withheld,U-no-href,,,unchanged,,
https://www.draftguru.com.au/players/brent_cowell/1,withheld,U-no-href,,,unchanged,,
https://www.draftguru.com.au/players/brent_daniels/1,accepted,,players/B/Brent_Daniels.html,players/B/Brent_Daniels.html,unchanged,,
https://www.draftguru.com.au/players/brent_frewen/1,accepted,,players/B/Brent_Frewen.html,players/B/Brent_Frewen.html,unchanged,,
https://www.draftguru.com.au/players/brent_green/1,accepted,,players/B/Brent_Green.html,players/B/Brent_Green.html,unchanged,,
https://www.draftguru.com.au/players/brent_grgic/1,accepted,,players/B/Brent_Grgic.html,players/B/Brent_Grgic.html,unchanged,,
https://www.draftguru.com.au/players/brent_guerra/1,accepted,,players/B/Brent_Guerra.html,players/B/Brent_Guerra.html,unchanged,,
https://www.draftguru.com.au/players/brent_hall/1,accepted,,players/B/Brent_Hall.html,players/B/Brent_Hall.html,unchanged,,
https://www.draftguru.com.au/players/brent_hartigan/1,accepted,,players/B/Brent_Hartigan.html,players/B/Brent_Hartigan.html,unchanged,,
https://www.draftguru.com.au/players/brent_harvey/1,accepted,,players/B/Brent_Harvey.html,players/B/Brent_Harvey.html,unchanged,,
https://www.draftguru.com.au/players/brent_heaver/1,accepted,,players/B/Brent_Heaver.html,players/B/Brent_Heaver.html,unchanged,,
https://www.draftguru.com.au/players/brent_lecras/1,accepted,,players/B/Brent_LeCras.html,players/B/Brent_LeCras.html,unchanged,,
https://www.draftguru.com.au/players/brent_macaffer/1,accepted,,players/B/Brent_Macaffer.html,players/B/Brent_Macaffer.html,unchanged,,
https://www.draftguru.com.au/players/brent_moloney/1,accepted,,players/B/Brent_Moloney.html,players/B/Brent_Moloney.html,unchanged,,
https://www.draftguru.com.au/players/brent_piltz/1,accepted,,players/B/Brent_Piltz.html,players/B/Brent_Piltz.html,unchanged,,
https://www.draftguru.com.au/players/brent_prismall/1,accepted,,players/B/Brent_Prismall.html,players/B/Brent_Prismall.html,unchanged,,
https://www.draftguru.com.au/players/brent_reilly/1,accepted,,players/B/Brent_Reilly.html,players/B/Brent_Reilly.html,unchanged,,
https://www.draftguru.com.au/players/brent_renouf/1,accepted,,players/B/Brent_Renouf.html,players/B/Brent_Renouf.html,unchanged,,
https://www.draftguru.com.au/players/brent_staker/1,accepted,,players/B/Brent_Staker.html,players/B/Brent_Staker.html,unchanged,,
https://www.draftguru.com.au/players/brent_stanton/1,accepted,,players/B/Brent_Stanton.html,players/B/Brent_Stanton.html,unchanged,,
https://www.draftguru.com.au/players/brent_tuckey/1,accepted,,players/B/Brent_Tuckey.html,players/B/Brent_Tuckey.html,unchanged,,
https://www.draftguru.com.au/players/brent_williams/1,accepted,,players/B/Brent_Williams.html,players/B/Brent_Williams.html,unchanged,,
https://www.draftguru.com.au/players/brenton_harris/1,accepted,,players/B/Brenton_Harris.html,players/B/Brenton_Harris.html,unchanged,,
https://www.draftguru.com.au/players/brenton_klaebe/1,accepted,,players/B/Brenton_Klaebe.html,players/B/Brenton_Klaebe.html,unchanged,,
https://www.draftguru.com.au/players/brenton_payne/1,withheld,U-no-href,,,unchanged,,
https://www.draftguru.com.au/players/brenton_phillips/1,accepted,,players/B/Brenton_Phillips.html,players/B/Brenton_Phillips.html,unchanged,,
https://www.draftguru.com.au/players/brenton_sanderson/1,accepted,,players/B/Brenton_Sanderson.html,players/B/Brenton_Sanderson.html,unchanged,,
https://www.draftguru.com.au/players/bret_bailey/1,accepted,,players/B/Bret_Bailey.html,players/B/Bret_Bailey.html,unchanged,,
https://www.draftguru.com.au/players/bret_hutchinson/1,accepted,,players/B/Bret_Hutchinson.html,players/B/Bret_Hutchinson.html,confirmed,same_person_valid_relisting,relisting
https://www.draftguru.com.au/players/bret_thornton/1,accepted,,players/B/Bret_Thornton.html,players/B/Bret_Thornton.html,unchanged,,
https://www.draftguru.com.au/players/brett_allison/1,accepted,,players/B/Brett_Allison.html,players/B/Brett_Allison.html,unchanged,,
https://www.draftguru.com.au/players/brett_backwell/1,accepted,,players/B/Brett_Backwell.html,players/B/Brett_Backwell.html,unchanged,,
https://www.draftguru.com.au/players/brett_bewley/1,accepted,,players/B/Brett_Bewley.html,players/B/Brett_Bewley.html,unchanged,,
https://www.draftguru.com.au/players/brett_burton/1,accepted,,players/B/Brett_Burton.html,players/B/Brett_Burton.html,unchanged,,
https://www.draftguru.com.au/players/brett_chalmers/1,accepted,,players/B/Brett_Chalmers.html,players/B/Brett_Chalmers.html,unchanged,,
https://www.draftguru.com.au/players/brett_chandler/1,accepted,,players/B/Brett_Chandler.html,players/B/Brett_Chandler.html,unchanged,,
https://www.draftguru.com.au/players/brett_collins/1,withheld,U-no-href,,,unchanged,,
https://www.draftguru.com.au/players/brett_cook/1,accepted,,players/B/Brett_Cook.html,players/B/Brett_Cook.html,unchanged,,
https://www.draftguru.com.au/players/brett_deledio/1,accepted,,players/B/Brett_Deledio.html,players/B/Brett_Deledio.html,unchanged,,
https://www.draftguru.com.au/players/brett_doswell/1,withheld,U-no-href,,,unchanged,,
https://www.draftguru.com.au/players/brett_ebert/1,accepted,,players/B/Brett_Ebert.html,players/B/Brett_Ebert.html,unchanged,,
https://www.draftguru.com.au/players/brett_eddy/1,accepted,,players/B/Brett_Eddy.html,players/B/Brett_Eddy.html,unchanged,,
https://www.draftguru.com.au/players/brett_evans/1,accepted,,players/B/Brett_Evans.html,players/B/Brett_Evans.html,unchanged,,
https://www.draftguru.com.au/players/brett_goodes/1,accepted,,players/B/Brett_Goodes.html,players/B/Brett_Goodes.html,unchanged,,
https://www.draftguru.com.au/players/brett_hawkey/1,withheld,U-no-href,,,unchanged,,
https://www.draftguru.com.au/players/brett_heady/1,accepted,,players/B/Brett_Heady.html,players/B/Brett_Heady.html,unchanged,,
https://www.draftguru.com.au/players/brett_higgins/1,withheld,U-no-href,,,unchanged,,
https://www.draftguru.com.au/players/brett_howman/1,withheld,U-no-href,,,unchanged,,
https://www.draftguru.com.au/players/brett_jaffray/1,withheld,U-no-href,,,unchanged,,
https://www.draftguru.com.au/players/brett_james/1,accepted,,players/B/Brett_James.html,players/B/Brett_James.html,unchanged,,
https://www.draftguru.com.au/players/brett_jeffery/1,withheld,U-no-href,,,unchanged,,
https://www.draftguru.com.au/players/brett_johnson/1,accepted,,players/B/Brett_Johnson.html,players/B/Brett_Johnson.html,unchanged,,
https://www.draftguru.com.au/players/brett_jones/1,accepted,,players/B/Brett_Jones.html,players/B/Brett_Jones.html,unchanged,,
https://www.draftguru.com.au/players/brett_kirk/1,accepted,,players/B/Brett_Kirk.html,players/B/Brett_Kirk.html,unchanged,,
https://www.draftguru.com.au/players/brett_knowles/1,accepted,,players/B/Brett_Knowles.html,players/B/Brett_Knowles.html,unchanged,,
https://www.draftguru.com.au/players/brett_meredith/1,accepted,,players/B/Brett_Meredith.html,players/B/Brett_Meredith.html,unchanged,,
https://www.draftguru.com.au/players/brett_montgomery/1,accepted,,players/B/Brett_Montgomery.html,players/B/Brett_Montgomery.html,unchanged,,
https://www.draftguru.com.au/players/brett_moyle/1,accepted,,players/B/Brett_Moyle.html,players/B/Brett_Moyle.html,unchanged,,
https://www.draftguru.com.au/players/brett_o'farrell/1,accepted,,players/B/Brett_OFarrell.html,players/B/Brett_OFarrell.html,unchanged,,
https://www.draftguru.com.au/players/brett_o'hanlon/1,accepted,,players/B/Brett_OHanlon.html,players/B/Brett_OHanlon.html,unchanged,,
https://www.draftguru.com.au/players/brett_peake/1,accepted,,players/B/Brett_Peake.html,players/B/Brett_Peake.html,unchanged,,
https://www.draftguru.com.au/players/brett_rose/1,withheld,U-no-href,,,unchanged,,
https://www.draftguru.com.au/players/brett_rowe/1,withheld,U-no-href,,,unchanged,,
https://www.draftguru.com.au/players/brett_scott/1,accepted,,players/B/Brett_Scott.html,players/B/Brett_Scott.html,unchanged,,
https://www.draftguru.com.au/players/brett_sherriff/1,withheld,U-no-href,,,unchanged,,
https://www.draftguru.com.au/players/brett_sholl/1,accepted,,players/B/Brett_Sholl.html,players/B/Brett_Sholl.html,unchanged,,
https://www.draftguru.com.au/players/brett_spinks/1,accepted,,players/B/Brett_Spinks.html,players/B/Brett_Spinks.html,unchanged,,
https://www.draftguru.com.au/players/brett_turner/1,withheld,U-no-href,,,unchanged,,
https://www.draftguru.com.au/players/brett_voss/1,accepted,,players/B/Brett_Voss.html,players/B/Brett_Voss.html,unchanged,,
https://www.draftguru.com.au/players/brett_warburton/1,withheld,U-no-href,,,unchanged,,
https://www.draftguru.com.au/players/brett_white/1,withheld,U-no-href,,,unchanged,,
https://www.draftguru.com.au/players/brian_donnelly/1,withheld,U-no-href,,,unchanged,,
https://www.draftguru.com.au/players/brian_hinkley/1,withheld,U-no-href,,,unchanged,,
https://www.draftguru.com.au/players/brian_lake/1,accepted,,players/B/Brian_Lake.html,players/B/Brian_Lake.html,unchanged,,
https://www.draftguru.com.au/players/brian_mcinnes/1,withheld,U-no-href,,,unchanged,,
https://www.draftguru.com.au/players/brian_stanislaus/1,accepted,,players/B/Brian_Stanislaus.html,players/B/Brian_Stanislaus.html,unchanged,,
https://www.draftguru.com.au/players/brian_stynes/1,accepted,,players/B/Brian_Stynes.html,players/B/Brian_Stynes.html,unchanged,,
https://www.draftguru.com.au/players/brian_wilson/2,accepted,,players/B/Brian_Wilson0.html,players/B/Brian_Wilson0.html,unchanged,,
https://www.draftguru.com.au/players/brian_winton/1,accepted,,players/B/Brian_Winton.html,players/B/Brian_Winton.html,unchanged,,
https://www.draftguru.com.au/players/broc_mccauley/1,accepted,,players/B/Broc_McCauley.html,players/B/Broc_McCauley.html,unchanged,,
https://www.draftguru.com.au/players/brock_mclean/1,accepted,,players/B/Brock_McLean.html,players/B/Brock_McLean.html,unchanged,,
https://www.draftguru.com.au/players/brock_o'brien/1,accepted,,players/B/Brock_OBrien.html,players/B/Brock_OBrien.html,unchanged,,
https://www.draftguru.com.au/players/brock_smith/2,withheld,U-no-href,,,unchanged,,
https://www.draftguru.com.au/players/brodie_atkinson/1,accepted,,players/B/Brodie_Atkinson.html,players/B/Brodie_Atkinson.html,unchanged,,
https://www.draftguru.com.au/players/brodie_grundy/1,accepted,,players/B/Brodie_Grundy.html,players/B/Brodie_Grundy.html,unchanged,,
https://www.draftguru.com.au/players/brodie_holland/1,accepted,,players/B/Brodie_Holland.html,players/B/Brodie_Holland.html,unchanged,,
https://www.draftguru.com.au/players/brodie_kemp/1,accepted,,players/B/Brodie_Kemp.html,players/B/Brodie_Kemp.html,unchanged,,
https://www.draftguru.com.au/players/brodie_martin/1,accepted,,players/B/Brodie_Martin.html,players/B/Brodie_Martin.html,unchanged,,
https://www.draftguru.com.au/players/brodie_mclaughlin/1,withheld,U-no-href,,,unchanged,,
https://www.draftguru.com.au/players/brodie_moles/1,accepted,,players/B/Brodie_Moles.html,players/B/Brodie_Moles.html,unchanged,,
https://www.draftguru.com.au/players/brodie_murdoch/1,accepted,,players/B/Brodie_Murdoch.html,players/B/Brodie_Murdoch.html,unchanged,,
https://www.draftguru.com.au/players/brodie_riach/1,withheld,U-no-href,,,unchanged,,
https://www.draftguru.com.au/players/brodie_smith/1,accepted,,players/B/Brodie_Smith.html,players/B/Brodie_Smith.html,unchanged,,
https://www.draftguru.com.au/players/brody_mihocek/1,accepted,,players/B/Brody_Mihocek.html,players/B/Brody_Mihocek.html,unchanged,,
https://www.draftguru.com.au/players/brooke_fogden/1,withheld,U-no-href,,,unchanged,,
https://www.draftguru.com.au/players/bruce_abernethy/1,accepted,,players/B/Bruce_Abernethy.html,players/B/Bruce_Abernethy.html,unchanged,,
https://www.draftguru.com.au/players/bruce_hando/1,withheld,U-no-href,,,unchanged,,
https://www.draftguru.com.au/players/bruce_lennon/1,accepted,,players/B/Bruce_Lennon.html,players/B/Bruce_Lennon.html,unchanged,,
https://www.draftguru.com.au/players/bruce_lindner/1,accepted,,players/B/Bruce_Lindner.html,players/B/Bruce_Lindner.html,unchanged,,
https://www.draftguru.com.au/players/bruce_lindsay/1,accepted,,players/B/Bruce_Lindsay.html,players/B/Bruce_Lindsay.html,unchanged,,
https://www.draftguru.com.au/players/bruce_reville/1,accepted,,players/B/Bruce_Reville.html,players/B/Bruce_Reville.html,unchanged,,
https://www.draftguru.com.au/players/bruno_italiano/1,withheld,U-no-href,,,unchanged,,
https://www.draftguru.com.au/players/bryan_beinke/1,accepted,,players/B/Bryan_Beinke.html,players/B/Bryan_Beinke.html,unchanged,,
https://www.draftguru.com.au/players/bryce_campbell/1,accepted,,players/B/Bryce_Campbell.html,players/B/Bryce_Campbell.html,unchanged,,
https://www.draftguru.com.au/players/bryce_carroll/1,withheld,U-no-href,,,unchanged,,
https://www.draftguru.com.au/players/bryce_gibbs/1,accepted,,players/B/Bryce_Gibbs.html,players/B/Bryce_Gibbs.html,unchanged,,
https://www.draftguru.com.au/players/bryce_retzlaff/1,accepted,,players/B/Bryce_Retzlaff.html,players/B/Bryce_Retzlaff.html,confirmed,agree,audit
https://www.draftguru.com.au/players/bryn_weadon/1,withheld,U-no-href,,,unchanged,,
https://www.draftguru.com.au/players/brynn_teakle/1,accepted,,players/B/Brynn_Teakle.html,players/B/Brynn_Teakle.html,unchanged,,
https://www.draftguru.com.au/players/buku_khamis/1,accepted,,players/B/Buku_Khamis.html,players/B/Buku_Khamis.html,unchanged,,
https://www.draftguru.com.au/players/byron_donnellan/1,withheld,U-no-href,,,unchanged,,
https://www.draftguru.com.au/players/byron_pickett/1,accepted,,players/B/Byron_Pickett.html,players/B/Byron_Pickett.html,unchanged,,
https://www.draftguru.com.au/players/byron_schammer/1,accepted,,players/B/Byron_Schammer.html,players/B/Byron_Schammer.html,unchanged,,
https://www.draftguru.com.au/players/byron_sumner/1,accepted,,players/B/Byron_Sumner.html,players/B/Byron_Sumner.html,unchanged,,
https://www.draftguru.com.au/players/cadeyn_williams/1,withheld,U-no-href,,,unchanged,,
https://www.draftguru.com.au/players/caiden_cleary/1,accepted,,players/C/Caiden_Cleary.html,players/C/Caiden_Cleary.html,unchanged,,
https://www.draftguru.com.au/players/cain_ackland/1,accepted,,players/C/Cain_Ackland.html,players/C/Cain_Ackland.html,unchanged,,
https://www.draftguru.com.au/players/cain_liddle/1,accepted,,players/C/Cain_Liddle.html,players/C/Cain_Liddle.html,unchanged,,
https://www.draftguru.com.au/players/cale_hooker/1,accepted,,players/C/Cale_Hooker.html,players/C/Cale_Hooker.html,unchanged,,
https://www.draftguru.com.au/players/cale_morton/1,accepted,,players/C/Cale_Morton.html,players/C/Cale_Morton.html,unchanged,,
https://www.draftguru.com.au/players/cale_o'keefe/1,withheld,U-no-href,,,unchanged,,
https://www.draftguru.com.au/players/caleb_daniel/1,accepted,,players/C/Caleb_Daniel.html,players/C/Caleb_Daniel.html,unchanged,,
https://www.draftguru.com.au/players/caleb_graham/1,accepted,,players/C/Caleb_Graham.html,players/C/Caleb_Graham.html,unchanged,,
https://www.draftguru.com.au/players/caleb_lewis/1,accepted,,players/C/Caleb_Lewis.html,players/C/Caleb_Lewis.html,unchanged,,
https://www.draftguru.com.au/players/caleb_marchbank/1,accepted,,players/C/Caleb_Marchbank.html,players/C/Caleb_Marchbank.html,unchanged,,
https://www.draftguru.com.au/players/caleb_may/1,withheld,U-no-href,,,unchanged,,
https://www.draftguru.com.au/players/caleb_mitchell/1,accepted,,players/C/Caleb_Mitchell.html,players/C/Caleb_Mitchell.html,unchanged,,
https://www.draftguru.com.au/players/caleb_poulter/1,accepted,,players/C/Caleb_Poulter.html,players/C/Caleb_Poulter.html,unchanged,,
https://www.draftguru.com.au/players/caleb_serong/1,accepted,,players/C/Caleb_Serong.html,players/C/Caleb_Serong.html,unchanged,,
https://www.draftguru.com.au/players/caleb_tiller/1,withheld,U-no-href,,,unchanged,,
https://www.draftguru.com.au/players/caleb_windsor/1,accepted,,players/C/Caleb_Windsor.html,players/C/Caleb_Windsor.html,unchanged,,
https://www.draftguru.com.au/players/calib_mourish/1,withheld,U-no-href,,,unchanged,,
https://www.draftguru.com.au/players/callan_beasy/1,accepted,,players/C/Callan_Beasy.html,players/C/Callan_Beasy.html,unchanged,,
https://www.draftguru.com.au/players/callan_england/1,withheld,U-no-href,,,unchanged,,
https://www.draftguru.com.au/players/callan_ward/1,accepted,,players/C/Callan_Ward.html,players/C/Callan_Ward.html,unchanged,,
https://www.draftguru.com.au/players/callum_ah%20chee/1,accepted,,players/C/Callum_Ah_Chee.html,players/C/Callum_Ah_Chee.html,unchanged,,
https://www.draftguru.com.au/players/callum_bartlett/1,withheld,U-no-href,,,unchanged,,
https://www.draftguru.com.au/players/callum_brown/1,accepted,,players/C/Callum_Brown0.html,players/C/Callum_Brown0.html,unchanged,,
https://www.draftguru.com.au/players/callum_brown/2,accepted,,players/C/Callum_Brown1.html,players/C/Callum_Brown1.html,unchanged,,
https://www.draftguru.com.au/players/callum_chambers/1,accepted,,players/C/Callum_Chambers.html,players/C/Callum_Chambers.html,unchanged,,
https://www.draftguru.com.au/players/callum_coleman-jones/1,accepted,,players/C/Callum_Coleman-Jones.html,players/C/Callum_Coleman-Jones.html,unchanged,,
https://www.draftguru.com.au/players/callum_hay/1,withheld,U-no-href,,,unchanged,,
https://www.draftguru.com.au/players/callum_jamieson/1,accepted,,players/C/Callum_Jamieson.html,players/C/Callum_Jamieson.html,unchanged,,
https://www.draftguru.com.au/players/callum_mills/1,accepted,,players/C/Callum_Mills.html,players/C/Callum_Mills.html,unchanged,,
https://www.draftguru.com.au/players/callum_moore/1,accepted,,players/C/Callum_Moore.html,players/C/Callum_Moore.html,unchanged,,
https://www.draftguru.com.au/players/callum_papertalk/1,withheld,U-no-href,,,unchanged,,
https://www.draftguru.com.au/players/callum_porter/1,accepted,,players/C/Callum_Porter.html,players/C/Callum_Porter.html,unchanged,,
https://www.draftguru.com.au/players/callum_sinclair/1,accepted,,players/C/Callum_Sinclair.html,players/C/Callum_Sinclair.html,unchanged,,
https://www.draftguru.com.au/players/callum_urch/1,accepted,,players/C/Callum_Urch.html,players/C/Callum_Urch.html,unchanged,,
https://www.draftguru.com.au/players/callum_wilkie/1,accepted,,players/C/Callum_Wilkie.html,players/C/Callum_Wilkie.html,unchanged,,
https://www.draftguru.com.au/players/callum_wilson/1,accepted,,players/C/Callum_Wilson.html,players/C/Callum_Wilson.html,unchanged,,
https://www.draftguru.com.au/players/calsher_dear/1,accepted,,players/C/Calsher_Dear.html,players/C/Calsher_Dear.html,unchanged,,
https://www.draftguru.com.au/players/cam_eardley/1,withheld,U-no-href,,,unchanged,,
https://www.draftguru.com.au/players/cam_ellis-yolmen/1,accepted,,players/C/Cam_Ellis-Yolmen.html,players/C/Cam_Ellis-Yolmen.html,unchanged,,
https://www.draftguru.com.au/players/cam_mackenzie/1,accepted,,players/C/Cam_Mackenzie.html,players/C/Cam_Mackenzie.html,unchanged,,
https://www.draftguru.com.au/players/cam_nairn/1,accepted,,players/C/Cameron_Nairn.html,players/C/Cameron_Nairn.html,unchanged,,
https://www.draftguru.com.au/players/cam_rayner/1,accepted,,players/C/Cam_Rayner.html,players/C/Cam_Rayner.html,unchanged,,
https://www.draftguru.com.au/players/cameron_bennett/1,withheld,U-no-href,,,unchanged,,
https://www.draftguru.com.au/players/cameron_blight/1,withheld,U-no-href,,,unchanged,,
https://www.draftguru.com.au/players/cameron_bruce/1,accepted,,players/C/Cameron_Bruce.html,players/C/Cameron_Bruce.html,unchanged,,
https://www.draftguru.com.au/players/cameron_burke/1,withheld,U-no-href,,,unchanged,,
https://www.draftguru.com.au/players/cameron_cloke/1,accepted,,players/C/Cameron_Cloke.html,players/C/Cameron_Cloke.html,unchanged,,
https://www.draftguru.com.au/players/cameron_croad/1,withheld,U-no-href,,,unchanged,,
https://www.draftguru.com.au/players/cameron_delaney/1,accepted,,players/C/Cameron_Delaney.html,players/C/Cameron_Delaney.html,unchanged,,
https://www.draftguru.com.au/players/cameron_faulkner/1,accepted,,players/C/Cameron_Faulkner.html,players/C/Cameron_Faulkner.html,unchanged,,
https://www.draftguru.com.au/players/cameron_fleeton/1,accepted,,players/C/Cameron_Fleeton.html,players/C/Cameron_Fleeton.html,unchanged,,
https://www.draftguru.com.au/players/cameron_giles/1,withheld,U-no-href,,,unchanged,,
https://www.draftguru.com.au/players/cameron_guthrie/1,accepted,,players/C/Cameron_Guthrie.html,players/C/Cameron_Guthrie.html,unchanged,,
https://www.draftguru.com.au/players/cameron_hewett/1,withheld,U-no-href,,,unchanged,,
https://www.draftguru.com.au/players/cameron_hitchcock/1,accepted,,players/C/Cameron_Hitchcock.html,players/C/Cameron_Hitchcock.html,unchanged,,
https://www.draftguru.com.au/players/cameron_howat/1,accepted,,players/C/Cameron_Howat.html,players/C/Cameron_Howat.html,unchanged,,
https://www.draftguru.com.au/players/cameron_hunter/1,accepted,,players/C/Cameron_Hunter.html,players/C/Cameron_Hunter.html,unchanged,,
https://www.draftguru.com.au/players/cameron_jackson/1,withheld,U-no-href,,,unchanged,,
https://www.draftguru.com.au/players/cameron_james/1,withheld,U-no-href,,,unchanged,,
https://www.draftguru.com.au/players/cameron_johnston/1,withheld,U-no-href,,,unchanged,,
https://www.draftguru.com.au/players/cameron_ling/1,accepted,,players/C/Cameron_Ling.html,players/C/Cameron_Ling.html,unchanged,,
https://www.draftguru.com.au/players/cameron_loersch/1,withheld,U-no-href,,,unchanged,,
https://www.draftguru.com.au/players/cameron_mccarthy/1,accepted,,players/C/Cam_McCarthy.html,players/C/Cam_McCarthy.html,unchanged,,
https://www.draftguru.com.au/players/cameron_mckenzie-mcharg/1,withheld,U-no-href,,,unchanged,,
https://www.draftguru.com.au/players/cameron_mooney/1,accepted,,players/C/Cameron_Mooney.html,players/C/Cameron_Mooney.html,unchanged,,
https://www.draftguru.com.au/players/cameron_o'shea/1,accepted,,players/C/Cameron_OShea.html,players/C/Cameron_OShea.html,unchanged,,
https://www.draftguru.com.au/players/cameron_owen/1,withheld,U-no-href,,,unchanged,,
https://www.draftguru.com.au/players/cameron_pedersen/1,accepted,,players/C/Cameron_Pedersen.html,players/C/Cameron_Pedersen.html,unchanged,,
https://www.draftguru.com.au/players/cameron_polson/1,accepted,,players/C/Cameron_Polson.html,players/C/Cameron_Polson.html,unchanged,,
https://www.draftguru.com.au/players/cameron_ramsay/1,withheld,U-no-href,,,unchanged,,
https://www.draftguru.com.au/players/cameron_richardson/1,accepted,,players/C/Cameron_Richardson.html,players/C/Cameron_Richardson.html,unchanged,,
https://www.draftguru.com.au/players/cameron_roberts/1,accepted,,players/C/Cameron_Roberts.html,players/C/Cameron_Roberts.html,unchanged,,
https://www.draftguru.com.au/players/cameron_shenton/1,accepted,,players/C/Cameron_Shenton.html,players/C/Cameron_Shenton.html,unchanged,,
https://www.draftguru.com.au/players/cameron_stokes/1,accepted,,players/C/Cameron_Stokes.html,players/C/Cameron_Stokes.html,unchanged,,
https://www.draftguru.com.au/players/cameron_sutcliffe/1,accepted,,players/C/Cam_Sutcliffe.html,players/C/Cam_Sutcliffe.html,unchanged,,
https://www.draftguru.com.au/players/cameron_taheny/1,withheld,U-no-href,,,unchanged,,
https://www.draftguru.com.au/players/cameron_thurley/1,accepted,,players/C/Cameron_Thurley.html,players/C/Cameron_Thurley.html,unchanged,,
https://www.draftguru.com.au/players/cameron_venables/1,accepted,,players/C/Cameron_Venables.html,players/C/Cameron_Venables.html,confirmed,agree,audit
https://www.draftguru.com.au/players/cameron_wight/1,accepted,,players/C/Cameron_Wight.html,players/C/Cameron_Wight.html,unchanged,,
https://www.draftguru.com.au/players/cameron_wood/1,accepted,,players/C/Cameron_Wood.html,players/C/Cameron_Wood.html,unchanged,,
https://www.draftguru.com.au/players/cameron_zurhaar/1,accepted,,players/C/Cameron_Zurhaar.html,players/C/Cameron_Zurhaar.html,unchanged,,
https://www.draftguru.com.au/players/campbell_black/1,withheld,U-no-href,,,unchanged,,
https://www.draftguru.com.au/players/campbell_brown/1,accepted,,players/C/Campbell_Brown.html,players/C/Campbell_Brown.html,unchanged,,
https://www.draftguru.com.au/players/campbell_chesser/1,accepted,,players/C/Campbell_Chesser.html,players/C/Campbell_Chesser.html,unchanged,,
https://www.draftguru.com.au/players/campbell_gray/1,accepted,,players/C/Campbell_Gray.html,players/C/Campbell_Gray.html,unchanged,,
https://www.draftguru.com.au/players/campbell_heath/1,accepted,,players/C/Campbell_Heath.html,players/C/Campbell_Heath.html,unchanged,,
https://www.draftguru.com.au/players/campbell_lake/1,accepted,,players/C/Campbell_Lake.html,players/C/Campbell_Lake.html,unchanged,,
https://www.draftguru.com.au/players/caolan_mooney/1,accepted,,players/C/Caolan_Mooney.html,players/C/Caolan_Mooney.html,unchanged,,
https://www.draftguru.com.au/players/carl_dilena/1,accepted,,players/C/Carl_Dilena.html,players/C/Carl_Dilena.html,unchanged,,
https://www.draftguru.com.au/players/carl_herbert/1,accepted,,players/C/Carl_Herbert.html,players/C/Carl_Herbert.html,unchanged,,
https://www.draftguru.com.au/players/carl_peterson/1,accepted,,players/C/Carl_Peterson.html,players/C/Carl_Peterson.html,unchanged,,
https://www.draftguru.com.au/players/carl_steinfort/1,accepted,,players/C/Carl_Steinfort.html,players/C/Carl_Steinfort.html,unchanged,,
https://www.draftguru.com.au/players/carter_michael/1,accepted,,players/C/Carter_Michael.html,players/C/Carter_Michael.html,unchanged,,
https://www.draftguru.com.au/players/casey_sibosado/1,accepted,,players/C/Casey_Sibosado.html,players/C/Casey_Sibosado.html,unchanged,,
https://www.draftguru.com.au/players/cathal_corr/1,withheld,U-no-href,,,unchanged,,
https://www.draftguru.com.au/players/caydn_beetham/1,accepted,,players/C/Caydn_Beetham.html,players/C/Caydn_Beetham.html,unchanged,,
https://www.draftguru.com.au/players/cedric_cox/1,accepted,,players/C/Cedric_Cox.html,players/C/Cedric_Cox.html,unchanged,,
https://www.draftguru.com.au/players/chad_cornes/1,accepted,,players/C/Chad_Cornes.html,players/C/Chad_Cornes.html,unchanged,,
https://www.draftguru.com.au/players/chad_davis/1,accepted,,players/C/Chad_Davis.html,players/C/Chad_Davis.html,unchanged,,
https://www.draftguru.com.au/players/chad_fletcher/1,accepted,,players/C/Chad_Fletcher.html,players/C/Chad_Fletcher.html,unchanged,,
https://www.draftguru.com.au/players/chad_gibson/1,withheld,U-no-href,,,unchanged,,
https://www.draftguru.com.au/players/chad_jones/1,accepted,,players/C/Chad_Jones.html,players/C/Chad_Jones.html,unchanged,,
https://www.draftguru.com.au/players/chad_liddell/1,accepted,,players/C/Chad_Liddell.html,players/C/Chad_Liddell.html,unchanged,,
https://www.draftguru.com.au/players/chad_morrison/1,accepted,,players/C/Chad_Morrison.html,players/C/Chad_Morrison.html,confirmed,agree,audit
https://www.draftguru.com.au/players/chad_rintoul/1,accepted,,players/C/Chad_Rintoul.html,players/C/Chad_Rintoul.html,unchanged,,
https://www.draftguru.com.au/players/chad_warner/1,accepted,,players/C/Chad_Warner.html,players/C/Chad_Warner.html,unchanged,,
https://www.draftguru.com.au/players/chad_wingard/1,accepted,,players/C/Chad_Wingard.html,players/C/Chad_Wingard.html,unchanged,,
https://www.draftguru.com.au/players/chance_bateman/1,accepted,,players/C/Chance_Bateman.html,players/C/Chance_Bateman.html,unchanged,,
https://www.draftguru.com.au/players/changkuoth_jiath/1,accepted,,players/C/Changkuoth_Jiath.html,players/C/Changkuoth_Jiath.html,unchanged,,
https://www.draftguru.com.au/players/charlie_ballard/1,accepted,,players/C/Charlie_Ballard.html,players/C/Charlie_Ballard.html,unchanged,,
https://www.draftguru.com.au/players/charlie_banfield/1,accepted,,players/C/Charlie_Banfield.html,players/C/Charlie_Banfield.html,unchanged,,
https://www.draftguru.com.au/players/charlie_cameron/4,accepted,,players/C/Charlie_Cameron3.html,players/C/Charlie_Cameron3.html,unchanged,,
https://www.draftguru.com.au/players/charlie_clarke/2,accepted,,players/C/Charlie_Clarke1.html,players/C/Charlie_Clarke1.html,unchanged,,
https://www.draftguru.com.au/players/charlie_comben/1,accepted,,players/C/Charlie_Comben.html,players/C/Charlie_Comben.html,unchanged,,
https://www.draftguru.com.au/players/charlie_constable/1,accepted,,players/C/Charlie_Constable.html,players/C/Charlie_Constable.html,unchanged,,
https://www.draftguru.com.au/players/charlie_curnow/1,accepted,,players/C/Charlie_Curnow.html,players/C/Charlie_Curnow.html,unchanged,,
https://www.draftguru.com.au/players/charlie_dean/2,accepted,,players/C/Charlie_Dean.html,players/C/Charlie_Dean.html,unchanged,,
https://www.draftguru.com.au/players/charlie_dixon/1,accepted,,players/C/Charlie_Dixon.html,players/C/Charlie_Dixon.html,unchanged,,
https://www.draftguru.com.au/players/charlie_edwards/1,accepted,,players/C/Charlie_Edwards.html,players/C/Charlie_Edwards.html,unchanged,,
https://www.draftguru.com.au/players/charlie_gardiner/1,accepted,,players/C/Charlie_Gardiner.html,players/C/Charlie_Gardiner.html,unchanged,,
https://www.draftguru.com.au/players/charlie_ham/1,withheld,U-no-href,,,unchanged,,
https://www.draftguru.com.au/players/charlie_lazzaro/1,accepted,,players/C/Charlie_Lazzaro.html,players/C/Charlie_Lazzaro.html,unchanged,,
https://www.draftguru.com.au/players/charlie_nicholls/2,withheld,U-no-href,,,unchanged,,
https://www.draftguru.com.au/players/charlie_parker/1,withheld,U-no-href,,,unchanged,,
https://www.draftguru.com.au/players/charlie_spargo/1,accepted,,players/C/Charlie_Spargo.html,players/C/Charlie_Spargo.html,unchanged,,
https://www.draftguru.com.au/players/charlie_west/2,accepted,,players/C/Charlie_West1.html,players/C/Charlie_West1.html,unchanged,,
https://www.draftguru.com.au/players/chayce_jones/1,accepted,,players/C/Chayce_Jones.html,players/C/Chayce_Jones.html,unchanged,,
https://www.draftguru.com.au/players/che_cockatoo-collins/1,accepted,,players/C/Che_Cockatoo-Collins.html,players/C/Che_Cockatoo-Collins.html,unchanged,,
https://www.draftguru.com.au/players/cheynee_stiller/1,accepted,,players/C/Cheynee_Stiller.html,players/C/Cheynee_Stiller.html,unchanged,,
https://www.draftguru.com.au/players/chris_barrett/1,accepted,,players/C/Chris_Barrett.html,players/C/Chris_Barrett.html,unchanged,,
https://www.draftguru.com.au/players/chris_barzen/1,withheld,U-no-href,,,unchanged,,
https://www.draftguru.com.au/players/chris_batka/1,withheld,U-no-href,,,unchanged,,
https://www.draftguru.com.au/players/chris_bond/1,accepted,,players/C/Chris_Bond.html,players/C/Chris_Bond.html,unchanged,,
https://www.draftguru.com.au/players/chris_bossong/1,withheld,U-no-href,,,unchanged,,
https://www.draftguru.com.au/players/chris_bryan/1,accepted,,players/C/Chris_Bryan.html,players/C/Chris_Bryan.html,unchanged,,
https://www.draftguru.com.au/players/chris_burgess/1,accepted,,players/C/Chris_Burgess.html,players/C/Chris_Burgess.html,unchanged,,
https://www.draftguru.com.au/players/chris_carpenter/1,withheld,U-no-href,,,unchanged,,
https://www.draftguru.com.au/players/chris_curran/1,accepted,,players/C/Chris_Curran.html,players/C/Chris_Curran.html,unchanged,,
https://www.draftguru.com.au/players/chris_dawes/1,accepted,,players/C/Chris_Dawes.html,players/C/Chris_Dawes.html,unchanged,,
https://www.draftguru.com.au/players/chris_duthy/1,accepted,,players/C/Chris_Duthy.html,players/C/Chris_Duthy.html,unchanged,,
https://www.draftguru.com.au/players/chris_egan/1,accepted,,players/C/Chris_Egan.html,players/C/Chris_Egan.html,unchanged,,
https://www.draftguru.com.au/players/chris_gerreyn/1,withheld,U-no-href,,,unchanged,,
https://www.draftguru.com.au/players/chris_gowans/1,withheld,U-no-href,,,unchanged,,
https://www.draftguru.com.au/players/chris_grant/1,accepted,,players/C/Chris_Grant.html,players/C/Chris_Grant.html,unchanged,,
https://www.draftguru.com.au/players/chris_gray/1,withheld,U-no-href,,,unchanged,,
https://www.draftguru.com.au/players/chris_groom/1,accepted,,players/C/Chris_Groom.html,players/C/Chris_Groom.html,unchanged,,
https://www.draftguru.com.au/players/chris_grumley/1,withheld,U-no-href,,,unchanged,,
https://www.draftguru.com.au/players/chris_guerts/1,withheld,U-no-href,,,unchanged,,
https://www.draftguru.com.au/players/chris_heffernan/1,accepted,,players/C/Chris_Heffernan.html,players/C/Chris_Heffernan.html,unchanged,,
https://www.draftguru.com.au/players/chris_hemley/1,accepted,,players/C/Chris_Hemley.html,players/C/Chris_Hemley.html,unchanged,,
https://www.draftguru.com.au/players/chris_holcombe/1,withheld,U-no-href,,,unchanged,,
https://www.draftguru.com.au/players/chris_hollow/1,accepted,,players/C/Chris_Hollow.html,players/C/Chris_Hollow.html,unchanged,,
https://www.draftguru.com.au/players/chris_hyde/1,accepted,,players/C/Chris_Hyde.html,players/C/Chris_Hyde.html,unchanged,,
https://www.draftguru.com.au/players/chris_jackson/1,withheld,U-no-href,,,unchanged,,
https://www.draftguru.com.au/players/chris_johnson/1,accepted,,players/C/Chris_Johnson0.html,players/C/Chris_Johnson0.html,unchanged,,
https://www.draftguru.com.au/players/chris_johnson/2,accepted,,players/C/Chris_Johnson1.html,players/C/Chris_Johnson1.html,unchanged,,
https://www.draftguru.com.au/players/chris_jones/1,withheld,U-no-href,,,unchanged,,
https://www.draftguru.com.au/players/chris_judd/1,accepted,,players/C/Chris_Judd.html,players/C/Chris_Judd.html,unchanged,,
https://www.draftguru.com.au/players/chris_kangars/1,withheld,U-no-href,,,unchanged,,
https://www.draftguru.com.au/players/chris_knights/1,accepted,,players/C/Chris_Knights.html,players/C/Chris_Knights.html,unchanged,,
https://www.draftguru.com.au/players/chris_ladhams/1,accepted,,players/C/Chris_Ladhams.html,players/C/Chris_Ladhams.html,unchanged,,
https://www.draftguru.com.au/players/chris_lamb/1,accepted,,players/C/Chris_Lamb.html,players/C/Chris_Lamb.html,unchanged,,
https://www.draftguru.com.au/players/chris_lindsay/1,withheld,U-no-href,,,unchanged,,
https://www.draftguru.com.au/players/chris_martin/1,withheld,U-no-href,,,unchanged,,
https://www.draftguru.com.au/players/chris_masten/1,accepted,,players/C/Chris_Masten.html,players/C/Chris_Masten.html,unchanged,,
https://www.draftguru.com.au/players/chris_mayne/1,accepted,,players/C/Chris_Mayne.html,players/C/Chris_Mayne.html,unchanged,,
https://www.draftguru.com.au/players/chris_mcdermott/1,accepted,,players/C/Chris_McDermott.html,players/C/Chris_McDermott.html,unchanged,,
https://www.draftguru.com.au/players/chris_melican/1,withheld,U-no-href,,,unchanged,,
https://www.draftguru.com.au/players/chris_mulcair/1,withheld,U-no-href,,,unchanged,,
https://www.draftguru.com.au/players/chris_naish/1,accepted,,players/C/Chris_Naish.html,players/C/Chris_Naish.html,unchanged,,
https://www.draftguru.com.au/players/chris_newman/1,accepted,,players/C/Chris_Newman.html,players/C/Chris_Newman.html,unchanged,,
https://www.draftguru.com.au/players/chris_o'dwyer/1,accepted,,players/C/Chris_ODwyer.html,players/C/Chris_ODwyer.html,confirmed,same_person_valid_relisting,relisting
https://www.draftguru.com.au/players/chris_o'sullivan/1,accepted,,players/C/Chris_OSullivan.html,players/C/Chris_OSullivan.html,unchanged,,
https://www.draftguru.com.au/players/chris_obst/1,accepted,,players/C/Chris_Obst.html,players/C/Chris_Obst.html,unchanged,,
https://www.draftguru.com.au/players/chris_odell/1,withheld,U-no-href,,,unchanged,,
https://www.draftguru.com.au/players/chris_ogle/1,withheld,U-no-href,,,unchanged,,
https://www.draftguru.com.au/players/chris_oliver/1,accepted,,players/C/Chris_Oliver.html,players/C/Chris_Oliver.html,unchanged,,
https://www.draftguru.com.au/players/chris_palmer/1,withheld,U-no-href,,,unchanged,,
https://www.draftguru.com.au/players/chris_peel/1,withheld,U-no-href,,,unchanged,,
https://www.draftguru.com.au/players/chris_robertson/1,withheld,U-no-href,,,unchanged,,
https://www.draftguru.com.au/players/chris_ryan/2,withheld,U-no-href,,,unchanged,,
https://www.draftguru.com.au/players/chris_scerri/1,accepted,,players/C/Chris_Scerri.html,players/C/Chris_Scerri.html,unchanged,,
https://www.draftguru.com.au/players/chris_schmidt/1,accepted,,players/C/Chris_Schmidt.html,players/C/Chris_Schmidt.html,unchanged,,
https://www.draftguru.com.au/players/chris_scott/1,accepted,,players/C/Chris_Scott.html,players/C/Chris_Scott.html,unchanged,,
https://www.draftguru.com.au/players/chris_sharp/1,withheld,U-no-href,,,unchanged,,
https://www.draftguru.com.au/players/chris_smith/2,withheld,U-no-href,,,unchanged,,
https://www.draftguru.com.au/players/chris_sullivan/1,accepted,,players/C/Chris_Sullivan.html,players/C/Chris_Sullivan.html,unchanged,,
https://www.draftguru.com.au/players/chris_tarrant/1,accepted,,players/C/Chris_Tarrant.html,players/C/Chris_Tarrant.html,unchanged,,
https://www.draftguru.com.au/players/chris_veide/1,withheld,U-no-href,,,unchanged,,
https://www.draftguru.com.au/players/chris_waterson/2,accepted,,players/C/Chris_Waterson0.html,players/C/Chris_Waterson0.html,unchanged,,
https://www.draftguru.com.au/players/chris_waterworth/1,withheld,U-no-href,,,unchanged,,
https://www.draftguru.com.au/players/chris_wittman/1,accepted,,players/C/Chris_Wittman.html,players/C/Chris_Wittman.html,unchanged,,
https://www.draftguru.com.au/players/chris_yarran/1,accepted,,players/C/Chris_Yarran.html,players/C/Chris_Yarran.html,unchanged,,
https://www.draftguru.com.au/players/chrissy_mckaigue/1,withheld,U-no-href,,,unchanged,,
https://www.draftguru.com.au/players/christian_bock/1,withheld,U-no-href,,,unchanged,,
https://www.draftguru.com.au/players/christian_davidson/1,withheld,U-no-href,,,unchanged,,
https://www.draftguru.com.au/players/christian_howard/1,accepted,,players/C/Christian_Howard.html,players/C/Christian_Howard.html,unchanged,,
https://www.draftguru.com.au/players/christian_lister/1,accepted,,players/C/Christian_Lister.html,players/C/Christian_Lister.html,unchanged,,
https://www.draftguru.com.au/players/christian_moraes/1,accepted,,players/C/Christian_Moraes.html,players/C/Christian_Moraes.html,unchanged,,
https://www.draftguru.com.au/players/christian_petracca/1,accepted,,players/C/Christian_Petracca.html,players/C/Christian_Petracca.html,unchanged,,
https://www.draftguru.com.au/players/christian_salem/1,accepted,,players/C/Christian_Salem.html,players/C/Christian_Salem.html,unchanged,,
https://www.draftguru.com.au/players/christian_woodley/1,withheld,U-no-href,,,unchanged,,
https://www.draftguru.com.au/players/christin_macri/1,accepted,,players/C/Christin_Macri.html,players/C/Christin_Macri.html,unchanged,,
https://www.draftguru.com.au/players/christopher_dunne/1,withheld,U-no-href,,,unchanged,,
https://www.draftguru.com.au/players/christopher_hall/1,accepted,,players/C/Christopher_Hall.html,players/C/Christopher_Hall.html,unchanged,,
https://www.draftguru.com.au/players/christopher_hall/2,withheld,U-no-href,,,unchanged,,
https://www.draftguru.com.au/players/christopher_smith/1,withheld,U-no-href,,,unchanged,,
https://www.draftguru.com.au/players/cian_hanley/1,withheld,U-no-href,,,unchanged,,
https://www.draftguru.com.au/players/cian_mcbride/1,withheld,U-no-href,,,unchanged,,
https://www.draftguru.com.au/players/ciar%C3%A1n_byrne/1,accepted,,players/C/Ciaran_Byrne.html,players/C/Ciaran_Byrne.html,unchanged,,
https://www.draftguru.com.au/players/ciar%C3%A1n_sheehan/1,accepted,,players/C/Ciaran_Sheehan.html,players/C/Ciaran_Sheehan.html,unchanged,,
https://www.draftguru.com.au/players/ciaran_kilkenny/1,withheld,U-no-href,,,unchanged,,
https://www.draftguru.com.au/players/cillian_burke/1,withheld,U-no-href,,,unchanged,,
https://www.draftguru.com.au/players/cillian_mcdaid/1,withheld,U-no-href,,,unchanged,,
https://www.draftguru.com.au/players/clancee_pearce/1,accepted,,players/C/Clancee_Pearce.html,players/C/Clancee_Pearce.html,unchanged,,
https://www.draftguru.com.au/players/clancy_rudeforth/1,withheld,U-no-href,,,unchanged,,
https://www.draftguru.com.au/players/clay_cameron/1,accepted,,players/C/Clay_Cameron.html,players/C/Clay_Cameron.html,unchanged,,
https://www.draftguru.com.au/players/clay_hall/1,accepted,,players/C/Clay_Hall.html,players/C/Clay_Hall.html,unchanged,,
https://www.draftguru.com.au/players/clay_sampson/1,accepted,,players/C/Clay_Sampson.html,players/C/Clay_Sampson.html,unchanged,,
https://www.draftguru.com.au/players/clay_smith/1,accepted,,players/C/Clay_Smith.html,players/C/Clay_Smith.html,unchanged,,
https://www.draftguru.com.au/players/clay_tucker/1,withheld,U-no-href,,,unchanged,,
https://www.draftguru.com.au/players/claye_beams/1,accepted,,players/C/Claye_Beams.html,players/C/Claye_Beams.html,unchanged,,
https://www.draftguru.com.au/players/clayton_collard/1,accepted,,players/C/Clayton_Collard.html,players/C/Clayton_Collard.html,unchanged,,
https://www.draftguru.com.au/players/clayton_gardiner/1,withheld,U-no-href,,,unchanged,,
https://www.draftguru.com.au/players/clayton_hinkley/1,accepted,,players/C/Clayton_Hinkley.html,players/C/Clayton_Hinkley.html,unchanged,,
https://www.draftguru.com.au/players/clayton_lamb/1,accepted,,players/C/Clayton_Lamb.html,players/C/Clayton_Lamb.html,unchanged,,
https://www.draftguru.com.au/players/clayton_lasscock/1,withheld,U-no-href,,,unchanged,,
https://www.draftguru.com.au/players/clayton_oliver/1,accepted,,players/C/Clayton_Oliver.html,players/C/Clayton_Oliver.html,unchanged,,
https://www.draftguru.com.au/players/clem_michael/1,accepted,,players/C/Clem_Michael.html,players/C/Clem_Michael.html,unchanged,,
https://www.draftguru.com.au/players/clem_smith/1,accepted,,players/C/Clem_Smith.html,players/C/Clem_Smith.html,unchanged,,
https://www.draftguru.com.au/players/cleve_hughes/1,accepted,,players/C/Cleve_Hughes.html,players/C/Cleve_Hughes.html,unchanged,,
https://www.draftguru.com.au/players/clint_bartram/1,accepted,,players/C/Clint_Bartram.html,players/C/Clint_Bartram.html,unchanged,,
https://www.draftguru.com.au/players/clint_bizzell/1,accepted,,players/C/Clint_Bizzell.html,players/C/Clint_Bizzell.html,unchanged,,
https://www.draftguru.com.au/players/clint_evans/1,withheld,U-no-href,,,unchanged,,
https://www.draftguru.com.au/players/clint_kirey/1,withheld,U-no-href,,,unchanged,,
https://www.draftguru.com.au/players/clinton_alleway/1,withheld,U-no-href,,,unchanged,,
https://www.draftguru.com.au/players/clinton_benjamin/1,withheld,U-no-href,,,unchanged,,
https://www.draftguru.com.au/players/clinton_browning/1,accepted,,players/C/Clinton_Browning.html,players/C/Clinton_Browning.html,unchanged,,
https://www.draftguru.com.au/players/clinton_jones/1,accepted,,players/C/Clinton_Jones.html,players/C/Clinton_Jones.html,unchanged,,
https://www.draftguru.com.au/players/clinton_king/1,accepted,,players/C/Clinton_King.html,players/C/Clinton_King.html,unchanged,,
https://www.draftguru.com.au/players/clinton_shaw/1,accepted,,players/C/Clinton_Shaw.html,players/C/Clinton_Shaw.html,unchanged,,
https://www.draftguru.com.au/players/clinton_wolf/1,accepted,,players/C/Clinton_Wolf.html,players/C/Clinton_Wolf.html,unchanged,,
https://www.draftguru.com.au/players/clinton_young/1,accepted,,players/C/Clinton_Young.html,players/C/Clinton_Young.html,unchanged,,
https://www.draftguru.com.au/players/clive_waterhouse/1,accepted,,players/C/Clive_Waterhouse.html,players/C/Clive_Waterhouse.html,unchanged,,
https://www.draftguru.com.au/players/coby_burgiel/1,withheld,U-no-href,,,unchanged,,
https://www.draftguru.com.au/players/cody_anderson/2,withheld,U-no-href,,,unchanged,,
https://www.draftguru.com.au/players/cody_angove/1,accepted,,players/C/Cody_Angove.html,players/C/Cody_Angove.html,unchanged,,
https://www.draftguru.com.au/players/cody_brand/1,withheld,U-no-href,,,unchanged,,
https://www.draftguru.com.au/players/cody_curtin/1,accepted,,players/C/Cody_Curtin.html,players/C/Cody_Curtin.html,unchanged,,
https://www.draftguru.com.au/players/cody_hirst/1,withheld,U-no-href,,,unchanged,,
https://www.draftguru.com.au/players/cody_raak/1,withheld,U-no-href,,,unchanged,,
https://www.draftguru.com.au/players/cody_weightman/1,accepted,,players/C/Cody_Weightman.html,players/C/Cody_Weightman.html,unchanged,,
https://www.draftguru.com.au/players/coen_livingstone/1,withheld,U-no-href,,,unchanged,,
https://www.draftguru.com.au/players/colby_mckercher/1,accepted,,players/C/Colby_McKercher.html,players/C/Colby_McKercher.html,unchanged,,
https://www.draftguru.com.au/players/colin_alexander/1,accepted,,players/C/Colin_Alexander.html,players/C/Colin_Alexander.html,unchanged,,
https://www.draftguru.com.au/players/colin_corkery/1,withheld,U-no-href,,,unchanged,,
https://www.draftguru.com.au/players/colin_gadsden/1,withheld,U-no-href,,,unchanged,,
https://www.draftguru.com.au/players/colin_garland/1,accepted,,players/C/Colin_Garland.html,players/C/Colin_Garland.html,unchanged,,
https://www.draftguru.com.au/players/colin_mcdonald/1,withheld,U-no-href,,,unchanged,,
https://www.draftguru.com.au/players/colin_o'riordan/1,accepted,,players/C/Colin_ORiordan.html,players/C/Colin_ORiordan.html,unchanged,,
https://www.draftguru.com.au/players/colin_sylvia/1,accepted,,players/C/Colin_Sylvia.html,players/C/Colin_Sylvia.html,unchanged,,
https://www.draftguru.com.au/players/colm_begley/1,accepted,,players/C/Colm_Begley.html,players/C/Colm_Begley.html,unchanged,,
https://www.draftguru.com.au/players/colm_mcmanamon/1,withheld,U-no-href,,,unchanged,,
https://www.draftguru.com.au/players/connor_ballenden/1,accepted,,players/C/Connor_Ballenden.html,players/C/Connor_Ballenden.html,unchanged,,
https://www.draftguru.com.au/players/connor_blakely/1,accepted,,players/C/Connor_Blakely.html,players/C/Connor_Blakely.html,unchanged,,
https://www.draftguru.com.au/players/connor_budarick/1,accepted,,players/C/Connor_Budarick.html,players/C/Connor_Budarick.html,unchanged,,
https://www.draftguru.com.au/players/connor_downie/1,accepted,,players/C/Connor_Downie.html,players/C/Connor_Downie.html,unchanged,,
https://www.draftguru.com.au/players/connor_idun/1,accepted,,players/C/Connor_Idun.html,players/C/Connor_Idun.html,unchanged,,
https://www.draftguru.com.au/players/connor_macdonald/2,accepted,,players/C/Connor_Macdonald.html,players/C/Connor_Macdonald.html,unchanged,,
https://www.draftguru.com.au/players/connor_mcfadyen/1,withheld,U-no-href,,,unchanged,,
https://www.draftguru.com.au/players/connor_menadue/1,accepted,,players/C/Connor_Menadue.html,players/C/Connor_Menadue.html,unchanged,,
https://www.draftguru.com.au/players/connor_nutting/1,withheld,U-no-href,,,unchanged,,
https://www.draftguru.com.au/players/connor_o'sullivan/2,accepted,,players/C/Connor_OSullivan.html,players/C/Connor_OSullivan.html,unchanged,,
https://www.draftguru.com.au/players/connor_rozee/1,accepted,,players/C/Connor_Rozee.html,players/C/Connor_Rozee.html,unchanged,,
https://www.draftguru.com.au/players/connor_west/1,accepted,,players/C/Connor_West.html,players/C/Connor_West.html,unchanged,,
https://www.draftguru.com.au/players/conor_glass/1,accepted,,players/C/Conor_Glass.html,players/C/Conor_Glass.html,unchanged,,
https://www.draftguru.com.au/players/conor_mckenna/1,accepted,,players/C/Conor_McKenna.html,players/C/Conor_McKenna.html,unchanged,,
https://www.draftguru.com.au/players/conor_meredith/1,withheld,U-no-href,,,unchanged,,
https://www.draftguru.com.au/players/conor_nash/1,accepted,,players/C/Conor_Nash.html,players/C/Conor_Nash.html,unchanged,,
https://www.draftguru.com.au/players/conor_stone/1,accepted,,players/C/Conor_Stone.html,players/C/Conor_Stone.html,unchanged,,
https://www.draftguru.com.au/players/conrad_chambers/1,withheld,U-no-href,,,unchanged,,
https://www.draftguru.com.au/players/conrad_williams/1,withheld,U-no-href,,,unchanged,,
https://www.draftguru.com.au/players/cooper_bell/1,withheld,U-no-href,,,unchanged,,
https://www.draftguru.com.au/players/cooper_duff-tytler/1,accepted,,players/C/Cooper_Duff-Tytler.html,players/C/Cooper_Duff-Tytler.html,unchanged,,
https://www.draftguru.com.au/players/cooper_hamilton/1,accepted,,players/C/Cooper_Hamilton.html,players/C/Cooper_Hamilton.html,unchanged,,
https://www.draftguru.com.au/players/cooper_harvey/1,accepted,,players/C/Cooper_Harvey.html,players/C/Cooper_Harvey.html,unchanged,,
https://www.draftguru.com.au/players/cooper_hynes/1,accepted,,players/C/Cooper_Hynes.html,players/C/Cooper_Hynes.html,unchanged,,
https://www.draftguru.com.au/players/cooper_lord/1,accepted,,players/C/Cooper_Lord.html,players/C/Cooper_Lord.html,unchanged,,
https://www.draftguru.com.au/players/cooper_murley/1,withheld,U-no-href,,,unchanged,,
https://www.draftguru.com.au/players/cooper_sharman/1,accepted,,players/C/Cooper_Sharman.html,players/C/Cooper_Sharman.html,unchanged,,
https://www.draftguru.com.au/players/cooper_simpson/1,accepted,,players/C/Cooper_Simpson.html,players/C/Cooper_Simpson.html,unchanged,,
https://www.draftguru.com.au/players/cooper_stephens/1,accepted,,players/C/Cooper_Stephens.html,players/C/Cooper_Stephens.html,unchanged,,
https://www.draftguru.com.au/players/cooper_trembath/1,accepted,,players/C/Cooper_Trembath.html,players/C/Cooper_Trembath.html,unchanged,,
https://www.draftguru.com.au/players/cooper_vickery/1,withheld,U-no-href,,,unchanged,,
https://www.draftguru.com.au/players/cooper_whyte/1,accepted,,players/C/Cooper_Whyte.html,players/C/Cooper_Whyte.html,unchanged,,
https://www.draftguru.com.au/players/corey_adamson/1,withheld,U-no-href,,,unchanged,,
https://www.draftguru.com.au/players/corey_durdin/1,accepted,,players/C/Corey_Durdin.html,players/C/Corey_Durdin.html,unchanged,,
https://www.draftguru.com.au/players/corey_ellis/1,accepted,,players/C/Corey_Ellis.html,players/C/Corey_Ellis.html,unchanged,,
https://www.draftguru.com.au/players/corey_enright/1,accepted,,players/C/Corey_Enright.html,players/C/Corey_Enright.html,unchanged,,
https://www.draftguru.com.au/players/corey_gault/1,accepted,,players/C/Corey_Gault.html,players/C/Corey_Gault.html,unchanged,,
https://www.draftguru.com.au/players/corey_jones/1,accepted,,players/C/Corey_Jones.html,players/C/Corey_Jones.html,unchanged,,
https://www.draftguru.com.au/players/corey_lyons/1,withheld,U-no-href,,,unchanged,,
https://www.draftguru.com.au/players/corey_maynard/1,accepted,,players/C/Corey_Maynard.html,players/C/Corey_Maynard.html,unchanged,,
https://www.draftguru.com.au/players/corey_mckernan/1,accepted,,players/C/Corey_McKernan.html,players/C/Corey_McKernan.html,unchanged,,
https://www.draftguru.com.au/players/corey_robertson/1,withheld,U-no-href,,,unchanged,,
https://www.draftguru.com.au/players/corey_wagner/1,accepted,,players/C/Corey_Wagner.html,players/C/Corey_Wagner.html,unchanged,,
https://www.draftguru.com.au/players/corey_warner/1,accepted,,players/C/Corey_Warner.html,players/C/Corey_Warner.html,unchanged,,
https://www.draftguru.com.au/players/cory_dell'olio/1,accepted,,players/C/Cory_DellOlio.html,players/C/Cory_DellOlio.html,unchanged,,
https://www.draftguru.com.au/players/cory_gregson/1,accepted,,players/C/Cory_Gregson.html,players/C/Cory_Gregson.html,unchanged,,
https://www.draftguru.com.au/players/cory_mcgrath/1,accepted,,players/C/Cory_McGrath.html,players/C/Cory_McGrath.html,unchanged,,
https://www.draftguru.com.au/players/cory_young/1,accepted,,players/C/Cory_Young.html,players/C/Cory_Young.html,unchanged,,
https://www.draftguru.com.au/players/courtenay_dempsey/1,accepted,,players/C/Courtenay_Dempsey.html,players/C/Courtenay_Dempsey.html,unchanged,,
https://www.draftguru.com.au/players/courtney_johns/1,accepted,,players/C/Courtney_Johns.html,players/C/Courtney_Johns.html,unchanged,,
https://www.draftguru.com.au/players/craig_anderson/1,withheld,U-no-href,,,unchanged,,
https://www.draftguru.com.au/players/craig_biddiscombe/1,accepted,,players/C/Craig_Biddiscombe.html,players/C/Craig_Biddiscombe.html,unchanged,,
https://www.draftguru.com.au/players/craig_bird/1,accepted,,players/C/Craig_Bird.html,players/C/Craig_Bird.html,unchanged,,
https://www.draftguru.com.au/players/craig_black/1,withheld,U-no-href,,,unchanged,,
https://www.draftguru.com.au/players/craig_bolton/1,accepted,,players/C/Craig_Bolton.html,players/C/Craig_Bolton.html,unchanged,,
https://www.draftguru.com.au/players/craig_budarick/1,withheld,U-no-href,,,unchanged,,
https://www.draftguru.com.au/players/craig_burrows/1,accepted,,players/C/Craig_Burrows.html,players/C/Craig_Burrows.html,unchanged,,
https://www.draftguru.com.au/players/craig_callaghan/1,accepted,,players/C/Craig_Callaghan.html,players/C/Craig_Callaghan.html,unchanged,,
https://www.draftguru.com.au/players/craig_clarke/1,withheld,U-no-href,,,unchanged,,
https://www.draftguru.com.au/players/craig_cross/1,withheld,U-no-href,,,unchanged,,
https://www.draftguru.com.au/players/craig_devonport/1,accepted,,players/C/Craig_Devonport.html,players/C/Craig_Devonport.html,unchanged,,
https://www.draftguru.com.au/players/craig_ednie/1,accepted,,players/C/Craig_Ednie.html,players/C/Craig_Ednie.html,unchanged,,
https://www.draftguru.com.au/players/craig_elias/1,withheld,U-no-href,,,unchanged,,
https://www.draftguru.com.au/players/craig_ellis/1,accepted,,players/C/Craig_Ellis.html,players/C/Craig_Ellis.html,unchanged,,
https://www.draftguru.com.au/players/craig_flint/1,withheld,U-no-href,,,unchanged,,
https://www.draftguru.com.au/players/craig_folino/1,withheld,U-no-href,,,unchanged,,
https://www.draftguru.com.au/players/craig_holden/1,accepted,,players/C/Craig_Holden.html,players/C/Craig_Holden.html,unchanged,,
https://www.draftguru.com.au/players/craig_hucker/1,withheld,U-no-href,,,unchanged,,
https://www.draftguru.com.au/players/craig_jacotine/1,accepted,,players/C/Craig_Jacotine.html,players/C/Craig_Jacotine.html,unchanged,,
https://www.draftguru.com.au/players/craig_jennings/1,withheld,U-no-href,,,unchanged,,
https://www.draftguru.com.au/players/craig_kelly/1,accepted,,players/C/Craig_Kelly.html,players/C/Craig_Kelly.html,unchanged,,
https://www.draftguru.com.au/players/craig_lambert/1,accepted,,players/C/Craig_Lambert.html,players/C/Craig_Lambert.html,unchanged,,
https://www.draftguru.com.au/players/craig_mcgrath/1,accepted,,players/C/Craig_McGrath.html,players/C/Craig_McGrath.html,unchanged,,
https://www.draftguru.com.au/players/craig_mcnaughton/1,withheld,U-no-href,,,unchanged,,
https://www.draftguru.com.au/players/craig_mcrae/1,accepted,,players/C/Craig_McRae.html,players/C/Craig_McRae.html,unchanged,,
https://www.draftguru.com.au/players/craig_moller/1,accepted,,players/C/Craig_Moller.html,players/C/Craig_Moller.html,unchanged,,
https://www.draftguru.com.au/players/craig_nettelbeck/1,accepted,,players/C/Craig_Nettelbeck.html,players/C/Craig_Nettelbeck.html,unchanged,,
https://www.draftguru.com.au/players/craig_o'brien/1,accepted,,players/C/Craig_OBrien.html,players/C/Craig_OBrien.html,unchanged,,
https://www.draftguru.com.au/players/craig_patrick/1,withheld,U-no-href,,,unchanged,,
https://www.draftguru.com.au/players/craig_potter/1,accepted,,players/C/Craig_Potter.html,players/C/Craig_Potter.html,unchanged,,
https://www.draftguru.com.au/players/craig_smoker/1,accepted,,players/C/Craig_Smoker.html,players/C/Craig_Smoker.html,unchanged,,
https://www.draftguru.com.au/players/craig_somerville/1,withheld,different_person_wrong_href,,players/C/Craig_Somerville.html,removed_withheld,different_person_wrong_href,relisting
https://www.draftguru.com.au/players/craig_starcevich/1,accepted,,players/C/Craig_Starcevich.html,players/C/Craig_Starcevich.html,unchanged,,
https://www.draftguru.com.au/players/craig_treleven/1,accepted,,players/C/Craig_Treleven.html,players/C/Craig_Treleven.html,unchanged,,
https://www.draftguru.com.au/players/craig_turley/1,accepted,,players/C/Craig_Turley.html,players/C/Craig_Turley.html,unchanged,,
https://www.draftguru.com.au/players/craig_walker/1,withheld,U-no-href,,,unchanged,,
https://www.draftguru.com.au/players/craig_young/1,withheld,U-no-href,,,unchanged,,
https://www.draftguru.com.au/players/cristian_o'brien/1,accepted,,players/C/Cristian_OBrien.html,players/C/Cristian_OBrien.html,unchanged,,
https://www.draftguru.com.au/players/cruize_garlett/1,accepted,,players/C/Cruize_Garlett.html,players/C/Cruize_Garlett.html,unchanged,,
https://www.draftguru.com.au/players/curtis_taylor/1,accepted,,players/C/Curtis_Taylor.html,players/C/Curtis_Taylor.html,unchanged,,
https://www.draftguru.com.au/players/curtly_hampton/1,accepted,,players/C/Curtly_Hampton.html,players/C/Curtly_Hampton.html,unchanged,,
https://www.draftguru.com.au/players/cyril_rioli/1,accepted,,players/C/Cyril_Rioli.html,players/C/Cyril_Rioli.html,unchanged,,
https://www.draftguru.com.au/players/dale_baynes/1,accepted,,players/D/Dale_Baynes.html,players/D/Dale_Baynes.html,unchanged,,
https://www.draftguru.com.au/players/dale_carson/1,withheld,U-no-href,,,unchanged,,
https://www.draftguru.com.au/players/dale_ellis/1,withheld,U-no-href,,,unchanged,,
https://www.draftguru.com.au/players/dale_fleming/1,accepted,,players/D/Dale_Fleming.html,players/D/Dale_Fleming.html,unchanged,,
https://www.draftguru.com.au/players/dale_hall/1,withheld,U-no-href,,,unchanged,,
https://www.draftguru.com.au/players/dale_kickett/1,accepted,,players/D/Dale_Kickett.html,players/D/Dale_Kickett.html,unchanged,,
https://www.draftguru.com.au/players/dale_lewis/1,accepted,,players/D/Dale_Lewis.html,players/D/Dale_Lewis.html,unchanged,,
https://www.draftguru.com.au/players/dale_morris/1,accepted,,players/D/Dale_Morris.html,players/D/Dale_Morris.html,unchanged,,
https://www.draftguru.com.au/players/dale_thomas/1,accepted,,players/D/Dale_Thomas.html,players/D/Dale_Thomas.html,unchanged,,
https://www.draftguru.com.au/players/dale_walkingshaw/1,withheld,U-no-href,,,unchanged,,
https://www.draftguru.com.au/players/dallas_normington/1,withheld,U-no-href,,,unchanged,,
https://www.draftguru.com.au/players/dallas_willsmore/1,accepted,,players/D/Dallas_Willsmore.html,players/D/Dallas_Willsmore.html,unchanged,,
https://www.draftguru.com.au/players/damian_berto/1,withheld,U-no-href,,,unchanged,,
https://www.draftguru.com.au/players/damian_bourke/1,accepted,,players/D/Damian_Bourke.html,players/D/Damian_Bourke.html,unchanged,,
https://www.draftguru.com.au/players/damian_crowe/1,withheld,U-no-href,,,unchanged,,
https://www.draftguru.com.au/players/damian_cupido/1,accepted,,players/D/Damian_Cupido.html,players/D/Damian_Cupido.html,unchanged,,
https://www.draftguru.com.au/players/damian_hampson/1,accepted,,players/D/Damian_Hampson.html,players/D/Damian_Hampson.html,unchanged,,
https://www.draftguru.com.au/players/damian_hancock/1,withheld,U-no-href,,,unchanged,,
https://www.draftguru.com.au/players/damian_hogan/1,withheld,U-no-href,,,unchanged,,
https://www.draftguru.com.au/players/damian_houlihan/1,accepted,,players/D/Damian_Houlihan.html,players/D/Damian_Houlihan.html,unchanged,,
https://www.draftguru.com.au/players/damian_kitschke/1,accepted,,players/D/Damian_Kitschke.html,players/D/Damian_Kitschke.html,unchanged,,
https://www.draftguru.com.au/players/damian_lang/1,accepted,,players/D/Damian_Lang.html,players/D/Damian_Lang.html,unchanged,,
https://www.draftguru.com.au/players/damian_monkhorst/1,accepted,,players/D/Damian_Monkhorst.html,players/D/Damian_Monkhorst.html,unchanged,,
https://www.draftguru.com.au/players/damian_pearce/1,withheld,U-no-href,,,unchanged,,
https://www.draftguru.com.au/players/damian_ryan/1,withheld,U-no-href,,,unchanged,,
https://www.draftguru.com.au/players/damian_sexton/1,accepted,,players/D/Damian_Sexton.html,players/D/Damian_Sexton.html,unchanged,,
https://www.draftguru.com.au/players/damian_squire/1,accepted,,players/D/Damian_Squire.html,players/D/Damian_Squire.html,unchanged,,
https://www.draftguru.com.au/players/damian_stoney/1,withheld,U-no-href,,,unchanged,,
https://www.draftguru.com.au/players/damian_tresize/1,withheld,U-no-href,,,unchanged,,
https://www.draftguru.com.au/players/damien_adkins/1,accepted,,players/D/Damien_Adkins.html,players/D/Damien_Adkins.html,unchanged,,
https://www.draftguru.com.au/players/damien_cavka/1,withheld,U-no-href,,,unchanged,,
https://www.draftguru.com.au/players/damien_franken/1,withheld,U-no-href,,,unchanged,,
https://www.draftguru.com.au/players/damien_gaspar/1,accepted,,players/D/Damien_Gaspar.html,players/D/Damien_Gaspar.html,unchanged,,
https://www.draftguru.com.au/players/damien_hardwick/1,accepted,,players/D/Damien_Hardwick.html,players/D/Damien_Hardwick.html,unchanged,,
https://www.draftguru.com.au/players/damien_lock/1,accepted,,players/D/Damien_Lock.html,players/D/Damien_Lock.html,unchanged,,
https://www.draftguru.com.au/players/damien_lyon/1,withheld,U-no-href,,,unchanged,,
https://www.draftguru.com.au/players/damien_mccarthy/1,withheld,U-no-href,,,unchanged,,
https://www.draftguru.com.au/players/damien_mccormack/1,accepted,,players/D/Damien_McCormack.html,players/D/Damien_McCormack.html,unchanged,,
https://www.draftguru.com.au/players/damien_mellow/1,withheld,U-no-href,,,unchanged,,
https://www.draftguru.com.au/players/damien_murray/1,accepted,,players/D/Damien_Murray.html,players/D/Damien_Murray.html,unchanged,,
https://www.draftguru.com.au/players/damien_peverill/1,accepted,,players/D/Damien_Peverill.html,players/D/Damien_Peverill.html,unchanged,,
https://www.draftguru.com.au/players/damien_ryan/1,accepted,,players/D/Damien_Ryan.html,players/D/Damien_Ryan.html,unchanged,,
https://www.draftguru.com.au/players/damien_sheehan/1,withheld,U-no-href,,,unchanged,,
https://www.draftguru.com.au/players/damien_simmonds/1,withheld,U-no-href,,,unchanged,,
https://www.draftguru.com.au/players/damien_skurrie/1,withheld,U-no-href,,,unchanged,,
https://www.draftguru.com.au/players/damon_armstrong/1,withheld,U-no-href,,,unchanged,,
https://www.draftguru.com.au/players/damon_greaves/1,accepted,,players/D/Damon_Greaves.html,players/D/Damon_Greaves.html,unchanged,,
https://www.draftguru.com.au/players/damon_lukins/1,withheld,U-no-href,,,unchanged,,
https://www.draftguru.com.au/players/damon_munt/1,withheld,U-no-href,,,unchanged,,
https://www.draftguru.com.au/players/damon_white/1,accepted,,players/D/Damon_White.html,players/D/Damon_White.html,unchanged,,
https://www.draftguru.com.au/players/dan_butler/1,accepted,,players/D/Dan_Butler.html,players/D/Dan_Butler.html,unchanged,,
https://www.draftguru.com.au/players/dan_curtin/1,accepted,,players/D/Daniel_Curtin.html,players/D/Daniel_Curtin.html,unchanged,,
https://www.draftguru.com.au/players/dan_hannebery/1,accepted,,players/D/Dan_Hannebery.html,players/D/Dan_Hannebery.html,unchanged,,
https://www.draftguru.com.au/players/dan_houston/1,accepted,,players/D/Dan_Houston.html,players/D/Dan_Houston.html,unchanged,,
https://www.draftguru.com.au/players/dan_mckenna/1,withheld,U-no-href,,,unchanged,,
https://www.draftguru.com.au/players/dan_nielson/1,accepted,,players/D/Dan_Nielson.html,players/D/Dan_Nielson.html,unchanged,,
https://www.draftguru.com.au/players/dan_robinson/1,accepted,,players/D/Dan_Robinson.html,players/D/Dan_Robinson.html,unchanged,,
https://www.draftguru.com.au/players/dane_rampe/1,accepted,,players/D/Dane_Rampe.html,players/D/Dane_Rampe.html,unchanged,,
https://www.draftguru.com.au/players/dane_swan/1,accepted,,players/D/Dane_Swan.html,players/D/Dane_Swan.html,unchanged,,
https://www.draftguru.com.au/players/daniel_annable/1,accepted,,players/D/Daniel_Annable.html,players/D/Daniel_Annable.html,unchanged,,
https://www.draftguru.com.au/players/daniel_archer/1,accepted,,players/D/Daniel_Archer.html,players/D/Daniel_Archer.html,unchanged,,
https://www.draftguru.com.au/players/daniel_bandy/1,accepted,,players/D/Daniel_Bandy.html,players/D/Daniel_Bandy.html,unchanged,,
https://www.draftguru.com.au/players/daniel_bass/1,withheld,U-no-href,,,unchanged,,
https://www.draftguru.com.au/players/daniel_batson/1,withheld,U-no-href,,,unchanged,,
https://www.draftguru.com.au/players/daniel_bell/1,accepted,,players/D/Daniel_Bell.html,players/D/Daniel_Bell.html,unchanged,,
https://www.draftguru.com.au/players/daniel_boyle/1,withheld,U-no-href,,,unchanged,,
https://www.draftguru.com.au/players/daniel_bradshaw/1,accepted,,players/D/Daniel_Bradshaw.html,players/D/Daniel_Bradshaw.html,unchanged,,
https://www.draftguru.com.au/players/daniel_breese/1,withheld,U-no-href,,,unchanged,,
https://www.draftguru.com.au/players/daniel_chick/1,accepted,,players/D/Daniel_Chick.html,players/D/Daniel_Chick.html,unchanged,,
https://www.draftguru.com.au/players/daniel_clarke/1,withheld,U-no-href,,,unchanged,,
https://www.draftguru.com.au/players/daniel_connors/1,accepted,,players/D/Daniel_Connors.html,players/D/Daniel_Connors.html,unchanged,,
https://www.draftguru.com.au/players/daniel_cross/1,accepted,,players/D/Daniel_Cross.html,players/D/Daniel_Cross.html,unchanged,,
https://www.draftguru.com.au/players/daniel_currie/1,accepted,,players/D/Daniel_Currie.html,players/D/Daniel_Currie.html,unchanged,,
https://www.draftguru.com.au/players/daniel_donati/1,accepted,,players/D/Daniel_Donati.html,players/D/Daniel_Donati.html,unchanged,,
https://www.draftguru.com.au/players/daniel_dzufer/1,accepted,,players/D/Daniel_Dzufer.html,players/D/Daniel_Dzufer.html,unchanged,,
https://www.draftguru.com.au/players/daniel_elstone/1,withheld,U-no-href,,,unchanged,,
https://www.draftguru.com.au/players/daniel_farmer/1,withheld,U-no-href,,,unchanged,,
https://www.draftguru.com.au/players/daniel_fletcher/1,accepted,,players/D/Daniel_Fletcher.html,players/D/Daniel_Fletcher.html,unchanged,,
https://www.draftguru.com.au/players/daniel_flynn/1,withheld,U-no-href,,,unchanged,,
https://www.draftguru.com.au/players/daniel_foster/1,accepted,,players/D/Daniel_Foster.html,players/D/Daniel_Foster.html,unchanged,,
https://www.draftguru.com.au/players/daniel_frawley/1,withheld,U-no-href,,,unchanged,,
https://www.draftguru.com.au/players/daniel_giansiracusa/1,accepted,,players/D/Daniel_Giansiracusa.html,players/D/Daniel_Giansiracusa.html,unchanged,,
https://www.draftguru.com.au/players/daniel_gilmore/1,accepted,,players/D/Daniel_Gilmore.html,players/D/Daniel_Gilmore.html,unchanged,,
https://www.draftguru.com.au/players/daniel_gorringe/1,accepted,,players/D/Daniel_Gorringe.html,players/D/Daniel_Gorringe.html,unchanged,,
https://www.draftguru.com.au/players/daniel_haines/1,accepted,,players/D/Daniel_Haines.html,players/D/Daniel_Haines.html,unchanged,,
https://www.draftguru.com.au/players/daniel_harford/1,accepted,,players/D/Daniel_Harford.html,players/D/Daniel_Harford.html,unchanged,,
https://www.draftguru.com.au/players/daniel_hargraves/1,accepted,,players/D/Daniel_Hargraves.html,players/D/Daniel_Hargraves.html,unchanged,,
https://www.draftguru.com.au/players/daniel_harris/1,accepted,,players/D/Daniel_Harris.html,players/D/Daniel_Harris.html,unchanged,,
https://www.draftguru.com.au/players/daniel_hayes/1,withheld,U-no-href,,,unchanged,,
https://www.draftguru.com.au/players/daniel_healy/1,accepted,,players/D/Daniel_Healy.html,players/D/Daniel_Healy.html,confirmed,agree,audit
https://www.draftguru.com.au/players/daniel_howe/1,accepted,,players/D/Daniel_Howe.html,players/D/Daniel_Howe.html,unchanged,,
https://www.draftguru.com.au/players/daniel_hunt/1,withheld,U-no-href,,,unchanged,,
https://www.draftguru.com.au/players/daniel_jackson/1,accepted,,players/D/Daniel_Jackson.html,players/D/Daniel_Jackson.html,unchanged,,
https://www.draftguru.com.au/players/daniel_kerr/1,accepted,,players/D/Daniel_Kerr.html,players/D/Daniel_Kerr.html,unchanged,,
https://www.draftguru.com.au/players/daniel_lloyd/1,accepted,,players/D/Daniel_Lloyd.html,players/D/Daniel_Lloyd.html,unchanged,,
https://www.draftguru.com.au/players/daniel_lowther/1,accepted,,players/D/Daniel_Lowther.html,players/D/Daniel_Lowther.html,unchanged,,
https://www.draftguru.com.au/players/daniel_markworth/1,withheld,U-no-href,,,unchanged,,
https://www.draftguru.com.au/players/daniel_marshall/1,withheld,U-no-href,,,unchanged,,
https://www.draftguru.com.au/players/daniel_mcalister/1,accepted,,players/D/Daniel_McAlister.html,players/D/Daniel_McAlister.html,unchanged,,
https://www.draftguru.com.au/players/daniel_mcconnell/1,accepted,,players/D/Daniel_McConnell.html,players/D/Daniel_McConnell.html,unchanged,,
https://www.draftguru.com.au/players/daniel_mckenzie/1,accepted,,players/D/Daniel_McKenzie.html,players/D/Daniel_McKenzie.html,unchanged,,
https://www.draftguru.com.au/players/daniel_mcstay/1,accepted,,players/D/Daniel_McStay.html,players/D/Daniel_McStay.html,unchanged,,
https://www.draftguru.com.au/players/daniel_menzel/1,accepted,,players/D/Daniel_Menzel.html,players/D/Daniel_Menzel.html,unchanged,,
https://www.draftguru.com.au/players/daniel_merrett/1,accepted,,players/D/Daniel_Merrett.html,players/D/Daniel_Merrett.html,unchanged,,
https://www.draftguru.com.au/players/daniel_metropolis/1,accepted,,players/D/Daniel_Metropolis.html,players/D/Daniel_Metropolis.html,unchanged,,
https://www.draftguru.com.au/players/daniel_motlop/1,accepted,,players/D/Daniel_Motlop.html,players/D/Daniel_Motlop.html,unchanged,,
https://www.draftguru.com.au/players/daniel_murray/1,withheld,U-no-href,,,unchanged,,
https://www.draftguru.com.au/players/daniel_nicholls/1,accepted,,players/D/Daniel_Nicholls.html,players/D/Daniel_Nicholls.html,unchanged,,
https://www.draftguru.com.au/players/daniel_nicholson/1,accepted,,players/D/Daniel_Nicholson.html,players/D/Daniel_Nicholson.html,unchanged,,
https://www.draftguru.com.au/players/daniel_o'keefe/1,withheld,U-no-href,,,unchanged,,
https://www.draftguru.com.au/players/daniel_parker/1,accepted,,players/D/Daniel_Parker.html,players/D/Daniel_Parker.html,unchanged,,
https://www.draftguru.com.au/players/daniel_pearce/1,accepted,,players/D/Daniel_Pearce.html,players/D/Daniel_Pearce.html,unchanged,,
https://www.draftguru.com.au/players/daniel_pratt/1,accepted,,players/D/Daniel_Pratt.html,players/D/Daniel_Pratt.html,unchanged,,
https://www.draftguru.com.au/players/daniel_rich/1,accepted,,players/D/Daniel_Rich.html,players/D/Daniel_Rich.html,unchanged,,
https://www.draftguru.com.au/players/daniel_rioli/1,accepted,,players/D/Daniel_Rioli.html,players/D/Daniel_Rioli.html,unchanged,,
https://www.draftguru.com.au/players/daniel_schell/1,accepted,,players/D/Daniel_Schell.html,players/D/Daniel_Schell.html,unchanged,,
https://www.draftguru.com.au/players/daniel_sipthorp/1,withheld,U-no-href,,,unchanged,,
https://www.draftguru.com.au/players/daniel_southern/1,accepted,,players/D/Daniel_Southern.html,players/D/Daniel_Southern.html,unchanged,,
https://www.draftguru.com.au/players/daniel_stewart/1,accepted,,players/D/Daniel_Stewart.html,players/D/Daniel_Stewart.html,unchanged,,
https://www.draftguru.com.au/players/daniel_talia/1,accepted,,players/D/Daniel_Talia.html,players/D/Daniel_Talia.html,unchanged,,
https://www.draftguru.com.au/players/daniel_tramontana/1,withheld,U-no-href,,,unchanged,,
https://www.draftguru.com.au/players/daniel_turner/2,accepted,,players/D/Daniel_Turner.html,players/D/Daniel_Turner.html,unchanged,,
https://www.draftguru.com.au/players/daniel_venables/1,accepted,,players/D/Daniel_Venables.html,players/D/Daniel_Venables.html,unchanged,,
https://www.draftguru.com.au/players/daniel_ward/1,accepted,,players/D/Daniel_Ward.html,players/D/Daniel_Ward.html,unchanged,,
https://www.draftguru.com.au/players/daniel_webb/1,withheld,U-no-href,,,unchanged,,
https://www.draftguru.com.au/players/daniel_wells/1,accepted,,players/D/Daniel_Wells.html,players/D/Daniel_Wells.html,unchanged,,
https://www.draftguru.com.au/players/daniel_winkel/1,withheld,U-no-href,,,unchanged,,
https://www.draftguru.com.au/players/daniel_wulf/1,accepted,,players/D/Daniel_Wulf.html,players/D/Daniel_Wulf.html,unchanged,,
https://www.draftguru.com.au/players/dannie_seow/1,accepted,,players/D/Dannie_Seow.html,players/D/Dannie_Seow.html,unchanged,,
https://www.draftguru.com.au/players/danny_butcher/1,withheld,U-no-href,,,unchanged,,
https://www.draftguru.com.au/players/danny_chartres/1,withheld,U-no-href,,,unchanged,,
https://www.draftguru.com.au/players/danny_craven/1,accepted,,players/D/Danny_Craven.html,players/D/Danny_Craven.html,unchanged,,
https://www.draftguru.com.au/players/danny_del-re/1,accepted,,players/D/Danny_Del-Re.html,players/D/Danny_Del-Re.html,unchanged,,
https://www.draftguru.com.au/players/danny_dickfos/1,accepted,,players/D/Danny_Dickfos.html,players/D/Danny_Dickfos.html,unchanged,,
https://www.draftguru.com.au/players/danny_hughes/1,accepted,,players/D/Danny_Hughes0.html,players/D/Danny_Hughes0.html,unchanged,,
https://www.draftguru.com.au/players/danny_hughes/2,accepted,,players/D/Danny_Hughes1.html,players/D/Danny_Hughes1.html,unchanged,,
https://www.draftguru.com.au/players/danny_jacobs/1,accepted,,players/D/Danny_Jacobs.html,players/D/Danny_Jacobs.html,unchanged,,
https://www.draftguru.com.au/players/danny_mccarthy/1,withheld,U-no-href,,,unchanged,,
https://www.draftguru.com.au/players/danny_meyer/1,accepted,,players/D/Danny_Meyer.html,players/D/Danny_Meyer.html,unchanged,,
https://www.draftguru.com.au/players/danny_millar/1,withheld,U-no-href,,,unchanged,,
https://www.draftguru.com.au/players/danny_morgan/1,accepted,,players/D/Danny_Morgan.html,players/D/Danny_Morgan.html,unchanged,,
https://www.draftguru.com.au/players/danny_morton/1,accepted,,players/D/Danny_Morton.html,players/D/Danny_Morton.html,unchanged,,
https://www.draftguru.com.au/players/danny_noonan/1,accepted,,players/D/Danny_Noonan.html,players/D/Danny_Noonan.html,unchanged,,
https://www.draftguru.com.au/players/danny_o'brien/1,accepted,,players/D/Danny_OBrien.html,players/D/Danny_OBrien.html,unchanged,,
https://www.draftguru.com.au/players/danny_roach/1,accepted,,players/D/Danny_Roach.html,players/D/Danny_Roach.html,unchanged,,
https://www.draftguru.com.au/players/danny_sexton/1,withheld,U-no-href,,,unchanged,,
https://www.draftguru.com.au/players/danny_stanley/1,accepted,,players/D/Danny_Stanley.html,players/D/Danny_Stanley.html,unchanged,,
https://www.draftguru.com.au/players/danny_stevens/1,accepted,,players/D/Danny_Stevens.html,players/D/Danny_Stevens.html,unchanged,,
https://www.draftguru.com.au/players/dante_visentini/1,accepted,,players/D/Dante_Visentini.html,players/D/Dante_Visentini.html,unchanged,,
https://www.draftguru.com.au/players/danyle_pearce/1,accepted,,players/D/Danyle_Pearce.html,players/D/Danyle_Pearce.html,unchanged,,
https://www.draftguru.com.au/players/darcy_byrne-jones/1,accepted,,players/D/Darcy_Byrne-Jones.html,players/D/Darcy_Byrne-Jones.html,unchanged,,
https://www.draftguru.com.au/players/darcy_cameron/1,accepted,,players/D/Darcy_Cameron.html,players/D/Darcy_Cameron.html,unchanged,,
https://www.draftguru.com.au/players/darcy_craven/1,withheld,U-no-href,,,unchanged,,
https://www.draftguru.com.au/players/darcy_daniher/1,accepted,,players/D/Darcy_Daniher.html,players/D/Darcy_Daniher.html,unchanged,,
https://www.draftguru.com.au/players/darcy_fogarty/1,accepted,,players/D/Darcy_Fogarty.html,players/D/Darcy_Fogarty.html,unchanged,,
https://www.draftguru.com.au/players/darcy_fort/1,accepted,,players/D/Darcy_Fort.html,players/D/Darcy_Fort.html,unchanged,,
https://www.draftguru.com.au/players/darcy_gardiner/1,accepted,,players/D/Darcy_Gardiner.html,players/D/Darcy_Gardiner.html,unchanged,,
https://www.draftguru.com.au/players/darcy_jones/1,accepted,,players/D/Darcy_Jones.html,players/D/Darcy_Jones.html,unchanged,,
https://www.draftguru.com.au/players/darcy_lang/1,accepted,,players/D/Darcy_Lang.html,players/D/Darcy_Lang.html,unchanged,,
https://www.draftguru.com.au/players/darcy_macpherson/1,accepted,,players/D/Darcy_Macpherson.html,players/D/Darcy_Macpherson.html,unchanged,,
https://www.draftguru.com.au/players/darcy_moore/1,accepted,,players/D/Darcy_Moore.html,players/D/Darcy_Moore.html,unchanged,,
https://www.draftguru.com.au/players/darcy_parish/1,accepted,,players/D/Darcy_Parish.html,players/D/Darcy_Parish.html,unchanged,,
https://www.draftguru.com.au/players/darcy_tucker/1,accepted,,players/D/Darcy_Tucker.html,players/D/Darcy_Tucker.html,confirmed,agree,audit
https://www.draftguru.com.au/players/darcy_wilmot/1,accepted,,players/D/Darcy_Wilmot.html,players/D/Darcy_Wilmot.html,unchanged,,
https://www.draftguru.com.au/players/darcy_wilson/1,accepted,,players/D/Darcy_Wilson.html,players/D/Darcy_Wilson.html,unchanged,,
https://www.draftguru.com.au/players/darel_hart/1,accepted,,players/D/Darel_Hart.html,players/D/Darel_Hart.html,unchanged,,
https://www.draftguru.com.au/players/darragh_joyce/1,accepted,,players/D/Darragh_Joyce.html,players/D/Darragh_Joyce.html,unchanged,,
https://www.draftguru.com.au/players/darrean_wyatt/1,withheld,U-no-href,,,unchanged,,
https://www.draftguru.com.au/players/darren_bartsch/1,withheld,U-no-href,,,unchanged,,
https://www.draftguru.com.au/players/darren_baxter/1,accepted,,players/D/Darren_Baxter.html,players/D/Darren_Baxter.html,confirmed,agree,audit
https://www.draftguru.com.au/players/darren_bennett/1,accepted,,players/D/Darren_Bennett.html,players/D/Darren_Bennett.html,unchanged,,
https://www.draftguru.com.au/players/darren_bolton/1,accepted,,players/D/Darren_Bolton.html,players/D/Darren_Bolton.html,unchanged,,
https://www.draftguru.com.au/players/darren_bourke/1,accepted,,players/D/Darren_Bourke.html,players/D/Darren_Bourke.html,unchanged,,
https://www.draftguru.com.au/players/darren_bradshaw/1,accepted,,players/D/Darren_Bradshaw.html,players/D/Darren_Bradshaw.html,unchanged,,
https://www.draftguru.com.au/players/darren_burton/1,withheld,U-no-href,,,unchanged,,
https://www.draftguru.com.au/players/darren_capewell/1,withheld,U-no-href,,,unchanged,,
https://www.draftguru.com.au/players/darren_collins/1,accepted,,players/D/Darren_Collins.html,players/D/Darren_Collins.html,unchanged,,
https://www.draftguru.com.au/players/darren_collins/2,withheld,U-no-href,,,unchanged,,
https://www.draftguru.com.au/players/darren_davies/1,accepted,,players/D/Darren_Davies.html,players/D/Darren_Davies.html,unchanged,,
https://www.draftguru.com.au/players/darren_denneman/1,accepted,,players/D/Darren_Denneman.html,players/D/Darren_Denneman.html,unchanged,,
https://www.draftguru.com.au/players/darren_enever/1,withheld,U-no-href,,,unchanged,,
https://www.draftguru.com.au/players/darren_flanigan/1,accepted,,players/D/Darren_Flanigan.html,players/D/Darren_Flanigan.html,unchanged,,
https://www.draftguru.com.au/players/darren_fraser/1,withheld,U-no-href,,,unchanged,,
https://www.draftguru.com.au/players/darren_gaspar/1,accepted,,players/D/Darren_Gaspar.html,players/D/Darren_Gaspar.html,unchanged,,
https://www.draftguru.com.au/players/darren_glass/1,accepted,,players/D/Darren_Glass.html,players/D/Darren_Glass.html,unchanged,,
https://www.draftguru.com.au/players/darren_holmes/1,accepted,,players/D/Darren_Holmes.html,players/D/Darren_Holmes.html,unchanged,,
https://www.draftguru.com.au/players/darren_hulme/1,accepted,,players/D/Darren_Hulme.html,players/D/Darren_Hulme.html,unchanged,,
https://www.draftguru.com.au/players/darren_jarman/1,accepted,,players/D/Darren_Jarman.html,players/D/Darren_Jarman.html,unchanged,,
https://www.draftguru.com.au/players/darren_jolly/1,accepted,,players/D/Darren_Jolly.html,players/D/Darren_Jolly.html,unchanged,,
https://www.draftguru.com.au/players/darren_jones/1,withheld,U-no-href,,,unchanged,,
https://www.draftguru.com.au/players/darren_kappler/1,accepted,,players/D/Darren_Kappler.html,players/D/Darren_Kappler.html,unchanged,,
https://www.draftguru.com.au/players/darren_king/1,withheld,U-no-href,,,unchanged,,
https://www.draftguru.com.au/players/darren_kowal/1,accepted,,players/D/Darren_Kowal.html,players/D/Darren_Kowal.html,unchanged,,
https://www.draftguru.com.au/players/darren_mansell/1,withheld,U-no-href,,,unchanged,,
https://www.draftguru.com.au/players/darren_mead/1,accepted,,players/D/Darren_Mead.html,players/D/Darren_Mead.html,unchanged,,
https://www.draftguru.com.au/players/darren_milburn/1,accepted,,players/D/Darren_Milburn.html,players/D/Darren_Milburn.html,unchanged,,
https://www.draftguru.com.au/players/darren_minchington/1,accepted,,players/D/Darren_Minchington.html,players/D/Darren_Minchington.html,unchanged,,
https://www.draftguru.com.au/players/darren_morgan/1,accepted,,players/D/Darren_Morgan.html,players/D/Darren_Morgan.html,confirmed,same_person_valid_relisting,relisting
https://www.draftguru.com.au/players/darren_newlan/1,withheld,U-no-href,,,unchanged,,
https://www.draftguru.com.au/players/darren_o'brien/1,accepted,,players/D/Darren_OBrien.html,players/D/Darren_OBrien.html,unchanged,,
https://www.draftguru.com.au/players/darren_ogier/1,accepted,,players/D/Darren_Ogier.html,players/D/Darren_Ogier.html,unchanged,,
https://www.draftguru.com.au/players/darren_pfeiffer/1,accepted,,players/D/Darren_Pfeiffer.html,players/D/Darren_Pfeiffer.html,unchanged,,
https://www.draftguru.com.au/players/darren_read/1,withheld,U-no-href,,,unchanged,,
https://www.draftguru.com.au/players/darren_rumble/1,withheld,U-no-href,,,unchanged,,
https://www.draftguru.com.au/players/darren_savickas/1,withheld,U-no-href,,,unchanged,,
https://www.draftguru.com.au/players/darren_smith/1,accepted,,players/D/Darren_Smith.html,players/D/Darren_Smith.html,unchanged,,
https://www.draftguru.com.au/players/darren_steele/1,accepted,,players/D/Darren_Steele.html,players/D/Darren_Steele.html,unchanged,,
https://www.draftguru.com.au/players/darren_tarczon/1,accepted,,players/D/Darren_Tarczon.html,players/D/Darren_Tarczon.html,unchanged,,
https://www.draftguru.com.au/players/darren_walsh/1,withheld,U-no-href,,,unchanged,,
https://www.draftguru.com.au/players/darren_walsh/2,accepted,,players/D/Darren_Walsh.html,players/D/Darren_Walsh.html,unchanged,,
https://www.draftguru.com.au/players/darren_wheildon/1,accepted,,players/D/Darren_Wheildon.html,players/D/Darren_Wheildon.html,unchanged,,
https://www.draftguru.com.au/players/darren_williams/1,accepted,,players/D/Darren_Williams.html,players/D/Darren_Williams.html,confirmed,same_person_valid_relisting,relisting
https://www.draftguru.com.au/players/darrin_pritchard/1,accepted,,players/D/Darrin_Pritchard.html,players/D/Darrin_Pritchard.html,unchanged,,
https://www.draftguru.com.au/players/darron_wilkinson/1,accepted,,players/D/Darron_Wilkinson.html,players/D/Darron_Wilkinson.html,unchanged,,
https://www.draftguru.com.au/players/darryl_donald/1,withheld,U-no-href,,,unchanged,,
https://www.draftguru.com.au/players/darryl_mcdowell-white/1,withheld,U-no-href,,,unchanged,,
https://www.draftguru.com.au/players/darryl_poole/1,accepted,,players/D/Darryl_Poole.html,players/D/Darryl_Poole.html,unchanged,,
https://www.draftguru.com.au/players/darryl_wakelin/1,accepted,,players/D/Darryl_Wakelin.html,players/D/Darryl_Wakelin.html,unchanged,,
https://www.draftguru.com.au/players/darryl_white/1,accepted,,players/D/Darryl_White.html,players/D/Darryl_White.html,unchanged,,
https://www.draftguru.com.au/players/darryl_wintle/1,accepted,,players/D/Darryl_Wintle.html,players/D/Darryl_Wintle.html,unchanged,,
https://www.draftguru.com.au/players/daryl_argus/1,withheld,U-no-href,,,unchanged,,
https://www.draftguru.com.au/players/daryl_griffin/1,accepted,,players/D/Daryl_Griffin.html,players/D/Daryl_Griffin.html,unchanged,,
https://www.draftguru.com.au/players/daryl_griffiths/2,withheld,U-no-href,,,unchanged,,
https://www.draftguru.com.au/players/daryl_groves/1,withheld,U-no-href,,,unchanged,,
https://www.draftguru.com.au/players/daryn_cresswell/1,accepted,,players/D/Daryn_Cresswell.html,players/D/Daryn_Cresswell.html,unchanged,,
https://www.draftguru.com.au/players/david_antonowicz/1,accepted,,players/D/David_Antonowicz.html,players/D/David_Antonowicz.html,unchanged,,
https://www.draftguru.com.au/players/david_armitage/1,accepted,,players/D/David_Armitage.html,players/D/David_Armitage.html,unchanged,,
https://www.draftguru.com.au/players/david_astbury/1,accepted,,players/D/David_Astbury.html,players/D/David_Astbury.html,unchanged,,
https://www.draftguru.com.au/players/david_bain/1,accepted,,players/D/David_Bain.html,players/D/David_Bain.html,unchanged,,
https://www.draftguru.com.au/players/david_bourke/1,accepted,,players/D/David_Bourke.html,players/D/David_Bourke.html,unchanged,,
https://www.draftguru.com.au/players/david_brown/3,accepted,,players/D/David_Brown0.html,players/D/David_Brown0.html,unchanged,,
https://www.draftguru.com.au/players/david_calthorpe/1,accepted,,players/D/David_Calthorpe.html,players/D/David_Calthorpe.html,unchanged,,
https://www.draftguru.com.au/players/david_cameron/1,accepted,,players/D/David_Cameron.html,players/D/David_Cameron.html,unchanged,,
https://www.draftguru.com.au/players/david_clarke/2,accepted,,players/D/David_Clarke1.html,players/D/David_Clarke1.html,unchanged,,
https://www.draftguru.com.au/players/david_cloke/1,accepted,,players/D/David_Cloke.html,players/D/David_Cloke.html,unchanged,,
https://www.draftguru.com.au/players/david_cockatoo-collins/1,accepted,,players/D/David_Cockatoo-Collins.html,players/D/David_Cockatoo-Collins.html,unchanged,,
https://www.draftguru.com.au/players/david_cuningham/1,accepted,,players/D/David_Cuningham.html,players/D/David_Cuningham.html,unchanged,,
https://www.draftguru.com.au/players/david_dighton/1,withheld,U-no-href,,,unchanged,,
https://www.draftguru.com.au/players/david_donato/1,accepted,,players/D/David_Donato.html,players/D/David_Donato.html,unchanged,,
https://www.draftguru.com.au/players/david_ellard/1,accepted,,players/D/David_Ellard.html,players/D/David_Ellard.html,unchanged,,
https://www.draftguru.com.au/players/david_fanning/1,accepted,,players/D/David_Fanning.html,players/D/David_Fanning.html,unchanged,,
https://www.draftguru.com.au/players/david_gallagher/1,accepted,,players/D/David_Gallagher.html,players/D/David_Gallagher.html,unchanged,,
https://www.draftguru.com.au/players/david_giles/1,withheld,U-no-href,,,unchanged,,
https://www.draftguru.com.au/players/david_gourdis/1,accepted,,players/D/David_Gourdis.html,players/D/David_Gourdis.html,unchanged,,
https://www.draftguru.com.au/players/david_grant/1,accepted,,players/D/David_Grant.html,players/D/David_Grant.html,unchanged,,
https://www.draftguru.com.au/players/david_greenhill/1,withheld,U-no-href,,,unchanged,,
https://www.draftguru.com.au/players/david_grenvold/1,accepted,,players/D/David_Grenvold.html,players/D/David_Grenvold.html,unchanged,,
https://www.draftguru.com.au/players/david_griffin/1,withheld,U-no-href,,,unchanged,,
https://www.draftguru.com.au/players/david_hale/1,accepted,,players/D/David_Hale.html,players/D/David_Hale.html,unchanged,,
https://www.draftguru.com.au/players/david_haynes/1,accepted,,players/D/David_Haynes.html,players/D/David_Haynes.html,unchanged,,
https://www.draftguru.com.au/players/david_hille/1,accepted,,players/D/David_Hille.html,players/D/David_Hille.html,unchanged,,
https://www.draftguru.com.au/players/david_hynes/1,accepted,,players/D/David_Hynes.html,players/D/David_Hynes.html,unchanged,,
https://www.draftguru.com.au/players/david_innella/1,withheld,U-no-href,,,unchanged,,
https://www.draftguru.com.au/players/david_johnson/1,accepted,,players/D/David_Johnson.html,players/D/David_Johnson.html,unchanged,,
https://www.draftguru.com.au/players/david_johnston/1,accepted,,players/D/David_Johnston.html,players/D/David_Johnston.html,unchanged,,
https://www.draftguru.com.au/players/david_kernahan/1,accepted,,players/D/David_Kernahan.html,players/D/David_Kernahan.html,unchanged,,
https://www.draftguru.com.au/players/david_king/1,accepted,,players/D/David_King0.html,players/D/David_King0.html,unchanged,,
https://www.draftguru.com.au/players/david_king/2,accepted,,players/D/David_King1.html,players/D/David_King1.html,unchanged,,
https://www.draftguru.com.au/players/david_kupsch/1,withheld,U-no-href,,,unchanged,,
https://www.draftguru.com.au/players/david_le%20pavoux/1,withheld,U-no-href,,,unchanged,,
https://www.draftguru.com.au/players/david_loats/1,accepted,,players/D/David_Loats.html,players/D/David_Loats.html,unchanged,,
https://www.draftguru.com.au/players/david_mackay/1,accepted,,players/D/David_Mackay.html,players/D/David_Mackay.html,unchanged,,
https://www.draftguru.com.au/players/david_mapleston/1,withheld,U-no-href,,,unchanged,,
https://www.draftguru.com.au/players/david_marshall/1,accepted,,players/D/David_Marshall.html,players/D/David_Marshall.html,unchanged,,
https://www.draftguru.com.au/players/david_mcewan/1,withheld,U-no-href,,,unchanged,,
https://www.draftguru.com.au/players/david_mcmurray/1,withheld,U-no-href,,,unchanged,,
https://www.draftguru.com.au/players/david_mirra/1,accepted,,players/D/David_Mirra.html,players/D/David_Mirra.html,unchanged,,
https://www.draftguru.com.au/players/david_morrison/1,withheld,U-no-href,,,unchanged,,
https://www.draftguru.com.au/players/david_muir/1,accepted,,players/D/David_Muir.html,players/D/David_Muir.html,unchanged,,
https://www.draftguru.com.au/players/david_mundy/1,accepted,,players/D/David_Mundy.html,players/D/David_Mundy.html,unchanged,,
https://www.draftguru.com.au/players/david_myers/1,accepted,,players/D/David_Myers.html,players/D/David_Myers.html,unchanged,,
https://www.draftguru.com.au/players/david_nicholson/1,withheld,U-no-href,,,unchanged,,
https://www.draftguru.com.au/players/david_niemann/1,withheld,U-no-href,,,unchanged,,
https://www.draftguru.com.au/players/david_noble/1,accepted,,players/D/David_Noble.html,players/D/David_Noble.html,unchanged,,
https://www.draftguru.com.au/players/david_o'connell/1,accepted,,players/D/David_OConnell.html,players/D/David_OConnell.html,unchanged,,
https://www.draftguru.com.au/players/david_ogg/1,accepted,,players/D/David_Ogg.html,players/D/David_Ogg.html,confirmed,agree,audit
https://www.draftguru.com.au/players/david_palm/1,accepted,,players/D/David_Palm.html,players/D/David_Palm.html,unchanged,,
https://www.draftguru.com.au/players/david_pittman/1,accepted,,players/D/David_Pittman.html,players/D/David_Pittman.html,unchanged,,
https://www.draftguru.com.au/players/david_preston/1,withheld,U-no-href,,,unchanged,,
https://www.draftguru.com.au/players/david_querzoli/1,withheld,U-no-href,,,unchanged,,
https://www.draftguru.com.au/players/david_regan/1,withheld,U-no-href,,,unchanged,,
https://www.draftguru.com.au/players/david_robbins/1,withheld,U-no-href,,,unchanged,,
https://www.draftguru.com.au/players/david_robertson/1,accepted,,players/D/David_Robertson.html,players/D/David_Robertson.html,unchanged,,
https://www.draftguru.com.au/players/david_rodan/1,accepted,,players/D/David_Rodan.html,players/D/David_Rodan.html,unchanged,,
https://www.draftguru.com.au/players/david_ross/1,withheld,U-no-href,,,unchanged,,
https://www.draftguru.com.au/players/david_round/1,accepted,,players/D/David_Round.html,players/D/David_Round.html,unchanged,,
https://www.draftguru.com.au/players/david_ryan/1,withheld,U-no-href,,,unchanged,,
https://www.draftguru.com.au/players/david_sheahan/1,withheld,U-no-href,,,unchanged,,
https://www.draftguru.com.au/players/david_sierakowski/1,accepted,,players/D/David_Sierakowski.html,players/D/David_Sierakowski.html,unchanged,,
https://www.draftguru.com.au/players/david_spriggs/1,accepted,,players/D/David_Spriggs.html,players/D/David_Spriggs.html,unchanged,,
https://www.draftguru.com.au/players/david_strooper/1,accepted,,players/D/David_Strooper.html,players/D/David_Strooper.html,unchanged,,
https://www.draftguru.com.au/players/david_sullivan/1,withheld,different_person_wrong_href,,players/D/David_Sullivan.html,removed_withheld,different_person_wrong_href,relisting
https://www.draftguru.com.au/players/david_swallow/1,accepted,,players/D/David_Swallow.html,players/D/David_Swallow.html,unchanged,,
https://www.draftguru.com.au/players/david_teague/1,accepted,,players/D/David_Teague.html,players/D/David_Teague.html,unchanged,,
https://www.draftguru.com.au/players/david_tiller/1,withheld,U-no-href,,,unchanged,,
https://www.draftguru.com.au/players/david_trotter/1,accepted,,players/D/David_Trotter.html,players/D/David_Trotter.html,unchanged,,
https://www.draftguru.com.au/players/david_ugrinic/1,withheld,U-no-href,,,unchanged,,
https://www.draftguru.com.au/players/david_walls/1,withheld,U-no-href,,,unchanged,,
https://www.draftguru.com.au/players/david_wearne/1,accepted,,players/D/David_Wearne.html,players/D/David_Wearne.html,unchanged,,
https://www.draftguru.com.au/players/david_welsby/1,accepted,,players/D/David_Welsby.html,players/D/David_Welsby.html,unchanged,,
https://www.draftguru.com.au/players/david_williams/1,accepted,,players/D/David_Williams.html,players/D/David_Williams.html,confirmed,same_person_valid_relisting,relisting
https://www.draftguru.com.au/players/david_wirrpanda/1,accepted,,players/D/David_Wirrpanda.html,players/D/David_Wirrpanda.html,unchanged,,
https://www.draftguru.com.au/players/david_wittey/1,accepted,,players/D/David_Wittey.html,players/D/David_Wittey.html,unchanged,,
https://www.draftguru.com.au/players/david_wojcinski/1,accepted,,players/D/David_Wojcinski.html,players/D/David_Wojcinski.html,unchanged,,
https://www.draftguru.com.au/players/david_zaharakis/1,accepted,,players/D/David_Zaharakis.html,players/D/David_Zaharakis.html,unchanged,,
https://www.draftguru.com.au/players/dawson_simpson/1,accepted,,players/D/Dawson_Simpson.html,players/D/Dawson_Simpson.html,unchanged,,
https://www.draftguru.com.au/players/dayle_garlett/1,withheld,U-no-href,,,unchanged,,
https://www.draftguru.com.au/players/dayne_beams/1,accepted,,players/D/Dayne_Beams.html,players/D/Dayne_Beams.html,unchanged,,
https://www.draftguru.com.au/players/dayne_zorko/1,accepted,,players/D/Dayne_Zorko.html,players/D/Dayne_Zorko.html,unchanged,,
https://www.draftguru.com.au/players/deakyn_smith/1,withheld,U-no-href,,,unchanged,,
https://www.draftguru.com.au/players/dean_adams/1,withheld,U-no-href,,,unchanged,,
https://www.draftguru.com.au/players/dean_anderson/1,accepted,,players/D/Dean_Anderson.html,players/D/Dean_Anderson.html,unchanged,,
https://www.draftguru.com.au/players/dean_barwick/1,withheld,U-no-href,,,unchanged,,
https://www.draftguru.com.au/players/dean_benson/1,withheld,U-no-href,,,unchanged,,
https://www.draftguru.com.au/players/dean_brogan/1,accepted,,players/D/Dean_Brogan.html,players/D/Dean_Brogan.html,unchanged,,
https://www.draftguru.com.au/players/dean_buszan/1,withheld,U-no-href,,,unchanged,,
https://www.draftguru.com.au/players/dean_cox/1,accepted,,players/D/Dean_Cox.html,players/D/Dean_Cox.html,unchanged,,
https://www.draftguru.com.au/players/dean_dick/1,withheld,U-no-href,,,unchanged,,
https://www.draftguru.com.au/players/dean_gore/1,withheld,U-no-href,,,unchanged,,
https://www.draftguru.com.au/players/dean_grainger/1,withheld,U-no-href,,,unchanged,,
https://www.draftguru.com.au/players/dean_greig/1,accepted,,players/D/Dean_Greig.html,players/D/Dean_Greig.html,unchanged,,
https://www.draftguru.com.au/players/dean_harding/1,accepted,,players/D/Dean_Harding.html,players/D/Dean_Harding.html,unchanged,,
https://www.draftguru.com.au/players/dean_helmers/1,withheld,U-no-href,,,unchanged,,
https://www.draftguru.com.au/players/dean_howard/1,accepted,,players/D/Dean_Howard.html,players/D/Dean_Howard.html,unchanged,,
https://www.draftguru.com.au/players/dean_irving/1,accepted,,players/D/Dean_Irving.html,players/D/Dean_Irving.html,unchanged,,
https://www.draftguru.com.au/players/dean_kemp/1,accepted,,players/D/Dean_Kemp.html,players/D/Dean_Kemp.html,unchanged,,
https://www.draftguru.com.au/players/dean_kent/1,accepted,,players/D/Dean_Kent.html,players/D/Dean_Kent.html,unchanged,,
https://www.draftguru.com.au/players/dean_laidley/1,accepted,,players/D/Dean_Laidley.html,players/D/Dean_Laidley.html,unchanged,,
https://www.draftguru.com.au/players/dean_limbach/1,withheld,U-no-href,,,unchanged,,
https://www.draftguru.com.au/players/dean_lupson/1,accepted,,players/D/Dean_Lupson.html,players/D/Dean_Lupson.html,unchanged,,
https://www.draftguru.com.au/players/dean_macdonald/1,withheld,U-no-href,,,unchanged,,
https://www.draftguru.com.au/players/dean_matthews/1,accepted,,players/D/Dean_Matthews.html,players/D/Dean_Matthews.html,unchanged,,
https://www.draftguru.com.au/players/dean_mcrae/1,accepted,,players/D/Dean_McRae.html,players/D/Dean_McRae.html,unchanged,,
https://www.draftguru.com.au/players/dean_polo/1,accepted,,players/D/Dean_Polo.html,players/D/Dean_Polo.html,unchanged,,
https://www.draftguru.com.au/players/dean_putt/1,withheld,U-no-href,,,unchanged,,
https://www.draftguru.com.au/players/dean_rice/1,accepted,,players/D/Dean_Rice.html,players/D/Dean_Rice.html,unchanged,,
https://www.draftguru.com.au/players/dean_rioli/1,accepted,,players/D/Dean_Rioli.html,players/D/Dean_Rioli.html,unchanged,,
https://www.draftguru.com.au/players/dean_smith/1,withheld,U-no-href,,,unchanged,,
https://www.draftguru.com.au/players/dean_solomon/1,accepted,,players/D/Dean_Solomon.html,players/D/Dean_Solomon.html,unchanged,,
https://www.draftguru.com.au/players/dean_strauch/1,accepted,,players/D/Dean_Strauch.html,players/D/Dean_Strauch.html,confirmed,same_person_valid_relisting,relisting
https://www.draftguru.com.au/players/dean_talbot/1,withheld,U-no-href,,,unchanged,,
https://www.draftguru.com.au/players/dean_terlich/1,accepted,,players/D/Dean_Terlich.html,players/D/Dean_Terlich.html,unchanged,,
https://www.draftguru.com.au/players/dean_towers/1,accepted,,players/D/Dean_Towers.html,players/D/Dean_Towers.html,unchanged,,
https://www.draftguru.com.au/players/dean_turner/1,accepted,,players/D/Dean_Turner.html,players/D/Dean_Turner.html,confirmed,agree,audit
https://www.draftguru.com.au/players/declan_hamilton/1,withheld,U-no-href,,,unchanged,,
https://www.draftguru.com.au/players/declan_keilty/1,accepted,,players/D/Declan_Keilty.html,players/D/Declan_Keilty.html,unchanged,,
https://www.draftguru.com.au/players/declan_mountford/1,accepted,,players/D/Declan_Mountford.html,players/D/Declan_Mountford.html,unchanged,,
https://www.draftguru.com.au/players/declan_o'mahoney/1,withheld,U-no-href,,,unchanged,,
https://www.draftguru.com.au/players/declan_reilly/1,withheld,U-no-href,,,unchanged,,
https://www.draftguru.com.au/players/declan_watson/1,withheld,U-no-href,,,unchanged,,
https://www.draftguru.com.au/players/deividas_uosis/1,withheld,U-no-href,,,unchanged,,
https://www.draftguru.com.au/players/denis_ryan/2,withheld,U-no-href,,,unchanged,,
https://www.draftguru.com.au/players/dennis_armfield/1,accepted,,players/D/Dennis_Armfield.html,players/D/Dennis_Armfield.html,unchanged,,
https://www.draftguru.com.au/players/dennis_repacholi/1,withheld,U-no-href,,,unchanged,,
https://www.draftguru.com.au/players/denver_grainger-barras/1,accepted,,players/D/Denver_Grainger-Barras.html,players/D/Denver_Grainger-Barras.html,unchanged,,
https://www.draftguru.com.au/players/derek_coghlan/1,withheld,U-no-href,,,unchanged,,
https://www.draftguru.com.au/players/derek_eggmolesse-smith/1,accepted,,players/D/Derek_Eggmolesse-Smith.html,players/D/Derek_Eggmolesse-Smith.html,unchanged,,
https://www.draftguru.com.au/players/derek_hall/1,accepted,,players/D/Derek_Hall.html,players/D/Derek_Hall.html,unchanged,,
https://www.draftguru.com.au/players/derek_kickett/1,accepted,,players/D/Derek_Kickett.html,players/D/Derek_Kickett.html,unchanged,,
https://www.draftguru.com.au/players/derek_murray/1,accepted,,players/D/Derek_Murray.html,players/D/Derek_Murray.html,unchanged,,
https://www.draftguru.com.au/players/derek_percival/1,withheld,U-no-href,,,unchanged,,
https://www.draftguru.com.au/players/derek_wirth/1,accepted,,players/D/Derek_Wirth.html,players/D/Derek_Wirth.html,unchanged,,
https://www.draftguru.com.au/players/derick_wanganeen/1,accepted,,players/D/Derick_Wanganeen.html,players/D/Derick_Wanganeen.html,unchanged,,
https://www.draftguru.com.au/players/dermot_mcnicholl/1,accepted,,players/D/Dermot_McNicholl.html,players/D/Dermot_McNicholl.html,unchanged,,
https://www.draftguru.com.au/players/dermott_brereton/1,accepted,,players/D/Dermott_Brereton.html,players/D/Dermott_Brereton.html,unchanged,,
https://www.draftguru.com.au/players/des_headland/1,accepted,,players/D/Des_Headland.html,players/D/Des_Headland.html,unchanged,,
https://www.draftguru.com.au/players/deven_robertson/1,accepted,,players/D/Deven_Robertson.html,players/D/Deven_Robertson.html,unchanged,,
https://www.draftguru.com.au/players/devon_smith/1,accepted,,players/D/Devon_Smith.html,players/D/Devon_Smith.html,unchanged,,
https://www.draftguru.com.au/players/digby_morrell/1,accepted,,players/D/Digby_Morrell.html,players/D/Digby_Morrell.html,unchanged,,
https://www.draftguru.com.au/players/dillon_o'reilly/1,withheld,U-no-href,,,unchanged,,
https://www.draftguru.com.au/players/dillon_viojo-rainbow/1,withheld,U-no-href,,,unchanged,,
https://www.draftguru.com.au/players/dion_johnstone/1,withheld,U-no-href,,,unchanged,,
https://www.draftguru.com.au/players/dion_miles/1,accepted,,players/D/Dion_Miles.html,players/D/Dion_Miles.html,unchanged,,
https://www.draftguru.com.au/players/dion_myles/1,accepted,,players/D/Dion_Myles.html,players/D/Dion_Myles.html,unchanged,,
https://www.draftguru.com.au/players/dion_prestia/1,accepted,,players/D/Dion_Prestia.html,players/D/Dion_Prestia.html,unchanged,,
https://www.draftguru.com.au/players/dion_rhook/1,withheld,U-no-href,,,unchanged,,
https://www.draftguru.com.au/players/dion_scott/1,accepted,,players/D/Dion_Scott.html,players/D/Dion_Scott.html,unchanged,,
https://www.draftguru.com.au/players/dion_sheehan/1,withheld,U-no-href,,,unchanged,,
https://www.draftguru.com.au/players/dion_woods/1,accepted,,players/D/Dion_Woods.html,players/D/Dion_Woods.html,unchanged,,
https://www.draftguru.com.au/players/djaran_whyman/1,accepted,,players/D/Djaran_Whyman.html,players/D/Djaran_Whyman.html,unchanged,,
https://www.draftguru.com.au/players/dom_barry/1,accepted,,players/D/Dom_Barry.html,players/D/Dom_Barry.html,unchanged,,
https://www.draftguru.com.au/players/dom_sheed/1,accepted,,players/D/Dom_Sheed.html,players/D/Dom_Sheed.html,unchanged,,
https://www.draftguru.com.au/players/dom_tyson/1,accepted,,players/D/Dom_Tyson.html,players/D/Dom_Tyson.html,unchanged,,
https://www.draftguru.com.au/players/domanic_akuei/1,withheld,U-no-href,,,unchanged,,
https://www.draftguru.com.au/players/domenic_cassisi/1,accepted,,players/D/Domenic_Cassisi.html,players/D/Domenic_Cassisi.html,unchanged,,
https://www.draftguru.com.au/players/dominic_bedendo/1,accepted,,players/D/Dominic_Bedendo.html,players/D/Dominic_Bedendo.html,unchanged,,
https://www.draftguru.com.au/players/dominic_fotia/1,accepted,,players/D/Dominic_Fotia.html,players/D/Dominic_Fotia.html,unchanged,,
https://www.draftguru.com.au/players/don_cockatoo-collins/1,accepted,,players/D/Don_Cockatoo-Collins.html,players/D/Don_Cockatoo-Collins.html,unchanged,,
https://www.draftguru.com.au/players/don_pyke/1,accepted,,players/D/Don_Pyke.html,players/D/Don_Pyke.html,unchanged,,
https://www.draftguru.com.au/players/don_webb/1,withheld,U-no-href,,,unchanged,,
https://www.draftguru.com.au/players/donald_dickie/1,accepted,,players/D/Donald_Dickie.html,players/D/Donald_Dickie.html,unchanged,,
https://www.draftguru.com.au/players/donald_thompson/1,withheld,U-no-href,,,unchanged,,
https://www.draftguru.com.au/players/doug_bailey/1,accepted,,players/D/Doug_Bailey.html,players/D/Doug_Bailey.html,unchanged,,
https://www.draftguru.com.au/players/doug_hawkins/1,accepted,,players/D/Doug_Hawkins.html,players/D/Doug_Hawkins.html,unchanged,,
https://www.draftguru.com.au/players/doug_headland/1,withheld,U-no-href,,,unchanged,,
https://www.draftguru.com.au/players/doug_scott/1,withheld,U-no-href,,,unchanged,,
https://www.draftguru.com.au/players/doug_smart/1,withheld,U-no-href,,,unchanged,,
https://www.draftguru.com.au/players/dougal_howard/1,accepted,,players/D/Dougal_Howard.html,players/D/Dougal_Howard.html,unchanged,,
https://www.draftguru.com.au/players/doulton_langlands/1,accepted,,players/D/Doulton_Langlands.html,players/D/Doulton_Langlands.html,unchanged,,
https://www.draftguru.com.au/players/drew_banfield/1,accepted,,players/D/Drew_Banfield.html,players/D/Drew_Banfield.html,unchanged,,
https://www.draftguru.com.au/players/drew_petrie/1,accepted,,players/D/Drew_Petrie.html,players/D/Drew_Petrie.html,unchanged,,
https://www.draftguru.com.au/players/duncan_o'toole/1,withheld,U-no-href,,,unchanged,,
https://www.draftguru.com.au/players/durak_tucker/1,withheld,U-no-href,,,unchanged,,
https://www.draftguru.com.au/players/dustin_fletcher/1,accepted,,players/D/Dustin_Fletcher.html,players/D/Dustin_Fletcher.html,unchanged,,
https://www.draftguru.com.au/players/dustin_martin/1,accepted,,players/D/Dustin_Martin.html,players/D/Dustin_Martin.html,unchanged,,
https://www.draftguru.com.au/players/dwaine_kretschmer/1,withheld,U-no-href,,,unchanged,,
https://www.draftguru.com.au/players/dwayne_griffin/1,accepted,,players/D/Dwayne_Griffin.html,players/D/Dwayne_Griffin.html,unchanged,,
https://www.draftguru.com.au/players/dwayne_simpson/1,accepted,,players/D/Dwayne_Simpson.html,players/D/Dwayne_Simpson.html,unchanged,,
https://www.draftguru.com.au/players/dylan_addison/1,accepted,,players/D/Dylan_Addison.html,players/D/Dylan_Addison.html,unchanged,,
https://www.draftguru.com.au/players/dylan_buckley/1,accepted,,players/D/Dylan_Buckley.html,players/D/Dylan_Buckley.html,unchanged,,
https://www.draftguru.com.au/players/dylan_clarke/1,accepted,,players/D/Dylan_Clarke.html,players/D/Dylan_Clarke.html,unchanged,,
https://www.draftguru.com.au/players/dylan_flavell/1,withheld,U-no-href,,,unchanged,,
https://www.draftguru.com.au/players/dylan_grimes/1,accepted,,players/D/Dylan_Grimes.html,players/D/Dylan_Grimes.html,unchanged,,
https://www.draftguru.com.au/players/dylan_main/1,withheld,U-no-href,,,unchanged,,
https://www.draftguru.com.au/players/dylan_mclaren/1,accepted,,players/D/Dylan_McLaren.html,players/D/Dylan_McLaren.html,unchanged,,
https://www.draftguru.com.au/players/dylan_mcneil/1,withheld,U-no-href,,,unchanged,,
https://www.draftguru.com.au/players/dylan_moore/1,accepted,,players/D/Dylan_Moore.html,players/D/Dylan_Moore.html,unchanged,,
https://www.draftguru.com.au/players/dylan_orval/1,withheld,U-no-href,,,unchanged,,
https://www.draftguru.com.au/players/dylan_patterson/1,accepted,,players/D/Dylan_Patterson.html,players/D/Dylan_Patterson.html,unchanged,,
https://www.draftguru.com.au/players/dylan_pfitzner/1,withheld,U-no-href,,,unchanged,,
https://www.draftguru.com.au/players/dylan_roberton/1,accepted,,players/D/Dylan_Roberton.html,players/D/Dylan_Roberton.html,unchanged,,
https://www.draftguru.com.au/players/dylan_shiel/1,accepted,,players/D/Dylan_Shiel.html,players/D/Dylan_Shiel.html,unchanged,,
https://www.draftguru.com.au/players/dylan_smith/1,accepted,,players/D/Dylan_Smith.html,players/D/Dylan_Smith.html,unchanged,,
https://www.draftguru.com.au/players/dylan_stephens/1,accepted,,players/D/Dylan_Stephens.html,players/D/Dylan_Stephens.html,unchanged,,
https://www.draftguru.com.au/players/dylan_van%20unen/1,accepted,,players/D/Dylan_van_Unen.html,players/D/Dylan_van_Unen.html,unchanged,,
https://www.draftguru.com.au/players/dylan_williams/2,accepted,,players/D/Dylan_Williams.html,players/D/Dylan_Williams.html,unchanged,,
https://www.draftguru.com.au/players/dyson_heppell/1,accepted,,players/D/Dyson_Heppell.html,players/D/Dyson_Heppell.html,unchanged,,
https://www.draftguru.com.au/players/dyson_sharp/1,accepted,,players/D/Dyson_Sharp.html,players/D/Dyson_Sharp.html,unchanged,,
https://www.draftguru.com.au/players/eamonn_armstrong/1,withheld,U-no-href,,,unchanged,,
https://www.draftguru.com.au/players/earl_shaw/1,withheld,U-no-href,,,unchanged,,
https://www.draftguru.com.au/players/earl_spalding/1,accepted,,players/E/Earl_Spalding.html,players/E/Earl_Spalding.html,unchanged,,
https://www.draftguru.com.au/players/easton_wood/1,accepted,,players/E/Easton_Wood.html,players/E/Easton_Wood.html,unchanged,,
https://www.draftguru.com.au/players/ed_allan/1,accepted,,players/E/Edward_Allan.html,players/E/Edward_Allan.html,unchanged,,
https://www.draftguru.com.au/players/ed_barlow/1,accepted,,players/E/Ed_Barlow.html,players/E/Ed_Barlow.html,unchanged,,
https://www.draftguru.com.au/players/ed_clarke/1,withheld,U-no-href,,,unchanged,,
https://www.draftguru.com.au/players/ed_considine/1,accepted,,players/E/Ed_Considine.html,players/E/Ed_Considine.html,unchanged,,
https://www.draftguru.com.au/players/ed_curnow/1,accepted,,players/E/Ed_Curnow.html,players/E/Ed_Curnow.html,unchanged,,
https://www.draftguru.com.au/players/ed_langdon/1,accepted,,players/E/Ed_Langdon.html,players/E/Ed_Langdon.html,unchanged,,
https://www.draftguru.com.au/players/ed_lower/1,accepted,,players/E/Ed_Lower.html,players/E/Ed_Lower.html,unchanged,,
https://www.draftguru.com.au/players/ed_mcdonnell/1,withheld,U-no-href,,,unchanged,,
https://www.draftguru.com.au/players/ed_phillips/1,accepted,,players/E/Ed_Phillips.html,players/E/Ed_Phillips.html,unchanged,,
https://www.draftguru.com.au/players/ed_richards/1,accepted,,players/E/Ed_Richards.html,players/E/Ed_Richards.html,unchanged,,
https://www.draftguru.com.au/players/ed_vickers-willis/1,accepted,,players/E/Ed_Vickers-Willis.html,players/E/Ed_Vickers-Willis.html,unchanged,,
https://www.draftguru.com.au/players/eddie_betts/1,accepted,,players/E/Eddie_Betts.html,players/E/Eddie_Betts.html,unchanged,,
https://www.draftguru.com.au/players/eddie_ford/2,accepted,,players/E/Eddie_Ford1.html,players/E/Eddie_Ford1.html,unchanged,,
https://www.draftguru.com.au/players/eddie_hocking/1,accepted,,players/E/Eddie_Hocking.html,players/E/Eddie_Hocking.html,unchanged,,
https://www.draftguru.com.au/players/eddie_prato/1,withheld,U-no-href,,,unchanged,,
https://www.draftguru.com.au/players/eddie_sansbury/1,accepted,,players/E/Eddie_Sansbury.html,players/E/Eddie_Sansbury.html,unchanged,,
https://www.draftguru.com.au/players/eli_templeton/1,accepted,,players/E/Eli_Templeton.html,players/E/Eli_Templeton.html,unchanged,,
https://www.draftguru.com.au/players/elijah_hewett/1,accepted,,players/E/Elijah_Hewett.html,players/E/Elijah_Hewett.html,unchanged,,
https://www.draftguru.com.au/players/elijah_hollands/1,accepted,,players/E/Elijah_Hollands.html,players/E/Elijah_Hollands.html,unchanged,,
https://www.draftguru.com.au/players/elijah_taylor/1,accepted,,players/E/Elijah_Taylor.html,players/E/Elijah_Taylor.html,unchanged,,
https://www.draftguru.com.au/players/elijah_tsatas/1,accepted,,players/E/Elijah_Tsatas.html,players/E/Elijah_Tsatas.html,unchanged,,
https://www.draftguru.com.au/players/elijah_ware/1,accepted,,players/E/Elijah_Ware.html,players/E/Elijah_Ware.html,unchanged,,
https://www.draftguru.com.au/players/eljay_connors/1,withheld,U-no-href,,,unchanged,,
https://www.draftguru.com.au/players/elliot_himmelberg/1,accepted,,players/E/Elliott_Himmelberg.html,players/E/Elliott_Himmelberg.html,unchanged,,
https://www.draftguru.com.au/players/elliot_yeo/1,accepted,,players/E/Elliot_Yeo.html,players/E/Elliot_Yeo.html,unchanged,,
https://www.draftguru.com.au/players/elliott_kavanagh/1,accepted,,players/E/Elliott_Kavanagh.html,players/E/Elliott_Kavanagh.html,unchanged,,
https://www.draftguru.com.au/players/ely_smith/1,withheld,U-no-href,,,unchanged,,
https://www.draftguru.com.au/players/emerson_jeka/1,accepted,,players/E/Emerson_Jeka.html,players/E/Emerson_Jeka.html,unchanged,,
https://www.draftguru.com.au/players/emil_parthenides/1,withheld,U-no-href,,,unchanged,,
https://www.draftguru.com.au/players/emmanuel_irra/1,withheld,U-no-href,,,unchanged,,
https://www.draftguru.com.au/players/eric_benning/1,withheld,U-no-href,,,unchanged,,
https://www.draftguru.com.au/players/eric_hipwood/1,accepted,,players/E/Eric_Hipwood.html,players/E/Eric_Hipwood.html,unchanged,,
https://www.draftguru.com.au/players/eric_lissenden/1,accepted,,players/E/Eric_Lissenden.html,players/E/Eric_Lissenden.html,unchanged,,
https://www.draftguru.com.au/players/eric_mackenzie/1,accepted,,players/E/Eric_Mackenzie.html,players/E/Eric_Mackenzie.html,unchanged,,
https://www.draftguru.com.au/players/eric_wallace/1,withheld,U-no-href,,,unchanged,,
https://www.draftguru.com.au/players/ernie_hug/2,withheld,U-no-href,,,unchanged,,
https://www.draftguru.com.au/players/errol_gulden/1,accepted,,players/E/Errol_Gulden.html,players/E/Errol_Gulden.html,unchanged,,
https://www.draftguru.com.au/players/esava_ratugolea/1,accepted,,players/E/Esava_Ratugolea.html,players/E/Esava_Ratugolea.html,unchanged,,
https://www.draftguru.com.au/players/ethan_hughes/1,accepted,,players/E/Ethan_Hughes.html,players/E/Ethan_Hughes.html,unchanged,,
https://www.draftguru.com.au/players/ethan_phillips/1,accepted,,players/E/Ethan_Phillips.html,players/E/Ethan_Phillips.html,unchanged,,
https://www.draftguru.com.au/players/ethan_read/1,accepted,,players/E/Ethan_Read.html,players/E/Ethan_Read.html,unchanged,,
https://www.draftguru.com.au/players/ethan_stanley/1,accepted,,players/E/Ethan_Stanley.html,players/E/Ethan_Stanley.html,unchanged,,
https://www.draftguru.com.au/players/eugene_krueger/1,withheld,U-no-href,,,unchanged,,
https://www.draftguru.com.au/players/eugene_warrior/1,withheld,U-no-href,,,unchanged,,
https://www.draftguru.com.au/players/evan_hewitt/1,accepted,,players/E/Evan_Hewitt.html,players/E/Evan_Hewitt.html,unchanged,,
https://www.draftguru.com.au/players/ewan_mackinlay/1,accepted,,players/E/Ewan_Mackinlay.html,players/E/Ewan_Mackinlay.html,unchanged,,
https://www.draftguru.com.au/players/ewan_thompson/1,accepted,,players/E/Ewan_Thompson.html,players/E/Ewan_Thompson.html,unchanged,,
https://www.draftguru.com.au/players/ezra_bray/1,withheld,U-no-href,,,unchanged,,
https://www.draftguru.com.au/players/ezra_poyas/1,accepted,,players/E/Ezra_Poyas.html,players/E/Ezra_Poyas.html,unchanged,,
https://www.draftguru.com.au/players/fabian_deluca/1,accepted,,players/F/Fabian_Deluca.html,players/F/Fabian_Deluca.html,unchanged,,
https://www.draftguru.com.au/players/fabian_francis/1,accepted,,players/F/Fabian_Francis.html,players/F/Fabian_Francis.html,unchanged,,
https://www.draftguru.com.au/players/farren_ray/1,accepted,,players/F/Farren_Ray.html,players/F/Farren_Ray.html,unchanged,,
https://www.draftguru.com.au/players/fergus_greene/1,accepted,,players/F/Fergus_Greene.html,players/F/Fergus_Greene.html,unchanged,,
https://www.draftguru.com.au/players/fergus_watts/1,accepted,,players/F/Fergus_Watts.html,players/F/Fergus_Watts.html,unchanged,,
https://www.draftguru.com.au/players/finbar_o'dwyer/1,withheld,U-no-href,,,unchanged,,
https://www.draftguru.com.au/players/finlay_macrae/1,accepted,,players/F/Finlay_Macrae.html,players/F/Finlay_Macrae.html,unchanged,,
https://www.draftguru.com.au/players/finn_callaghan/1,accepted,,players/F/Finn_Callaghan.html,players/F/Finn_Callaghan.html,unchanged,,
https://www.draftguru.com.au/players/finn_maginness/1,accepted,,players/F/Finn_Maginness.html,players/F/Finn_Maginness.html,unchanged,,
https://www.draftguru.com.au/players/finn_o'sullivan/1,accepted,,players/F/Finn_OSullivan.html,players/F/Finn_OSullivan.html,unchanged,,
https://www.draftguru.com.au/players/finnbar_maley/1,accepted,,players/F/Finnbar_Maley.html,players/F/Finnbar_Maley.html,unchanged,,
https://www.draftguru.com.au/players/finnegan_davis/1,withheld,U-no-href,,,unchanged,,
https://www.draftguru.com.au/players/fionn_o'hara/1,withheld,U-no-href,,,unchanged,,
https://www.draftguru.com.au/players/fischer_mcasey/1,accepted,,players/F/Fischer_McAsey.html,players/F/Fischer_McAsey.html,unchanged,,
https://www.draftguru.com.au/players/fletcher_roberts/1,accepted,,players/F/Fletcher_Roberts.html,players/F/Fletcher_Roberts.html,unchanged,,
https://www.draftguru.com.au/players/flynn_appleby/1,accepted,,players/F/Flynn_Appleby.html,players/F/Flynn_Appleby.html,unchanged,,
https://www.draftguru.com.au/players/flynn_kroeger/1,withheld,U-no-href,,,unchanged,,
https://www.draftguru.com.au/players/flynn_perez/1,accepted,,players/F/Flynn_Perez.html,players/F/Flynn_Perez.html,unchanged,,
https://www.draftguru.com.au/players/flynn_riley/1,accepted,,players/F/Flynn_Riley.html,players/F/Flynn_Riley.html,unchanged,,
https://www.draftguru.com.au/players/flynn_young/1,accepted,,players/F/Flynn_Young.html,players/F/Flynn_Young.html,unchanged,,
https://www.draftguru.com.au/players/francis_evans/1,accepted,,players/F/Francis_Evans.html,players/F/Francis_Evans.html,unchanged,,
https://www.draftguru.com.au/players/francis_watson/1,accepted,,players/F/Francis_Watson.html,players/F/Francis_Watson.html,unchanged,,
https://www.draftguru.com.au/players/frankie_dimattina/1,withheld,U-no-href,,,unchanged,,
https://www.draftguru.com.au/players/frankie_raso/1,accepted,,players/F/Frankie_Raso.html,players/F/Frankie_Raso.html,unchanged,,
https://www.draftguru.com.au/players/fraser_gehrig/1,accepted,,players/F/Fraser_Gehrig.html,players/F/Fraser_Gehrig.html,unchanged,,
https://www.draftguru.com.au/players/fraser_mcinnes/1,accepted,,players/F/Fraser_McInnes.html,players/F/Fraser_McInnes.html,unchanged,,
https://www.draftguru.com.au/players/fraser_murphy/1,accepted,,players/F/Fraser_Murphy.html,players/F/Fraser_Murphy.html,unchanged,,
https://www.draftguru.com.au/players/fraser_phillips/1,withheld,U-no-href,,,unchanged,,
https://www.draftguru.com.au/players/fraser_rosman/1,withheld,U-no-href,,,unchanged,,
https://www.draftguru.com.au/players/fraser_russell/1,withheld,U-no-href,,,unchanged,,
https://www.draftguru.com.au/players/fraser_thurlow/1,withheld,U-no-href,,,unchanged,,
https://www.draftguru.com.au/players/fraser_turner/1,withheld,U-no-href,,,unchanged,,
https://www.draftguru.com.au/players/frazer_dale/1,accepted,,players/F/Frazer_Dale.html,players/F/Frazer_Dale.html,unchanged,,
https://www.draftguru.com.au/players/fred_campbell/1,accepted,,players/F/Fred_Campbell.html,players/F/Fred_Campbell.html,unchanged,,
https://www.draftguru.com.au/players/fred_rodriguez/1,withheld,U-no-href,,,unchanged,,
https://www.draftguru.com.au/players/gach_nyuon/1,withheld,U-no-href,,,unchanged,,
https://www.draftguru.com.au/players/gareth_john/1,accepted,,players/G/Gareth_John.html,players/G/Gareth_John.html,unchanged,,
https://www.draftguru.com.au/players/garrett_mcdonagh/1,withheld,U-no-href,,,unchanged,,
https://www.draftguru.com.au/players/garrick_ibbotson/1,accepted,,players/G/Garrick_Ibbotson.html,players/G/Garrick_Ibbotson.html,unchanged,,
https://www.draftguru.com.au/players/garry_gunn/1,withheld,U-no-href,,,unchanged,,
https://www.draftguru.com.au/players/garry_mcintosh/1,withheld,U-no-href,,,unchanged,,
https://www.draftguru.com.au/players/garry_merritt/1,withheld,U-no-href,,,unchanged,,
https://www.draftguru.com.au/players/garry_moss/1,accepted,,players/G/Garry_Moss.html,players/G/Garry_Moss.html,unchanged,,
https://www.draftguru.com.au/players/garry_phillips/1,accepted,,players/G/Garry_Phillips.html,players/G/Garry_Phillips.html,unchanged,,
https://www.draftguru.com.au/players/garth_pickford/1,withheld,U-no-href,,,unchanged,,
https://www.draftguru.com.au/players/garth_taylor/1,accepted,,players/G/Garth_Taylor.html,players/G/Garth_Taylor.html,unchanged,,
https://www.draftguru.com.au/players/gary_ablett/2,accepted,,players/G/Gary_Ablett1.html,players/G/Gary_Ablett1.html,unchanged,,
https://www.draftguru.com.au/players/gary_barrow/1,accepted,,players/G/Gary_Barrow.html,players/G/Gary_Barrow.html,unchanged,,
https://www.draftguru.com.au/players/gary_brooker/1,withheld,U-no-href,,,unchanged,,
https://www.draftguru.com.au/players/gary_dhurrkay/1,accepted,,players/G/Gary_Dhurrkay.html,players/G/Gary_Dhurrkay.html,unchanged,,
https://www.draftguru.com.au/players/gary_keane/1,accepted,,players/G/Gary_Keane.html,players/G/Gary_Keane.html,confirmed,same_person_valid_relisting,relisting
https://www.draftguru.com.au/players/gary_moorcroft/1,accepted,,players/G/Gary_Moorcroft.html,players/G/Gary_Moorcroft.html,unchanged,,
https://www.draftguru.com.au/players/gary_pert/1,accepted,,players/G/Gary_Pert.html,players/G/Gary_Pert.html,unchanged,,
https://www.draftguru.com.au/players/gary_rohan/1,accepted,,players/G/Gary_Rohan.html,players/G/Gary_Rohan.html,unchanged,,
https://www.draftguru.com.au/players/gary_shaw/1,accepted,,players/G/Gary_Shaw.html,players/G/Gary_Shaw.html,unchanged,,
https://www.draftguru.com.au/players/gary_stevens/1,withheld,U-no-href,,,unchanged,,
https://www.draftguru.com.au/players/gavan_cooney/1,withheld,U-no-href,,,unchanged,,
https://www.draftguru.com.au/players/gavin_exell/1,accepted,,players/G/Gavin_Exell.html,players/G/Gavin_Exell.html,unchanged,,
https://www.draftguru.com.au/players/gavin_grose/1,withheld,U-no-href,,,unchanged,,
https://www.draftguru.com.au/players/gavin_hughes/1,withheld,U-no-href,,,unchanged,,
https://www.draftguru.com.au/players/gavin_keane/1,accepted,,players/G/Gavin_Keane.html,players/G/Gavin_Keane.html,unchanged,,
https://www.draftguru.com.au/players/gavin_lloyd/1,withheld,U-no-href,,,unchanged,,
https://www.draftguru.com.au/players/gavin_milentis/1,withheld,U-no-href,,,unchanged,,
https://www.draftguru.com.au/players/gavin_mitchell/1,accepted,,players/G/Gavin_Mitchell.html,players/G/Gavin_Mitchell.html,unchanged,,
https://www.draftguru.com.au/players/gavin_roberts/1,withheld,U-no-href,,,unchanged,,
https://www.draftguru.com.au/players/gavin_rose/1,accepted,,players/G/Gavin_Rose.html,players/G/Gavin_Rose.html,unchanged,,
https://www.draftguru.com.au/players/gavin_urquhart/1,accepted,,players/G/Gavin_Urquhart.html,players/G/Gavin_Urquhart.html,unchanged,,
https://www.draftguru.com.au/players/gavin_wanganeen/1,accepted,,players/G/Gavin_Wanganeen.html,players/G/Gavin_Wanganeen.html,unchanged,,
https://www.draftguru.com.au/players/geoff_linke/1,accepted,,players/G/Geoff_Linke.html,players/G/Geoff_Linke.html,unchanged,,
https://www.draftguru.com.au/players/geoff_miles/1,accepted,,players/G/Geoff_Miles.html,players/G/Geoff_Miles.html,unchanged,,
https://www.draftguru.com.au/players/geordie_payne/1,accepted,,players/G/Geordie_Payne.html,players/G/Geordie_Payne.html,unchanged,,
https://www.draftguru.com.au/players/george_bakoulas/1,withheld,U-no-href,,,unchanged,,
https://www.draftguru.com.au/players/george_burbury/1,accepted,,players/G/George_Burbury.html,players/G/George_Burbury.html,unchanged,,
https://www.draftguru.com.au/players/george_davies/1,withheld,U-no-href,,,unchanged,,
https://www.draftguru.com.au/players/george_gorozidis/1,withheld,U-no-href,,,unchanged,,
https://www.draftguru.com.au/players/george_hewett/1,accepted,,players/G/George_Hewett.html,players/G/George_Hewett.html,unchanged,,
https://www.draftguru.com.au/players/george_horlin-smith/1,accepted,,players/G/George_Horlin-Smith.html,players/G/George_Horlin-Smith.html,unchanged,,
https://www.draftguru.com.au/players/george_stevens/1,accepted,,players/G/George_Stevens.html,players/G/George_Stevens.html,unchanged,,
https://www.draftguru.com.au/players/george_wardlaw/1,accepted,,players/G/George_Wardlaw.html,players/G/George_Wardlaw.html,unchanged,,
https://www.draftguru.com.au/players/gerald_ugle/1,accepted,,players/G/Gerald_Ugle.html,players/G/Gerald_Ugle.html,unchanged,,
https://www.draftguru.com.au/players/gerard_healy/1,accepted,,players/G/Gerard_Healy.html,players/G/Gerard_Healy.html,confirmed,same_person_valid_relisting,relisting
https://www.draftguru.com.au/players/gerard_jess/1,withheld,U-no-href,,,unchanged,,
https://www.draftguru.com.au/players/gerrad_power/1,withheld,U-no-href,,,unchanged,,
https://www.draftguru.com.au/players/gerrard_bennett/1,accepted,,players/G/Gerrard_Bennett.html,players/G/Gerrard_Bennett.html,unchanged,,
https://www.draftguru.com.au/players/gerrard_harrington/1,withheld,U-no-href,,,unchanged,,
https://www.draftguru.com.au/players/gerrick_weedon/1,accepted,,players/G/Gerrick_Weedon.html,players/G/Gerrick_Weedon.html,unchanged,,
https://www.draftguru.com.au/players/gibson_turner/1,withheld,U-no-href,,,unchanged,,
https://www.draftguru.com.au/players/gideon_simon/1,withheld,U-no-href,,,unchanged,,
https://www.draftguru.com.au/players/gilbert_mcadam/1,accepted,,players/G/Gilbert_McAdam.html,players/G/Gilbert_McAdam.html,unchanged,,
https://www.draftguru.com.au/players/glen_bartlett/1,accepted,,players/G/Glen_Bartlett.html,players/G/Glen_Bartlett.html,confirmed,same_person_valid_relisting,relisting
https://www.draftguru.com.au/players/glen_bowyer/1,accepted,,players/G/Glen_Bowyer.html,players/G/Glen_Bowyer.html,unchanged,,
https://www.draftguru.com.au/players/glen_coghlan/1,accepted,,players/G/Glen_Coghlan.html,players/G/Glen_Coghlan.html,unchanged,,
https://www.draftguru.com.au/players/glen_jakovich/1,accepted,,players/G/Glen_Jakovich.html,players/G/Glen_Jakovich.html,unchanged,,
https://www.draftguru.com.au/players/glen_keast/1,withheld,U-no-href,,,unchanged,,
https://www.draftguru.com.au/players/glen_kendall/1,withheld,U-no-href,,,unchanged,,
https://www.draftguru.com.au/players/glen_leaf/1,withheld,U-no-href,,,unchanged,,
https://www.draftguru.com.au/players/glen_reeves/1,withheld,U-no-href,,,unchanged,,
https://www.draftguru.com.au/players/glenn_chivers/1,withheld,U-no-href,,,unchanged,,
https://www.draftguru.com.au/players/glenn_coleman/1,accepted,,players/G/Glenn_Coleman.html,players/G/Glenn_Coleman.html,unchanged,,
https://www.draftguru.com.au/players/glenn_crawford/1,withheld,U-no-href,,,unchanged,,
https://www.draftguru.com.au/players/glenn_dawson/1,withheld,U-no-href,,,unchanged,,
https://www.draftguru.com.au/players/glenn_freeborn/1,accepted,,players/G/Glenn_Freeborn.html,players/G/Glenn_Freeborn.html,unchanged,,
https://www.draftguru.com.au/players/glenn_gorman/1,accepted,,players/G/Glenn_Gorman.html,players/G/Glenn_Gorman.html,unchanged,,
https://www.draftguru.com.au/players/glenn_hawker/1,accepted,,players/G/Glenn_Hawker.html,players/G/Glenn_Hawker.html,unchanged,,
https://www.draftguru.com.au/players/glenn_hoffman/1,withheld,U-no-href,,,unchanged,,
https://www.draftguru.com.au/players/glenn_johnston/1,withheld,U-no-href,,,unchanged,,
https://www.draftguru.com.au/players/glenn_kilpatrick/1,accepted,,players/G/Glenn_Kilpatrick.html,players/G/Glenn_Kilpatrick.html,unchanged,,
https://www.draftguru.com.au/players/glenn_manton/1,accepted,,players/G/Glenn_Manton.html,players/G/Glenn_Manton.html,unchanged,,
https://www.draftguru.com.au/players/glenn_molloy/1,accepted,,players/G/Glenn_Molloy.html,players/G/Glenn_Molloy.html,unchanged,,
https://www.draftguru.com.au/players/glenn_nugent/1,accepted,,players/G/Glenn_Nugent.html,players/G/Glenn_Nugent.html,unchanged,,
https://www.draftguru.com.au/players/glenn_page/1,accepted,,players/G/Glenn_Page.html,players/G/Glenn_Page.html,unchanged,,
https://www.draftguru.com.au/players/glenn_wilkins/1,withheld,U-no-href,,,unchanged,,
https://www.draftguru.com.au/players/glyn_tomlinson/1,withheld,U-no-href,,,unchanged,,
https://www.draftguru.com.au/players/gordon_fode/1,accepted,,players/G/Gordon_Fode.html,players/G/Gordon_Fode.html,confirmed,same_person_valid_relisting,relisting
https://www.draftguru.com.au/players/gordon_narrier/1,withheld,U-no-href,,,unchanged,,
https://www.draftguru.com.au/players/graeme_kettle/1,withheld,U-no-href,,,unchanged,,
https://www.draftguru.com.au/players/graeme_woods/1,withheld,U-no-href,,,unchanged,,
https://www.draftguru.com.au/players/graham_johncock/1,accepted,,players/G/Graham_Johncock.html,players/G/Graham_Johncock.html,unchanged,,
https://www.draftguru.com.au/players/graham_polak/1,accepted,,players/G/Graham_Polak.html,players/G/Graham_Polak.html,unchanged,,
https://www.draftguru.com.au/players/graham_wright/1,accepted,,players/G/Graham_Wright.html,players/G/Graham_Wright.html,unchanged,,
https://www.draftguru.com.au/players/grant_birchall/1,accepted,,players/G/Grant_Birchall.html,players/G/Grant_Birchall.html,unchanged,,
https://www.draftguru.com.au/players/grant_campbell/1,withheld,U-no-href,,,unchanged,,
https://www.draftguru.com.au/players/grant_coffee/1,withheld,U-no-href,,,unchanged,,
https://www.draftguru.com.au/players/grant_de%20mamiel/1,withheld,U-no-href,,,unchanged,,
https://www.draftguru.com.au/players/grant_lawrie/1,accepted,,players/G/Grant_Lawrie.html,players/G/Grant_Lawrie.html,unchanged,,
https://www.draftguru.com.au/players/grant_mcfarlane/1,withheld,U-no-href,,,unchanged,,
https://www.draftguru.com.au/players/grant_povey/1,withheld,U-no-href,,,unchanged,,
https://www.draftguru.com.au/players/grant_tanner/1,accepted,,players/G/Grant_Tanner.html,players/G/Grant_Tanner.html,unchanged,,
https://www.draftguru.com.au/players/grant_williams/1,accepted,,players/G/Grant_Williams.html,players/G/Grant_Williams.html,unchanged,,
https://www.draftguru.com.au/players/grantley_fielke/1,accepted,,players/G/Grantley_Fielke.html,players/G/Grantley_Fielke.html,unchanged,,
https://www.draftguru.com.au/players/greg_anderson/1,accepted,,players/G/Greg_Anderson.html,players/G/Greg_Anderson.html,unchanged,,
https://www.draftguru.com.au/players/greg_bentley/1,accepted,,players/G/Greg_Bentley.html,players/G/Greg_Bentley.html,unchanged,,
https://www.draftguru.com.au/players/greg_broughton/1,accepted,,players/G/Greg_Broughton.html,players/G/Greg_Broughton.html,unchanged,,
https://www.draftguru.com.au/players/greg_clark/1,accepted,,players/G/Greg_Clark.html,players/G/Greg_Clark.html,unchanged,,
https://www.draftguru.com.au/players/greg_dear/1,accepted,,players/G/Greg_Dear.html,players/G/Greg_Dear.html,unchanged,,
https://www.draftguru.com.au/players/greg_dempsey/1,withheld,U-no-href,,,unchanged,,
https://www.draftguru.com.au/players/greg_doyle/1,accepted,,players/G/Greg_Doyle.html,players/G/Greg_Doyle.html,unchanged,,
https://www.draftguru.com.au/players/greg_edgcumbe/1,withheld,U-no-href,,,unchanged,,
https://www.draftguru.com.au/players/greg_eppelstun/1,accepted,,players/G/Greg_Eppelstun.html,players/G/Greg_Eppelstun.html,unchanged,,
https://www.draftguru.com.au/players/greg_gallman/1,withheld,U-no-href,,,unchanged,,
https://www.draftguru.com.au/players/greg_harding/1,accepted,,players/G/Greg_Harding.html,players/G/Greg_Harding.html,unchanged,,
https://www.draftguru.com.au/players/greg_hodson/1,withheld,U-no-href,,,unchanged,,
https://www.draftguru.com.au/players/greg_jones/1,accepted,,players/G/Greg_Jones.html,players/G/Greg_Jones.html,unchanged,,
https://www.draftguru.com.au/players/greg_lochhead/1,withheld,U-no-href,,,unchanged,,
https://www.draftguru.com.au/players/greg_madigan/1,accepted,,players/G/Greg_Madigan.html,players/G/Greg_Madigan.html,unchanged,,
https://www.draftguru.com.au/players/greg_mcadam/1,accepted,,players/G/Greg_McAdam.html,players/G/Greg_McAdam.html,unchanged,,
https://www.draftguru.com.au/players/greg_stafford/1,accepted,,players/G/Greg_Stafford.html,players/G/Greg_Stafford.html,unchanged,,
https://www.draftguru.com.au/players/greg_tivendale/1,accepted,,players/G/Greg_Tivendale.html,players/G/Greg_Tivendale.html,unchanged,,
https://www.draftguru.com.au/players/greg_turner/1,withheld,U-no-href,,,unchanged,,
https://www.draftguru.com.au/players/greg_williams/1,accepted,,players/G/Greg_Williams.html,players/G/Greg_Williams.html,unchanged,,
https://www.draftguru.com.au/players/greg_wootton/1,withheld,U-no-href,,,unchanged,,
https://www.draftguru.com.au/players/gregory_whittlesea/1,accepted,,players/G/Gregory_Whittlesea.html,players/G/Gregory_Whittlesea.html,unchanged,,
https://www.draftguru.com.au/players/griffin_logue/1,accepted,,players/G/Griffin_Logue.html,players/G/Griffin_Logue.html,unchanged,,
https://www.draftguru.com.au/players/gryan_miers/1,accepted,,players/G/Gryan_Miers.html,players/G/Gryan_Miers.html,unchanged,,
https://www.draftguru.com.au/players/guy_campbell/1,withheld,U-no-href,,,unchanged,,
https://www.draftguru.com.au/players/guy_o'keefe/1,withheld,U-no-href,,,unchanged,,
https://www.draftguru.com.au/players/guy_richards/1,accepted,,players/G/Guy_Richards.html,players/G/Guy_Richards.html,unchanged,,
https://www.draftguru.com.au/players/guy_rigoni/1,accepted,,players/G/Guy_Rigoni.html,players/G/Guy_Rigoni.html,unchanged,,
https://www.draftguru.com.au/players/guy_walker/1,withheld,U-no-href,,,unchanged,,
https://www.draftguru.com.au/players/haami_williams/1,withheld,U-no-href,,,unchanged,,
https://www.draftguru.com.au/players/haiden_schloithe/1,withheld,U-no-href,,,unchanged,,
https://www.draftguru.com.au/players/hal_hunter/1,withheld,U-no-href,,,unchanged,,
https://www.draftguru.com.au/players/hamish_brayshaw/1,accepted,,players/H/Hamish_Brayshaw.html,players/H/Hamish_Brayshaw.html,unchanged,,
https://www.draftguru.com.au/players/hamish_davis/1,accepted,,players/H/Hamish_Davis.html,players/H/Hamish_Davis.html,unchanged,,
https://www.draftguru.com.au/players/hamish_free/1,withheld,U-no-href,,,unchanged,,
https://www.draftguru.com.au/players/hamish_hartlett/1,accepted,,players/H/Hamish_Hartlett.html,players/H/Hamish_Hartlett.html,unchanged,,
https://www.draftguru.com.au/players/hamish_mcintosh/1,accepted,,players/H/Hamish_McIntosh.html,players/H/Hamish_McIntosh.html,unchanged,,
https://www.draftguru.com.au/players/hamish_shepheard/1,withheld,U-no-href,,,unchanged,,
https://www.draftguru.com.au/players/hamish_simpson/1,accepted,,players/H/Hamish_Simpson.html,players/H/Hamish_Simpson.html,unchanged,,
https://www.draftguru.com.au/players/hamish_stuart/1,withheld,U-no-href,,,unchanged,,
https://www.draftguru.com.au/players/harley_balic/1,accepted,,players/H/Harley_Balic.html,players/H/Harley_Balic.html,unchanged,,
https://www.draftguru.com.au/players/harley_barker/1,withheld,U-no-href,,,unchanged,,
https://www.draftguru.com.au/players/harley_bennell/1,accepted,,players/H/Harley_Bennell.html,players/H/Harley_Bennell.html,unchanged,,
https://www.draftguru.com.au/players/harley_reid/1,accepted,,players/H/Harley_Reid.html,players/H/Harley_Reid.html,unchanged,,
https://www.draftguru.com.au/players/harris_andrews/1,accepted,,players/H/Harris_Andrews.html,players/H/Harris_Andrews.html,unchanged,,
https://www.draftguru.com.au/players/harrison_coe/1,withheld,U-no-href,,,unchanged,,
https://www.draftguru.com.au/players/harrison_jones/1,accepted,,players/H/Harry_Jones1.html,players/H/Harry_Jones1.html,unchanged,,
https://www.draftguru.com.au/players/harrison_jones/2,accepted,,players/H/Harry_Jones2.html,players/H/Harry_Jones2.html,unchanged,,
https://www.draftguru.com.au/players/harrison_macreadie/1,accepted,,players/H/Harrison_Macreadie.html,players/H/Harrison_Macreadie.html,unchanged,,
https://www.draftguru.com.au/players/harrison_marsh/1,accepted,,players/H/Harrison_Marsh.html,players/H/Harrison_Marsh.html,unchanged,,
https://www.draftguru.com.au/players/harrison_pepper/1,withheld,U-no-href,,,unchanged,,
https://www.draftguru.com.au/players/harrison_petty/1,accepted,,players/H/Harry_Petty.html,players/H/Harry_Petty.html,unchanged,,
https://www.draftguru.com.au/players/harrison_ramm/1,accepted,,players/H/Harrison_Ramm.html,players/H/Harrison_Ramm.html,unchanged,,
https://www.draftguru.com.au/players/harrison_reynolds/1,withheld,U-no-href,,,unchanged,,
https://www.draftguru.com.au/players/harrison_wigg/1,withheld,U-no-href,,,unchanged,,
https://www.draftguru.com.au/players/harry_armstrong/1,accepted,,players/H/Harry_Armstrong.html,players/H/Harry_Armstrong.html,unchanged,,
https://www.draftguru.com.au/players/harry_arnold/1,withheld,U-no-href,,,unchanged,,
https://www.draftguru.com.au/players/harry_barnett/1,accepted,,players/H/Harry_Barnett.html,players/H/Harry_Barnett.html,unchanged,,
https://www.draftguru.com.au/players/harry_boyd/1,accepted,,players/H/Harry_Boyd.html,players/H/Harry_Boyd.html,unchanged,,
https://www.draftguru.com.au/players/harry_charleson/1,withheld,U-no-href,,,unchanged,,
https://www.draftguru.com.au/players/harry_cunningham/1,accepted,,players/H/Harry_Cunningham.html,players/H/Harry_Cunningham.html,unchanged,,
https://www.draftguru.com.au/players/harry_dean/1,accepted,,players/H/Harry_Dean.html,players/H/Harry_Dean.html,unchanged,,
https://www.draftguru.com.au/players/harry_dear/1,withheld,U-no-href,,,unchanged,,
https://www.draftguru.com.au/players/harry_demattia/1,withheld,U-no-href,,,unchanged,,
https://www.draftguru.com.au/players/harry_edwards/1,accepted,,players/H/Harry_Edwards.html,players/H/Harry_Edwards.html,unchanged,,
https://www.draftguru.com.au/players/harry_himmelberg/1,accepted,,players/H/Harry_Himmelberg.html,players/H/Harry_Himmelberg.html,unchanged,,
https://www.draftguru.com.au/players/harry_kyle/1,accepted,,players/H/Harry_Kyle.html,players/H/Harry_Kyle.html,unchanged,,
https://www.draftguru.com.au/players/harry_lemmey/1,withheld,U-no-href,,,unchanged,,
https://www.draftguru.com.au/players/harry_mckay/1,accepted,,players/H/Harry_McKay.html,players/H/Harry_McKay.html,unchanged,,
https://www.draftguru.com.au/players/harry_miller/1,accepted,,players/H/Harry_Miller.html,players/H/Harry_Miller.html,unchanged,,
https://www.draftguru.com.au/players/harry_morrison/1,accepted,,players/H/Harry_Morrison.html,players/H/Harry_Morrison.html,unchanged,,
https://www.draftguru.com.au/players/harry_o'farrell/1,accepted,,players/H/Harry_OFarrell.html,players/H/Harry_OFarrell.html,unchanged,,
https://www.draftguru.com.au/players/harry_oliver/1,accepted,,players/H/Harrison_Oliver.html,players/H/Harrison_Oliver.html,unchanged,,
https://www.draftguru.com.au/players/harry_perryman/1,accepted,,players/H/Harry_Perryman.html,players/H/Harry_Perryman.html,unchanged,,
https://www.draftguru.com.au/players/harry_rowston/1,accepted,,players/H/Harry_Rowston.html,players/H/Harry_Rowston.html,unchanged,,
https://www.draftguru.com.au/players/harry_schoenberg/1,accepted,,players/H/Harry_Schoenberg.html,players/H/Harry_Schoenberg.html,unchanged,,
https://www.draftguru.com.au/players/harry_sharp/1,accepted,,players/H/Harry_Sharp.html,players/H/Harry_Sharp.html,unchanged,,
https://www.draftguru.com.au/players/harry_sheezel/1,accepted,,players/H/Harry_Sheezel.html,players/H/Harry_Sheezel.html,unchanged,,
https://www.draftguru.com.au/players/harry_taylor/1,accepted,,players/H/Harry_Taylor.html,players/H/Harry_Taylor.html,unchanged,,
https://www.draftguru.com.au/players/harvey_gallagher/1,accepted,,players/H/Harvey_Gallagher.html,players/H/Harvey_Gallagher.html,unchanged,,
https://www.draftguru.com.au/players/harvey_harrison/1,accepted,,players/H/Harvey_Harrison.html,players/H/Harvey_Harrison.html,unchanged,,
https://www.draftguru.com.au/players/harvey_johnston/1,accepted,,players/H/Harvey_Johnston.html,players/H/Harvey_Johnston.html,unchanged,,
https://www.draftguru.com.au/players/harvey_langford/1,accepted,,players/H/Harvey_Langford.html,players/H/Harvey_Langford.html,unchanged,,
https://www.draftguru.com.au/players/harvey_thomas/1,accepted,,players/H/Harvey_Thomas.html,players/H/Harvey_Thomas.html,unchanged,,
https://www.draftguru.com.au/players/hayden_ballantyne/1,accepted,,players/H/Hayden_Ballantyne.html,players/H/Hayden_Ballantyne.html,unchanged,,
https://www.draftguru.com.au/players/hayden_burgiel/1,withheld,U-no-href,,,unchanged,,
https://www.draftguru.com.au/players/hayden_crozier/1,accepted,,players/H/Hayden_Crozier.html,players/H/Hayden_Crozier.html,unchanged,,
https://www.draftguru.com.au/players/hayden_jolly/1,accepted,,players/H/Hayden_Jolly.html,players/H/Hayden_Jolly.html,unchanged,,
https://www.draftguru.com.au/players/hayden_kluver/1,withheld,U-no-href,,,unchanged,,
https://www.draftguru.com.au/players/hayden_lamaro/1,accepted,,players/H/Hayden_Lamaro.html,players/H/Hayden_Lamaro.html,unchanged,,
https://www.draftguru.com.au/players/hayden_mclean/1,accepted,,players/H/Hayden_McLean.html,players/H/Hayden_McLean.html,unchanged,,
https://www.draftguru.com.au/players/hayden_skipworth/1,accepted,,players/H/Hayden_Skipworth.html,players/H/Hayden_Skipworth.html,unchanged,,
https://www.draftguru.com.au/players/hayden_young/1,accepted,,players/H/Hayden_Young.html,players/H/Hayden_Young.html,unchanged,,
https://www.draftguru.com.au/players/haydn_kiel/1,withheld,U-no-href,,,unchanged,,
https://www.draftguru.com.au/players/haydn_robins/1,accepted,,players/H/Haydn_Robins.html,players/H/Haydn_Robins.html,unchanged,,
https://www.draftguru.com.au/players/haydon_kilmartin/1,accepted,,players/H/Haydon_Kilmartin.html,players/H/Haydon_Kilmartin.html,unchanged,,
https://www.draftguru.com.au/players/heath_black/1,accepted,,players/H/Heath_Black.html,players/H/Heath_Black.html,unchanged,,
https://www.draftguru.com.au/players/heath_chapman/1,accepted,,players/H/Heath_Chapman.html,players/H/Heath_Chapman.html,unchanged,,
https://www.draftguru.com.au/players/heath_culpitt/1,accepted,,players/H/Heath_Culpitt.html,players/H/Heath_Culpitt.html,unchanged,,
https://www.draftguru.com.au/players/heath_grundy/1,accepted,,players/H/Heath_Grundy.html,players/H/Heath_Grundy.html,unchanged,,
https://www.draftguru.com.au/players/heath_hocking/1,accepted,,players/H/Heath_Hocking.html,players/H/Heath_Hocking.html,unchanged,,
https://www.draftguru.com.au/players/heath_james/1,accepted,,players/H/Heath_James.html,players/H/Heath_James.html,unchanged,,
https://www.draftguru.com.au/players/heath_neville/1,withheld,U-no-href,,,unchanged,,
https://www.draftguru.com.au/players/heath_scotland/1,accepted,,players/H/Heath_Scotland.html,players/H/Heath_Scotland.html,unchanged,,
https://www.draftguru.com.au/players/heath_shaw/1,accepted,,players/H/Heath_Shaw.html,players/H/Heath_Shaw.html,unchanged,,
https://www.draftguru.com.au/players/heath_shephard/1,accepted,,players/H/Heath_Shephard.html,players/H/Heath_Shephard.html,unchanged,,
https://www.draftguru.com.au/players/heath_younie/1,withheld,U-no-href,,,unchanged,,
https://www.draftguru.com.au/players/henry_crauford/1,withheld,U-no-href,,,unchanged,,
https://www.draftguru.com.au/players/henry_hustwaite/1,accepted,,players/H/Henry_Hustwaite.html,players/H/Henry_Hustwaite.html,unchanged,,
https://www.draftguru.com.au/players/henry_playfair/1,accepted,,players/H/Henry_Playfair.html,players/H/Henry_Playfair.html,unchanged,,
https://www.draftguru.com.au/players/henry_schade/1,accepted,,players/H/Henry_Schade.html,players/H/Henry_Schade.html,unchanged,,
https://www.draftguru.com.au/players/henry_slattery/1,accepted,,players/H/Henry_Slattery.html,players/H/Henry_Slattery.html,unchanged,,
https://www.draftguru.com.au/players/henry_smith/2,accepted,,players/H/Henry_Smith1.html,players/H/Henry_Smith1.html,unchanged,,
https://www.draftguru.com.au/players/henry_white/2,withheld,U-no-href,,,unchanged,,
https://www.draftguru.com.au/players/heritier_lumumba/1,accepted,,players/H/Heritier_Lumumba.html,players/H/Heritier_Lumumba.html,unchanged,,
https://www.draftguru.com.au/players/hewago%20paul_oea/1,accepted,,players/H/Hewago_Oea.html,players/H/Hewago_Oea.html,unchanged,,
https://www.draftguru.com.au/players/hudson_o'keeffe/1,accepted,,players/H/Hudson_OKeeffe.html,players/H/Hudson_OKeeffe.html,unchanged,,
https://www.draftguru.com.au/players/hugh_beasley/1,accepted,,players/H/Hugh_Beasley.html,players/H/Hugh_Beasley.html,unchanged,,
https://www.draftguru.com.au/players/hugh_bond/1,accepted,,players/H/Hugh_Bond.html,players/H/Hugh_Bond.html,unchanged,,
https://www.draftguru.com.au/players/hugh_boxshall/1,accepted,,players/H/Hugh_Boxshall.html,players/H/Hugh_Boxshall.html,unchanged,,
https://www.draftguru.com.au/players/hugh_davies/1,accepted,,players/H/Hugh_Davies.html,players/H/Hugh_Davies.html,unchanged,,
https://www.draftguru.com.au/players/hugh_dixon/1,accepted,,players/H/Hugh_Dixon.html,players/H/Hugh_Dixon.html,unchanged,,
https://www.draftguru.com.au/players/hugh_foott/1,withheld,U-no-href,,,unchanged,,
https://www.draftguru.com.au/players/hugh_goddard/1,accepted,,players/H/Hugh_Goddard.html,players/H/Hugh_Goddard.html,unchanged,,
https://www.draftguru.com.au/players/hugh_greenwood/1,accepted,,players/H/Hugh_Greenwood.html,players/H/Hugh_Greenwood.html,unchanged,,
https://www.draftguru.com.au/players/hugh_jackson/1,accepted,,players/H/Hugh_Jackson.html,players/H/Hugh_Jackson.html,unchanged,,
https://www.draftguru.com.au/players/hugh_mccluggage/1,accepted,,players/H/Hugh_McCluggage.html,players/H/Hugh_McCluggage.html,unchanged,,
https://www.draftguru.com.au/players/hugh_minson/1,withheld,U-no-href,,,unchanged,,
https://www.draftguru.com.au/players/hugh_reimers/1,withheld,U-no-href,,,unchanged,,
https://www.draftguru.com.au/players/hugh_sandilands/1,withheld,U-no-href,,,unchanged,,
https://www.draftguru.com.au/players/hugo_garcia/1,accepted,,players/H/Hugo_Garcia.html,players/H/Hugo_Garcia.html,unchanged,,
https://www.draftguru.com.au/players/hugo_hall-kahan/1,accepted,,players/H/Hugo_Hall-Kahan.html,players/H/Hugo_Hall-Kahan.html,unchanged,,
https://www.draftguru.com.au/players/hugo_mikunda/1,withheld,U-no-href,,,unchanged,,
https://www.draftguru.com.au/players/hugo_ralphsmith/1,accepted,,players/H/Hugo_Ralphsmith.html,players/H/Hugo_Ralphsmith.html,unchanged,,
https://www.draftguru.com.au/players/hunter_clark/1,accepted,,players/H/Hunter_Clark.html,players/H/Hunter_Clark.html,unchanged,,
https://www.draftguru.com.au/players/hunter_holmes/1,withheld,U-no-href,,,unchanged,,
https://www.draftguru.com.au/players/hussien_el%20achkar/1,accepted,,players/H/Hussien_El_Achkar.html,players/H/Hussien_El_Achkar.html,unchanged,,
https://www.draftguru.com.au/players/ian_aitken/1,accepted,,players/I/Ian_Aitken.html,players/I/Ian_Aitken.html,unchanged,,
https://www.draftguru.com.au/players/ian_callinan/1,accepted,,players/I/Ian_Callinan.html,players/I/Ian_Callinan.html,unchanged,,
https://www.draftguru.com.au/players/ian_dargie/1,accepted,,players/I/Ian_Dargie.html,players/I/Ian_Dargie.html,unchanged,,
https://www.draftguru.com.au/players/ian_downsborough/1,accepted,,players/I/Ian_Downsborough.html,players/I/Ian_Downsborough.html,unchanged,,
https://www.draftguru.com.au/players/ian_herman/1,accepted,,players/I/Ian_Herman.html,players/I/Ian_Herman.html,unchanged,,
https://www.draftguru.com.au/players/ian_kidgell/1,accepted,,players/I/Ian_Kidgell.html,players/I/Ian_Kidgell.html,unchanged,,
https://www.draftguru.com.au/players/ian_mcmullin/1,accepted,,players/I/Ian_McMullin.html,players/I/Ian_McMullin.html,unchanged,,
https://www.draftguru.com.au/players/ian_perrie/1,accepted,,players/I/Ian_Perrie.html,players/I/Ian_Perrie.html,unchanged,,
https://www.draftguru.com.au/players/ian_prendergast/1,accepted,,players/I/Ian_Prendergast.html,players/I/Ian_Prendergast.html,unchanged,,
https://www.draftguru.com.au/players/ian_rickman/1,accepted,,players/I/Ian_Rickman.html,players/I/Ian_Rickman.html,confirmed,same_person_valid_relisting,relisting
https://www.draftguru.com.au/players/ilija_grgic/1,accepted,,players/I/Ilija_Grgic.html,players/I/Ilija_Grgic.html,unchanged,,
https://www.draftguru.com.au/players/iliro_smit/1,withheld,U-no-href,,,unchanged,,
https://www.draftguru.com.au/players/indhi_kirk/1,withheld,U-no-href,,,unchanged,,
https://www.draftguru.com.au/players/irving_mosquito/1,accepted,,players/I/Irving_Mosquito.html,players/I/Irving_Mosquito.html,unchanged,,
https://www.draftguru.com.au/players/isaac_chugg/1,accepted,,players/I/Isaac_Chugg.html,players/I/Isaac_Chugg.html,unchanged,,
https://www.draftguru.com.au/players/isaac_conway/1,withheld,U-no-href,,,unchanged,,
https://www.draftguru.com.au/players/isaac_cumming/1,accepted,,players/I/Isaac_Cumming.html,players/I/Isaac_Cumming.html,unchanged,,
https://www.draftguru.com.au/players/isaac_heeney/1,accepted,,players/I/Isaac_Heeney.html,players/I/Isaac_Heeney.html,unchanged,,
https://www.draftguru.com.au/players/isaac_kako/1,accepted,,players/I/Isaac_Kako.html,players/I/Isaac_Kako.html,unchanged,,
https://www.draftguru.com.au/players/isaac_keeler/1,accepted,,players/I/Isaac_Keeler.html,players/I/Isaac_Keeler.html,unchanged,,
https://www.draftguru.com.au/players/isaac_quaynor/1,accepted,,players/I/Isaac_Quaynor.html,players/I/Isaac_Quaynor.html,unchanged,,
https://www.draftguru.com.au/players/isaac_smith/1,accepted,,players/I/Isaac_Smith.html,players/I/Isaac_Smith.html,unchanged,,
https://www.draftguru.com.au/players/isaac_weetra/1,accepted,,players/I/Isaac_Weetra.html,players/I/Isaac_Weetra.html,unchanged,,
https://www.draftguru.com.au/players/isaiah_butters/1,withheld,U-no-href,,,unchanged,,
https://www.draftguru.com.au/players/isaiah_dudley/1,accepted,,players/I/Isaiah_Dudley.html,players/I/Isaiah_Dudley.html,unchanged,,
https://www.draftguru.com.au/players/isiah_stevens/1,withheld,U-no-href,,,unchanged,,
https://www.draftguru.com.au/players/isiah_winder/1,accepted,,players/I/Isiah_Winder.html,players/I/Isiah_Winder.html,unchanged,,
https://www.draftguru.com.au/players/israel_folau/1,accepted,,players/I/Israel_Folau.html,players/I/Israel_Folau.html,unchanged,,
https://www.draftguru.com.au/players/iszac_thompson/1,withheld,U-no-href,,,unchanged,,
https://www.draftguru.com.au/players/ivan_bartul/1,withheld,U-no-href,,,unchanged,,
https://www.draftguru.com.au/players/ivan_maric/1,accepted,,players/I/Ivan_Maric.html,players/I/Ivan_Maric.html,unchanged,,
https://www.draftguru.com.au/players/ivan_soldo/1,accepted,,players/I/Ivan_Soldo.html,players/I/Ivan_Soldo.html,unchanged,,
https://www.draftguru.com.au/players/izak_rankine/1,accepted,,players/I/Izak_Rankine.html,players/I/Izak_Rankine.html,unchanged,,
https://www.draftguru.com.au/players/jace_bode/1,accepted,,players/J/Jace_Bode.html,players/J/Jace_Bode.html,unchanged,,
https://www.draftguru.com.au/players/jack_bell/1,withheld,U-no-href,,,unchanged,,
https://www.draftguru.com.au/players/jack_billings/1,accepted,,players/J/Jack_Billings.html,players/J/Jack_Billings.html,unchanged,,
https://www.draftguru.com.au/players/jack_bowes/1,accepted,,players/J/Jack_Bowes.html,players/J/Jack_Bowes.html,unchanged,,
https://www.draftguru.com.au/players/jack_buckley/2,accepted,,players/J/Jack_Buckley1.html,players/J/Jack_Buckley1.html,unchanged,,
https://www.draftguru.com.au/players/jack_buller/1,accepted,,players/J/Jack_Buller.html,players/J/Jack_Buller.html,unchanged,,
https://www.draftguru.com.au/players/jack_bytel/1,accepted,,players/J/Jack_Bytel.html,players/J/Jack_Bytel.html,unchanged,,
https://www.draftguru.com.au/players/jack_carroll/2,accepted,,players/J/Jack_Carroll1.html,players/J/Jack_Carroll1.html,unchanged,,
https://www.draftguru.com.au/players/jack_carter/1,withheld,U-no-href,,,unchanged,,
https://www.draftguru.com.au/players/jack_crisp/1,accepted,,players/J/Jack_Crisp.html,players/J/Jack_Crisp.html,unchanged,,
https://www.draftguru.com.au/players/jack_dalton/2,accepted,,players/J/Jack_Dalton1.html,players/J/Jack_Dalton1.html,unchanged,,
https://www.draftguru.com.au/players/jack_darling/1,accepted,,players/J/Jack_Darling.html,players/J/Jack_Darling.html,unchanged,,
https://www.draftguru.com.au/players/jack_delean/1,withheld,U-no-href,,,unchanged,,
https://www.draftguru.com.au/players/jack_fitzpatrick/1,accepted,,players/J/Jack_Fitzpatrick.html,players/J/Jack_Fitzpatrick.html,unchanged,,
https://www.draftguru.com.au/players/jack_frost/2,accepted,,players/J/Jack_Frost1.html,players/J/Jack_Frost1.html,unchanged,,
https://www.draftguru.com.au/players/jack_ginnivan/1,accepted,,players/J/Jack_Ginnivan.html,players/J/Jack_Ginnivan.html,unchanged,,
https://www.draftguru.com.au/players/jack_graham/3,accepted,,players/J/Jack_Graham2.html,players/J/Jack_Graham2.html,unchanged,,
https://www.draftguru.com.au/players/jack_grimes/1,accepted,,players/J/Jack_Grimes.html,players/J/Jack_Grimes.html,unchanged,,
https://www.draftguru.com.au/players/jack_gunston/1,accepted,,players/J/Jack_Gunston.html,players/J/Jack_Gunston.html,unchanged,,
https://www.draftguru.com.au/players/jack_hannath/1,accepted,,players/J/Jack_Hannath.html,players/J/Jack_Hannath.html,unchanged,,
https://www.draftguru.com.au/players/jack_hayes/2,accepted,,players/J/Jack_Hayes1.html,players/J/Jack_Hayes1.html,unchanged,,
https://www.draftguru.com.au/players/jack_henderson/1,accepted,,players/J/Jack_Henderson.html,players/J/Jack_Henderson.html,unchanged,,
https://www.draftguru.com.au/players/jack_henry/2,accepted,,players/J/Jack_Henry1.html,players/J/Jack_Henry1.html,unchanged,,
https://www.draftguru.com.au/players/jack_higgins/1,accepted,,players/J/Jack_Higgins.html,players/J/Jack_Higgins.html,unchanged,,
https://www.draftguru.com.au/players/jack_hiscox/1,accepted,,players/J/Jack_Hiscox.html,players/J/Jack_Hiscox.html,unchanged,,
https://www.draftguru.com.au/players/jack_hombsch/1,accepted,,players/J/Jack_Hombsch.html,players/J/Jack_Hombsch.html,unchanged,,
https://www.draftguru.com.au/players/jack_hutchins/1,accepted,,players/J/Jack_Hutchins.html,players/J/Jack_Hutchins.html,unchanged,,
https://www.draftguru.com.au/players/jack_hutchinson/1,accepted,,players/J/Jack_Hutchinson.html,players/J/Jack_Hutchinson.html,unchanged,,
https://www.draftguru.com.au/players/jack_ison/1,accepted,,players/J/Jack_Ison.html,players/J/Jack_Ison.html,unchanged,,
https://www.draftguru.com.au/players/jack_juniper/1,withheld,U-no-href,,,unchanged,,
https://www.draftguru.com.au/players/jack_leslie/1,accepted,,players/J/Jack_Leslie.html,players/J/Jack_Leslie.html,unchanged,,
https://www.draftguru.com.au/players/jack_lonie/1,accepted,,players/J/Jack_Lonie.html,players/J/Jack_Lonie.html,unchanged,,
https://www.draftguru.com.au/players/jack_lukosius/1,accepted,,players/J/Jack_Lukosius.html,players/J/Jack_Lukosius.html,unchanged,,
https://www.draftguru.com.au/players/jack_lynch/3,withheld,U-no-href,,,unchanged,,
https://www.draftguru.com.au/players/jack_macrae/1,accepted,,players/J/Jack_Macrae.html,players/J/Jack_Macrae.html,unchanged,,
https://www.draftguru.com.au/players/jack_madgen/1,accepted,,players/J/Jack_Madgen.html,players/J/Jack_Madgen.html,unchanged,,
https://www.draftguru.com.au/players/jack_mahony/1,withheld,U-no-href,,,unchanged,,
https://www.draftguru.com.au/players/jack_mahony/2,accepted,,players/J/Jack_Mahony.html,players/J/Jack_Mahony.html,unchanged,,
https://www.draftguru.com.au/players/jack_maibaum/1,withheld,U-no-href,,,unchanged,,
https://www.draftguru.com.au/players/jack_martin/1,accepted,,players/J/Jack_Martin.html,players/J/Jack_Martin.html,unchanged,,
https://www.draftguru.com.au/players/jack_mayo/1,withheld,U-no-href,,,unchanged,,
https://www.draftguru.com.au/players/jack_newnes/1,accepted,,players/J/Jack_Newnes.html,players/J/Jack_Newnes.html,unchanged,,
https://www.draftguru.com.au/players/jack_o'sullivan/4,withheld,U-no-href,,,unchanged,,
https://www.draftguru.com.au/players/jack_osborn/1,withheld,U-no-href,,,unchanged,,
https://www.draftguru.com.au/players/jack_ough/1,accepted,,players/J/Jack_Ough.html,players/J/Jack_Ough.html,unchanged,,
https://www.draftguru.com.au/players/jack_payne/1,accepted,,players/J/Jack_Payne.html,players/J/Jack_Payne.html,unchanged,,
https://www.draftguru.com.au/players/jack_perham/1,withheld,U-no-href,,,unchanged,,
https://www.draftguru.com.au/players/jack_peris/1,accepted,,players/J/Jack_Peris.html,players/J/Jack_Peris.html,unchanged,,
https://www.draftguru.com.au/players/jack_petruccelle/1,accepted,,players/J/Jack_Petruccelle.html,players/J/Jack_Petruccelle.html,unchanged,,
https://www.draftguru.com.au/players/jack_redden/1,accepted,,players/J/Jack_Redden.html,players/J/Jack_Redden.html,unchanged,,
https://www.draftguru.com.au/players/jack_redpath/1,accepted,,players/J/Jack_Redpath.html,players/J/Jack_Redpath.html,unchanged,,
https://www.draftguru.com.au/players/jack_riewoldt/1,accepted,,players/J/Jack_Riewoldt.html,players/J/Jack_Riewoldt.html,unchanged,,
https://www.draftguru.com.au/players/jack_ross/3,accepted,,players/J/Jack_Ross3.html,players/J/Jack_Ross3.html,unchanged,,
https://www.draftguru.com.au/players/jack_saunders/1,accepted,,players/J/Jack_Saunders.html,players/J/Jack_Saunders.html,unchanged,,
https://www.draftguru.com.au/players/jack_scrimshaw/1,accepted,,players/J/Jack_Scrimshaw.html,players/J/Jack_Scrimshaw.html,unchanged,,
https://www.draftguru.com.au/players/jack_silvagni/1,accepted,,players/J/Jack_Silvagni.html,players/J/Jack_Silvagni.html,unchanged,,
https://www.draftguru.com.au/players/jack_sinclair/1,accepted,,players/J/Jack_Sinclair.html,players/J/Jack_Sinclair.html,unchanged,,
https://www.draftguru.com.au/players/jack_stanlake/1,withheld,U-no-href,,,unchanged,,
https://www.draftguru.com.au/players/jack_stanley/1,withheld,U-no-href,,,unchanged,,
https://www.draftguru.com.au/players/jack_steele/1,accepted,,players/J/Jack_Steele.html,players/J/Jack_Steele.html,unchanged,,
https://www.draftguru.com.au/players/jack_steven/1,accepted,,players/J/Jack_Steven.html,players/J/Jack_Steven.html,unchanged,,
https://www.draftguru.com.au/players/jack_trengove/1,accepted,,players/J/Jack_Trengove.html,players/J/Jack_Trengove.html,unchanged,,
https://www.draftguru.com.au/players/jack_viney/1,accepted,,players/J/Jack_Viney.html,players/J/Jack_Viney.html,unchanged,,
https://www.draftguru.com.au/players/jack_watkins/2,accepted,,players/J/Jack_Watkins.html,players/J/Jack_Watkins.html,unchanged,,
https://www.draftguru.com.au/players/jack_watts/1,accepted,,players/J/Jack_Watts.html,players/J/Jack_Watts.html,unchanged,,
https://www.draftguru.com.au/players/jack_weston/1,withheld,U-no-href,,,unchanged,,
https://www.draftguru.com.au/players/jack_whitlock/1,accepted,,players/J/Jack_Whitlock.html,players/J/Jack_Whitlock.html,unchanged,,
https://www.draftguru.com.au/players/jack_williams/8,accepted,,players/J/Jack_Williams3.html,players/J/Jack_Williams3.html,unchanged,,
https://www.draftguru.com.au/players/jack_ziebell/1,accepted,,players/J/Jack_Ziebell.html,players/J/Jack_Ziebell.html,unchanged,,
https://www.draftguru.com.au/players/jackson_allen/1,accepted,,players/J/Jackson_Allen.html,players/J/Jackson_Allen.html,unchanged,,
https://www.draftguru.com.au/players/jackson_archer/1,accepted,,players/J/Jackson_Archer.html,players/J/Jackson_Archer.html,unchanged,,
https://www.draftguru.com.au/players/jackson_callow/1,accepted,,players/J/Jackson_Callow.html,players/J/Jackson_Callow.html,unchanged,,
https://www.draftguru.com.au/players/jackson_edwards/1,withheld,U-no-href,,,unchanged,,
https://www.draftguru.com.au/players/jackson_ferguson/1,accepted,,players/J/Jackson_Ferguson.html,players/J/Jackson_Ferguson.html,unchanged,,
https://www.draftguru.com.au/players/jackson_hately/1,accepted,,players/J/Jackson_Hately.html,players/J/Jackson_Hately.html,unchanged,,
https://www.draftguru.com.au/players/jackson_mead/1,accepted,,players/J/Jackson_Mead.html,players/J/Jackson_Mead.html,unchanged,,
https://www.draftguru.com.au/players/jackson_merrett/1,accepted,,players/J/Jackson_Merrett.html,players/J/Jackson_Merrett.html,unchanged,,
https://www.draftguru.com.au/players/jackson_nelson/1,accepted,,players/J/Jackson_Nelson.html,players/J/Jackson_Nelson.html,unchanged,,
https://www.draftguru.com.au/players/jackson_paine/1,accepted,,players/J/Jackson_Paine.html,players/J/Jackson_Paine.html,unchanged,,
https://www.draftguru.com.au/players/jackson_ramsay/1,accepted,,players/J/Jackson_Ramsay.html,players/J/Jackson_Ramsay.html,unchanged,,
https://www.draftguru.com.au/players/jackson_ross/1,withheld,U-no-href,,,unchanged,,
https://www.draftguru.com.au/players/jackson_sheringham/1,accepted,,players/J/Jackson_Sheringham.html,players/J/Jackson_Sheringham.html,unchanged,,
https://www.draftguru.com.au/players/jackson_thurlow/1,accepted,,players/J/Jackson_Thurlow.html,players/J/Jackson_Thurlow.html,unchanged,,
https://www.draftguru.com.au/players/jackson_trengove/1,accepted,,players/J/Jackson_Trengove.html,players/J/Jackson_Trengove.html,unchanged,,
https://www.draftguru.com.au/players/jacob_allison/1,accepted,,players/J/Jacob_Allison.html,players/J/Jacob_Allison.html,unchanged,,
https://www.draftguru.com.au/players/jacob_anstey/1,accepted,,players/J/Jacob_Anstey.html,players/J/Jacob_Anstey.html,unchanged,,
https://www.draftguru.com.au/players/jacob_ballard/1,accepted,,players/J/Jacob_Ballard.html,players/J/Jacob_Ballard.html,unchanged,,
https://www.draftguru.com.au/players/jacob_bauer/1,accepted,,players/J/Jacob_Bauer.html,players/J/Jacob_Bauer.html,unchanged,,
https://www.draftguru.com.au/players/jacob_blight/1,accepted,,players/J/Jacob_Blight.html,players/J/Jacob_Blight.html,unchanged,,
https://www.draftguru.com.au/players/jacob_brennan/1,accepted,,players/J/Jacob_Brennan.html,players/J/Jacob_Brennan.html,unchanged,,
https://www.draftguru.com.au/players/jacob_dawson/1,accepted,,players/J/Jacob_Dawson.html,players/J/Jacob_Dawson.html,unchanged,,
https://www.draftguru.com.au/players/jacob_edwards/1,withheld,U-no-href,,,unchanged,,
https://www.draftguru.com.au/players/jacob_farrow/1,accepted,,players/J/Jacob_Farrow.html,players/J/Jacob_Farrow.html,unchanged,,
https://www.draftguru.com.au/players/jacob_gillbee/1,accepted,,players/J/Jacob_Gillbee.html,players/J/Jacob_Gillbee.html,unchanged,,
https://www.draftguru.com.au/players/jacob_heron/1,accepted,,players/J/Jacob_Heron.html,players/J/Jacob_Heron.html,unchanged,,
https://www.draftguru.com.au/players/jacob_hopper/1,accepted,,players/J/Jacob_Hopper.html,players/J/Jacob_Hopper.html,unchanged,,
https://www.draftguru.com.au/players/jacob_kennerley/1,withheld,U-no-href,,,unchanged,,
https://www.draftguru.com.au/players/jacob_konstanty/1,accepted,,players/J/Jacob_Konstanty.html,players/J/Jacob_Konstanty.html,unchanged,,
https://www.draftguru.com.au/players/jacob_koschitzke/1,accepted,,players/J/Jacob_Koschitzke.html,players/J/Jacob_Koschitzke.html,unchanged,,
https://www.draftguru.com.au/players/jacob_molier/1,withheld,U-no-href,,,unchanged,,
https://www.draftguru.com.au/players/jacob_moss/1,withheld,U-no-href,,,unchanged,,
https://www.draftguru.com.au/players/jacob_newton/1,accepted,,players/J/Jacob_Newton.html,players/J/Jacob_Newton.html,unchanged,,
https://www.draftguru.com.au/players/jacob_rhodes/1,withheld,U-no-href,,,unchanged,,
https://www.draftguru.com.au/players/jacob_schuback/1,accepted,,players/J/Jacob_Schuback.html,players/J/Jacob_Schuback.html,unchanged,,
https://www.draftguru.com.au/players/jacob_surjan/1,accepted,,players/J/Jacob_Surjan.html,players/J/Jacob_Surjan.html,unchanged,,
https://www.draftguru.com.au/players/jacob_townsend/1,accepted,,players/J/Jacob_Townsend.html,players/J/Jacob_Townsend.html,unchanged,,
https://www.draftguru.com.au/players/jacob_van%20rooyen/1,accepted,,players/J/Jacob_van_Rooyen.html,players/J/Jacob_van_Rooyen.html,unchanged,,
https://www.draftguru.com.au/players/jacob_wehr/1,accepted,,players/J/Jacob_Wehr.html,players/J/Jacob_Wehr.html,unchanged,,
https://www.draftguru.com.au/players/jacob_weitering/1,accepted,,players/J/Jacob_Weitering.html,players/J/Jacob_Weitering.html,unchanged,,
https://www.draftguru.com.au/players/jade_gresham/1,accepted,,players/J/Jade_Gresham.html,players/J/Jade_Gresham.html,unchanged,,
https://www.draftguru.com.au/players/jade_rawlings/1,accepted,,players/J/Jade_Rawlings.html,players/J/Jade_Rawlings.html,unchanged,,
https://www.draftguru.com.au/players/jaden_mcgrath/1,accepted,,players/J/Jaden_McGrath.html,players/J/Jaden_McGrath.html,unchanged,,
https://www.draftguru.com.au/players/jaeger_o'meara/1,accepted,,players/J/Jaeger_OMeara.html,players/J/Jaeger_OMeara.html,unchanged,,
https://www.draftguru.com.au/players/jagga_smith/1,accepted,,players/J/Jagga_Smith.html,players/J/Jagga_Smith.html,unchanged,,
https://www.draftguru.com.au/players/jai_culley/1,accepted,,players/J/Jai_Culley.html,players/J/Jai_Culley.html,unchanged,,
https://www.draftguru.com.au/players/jai_murray/1,accepted,,players/J/Jai_Murray.html,players/J/Jai_Murray.html,unchanged,,
https://www.draftguru.com.au/players/jai_newcombe/1,accepted,,players/J/Jai_Newcombe.html,players/J/Jai_Newcombe.html,unchanged,,
https://www.draftguru.com.au/players/jai_saxena/1,withheld,U-no-href,,,unchanged,,
https://www.draftguru.com.au/players/jai_serong/1,accepted,,players/J/Jai_Serong.html,players/J/Jai_Serong.html,unchanged,,
https://www.draftguru.com.au/players/jai_sheahan/1,withheld,U-no-href,,,unchanged,,
https://www.draftguru.com.au/players/jaiden_hunter/1,withheld,U-no-href,,,unchanged,,
https://www.draftguru.com.au/players/jaiden_magor/1,withheld,U-no-href,,,unchanged,,
https://www.draftguru.com.au/players/jaidyn_stephenson/1,accepted,,players/J/Jaidyn_Stephenson.html,players/J/Jaidyn_Stephenson.html,unchanged,,
https://www.draftguru.com.au/players/jaime_uhr-henry/1,withheld,U-no-href,,,unchanged,,
https://www.draftguru.com.au/players/jake_aarts/1,accepted,,players/J/Jake_Aarts.html,players/J/Jake_Aarts.html,unchanged,,
https://www.draftguru.com.au/players/jake_barrett/1,accepted,,players/J/Jake_Barrett.html,players/J/Jake_Barrett.html,unchanged,,
https://www.draftguru.com.au/players/jake_batchelor/1,accepted,,players/J/Jake_Batchelor.html,players/J/Jake_Batchelor.html,unchanged,,
https://www.draftguru.com.au/players/jake_bowey/1,accepted,,players/J/Jake_Bowey.html,players/J/Jake_Bowey.html,unchanged,,
https://www.draftguru.com.au/players/jake_brown/1,withheld,U-no-href,,,unchanged,,
https://www.draftguru.com.au/players/jake_carlisle/1,accepted,,players/J/Jake_Carlisle.html,players/J/Jake_Carlisle.html,unchanged,,
https://www.draftguru.com.au/players/jake_crawford/1,withheld,U-no-href,,,unchanged,,
https://www.draftguru.com.au/players/jake_edwards/1,accepted,,players/J/Jake_Edwards.html,players/J/Jake_Edwards.html,unchanged,,
https://www.draftguru.com.au/players/jake_furfaro/1,withheld,U-no-href,,,unchanged,,
https://www.draftguru.com.au/players/jake_kelly/1,accepted,,players/J/Jake_Kelly.html,players/J/Jake_Kelly.html,unchanged,,
https://www.draftguru.com.au/players/jake_king/1,accepted,,players/J/Jake_King.html,players/J/Jake_King.html,unchanged,,
https://www.draftguru.com.au/players/jake_kolodjashnij/1,accepted,,players/J/Jake_Kolodjashnij.html,players/J/Jake_Kolodjashnij.html,unchanged,,
https://www.draftguru.com.au/players/jake_lever/1,accepted,,players/J/Jake_Lever.html,players/J/Jake_Lever.html,unchanged,,
https://www.draftguru.com.au/players/jake_lloyd/1,accepted,,players/J/Jake_Lloyd.html,players/J/Jake_Lloyd.html,unchanged,,
https://www.draftguru.com.au/players/jake_long/1,accepted,,players/J/Jake_Long.html,players/J/Jake_Long.html,unchanged,,
https://www.draftguru.com.au/players/jake_lynch/1,withheld,U-no-href,,,unchanged,,
https://www.draftguru.com.au/players/jake_melksham/1,accepted,,players/J/Jake_Melksham.html,players/J/Jake_Melksham.html,unchanged,,
https://www.draftguru.com.au/players/jake_neade/1,accepted,,players/J/Jake_Neade.html,players/J/Jake_Neade.html,unchanged,,
https://www.draftguru.com.au/players/jake_orreal/1,withheld,U-no-href,,,unchanged,,
https://www.draftguru.com.au/players/jake_pasini/1,withheld,U-no-href,,,unchanged,,
https://www.draftguru.com.au/players/jake_patmore/1,withheld,U-no-href,,,unchanged,,
https://www.draftguru.com.au/players/jake_riccardi/1,accepted,,players/J/Jake_Riccardi.html,players/J/Jake_Riccardi.html,unchanged,,
https://www.draftguru.com.au/players/jake_rogers/1,accepted,,players/J/Jake_Rogers.html,players/J/Jake_Rogers.html,unchanged,,
https://www.draftguru.com.au/players/jake_soligo/1,accepted,,players/J/Jake_Soligo.html,players/J/Jake_Soligo.html,unchanged,,
https://www.draftguru.com.au/players/jake_spencer/1,accepted,,players/J/Jake_Spencer.html,players/J/Jake_Spencer.html,unchanged,,
https://www.draftguru.com.au/players/jake_stein/1,accepted,,players/J/Jake_Stein.html,players/J/Jake_Stein.html,unchanged,,
https://www.draftguru.com.au/players/jake_stringer/1,accepted,,players/J/Jake_Stringer.html,players/J/Jake_Stringer.html,confirmed,agree,audit
https://www.draftguru.com.au/players/jake_tarca/1,withheld,U-no-href,,,unchanged,,
https://www.draftguru.com.au/players/jake_von%20bertouch/1,withheld,U-no-href,,,unchanged,,
https://www.draftguru.com.au/players/jake_waterman/1,accepted,,players/J/Jake_Waterman.html,players/J/Jake_Waterman.html,unchanged,,
https://www.draftguru.com.au/players/jakob_ryan/1,accepted,,players/J/Jakob_Ryan.html,players/J/Jakob_Ryan.html,unchanged,,
https://www.draftguru.com.au/players/jamaine_jones/1,accepted,,players/J/Jamaine_Jones.html,players/J/Jamaine_Jones.html,unchanged,,
https://www.draftguru.com.au/players/jamarra_ugle-hagan/1,accepted,,players/J/Jamarra_Ugle-Hagan.html,players/J/Jamarra_Ugle-Hagan.html,confirmed,agree,audit
https://www.draftguru.com.au/players/jamason_daniels/1,withheld,U-no-href,,,unchanged,,
https://www.draftguru.com.au/players/james_aish/1,accepted,,players/J/James_Aish.html,players/J/James_Aish.html,unchanged,,
https://www.draftguru.com.au/players/james_allan/1,withheld,U-no-href,,,unchanged,,
https://www.draftguru.com.au/players/james_barrat/1,withheld,U-no-href,,,unchanged,,
https://www.draftguru.com.au/players/james_battersby/1,withheld,U-no-href,,,unchanged,,
https://www.draftguru.com.au/players/james_begley/1,accepted,,players/J/James_Begley.html,players/J/James_Begley.html,unchanged,,
https://www.draftguru.com.au/players/james_bell/1,accepted,,players/J/James_Bell.html,players/J/James_Bell.html,unchanged,,
https://www.draftguru.com.au/players/james_billington/1,withheld,U-no-href,,,unchanged,,
https://www.draftguru.com.au/players/james_blanck/1,accepted,,players/J/James_Blanck.html,players/J/James_Blanck.html,unchanged,,
https://www.draftguru.com.au/players/james_borlase/1,accepted,,players/J/James_Borlase.html,players/J/James_Borlase.html,unchanged,,
https://www.draftguru.com.au/players/james_byrne/1,accepted,,players/J/James_Byrne.html,players/J/James_Byrne.html,unchanged,,
https://www.draftguru.com.au/players/james_clement/1,accepted,,players/J/James_Clement.html,players/J/James_Clement.html,unchanged,,
https://www.draftguru.com.au/players/james_condos/1,withheld,U-no-href,,,unchanged,,
https://www.draftguru.com.au/players/james_cook/1,accepted,,players/J/James_Cook.html,players/J/James_Cook.html,unchanged,,
https://www.draftguru.com.au/players/james_cousins/1,accepted,,players/J/James_Cousins.html,players/J/James_Cousins.html,unchanged,,
https://www.draftguru.com.au/players/james_craig/1,withheld,U-no-href,,,unchanged,,
https://www.draftguru.com.au/players/james_davies/1,accepted,,players/J/James_Davies.html,players/J/James_Davies.html,unchanged,,
https://www.draftguru.com.au/players/james_ezard/1,accepted,,players/J/James_Ezard.html,players/J/James_Ezard.html,unchanged,,
https://www.draftguru.com.au/players/james_frawley/1,accepted,,players/J/James_Frawley.html,players/J/James_Frawley.html,unchanged,,
https://www.draftguru.com.au/players/james_gallagher/1,accepted,,players/J/James_Gallagher.html,players/J/James_Gallagher.html,unchanged,,
https://www.draftguru.com.au/players/james_gowans/1,accepted,,players/J/James_Gowans.html,players/J/James_Gowans.html,unchanged,,
https://www.draftguru.com.au/players/james_gwilt/1,accepted,,players/J/James_Gwilt.html,players/J/James_Gwilt.html,unchanged,,
https://www.draftguru.com.au/players/james_harmes/1,accepted,,players/J/James_Harmes.html,players/J/James_Harmes.html,unchanged,,
https://www.draftguru.com.au/players/james_hawksley/1,accepted,,players/J/James_Hawksley.html,players/J/James_Hawksley.html,unchanged,,
https://www.draftguru.com.au/players/james_hird/1,accepted,,players/J/James_Hird.html,players/J/James_Hird.html,unchanged,,
https://www.draftguru.com.au/players/james_jordon/1,accepted,,players/J/James_Jordon.html,players/J/James_Jordon.html,unchanged,,
https://www.draftguru.com.au/players/james_kelly/1,accepted,,players/J/James_Kelly.html,players/J/James_Kelly.html,unchanged,,
https://www.draftguru.com.au/players/james_leake/1,accepted,,players/J/James_Leake.html,players/J/James_Leake.html,unchanged,,
https://www.draftguru.com.au/players/james_little/1,withheld,U-no-href,,,unchanged,,
https://www.draftguru.com.au/players/james_madden/1,accepted,,players/J/James_Madden.html,players/J/James_Madden.html,unchanged,,
https://www.draftguru.com.au/players/james_magner/1,accepted,,players/J/James_Magner.html,players/J/James_Magner.html,unchanged,,
https://www.draftguru.com.au/players/james_manson/1,accepted,,players/J/James_Manson.html,players/J/James_Manson.html,unchanged,,
https://www.draftguru.com.au/players/james_mcdonald/1,accepted,,players/J/James_McDonald.html,players/J/James_McDonald.html,unchanged,,
https://www.draftguru.com.au/players/james_mclure/1,accepted,,players/J/James_McLure.html,players/J/James_McLure.html,unchanged,,
https://www.draftguru.com.au/players/james_meiklejohn/1,accepted,,players/J/James_Meiklejohn.html,players/J/James_Meiklejohn.html,unchanged,,
https://www.draftguru.com.au/players/james_moss/1,withheld,U-no-href,,,unchanged,,
https://www.draftguru.com.au/players/james_mulligan/1,accepted,,players/J/James_Mulligan.html,players/J/James_Mulligan.html,unchanged,,
https://www.draftguru.com.au/players/james_o'donnell/2,accepted,,players/J/James_ODonnell.html,players/J/James_ODonnell.html,unchanged,,
https://www.draftguru.com.au/players/james_parsons/1,accepted,,players/J/James_Parsons.html,players/J/James_Parsons.html,unchanged,,
https://www.draftguru.com.au/players/james_peatling/1,accepted,,players/J/James_Peatling.html,players/J/James_Peatling.html,unchanged,,
https://www.draftguru.com.au/players/james_podsiadly/1,accepted,,players/J/James_Podsiadly.html,players/J/James_Podsiadly.html,unchanged,,
https://www.draftguru.com.au/players/james_polkinghorne/1,accepted,,players/J/James_Polkinghorne.html,players/J/James_Polkinghorne.html,unchanged,,
https://www.draftguru.com.au/players/james_pyke/1,withheld,U-no-href,,,unchanged,,
https://www.draftguru.com.au/players/james_rahilly/1,accepted,,players/J/James_Rahilly.html,players/J/James_Rahilly.html,unchanged,,
https://www.draftguru.com.au/players/james_rose/1,accepted,,players/J/James_Rose.html,players/J/James_Rose.html,unchanged,,
https://www.draftguru.com.au/players/james_rowbottom/1,accepted,,players/J/James_Rowbottom.html,players/J/James_Rowbottom.html,unchanged,,
https://www.draftguru.com.au/players/james_rowe/1,accepted,,players/J/James_Rowe.html,players/J/James_Rowe.html,unchanged,,
https://www.draftguru.com.au/players/james_saywell/1,withheld,U-no-href,,,unchanged,,
https://www.draftguru.com.au/players/james_sellar/1,accepted,,players/J/James_Sellar.html,players/J/James_Sellar.html,unchanged,,
https://www.draftguru.com.au/players/james_sicily/1,accepted,,players/J/James_Sicily.html,players/J/James_Sicily.html,unchanged,,
https://www.draftguru.com.au/players/james_stewart/1,accepted,,players/J/James_Stewart.html,players/J/James_Stewart.html,unchanged,,
https://www.draftguru.com.au/players/james_strauss/1,accepted,,players/J/James_Strauss.html,players/J/James_Strauss.html,unchanged,,
https://www.draftguru.com.au/players/james_thiessen/1,accepted,,players/J/James_Thiessen.html,players/J/James_Thiessen.html,unchanged,,
https://www.draftguru.com.au/players/james_thomson/1,withheld,U-no-href,,,unchanged,,
https://www.draftguru.com.au/players/james_tomkins/1,withheld,U-no-href,,,unchanged,,
https://www.draftguru.com.au/players/james_toohey/1,withheld,U-no-href,,,unchanged,,
https://www.draftguru.com.au/players/james_trezise/1,accepted,,players/J/James_Trezise.html,players/J/James_Trezise.html,unchanged,,
https://www.draftguru.com.au/players/james_tsitas/1,accepted,,players/J/James_Tsitas.html,players/J/James_Tsitas.html,unchanged,,
https://www.draftguru.com.au/players/james_tunstill/1,accepted,,players/J/James_Tunstill.html,players/J/James_Tunstill.html,unchanged,,
https://www.draftguru.com.au/players/james_turner/1,withheld,U-no-href,,,unchanged,,
https://www.draftguru.com.au/players/james_van%20es/1,withheld,U-no-href,,,unchanged,,
https://www.draftguru.com.au/players/james_walker/1,accepted,,players/J/James_Walker.html,players/J/James_Walker.html,unchanged,,
https://www.draftguru.com.au/players/james_wall/1,withheld,U-no-href,,,unchanged,,
https://www.draftguru.com.au/players/james_wasley/1,accepted,,players/J/James_Wasley.html,players/J/James_Wasley.html,unchanged,,
https://www.draftguru.com.au/players/james_webster/1,withheld,U-no-href,,,unchanged,,
https://www.draftguru.com.au/players/james_weeding/1,withheld,U-no-href,,,unchanged,,
https://www.draftguru.com.au/players/james_white/1,accepted,,players/J/James_White.html,players/J/James_White.html,unchanged,,
https://www.draftguru.com.au/players/james_willis/1,withheld,U-no-href,,,unchanged,,
https://www.draftguru.com.au/players/james_wilsen/1,withheld,U-no-href,,,unchanged,,
https://www.draftguru.com.au/players/james_worpel/1,accepted,,players/J/James_Worpel.html,players/J/James_Worpel.html,unchanged,,
https://www.draftguru.com.au/players/jamie_bennell/1,accepted,,players/J/Jamie_Bennell.html,players/J/Jamie_Bennell.html,unchanged,,
https://www.draftguru.com.au/players/jamie_bond/1,accepted,,players/J/Jamie_Bond.html,players/J/Jamie_Bond.html,unchanged,,
https://www.draftguru.com.au/players/jamie_cann/1,withheld,U-no-href,,,unchanged,,
https://www.draftguru.com.au/players/jamie_charman/1,accepted,,players/J/Jamie_Charman.html,players/J/Jamie_Charman.html,unchanged,,
https://www.draftguru.com.au/players/jamie_cox/1,withheld,U-no-href,,,unchanged,,
https://www.draftguru.com.au/players/jamie_cripps/1,accepted,,players/J/Jamie_Cripps.html,players/J/Jamie_Cripps.html,unchanged,,
https://www.draftguru.com.au/players/jamie_elliott/1,accepted,,players/J/Jamie_Elliott0.html,players/J/Jamie_Elliott0.html,unchanged,,
https://www.draftguru.com.au/players/jamie_elliott/2,accepted,,players/J/Jamie_Elliott1.html,players/J/Jamie_Elliott1.html,unchanged,,
https://www.draftguru.com.au/players/jamie_grant/1,accepted,,players/J/Jamie_Grant.html,players/J/Jamie_Grant.html,unchanged,,
https://www.draftguru.com.au/players/jamie_keane/1,withheld,U-no-href,,,unchanged,,
https://www.draftguru.com.au/players/jamie_lamb/1,accepted,,players/J/Jamie_Lamb.html,players/J/Jamie_Lamb.html,unchanged,,
https://www.draftguru.com.au/players/jamie_macmillan/1,accepted,,players/J/Jamie_Macmillan.html,players/J/Jamie_Macmillan.html,unchanged,,
https://www.draftguru.com.au/players/jamie_madigan/1,withheld,U-no-href,,,unchanged,,
https://www.draftguru.com.au/players/jamie_mcnamara/1,accepted,,players/J/Jamie_McNamara.html,players/J/Jamie_McNamara.html,unchanged,,
https://www.draftguru.com.au/players/jamie_merillo/1,accepted,,players/J/Jamie_Merillo.html,players/J/Jamie_Merillo.html,unchanged,,
https://www.draftguru.com.au/players/jamie_o'reilly/1,accepted,,players/J/Jamie_OReilly.html,players/J/Jamie_OReilly.html,unchanged,,
https://www.draftguru.com.au/players/jamie_rundle/1,withheld,U-no-href,,,unchanged,,
https://www.draftguru.com.au/players/jamie_shanahan/1,accepted,,players/J/Jamie_Shanahan.html,players/J/Jamie_Shanahan.html,unchanged,,
https://www.draftguru.com.au/players/jamie_tape/1,accepted,,players/J/Jamie_Tape.html,players/J/Jamie_Tape.html,unchanged,,
https://www.draftguru.com.au/players/jared_brennan/1,accepted,,players/J/Jared_Brennan.html,players/J/Jared_Brennan.html,unchanged,,
https://www.draftguru.com.au/players/jared_crouch/1,accepted,,players/J/Jared_Crouch.html,players/J/Jared_Crouch.html,unchanged,,
https://www.draftguru.com.au/players/jared_hardisty/1,withheld,U-no-href,,,unchanged,,
https://www.draftguru.com.au/players/jared_petrenko/1,accepted,,players/J/Jared_Petrenko.html,players/J/Jared_Petrenko.html,unchanged,,
https://www.draftguru.com.au/players/jared_polec/1,accepted,,players/J/Jared_Polec.html,players/J/Jared_Polec.html,unchanged,,
https://www.draftguru.com.au/players/jared_poulton/1,accepted,,players/J/Jared_Poulton.html,players/J/Jared_Poulton.html,unchanged,,
https://www.draftguru.com.au/players/jared_rivers/1,accepted,,players/J/Jared_Rivers.html,players/J/Jared_Rivers.html,unchanged,,
https://www.draftguru.com.au/players/jaren_carr/1,withheld,U-no-href,,,unchanged,,
https://www.draftguru.com.au/players/jarman_impey/1,accepted,,players/J/Jarman_Impey.html,players/J/Jarman_Impey.html,unchanged,,
https://www.draftguru.com.au/players/jarrad_blight/1,withheld,U-no-href,,,unchanged,,
https://www.draftguru.com.au/players/jarrad_boumann/1,accepted,,players/J/Jarrad_Boumann.html,players/J/Jarrad_Boumann.html,unchanged,,
https://www.draftguru.com.au/players/jarrad_grant/1,accepted,,players/J/Jarrad_Grant.html,players/J/Jarrad_Grant.html,unchanged,,
https://www.draftguru.com.au/players/jarrad_irons/1,accepted,,players/J/Jarrad_Irons.html,players/J/Jarrad_Irons.html,unchanged,,
https://www.draftguru.com.au/players/jarrad_jansen/1,accepted,,players/J/Jarrad_Jansen.html,players/J/Jarrad_Jansen.html,unchanged,,
https://www.draftguru.com.au/players/jarrad_mcveigh/1,accepted,,players/J/Jarrad_McVeigh.html,players/J/Jarrad_McVeigh.html,confirmed,agree,audit
https://www.draftguru.com.au/players/jarrad_oakley-nicholls/1,accepted,,players/J/Jarrad_Oakley-Nicholls.html,players/J/Jarrad_Oakley-Nicholls.html,unchanged,,
https://www.draftguru.com.au/players/jarrad_redden/1,accepted,,players/J/Jarrad_Redden.html,players/J/Jarrad_Redden.html,unchanged,,
https://www.draftguru.com.au/players/jarrad_schofield/1,accepted,,players/J/Jarrad_Schofield.html,players/J/Jarrad_Schofield.html,unchanged,,
https://www.draftguru.com.au/players/jarrad_sundqvist/1,accepted,,players/J/Jarrad_Sundqvist.html,players/J/Jarrad_Sundqvist.html,unchanged,,
https://www.draftguru.com.au/players/jarrad_waite/1,accepted,,players/J/Jarrad_Waite.html,players/J/Jarrad_Waite.html,unchanged,,
https://www.draftguru.com.au/players/jarrad_wright/1,withheld,U-no-href,,,unchanged,,
https://www.draftguru.com.au/players/jarred_ellis/1,withheld,U-no-href,,,unchanged,,
https://www.draftguru.com.au/players/jarred_moore/1,accepted,,players/J/Jarred_Moore.html,players/J/Jarred_Moore.html,unchanged,,
https://www.draftguru.com.au/players/jarrhan_jacky/1,accepted,,players/J/Jarrhan_Jacky.html,players/J/Jarrhan_Jacky.html,unchanged,,
https://www.draftguru.com.au/players/jarrod_atkinson/1,accepted,,players/J/Jarrod_Atkinson.html,players/J/Jarrod_Atkinson.html,unchanged,,
https://www.draftguru.com.au/players/jarrod_berry/1,accepted,,players/J/Jarrod_Berry.html,players/J/Jarrod_Berry.html,unchanged,,
https://www.draftguru.com.au/players/jarrod_brander/1,accepted,,players/J/Jarrod_Brander.html,players/J/Jarrod_Brander.html,unchanged,,
https://www.draftguru.com.au/players/jarrod_cameron/1,accepted,,players/J/Jarrod_Cameron.html,players/J/Jarrod_Cameron.html,unchanged,,
https://www.draftguru.com.au/players/jarrod_carter/1,withheld,U-no-href,,,unchanged,,
https://www.draftguru.com.au/players/jarrod_cotton/1,accepted,,players/J/Jarrod_Cotton.html,players/J/Jarrod_Cotton.html,unchanged,,
https://www.draftguru.com.au/players/jarrod_garlett/1,accepted,,players/J/Jarrod_Garlett.html,players/J/Jarrod_Garlett.html,unchanged,,
https://www.draftguru.com.au/players/jarrod_garth/1,withheld,U-no-href,,,unchanged,,
https://www.draftguru.com.au/players/jarrod_harbrow/1,accepted,,players/J/Jarrod_Harbrow.html,players/J/Jarrod_Harbrow.html,unchanged,,
https://www.draftguru.com.au/players/jarrod_harding/1,withheld,U-no-href,,,unchanged,,
https://www.draftguru.com.au/players/jarrod_hocking/1,withheld,U-no-href,,,unchanged,,
https://www.draftguru.com.au/players/jarrod_kayler-thomson/1,accepted,,players/J/Jarrod_Kayler-Thomson.html,players/J/Jarrod_Kayler-Thomson.html,unchanged,,
https://www.draftguru.com.au/players/jarrod_lienert/1,accepted,,players/J/Jarrod_Lienert.html,players/J/Jarrod_Lienert.html,unchanged,,
https://www.draftguru.com.au/players/jarrod_molloy/1,accepted,,players/J/Jarrod_Molloy.html,players/J/Jarrod_Molloy.html,unchanged,,
https://www.draftguru.com.au/players/jarrod_pickett/1,accepted,,players/J/Jarrod_Pickett.html,players/J/Jarrod_Pickett.html,unchanged,,
https://www.draftguru.com.au/players/jarrod_silvester/1,accepted,,players/J/Jarrod_Silvester.html,players/J/Jarrod_Silvester.html,unchanged,,
https://www.draftguru.com.au/players/jarrod_twitt/1,withheld,U-no-href,,,unchanged,,
https://www.draftguru.com.au/players/jarrod_witts/1,accepted,,players/J/Jarrod_Witts.html,players/J/Jarrod_Witts.html,unchanged,,
https://www.draftguru.com.au/players/jarryd_allen/1,accepted,,players/J/Jarryd_Allen.html,players/J/Jarryd_Allen.html,unchanged,,
https://www.draftguru.com.au/players/jarryd_blair/1,accepted,,players/J/Jarryd_Blair.html,players/J/Jarryd_Blair.html,unchanged,,
https://www.draftguru.com.au/players/jarryd_lyons/1,accepted,,players/J/Jarryd_Lyons.html,players/J/Jarryd_Lyons.html,unchanged,,
https://www.draftguru.com.au/players/jarryd_morton/1,accepted,,players/J/Jarryd_Morton.html,players/J/Jarryd_Morton.html,unchanged,,
https://www.draftguru.com.au/players/jarryd_roughead/1,accepted,,players/J/Jarryd_Roughead.html,players/J/Jarryd_Roughead.html,unchanged,,
https://www.draftguru.com.au/players/jarryn_geary/1,accepted,,players/J/Jarryn_Geary.html,players/J/Jarryn_Geary.html,unchanged,,
https://www.draftguru.com.au/players/jarvis_pina/1,withheld,U-no-href,,,unchanged,,
https://www.draftguru.com.au/players/jaryd_cachia/1,accepted,,players/J/Jaryd_Cachia.html,players/J/Jaryd_Cachia.html,unchanged,,
https://www.draftguru.com.au/players/jase_burgoyne/1,accepted,,players/J/Jase_Burgoyne.html,players/J/Jase_Burgoyne.html,unchanged,,
https://www.draftguru.com.au/players/jason_akermanis/1,accepted,,players/J/Jason_Akermanis.html,players/J/Jason_Akermanis.html,unchanged,,
https://www.draftguru.com.au/players/jason_anthonisz/1,withheld,U-no-href,,,unchanged,,
https://www.draftguru.com.au/players/jason_ashby/1,accepted,,players/J/Jason_Ashby.html,players/J/Jason_Ashby.html,unchanged,,
https://www.draftguru.com.au/players/jason_baldwin/1,accepted,,players/J/Jason_Baldwin.html,players/J/Jason_Baldwin.html,unchanged,,
https://www.draftguru.com.au/players/jason_ball/1,accepted,,players/J/Jason_Ball.html,players/J/Jason_Ball.html,unchanged,,
https://www.draftguru.com.au/players/jason_bell/1,withheld,U-no-href,,,unchanged,,
https://www.draftguru.com.au/players/jason_bevan/1,accepted,,players/J/Jason_Bevan.html,players/J/Jason_Bevan.html,unchanged,,
https://www.draftguru.com.au/players/jason_blake/1,accepted,,players/J/Jason_Blake.html,players/J/Jason_Blake.html,unchanged,,
https://www.draftguru.com.au/players/jason_briggs/1,withheld,U-no-href,,,unchanged,,
https://www.draftguru.com.au/players/jason_carter/1,accepted,,players/J/Jason_Carter.html,players/J/Jason_Carter.html,unchanged,,
https://www.draftguru.com.au/players/jason_castagna/1,accepted,,players/J/Jason_Castagna.html,players/J/Jason_Castagna.html,unchanged,,
https://www.draftguru.com.au/players/jason_cloke/1,accepted,,players/J/Jason_Cloke.html,players/J/Jason_Cloke.html,unchanged,,
https://www.draftguru.com.au/players/jason_cripps/1,accepted,,players/J/Jason_Cripps.html,players/J/Jason_Cripps.html,unchanged,,
https://www.draftguru.com.au/players/jason_daniltchenko/1,accepted,,players/J/Jason_Daniltchenko.html,players/J/Jason_Daniltchenko.html,confirmed,same_person_valid_relisting,relisting
https://www.draftguru.com.au/players/jason_davenport/1,accepted,,players/J/Jason_Davenport.html,players/J/Jason_Davenport.html,unchanged,,
https://www.draftguru.com.au/players/jason_disney/1,withheld,U-no-href,,,unchanged,,
https://www.draftguru.com.au/players/jason_dullard/1,withheld,U-no-href,,,unchanged,,
https://www.draftguru.com.au/players/jason_dylan/1,withheld,U-no-href,,,unchanged,,
https://www.draftguru.com.au/players/jason_gibson/1,withheld,U-no-href,,,unchanged,,
https://www.draftguru.com.au/players/jason_gillbee/1,withheld,U-no-href,,,unchanged,,
https://www.draftguru.com.au/players/jason_gram/1,accepted,,players/J/Jason_Gram.html,players/J/Jason_Gram.html,unchanged,,
https://www.draftguru.com.au/players/jason_heath/1,withheld,U-no-href,,,unchanged,,
https://www.draftguru.com.au/players/jason_heatley/1,accepted,,players/J/Jason_Heatley.html,players/J/Jason_Heatley.html,unchanged,,
https://www.draftguru.com.au/players/jason_holmes/1,accepted,,players/J/Jason_Holmes.html,players/J/Jason_Holmes.html,unchanged,,
https://www.draftguru.com.au/players/jason_horne-francis/1,accepted,,players/J/Jason_Horne-Francis.html,players/J/Jason_Horne-Francis.html,unchanged,,
https://www.draftguru.com.au/players/jason_johannisen/1,accepted,,players/J/Jason_Johannisen.html,players/J/Jason_Johannisen.html,unchanged,,
https://www.draftguru.com.au/players/jason_johnson/1,accepted,,players/J/Jason_Johnson.html,players/J/Jason_Johnson.html,unchanged,,
https://www.draftguru.com.au/players/jason_jones/1,withheld,U-no-href,,,unchanged,,
https://www.draftguru.com.au/players/jason_lappin/1,withheld,U-no-href,,,unchanged,,
https://www.draftguru.com.au/players/jason_laycock/1,accepted,,players/J/Jason_Laycock.html,players/J/Jason_Laycock.html,unchanged,,
https://www.draftguru.com.au/players/jason_love/1,accepted,,players/J/Jason_Love.html,players/J/Jason_Love.html,unchanged,,
https://www.draftguru.com.au/players/jason_mccartney/1,accepted,,players/J/Jason_McCartney.html,players/J/Jason_McCartney.html,unchanged,,
https://www.draftguru.com.au/players/jason_mcpherson/1,withheld,U-no-href,,,unchanged,,
https://www.draftguru.com.au/players/jason_mifsud/1,withheld,U-no-href,,,unchanged,,
https://www.draftguru.com.au/players/jason_mooney/1,accepted,,players/J/Jason_Mooney.html,players/J/Jason_Mooney.html,unchanged,,
https://www.draftguru.com.au/players/jason_morton/1,withheld,U-no-href,,,unchanged,,
https://www.draftguru.com.au/players/jason_norrish/1,accepted,,players/J/Jason_Norrish.html,players/J/Jason_Norrish.html,unchanged,,
https://www.draftguru.com.au/players/jason_porplyzia/1,accepted,,players/J/Jason_Porplyzia.html,players/J/Jason_Porplyzia.html,unchanged,,
https://www.draftguru.com.au/players/jason_ramsey/1,accepted,,players/J/Jason_Ramsey.html,players/J/Jason_Ramsey.html,unchanged,,
https://www.draftguru.com.au/players/jason_roe/1,accepted,,players/J/Jason_Roe.html,players/J/Jason_Roe.html,unchanged,,
https://www.draftguru.com.au/players/jason_saddington/1,accepted,,players/J/Jason_Saddington.html,players/J/Jason_Saddington.html,unchanged,,
https://www.draftguru.com.au/players/jason_shields/1,withheld,U-no-href,,,unchanged,,
https://www.draftguru.com.au/players/jason_smith/1,accepted,,players/J/Jason_Smith.html,players/J/Jason_Smith.html,unchanged,,
https://www.draftguru.com.au/players/jason_snell/1,accepted,,players/J/Jason_Snell.html,players/J/Jason_Snell.html,unchanged,,
https://www.draftguru.com.au/players/jason_spinks/1,withheld,U-no-href,,,unchanged,,
https://www.draftguru.com.au/players/jason_taylor/1,accepted,,players/J/Jason_Taylor.html,players/J/Jason_Taylor.html,unchanged,,
https://www.draftguru.com.au/players/jason_torney/1,accepted,,players/J/Jason_Torney.html,players/J/Jason_Torney.html,unchanged,,
https://www.draftguru.com.au/players/jason_traianidis/1,accepted,,players/J/Jason_Traianidis.html,players/J/Jason_Traianidis.html,unchanged,,
https://www.draftguru.com.au/players/jason_tutt/1,accepted,,players/J/Jason_Tutt.html,players/J/Jason_Tutt.html,unchanged,,
https://www.draftguru.com.au/players/jason_walsgott/1,withheld,U-no-href,,,unchanged,,
https://www.draftguru.com.au/players/jason_watts/1,accepted,,players/J/Jason_Watts.html,players/J/Jason_Watts.html,unchanged,,
https://www.draftguru.com.au/players/jason_wild/1,accepted,,players/J/Jason_Wild.html,players/J/Jason_Wild.html,unchanged,,
https://www.draftguru.com.au/players/jason_williams/1,withheld,U-no-href,,,unchanged,,
https://www.draftguru.com.au/players/jason_winderlich/1,accepted,,players/J/Jason_Winderlich.html,players/J/Jason_Winderlich.html,unchanged,,
https://www.draftguru.com.au/players/jaspa_fletcher/1,accepted,,players/J/Jaspa_Fletcher.html,players/J/Jaspa_Fletcher.html,unchanged,,
https://www.draftguru.com.au/players/jasper_alger/1,accepted,,players/J/Jasper_Alger.html,players/J/Jasper_Alger.html,unchanged,,
https://www.draftguru.com.au/players/jasper_pittard/1,accepted,,players/J/Jasper_Pittard.html,players/J/Jasper_Pittard.html,unchanged,,
https://www.draftguru.com.au/players/jasper_scaife/1,withheld,U-no-href,,,unchanged,,
https://www.draftguru.com.au/players/jaxon_artemis/1,accepted,,players/J/Jaxon_Artemis.html,players/J/Jaxon_Artemis.html,unchanged,,
https://www.draftguru.com.au/players/jaxon_binns/1,accepted,,players/J/Jaxon_Binns.html,players/J/Jaxon_Binns.html,unchanged,,
https://www.draftguru.com.au/players/jaxon_crabb/1,accepted,,players/J/Jaxon_Crabb.html,players/J/Jaxon_Crabb.html,unchanged,,
https://www.draftguru.com.au/players/jaxon_prior/1,accepted,,players/J/Jaxon_Prior.html,players/J/Jaxon_Prior.html,unchanged,,
https://www.draftguru.com.au/players/jaxson_barham/1,accepted,,players/J/Jaxson_Barham.html,players/J/Jaxson_Barham.html,unchanged,,
https://www.draftguru.com.au/players/jay_burton/1,accepted,,players/J/Jay_Burton.html,players/J/Jay_Burton.html,unchanged,,
https://www.draftguru.com.au/players/jay_kennedy-harris/1,accepted,,players/J/Jay_Kennedy_Harris.html,players/J/Jay_Kennedy_Harris.html,unchanged,,
https://www.draftguru.com.au/players/jay_lever/1,withheld,U-no-href,,,unchanged,,
https://www.draftguru.com.au/players/jay_lockhart/1,accepted,,players/J/Jay_Lockhart.html,players/J/Jay_Lockhart.html,unchanged,,
https://www.draftguru.com.au/players/jay_nash/1,accepted,,players/J/Jay_Nash.html,players/J/Jay_Nash.html,unchanged,,
https://www.draftguru.com.au/players/jay_neagle/1,accepted,,players/J/Jay_Neagle.html,players/J/Jay_Neagle.html,unchanged,,
https://www.draftguru.com.au/players/jay_polkinghorne/1,accepted,,players/J/Jay_Polkinghorne.html,players/J/Jay_Polkinghorne.html,unchanged,,
https://www.draftguru.com.au/players/jay_rantall/1,accepted,,players/J/Jay_Rantall.html,players/J/Jay_Rantall.html,unchanged,,
https://www.draftguru.com.au/players/jay_schulz/1,accepted,,players/J/Jay_Schulz.html,players/J/Jay_Schulz.html,unchanged,,
https://www.draftguru.com.au/players/jay_solomon/1,withheld,U-no-href,,,unchanged,,
https://www.draftguru.com.au/players/jay_van%20berlo/1,accepted,,players/J/Jay_van_Berlo.html,players/J/Jay_van_Berlo.html,unchanged,,
https://www.draftguru.com.au/players/jay_viney/1,accepted,,players/J/Jay_Viney.html,players/J/Jay_Viney.html,unchanged,,
https://www.draftguru.com.au/players/jayden_attard/1,accepted,,players/J/Jayden_Attard.html,players/J/Jayden_Attard.html,unchanged,,
https://www.draftguru.com.au/players/jayden_davey/1,withheld,U-no-href,,,unchanged,,
https://www.draftguru.com.au/players/jayden_foster/1,withheld,U-no-href,,,unchanged,,
https://www.draftguru.com.au/players/jayden_hunt/1,accepted,,players/J/Jayden_Hunt.html,players/J/Jayden_Hunt.html,unchanged,,
https://www.draftguru.com.au/players/jayden_laverde/1,accepted,,players/J/Jayden_Laverde.html,players/J/Jayden_Laverde.html,unchanged,,
https://www.draftguru.com.au/players/jayden_nguyen/1,accepted,,players/J/Jayden_Nguyen.html,players/J/Jayden_Nguyen.html,unchanged,,
https://www.draftguru.com.au/players/jayden_pitt/1,accepted,,players/J/Jayden_Pitt.html,players/J/Jayden_Pitt.html,unchanged,,
https://www.draftguru.com.au/players/jayden_post/1,accepted,,players/J/Jayden_Post.html,players/J/Jayden_Post.html,unchanged,,
https://www.draftguru.com.au/players/jayden_schofield/1,accepted,,players/J/Jayden_Schofield.html,players/J/Jayden_Schofield.html,unchanged,,
https://www.draftguru.com.au/players/jayden_short/1,accepted,,players/J/Jayden_Short.html,players/J/Jayden_Short.html,unchanged,,
https://www.draftguru.com.au/players/jaymie_graham/1,accepted,,players/J/Jaymie_Graham.html,players/J/Jaymie_Graham.html,unchanged,,
https://www.draftguru.com.au/players/jayson_daniels/1,accepted,,players/J/Jayson_Daniels.html,players/J/Jayson_Daniels.html,unchanged,,
https://www.draftguru.com.au/players/jed_adams/1,accepted,,players/J/Jed_Adams.html,players/J/Jed_Adams.html,unchanged,,
https://www.draftguru.com.au/players/jed_adcock/1,accepted,,players/J/Jed_Adcock.html,players/J/Jed_Adcock.html,unchanged,,
https://www.draftguru.com.au/players/jed_anderson/1,accepted,,players/J/Jed_Anderson.html,players/J/Jed_Anderson.html,unchanged,,
https://www.draftguru.com.au/players/jed_bews/1,accepted,,players/J/Jed_Bews.html,players/J/Jed_Bews.html,unchanged,,
https://www.draftguru.com.au/players/jed_lamb/1,accepted,,players/J/Jed_Lamb.html,players/J/Jed_Lamb.html,unchanged,,
https://www.draftguru.com.au/players/jed_mcentee/1,accepted,,players/J/Jed_McEntee.html,players/J/Jed_McEntee.html,unchanged,,
https://www.draftguru.com.au/players/jed_walter/1,accepted,,players/J/Jed_Walter.html,players/J/Jed_Walter.html,unchanged,,
https://www.draftguru.com.au/players/jedd_busslinger/1,accepted,,players/J/Jedd_Busslinger.html,players/J/Jedd_Busslinger.html,unchanged,,
https://www.draftguru.com.au/players/jeff_bruce/1,accepted,,players/J/Jeff_Bruce.html,players/J/Jeff_Bruce.html,unchanged,,
https://www.draftguru.com.au/players/jeff_cooper/1,withheld,U-no-href,,,unchanged,,
https://www.draftguru.com.au/players/jeff_farmer/1,accepted,,players/J/Jeff_Farmer.html,players/J/Jeff_Farmer.html,unchanged,,
https://www.draftguru.com.au/players/jeff_garlett/1,accepted,,players/J/Jeff_Garlett.html,players/J/Jeff_Garlett.html,unchanged,,
https://www.draftguru.com.au/players/jeff_hilton/1,accepted,,players/J/Jeff_Hilton.html,players/J/Jeff_Hilton.html,unchanged,,
https://www.draftguru.com.au/players/jeff_hogg/1,accepted,,players/J/Jeff_Hogg.html,players/J/Jeff_Hogg.html,unchanged,,
https://www.draftguru.com.au/players/jeff_smith/1,withheld,U-no-href,,,unchanged,,
https://www.draftguru.com.au/players/jeff_white/1,accepted,,players/J/Jeff_White.html,players/J/Jeff_White.html,confirmed,agree,audit
https://www.draftguru.com.au/players/jeremy_cameron/1,accepted,,players/J/Jeremy_Cameron.html,players/J/Jeremy_Cameron.html,unchanged,,
https://www.draftguru.com.au/players/jeremy_clayton/1,accepted,,players/J/Jeremy_Clayton.html,players/J/Jeremy_Clayton.html,unchanged,,
https://www.draftguru.com.au/players/jeremy_crough/1,withheld,U-no-href,,,unchanged,,
https://www.draftguru.com.au/players/jeremy_dukes/1,withheld,U-no-href,,,unchanged,,
https://www.draftguru.com.au/players/jeremy_dyer/1,withheld,U-no-href,,,unchanged,,
https://www.draftguru.com.au/players/jeremy_finlayson/1,accepted,,players/J/Jeremy_Finlayson.html,players/J/Jeremy_Finlayson.html,unchanged,,
https://www.draftguru.com.au/players/jeremy_guard/1,accepted,,players/J/Jeremy_Guard.html,players/J/Jeremy_Guard.html,unchanged,,
https://www.draftguru.com.au/players/jeremy_howe/1,accepted,,players/J/Jeremy_Howe.html,players/J/Jeremy_Howe.html,unchanged,,
https://www.draftguru.com.au/players/jeremy_humm/1,accepted,,players/J/Jeremy_Humm.html,players/J/Jeremy_Humm.html,unchanged,,
https://www.draftguru.com.au/players/jeremy_jacques/1,withheld,U-no-href,,,unchanged,,
https://www.draftguru.com.au/players/jeremy_laidler/1,accepted,,players/J/Jeremy_Laidler.html,players/J/Jeremy_Laidler.html,unchanged,,
https://www.draftguru.com.au/players/jeremy_mcgovern/1,accepted,,players/J/Jeremy_McGovern.html,players/J/Jeremy_McGovern.html,unchanged,,
https://www.draftguru.com.au/players/jeremy_mcvay/1,withheld,U-no-href,,,unchanged,,
https://www.draftguru.com.au/players/jeremy_sharp/1,accepted,,players/J/Jeremy_Sharp.html,players/J/Jeremy_Sharp.html,unchanged,,
https://www.draftguru.com.au/players/jeremy_sharpen/1,withheld,U-no-href,,,unchanged,,
https://www.draftguru.com.au/players/jeremy_silcock/1,withheld,U-no-href,,,unchanged,,
https://www.draftguru.com.au/players/jeremy_smith/1,accepted,,players/J/Jeremy_Smith.html,players/J/Jeremy_Smith.html,unchanged,,
https://www.draftguru.com.au/players/jeremy_stiller/1,withheld,U-no-href,,,unchanged,,
https://www.draftguru.com.au/players/jeremy_taylor/1,accepted,,players/J/Jeremy_Taylor.html,players/J/Jeremy_Taylor.html,unchanged,,
https://www.draftguru.com.au/players/jermaine_miller-lewis/1,withheld,U-no-href,,,unchanged,,
https://www.draftguru.com.au/players/jeromey_webberley/1,accepted,,players/J/Jeromey_Webberley.html,players/J/Jeromey_Webberley.html,unchanged,,
https://www.draftguru.com.au/players/jess_sinclair/1,accepted,,players/J/Jess_Sinclair.html,players/J/Jess_Sinclair.html,unchanged,,
https://www.draftguru.com.au/players/jesse_crichton/1,accepted,,players/J/Jesse_Crichton.html,players/J/Jesse_Crichton.html,unchanged,,
https://www.draftguru.com.au/players/jesse_dattoli/1,accepted,,players/J/Jesse_Dattoli.html,players/J/Jesse_Dattoli.html,confirmed,agree,audit
https://www.draftguru.com.au/players/jesse_glass-mccasker/1,withheld,U-no-href,,,unchanged,,
https://www.draftguru.com.au/players/jesse_haberfield/1,withheld,U-no-href,,,unchanged,,
https://www.draftguru.com.au/players/jesse_hogan/1,accepted,,players/J/Jesse_Hogan.html,players/J/Jesse_Hogan.html,unchanged,,
https://www.draftguru.com.au/players/jesse_joyce/1,accepted,,players/J/Jesse_Joyce.html,players/J/Jesse_Joyce.html,unchanged,,
https://www.draftguru.com.au/players/jesse_laurie/1,withheld,U-no-href,,,unchanged,,
https://www.draftguru.com.au/players/jesse_lonergan/1,accepted,,players/J/Jesse_Lonergan.html,players/J/Jesse_Lonergan.html,unchanged,,
https://www.draftguru.com.au/players/jesse_mellor/1,withheld,U-no-href,,,unchanged,,
https://www.draftguru.com.au/players/jesse_motlop/1,accepted,,players/J/Jesse_Motlop.html,players/J/Jesse_Motlop.html,unchanged,,
https://www.draftguru.com.au/players/jesse_o'brien/1,accepted,,players/J/Jesse_OBrien.html,players/J/Jesse_OBrien.html,unchanged,,
https://www.draftguru.com.au/players/jesse_palmer/1,accepted,,players/J/Jesse_Palmer.html,players/J/Jesse_Palmer.html,unchanged,,
https://www.draftguru.com.au/players/jesse_smith/1,accepted,,players/J/Jesse_Smith1.html,players/J/Jesse_Smith1.html,unchanged,,
https://www.draftguru.com.au/players/jesse_smith/2,accepted,,players/J/Jesse_Smith0.html,players/J/Jesse_Smith0.html,unchanged,,
https://www.draftguru.com.au/players/jesse_stringer/1,accepted,,players/J/Jesse_Stringer.html,players/J/Jesse_Stringer.html,unchanged,,
https://www.draftguru.com.au/players/jesse_wells/1,withheld,U-no-href,,,unchanged,,
https://www.draftguru.com.au/players/jesse_white/1,accepted,,players/J/Jesse_White.html,players/J/Jesse_White.html,unchanged,,
https://www.draftguru.com.au/players/jevan_phillipou/1,withheld,U-no-href,,,unchanged,,
https://www.draftguru.com.au/players/jez_mclennan/1,withheld,U-no-href,,,unchanged,,
https://www.draftguru.com.au/players/jhye_clark/1,accepted,,players/J/Jhye_Clark.html,players/J/Jhye_Clark.html,unchanged,,
https://www.draftguru.com.au/players/jim_krakouer/1,accepted,,players/J/Jim_Krakouer.html,players/J/Jim_Krakouer.html,unchanged,,
https://www.draftguru.com.au/players/jim_plunkett/1,accepted,,players/J/Jim_Plunkett.html,players/J/Jim_Plunkett.html,unchanged,,
https://www.draftguru.com.au/players/jim_silvestro/1,accepted,,players/J/Jim_Silvestro.html,players/J/Jim_Silvestro.html,unchanged,,
https://www.draftguru.com.au/players/jim_west/1,accepted,,players/J/Jim_West.html,players/J/Jim_West.html,unchanged,,
https://www.draftguru.com.au/players/jimmi_savage/1,withheld,U-no-href,,,unchanged,,
https://www.draftguru.com.au/players/jimmy_bartel/1,accepted,,players/J/Jimmy_Bartel.html,players/J/Jimmy_Bartel.html,unchanged,,
https://www.draftguru.com.au/players/jimmy_toumpas/1,accepted,,players/J/Jimmy_Toumpas.html,players/J/Jimmy_Toumpas.html,unchanged,,
https://www.draftguru.com.au/players/jimmy_webster/1,accepted,,players/J/Jimmy_Webster.html,players/J/Jimmy_Webster.html,unchanged,,
https://www.draftguru.com.au/players/jobe_shanahan/1,accepted,,players/J/Jobe_Shanahan.html,players/J/Jobe_Shanahan.html,unchanged,,
https://www.draftguru.com.au/players/jobe_watson/1,accepted,,players/J/Jobe_Watson.html,players/J/Jobe_Watson.html,unchanged,,
https://www.draftguru.com.au/players/jock_cornell/1,withheld,U-no-href,,,unchanged,,
https://www.draftguru.com.au/players/jody_arnol/1,accepted,,players/J/Jody_Arnol.html,players/J/Jody_Arnol.html,unchanged,,
https://www.draftguru.com.au/players/joe_allen/1,withheld,U-no-href,,,unchanged,,
https://www.draftguru.com.au/players/joe_anderson/1,accepted,,players/J/Joe_Anderson.html,players/J/Joe_Anderson.html,unchanged,,
https://www.draftguru.com.au/players/joe_atley/1,accepted,,players/J/Joe_Atley.html,players/J/Joe_Atley.html,unchanged,,
https://www.draftguru.com.au/players/joe_berry/1,accepted,,players/J/Joe_Berry.html,players/J/Joe_Berry.html,unchanged,,
https://www.draftguru.com.au/players/joe_cormack/1,accepted,,players/J/Joe_Cormack.html,players/J/Joe_Cormack.html,unchanged,,
https://www.draftguru.com.au/players/joe_daniher/1,accepted,,players/J/Joe_Daniher.html,players/J/Joe_Daniher.html,unchanged,,
https://www.draftguru.com.au/players/joe_dare/1,withheld,U-no-href,,,unchanged,,
https://www.draftguru.com.au/players/joe_fonti/1,accepted,,players/J/Joe_Fonti.html,players/J/Joe_Fonti.html,unchanged,,
https://www.draftguru.com.au/players/joe_furphy/1,withheld,U-no-href,,,unchanged,,
https://www.draftguru.com.au/players/joe_krieger/1,withheld,U-no-href,,,unchanged,,
https://www.draftguru.com.au/players/joe_mclaren/1,accepted,,players/J/Joe_McLaren.html,players/J/Joe_McLaren.html,unchanged,,
https://www.draftguru.com.au/players/joe_pike/1,withheld,U-no-href,,,unchanged,,
https://www.draftguru.com.au/players/joe_richards/1,accepted,,players/J/Joe_Richards.html,players/J/Joe_Richards.html,unchanged,,
https://www.draftguru.com.au/players/joe_wilson/1,withheld,U-no-href,,,unchanged,,
https://www.draftguru.com.au/players/joel_amartey/1,accepted,,players/J/Joel_Amartey.html,players/J/Joel_Amartey.html,unchanged,,
https://www.draftguru.com.au/players/joel_bowden/1,accepted,,players/J/Joel_Bowden.html,players/J/Joel_Bowden.html,unchanged,,
https://www.draftguru.com.au/players/joel_campbell/1,withheld,U-no-href,,,unchanged,,
https://www.draftguru.com.au/players/joel_cochran/1,withheld,U-no-href,,,unchanged,,
https://www.draftguru.com.au/players/joel_corey/1,accepted,,players/J/Joel_Corey.html,players/J/Joel_Corey.html,unchanged,,
https://www.draftguru.com.au/players/joel_crocker/1,withheld,U-no-href,,,unchanged,,
https://www.draftguru.com.au/players/joel_duckworth/1,withheld,U-no-href,,,unchanged,,
https://www.draftguru.com.au/players/joel_fitzgerald/1,accepted,,players/J/Joel_Fitzgerald.html,players/J/Joel_Fitzgerald.html,unchanged,,
https://www.draftguru.com.au/players/joel_freijah/1,accepted,,players/J/Joel_Freijah.html,players/J/Joel_Freijah.html,unchanged,,
https://www.draftguru.com.au/players/joel_garner/1,accepted,,players/J/Joel_Garner.html,players/J/Joel_Garner.html,unchanged,,
https://www.draftguru.com.au/players/joel_hamling/1,accepted,,players/J/Joel_Hamling.html,players/J/Joel_Hamling.html,unchanged,,
https://www.draftguru.com.au/players/joel_houghton/1,withheld,U-no-href,,,unchanged,,
https://www.draftguru.com.au/players/joel_jeffrey/1,accepted,,players/J/Joel_Jeffrey.html,players/J/Joel_Jeffrey.html,unchanged,,
https://www.draftguru.com.au/players/joel_macdonald/1,accepted,,players/J/Joel_Macdonald.html,players/J/Joel_Macdonald.html,unchanged,,
https://www.draftguru.com.au/players/joel_mckay/1,accepted,,players/J/Joel_McKay.html,players/J/Joel_McKay.html,unchanged,,
https://www.draftguru.com.au/players/joel_patfull/1,accepted,,players/J/Joel_Patfull.html,players/J/Joel_Patfull.html,unchanged,,
https://www.draftguru.com.au/players/joel_perry/1,accepted,,players/J/Joel_Perry.html,players/J/Joel_Perry.html,unchanged,,
https://www.draftguru.com.au/players/joel_reynolds/1,accepted,,players/J/Joel_Reynolds.html,players/J/Joel_Reynolds.html,unchanged,,
https://www.draftguru.com.au/players/joel_saunders/1,withheld,U-no-href,,,unchanged,,
https://www.draftguru.com.au/players/joel_selwood/1,accepted,,players/J/Joel_Selwood.html,players/J/Joel_Selwood.html,unchanged,,
https://www.draftguru.com.au/players/joel_smith/1,accepted,,players/J/Joel_Smith0.html,players/J/Joel_Smith.html,corrected,approve_manual_curation,discrepancy
https://www.draftguru.com.au/players/joel_smith/2,accepted,,players/J/Joel_Smith1.html,players/J/Joel_Smith1.html,unchanged,,
https://www.draftguru.com.au/players/joel_tippett/1,accepted,,players/J/Joel_Tippett.html,players/J/Joel_Tippett.html,unchanged,,
https://www.draftguru.com.au/players/joel_western/1,accepted,,players/J/Joel_Western.html,players/J/Joel_Western.html,unchanged,,
https://www.draftguru.com.au/players/joel_wilkinson/1,accepted,,players/J/Joel_Wilkinson.html,players/J/Joel_Wilkinson.html,unchanged,,
https://www.draftguru.com.au/players/johann_wagner/1,withheld,U-no-href,,,unchanged,,
https://www.draftguru.com.au/players/john_ahern/1,accepted,,players/J/John_Ahern.html,players/J/John_Ahern.html,confirmed,same_person_valid_relisting,relisting
https://www.draftguru.com.au/players/john_anthony/2,accepted,,players/J/John_Anthony1.html,players/J/John_Anthony1.html,unchanged,,
https://www.draftguru.com.au/players/john_baird/1,accepted,,players/J/John_Baird.html,players/J/John_Baird.html,unchanged,,
https://www.draftguru.com.au/players/john_barker/1,accepted,,players/J/John_Barker.html,players/J/John_Barker.html,unchanged,,
https://www.draftguru.com.au/players/john_barnes/1,accepted,,players/J/John_Barnes.html,players/J/John_Barnes.html,unchanged,,
https://www.draftguru.com.au/players/john_barnett/1,accepted,,players/J/John_Barnett.html,players/J/John_Barnett.html,unchanged,,
https://www.draftguru.com.au/players/john_bingham/1,withheld,U-no-href,,,unchanged,,
https://www.draftguru.com.au/players/john_blakey/1,accepted,,players/J/John_Blakey.html,players/J/John_Blakey.html,unchanged,,
https://www.draftguru.com.au/players/john_brinkkotter/1,accepted,,players/J/John_Brinkkotter.html,players/J/John_Brinkkotter.html,unchanged,,
https://www.draftguru.com.au/players/john_brunner/1,withheld,U-no-href,,,unchanged,,
https://www.draftguru.com.au/players/john_butcher/1,accepted,,players/J/John_Butcher.html,players/J/John_Butcher.html,unchanged,,
https://www.draftguru.com.au/players/john_carroll/1,withheld,U-no-href,,,unchanged,,
https://www.draftguru.com.au/players/john_cook/1,withheld,U-no-href,,,unchanged,,
https://www.draftguru.com.au/players/john_cunningham/2,accepted,,players/J/John_Cunningham0.html,players/J/John_Cunningham0.html,unchanged,,
https://www.draftguru.com.au/players/john_fidge/1,accepted,,players/J/John_Fidge.html,players/J/John_Fidge.html,confirmed,same_person_valid_relisting,relisting
https://www.draftguru.com.au/players/john_gastev/1,accepted,,players/J/John_Gastev.html,players/J/John_Gastev.html,unchanged,,
https://www.draftguru.com.au/players/john_georgiades/1,accepted,,players/J/John_Georgiades.html,players/J/John_Georgiades.html,unchanged,,
https://www.draftguru.com.au/players/john_heslin/1,withheld,U-no-href,,,unchanged,,
https://www.draftguru.com.au/players/john_hinge/1,accepted,,players/J/John_Hinge.html,players/J/John_Hinge.html,unchanged,,
https://www.draftguru.com.au/players/john_howat/1,accepted,,players/J/John_Howat.html,players/J/John_Howat.html,unchanged,,
https://www.draftguru.com.au/players/john_hutton/1,accepted,,players/J/John_Hutton.html,players/J/John_Hutton.html,unchanged,,
https://www.draftguru.com.au/players/john_hynes/1,accepted,,players/J/John_Hynes.html,players/J/John_Hynes.html,unchanged,,
https://www.draftguru.com.au/players/john_kennedy/3,withheld,U-no-href,,,unchanged,,
https://www.draftguru.com.au/players/john_klug/1,accepted,,players/J/John_Klug.html,players/J/John_Klug.html,unchanged,,
https://www.draftguru.com.au/players/john_mccarthy/1,accepted,,players/J/John_McCarthy0.html,players/J/John_McCarthy0.html,unchanged,,
https://www.draftguru.com.au/players/john_mccarthy/2,accepted,,players/J/John_McCarthy1.html,players/J/John_McCarthy1.html,unchanged,,
https://www.draftguru.com.au/players/john_mckay/1,withheld,U-no-href,,,unchanged,,
https://www.draftguru.com.au/players/john_mcnamara/1,withheld,U-no-href,,,unchanged,,
https://www.draftguru.com.au/players/john_meesen/1,accepted,,players/J/John_Meesen.html,players/J/John_Meesen.html,unchanged,,
https://www.draftguru.com.au/players/john_mrakov/1,accepted,,players/J/John_Mrakov.html,players/J/John_Mrakov.html,unchanged,,
https://www.draftguru.com.au/players/john_neesham/1,withheld,U-no-href,,,unchanged,,
https://www.draftguru.com.au/players/john_noble/1,accepted,,players/J/John_Noble.html,players/J/John_Noble.html,unchanged,,
https://www.draftguru.com.au/players/john_parker/1,accepted,,players/J/John_Parker.html,players/J/John_Parker.html,unchanged,,
https://www.draftguru.com.au/players/john_peter-budge/1,accepted,,players/J/John_Peter-Budge.html,players/J/John_Peter-Budge.html,confirmed,same_person_valid_relisting,relisting
https://www.draftguru.com.au/players/john_platten/1,accepted,,players/J/John_Platten.html,players/J/John_Platten.html,unchanged,,
https://www.draftguru.com.au/players/john_polkinghorne/1,withheld,U-no-href,,,unchanged,,
https://www.draftguru.com.au/players/john_rombotis/1,accepted,,players/J/John_Rombotis.html,players/J/John_Rombotis.html,unchanged,,
https://www.draftguru.com.au/players/john_shaw/1,withheld,U-no-href,,,unchanged,,
https://www.draftguru.com.au/players/john_spaull/1,accepted,,players/J/John_Spaull.html,players/J/John_Spaull.html,unchanged,,
https://www.draftguru.com.au/players/john_stevens/1,accepted,,players/J/John_Stevens.html,players/J/John_Stevens.html,unchanged,,
https://www.draftguru.com.au/players/john_williams/3,accepted,,players/J/John_Williams2.html,players/J/John_Williams2.html,unchanged,,
https://www.draftguru.com.au/players/johnny_bennell/1,withheld,U-no-href,,,unchanged,,
https://www.draftguru.com.au/players/johnny_rayner/1,withheld,U-no-href,,,unchanged,,
https://www.draftguru.com.au/players/jolyon_keeble/1,withheld,U-no-href,,,unchanged,,
https://www.draftguru.com.au/players/jon_ballantyne/1,accepted,,players/J/Jon_Ballantyne.html,players/J/Jon_Ballantyne.html,unchanged,,
https://www.draftguru.com.au/players/jon_gahan/1,withheld,U-no-href,,,unchanged,,
https://www.draftguru.com.au/players/jon_hassall/1,accepted,,players/J/Jon_Hassall.html,players/J/Jon_Hassall.html,unchanged,,
https://www.draftguru.com.au/players/jon_henry/1,withheld,U-no-href,,,unchanged,,
https://www.draftguru.com.au/players/jon_lister/1,withheld,U-no-href,,,unchanged,,
https://www.draftguru.com.au/players/jon_simpson/1,withheld,U-no-href,,,unchanged,,
https://www.draftguru.com.au/players/jonathan_brown/1,accepted,,players/J/Jonathan_Brown.html,players/J/Jonathan_Brown.html,unchanged,,
https://www.draftguru.com.au/players/jonathan_freeman/1,accepted,,players/J/Jonathan_Freeman.html,players/J/Jonathan_Freeman.html,unchanged,,
https://www.draftguru.com.au/players/jonathan_giles/1,accepted,,players/J/Jonathan_Giles.html,players/J/Jonathan_Giles.html,unchanged,,
https://www.draftguru.com.au/players/jonathan_hay/1,accepted,,players/J/Jonathan_Hay.html,players/J/Jonathan_Hay.html,unchanged,,
https://www.draftguru.com.au/players/jonathan_o'rourke/1,accepted,,players/J/Jonathan_ORourke.html,players/J/Jonathan_ORourke.html,unchanged,,
https://www.draftguru.com.au/players/jonathan_simpkin/1,accepted,,players/J/Jonathan_Simpkin.html,players/J/Jonathan_Simpkin.html,unchanged,,
https://www.draftguru.com.au/players/jonathan_solomon/1,accepted,,players/J/Jonathan_Solomon.html,players/J/Jonathan_Solomon.html,unchanged,,
https://www.draftguru.com.au/players/jonathan_yerbury/1,withheld,U-no-href,,,unchanged,,
https://www.draftguru.com.au/players/jonathon_beech/1,accepted,,players/J/Jonathon_Beech.html,players/J/Jonathon_Beech.html,unchanged,,
https://www.draftguru.com.au/players/jonathon_ceglar/1,accepted,,players/J/Jonathon_Ceglar.html,players/J/Jonathon_Ceglar.html,unchanged,,
https://www.draftguru.com.au/players/jonathon_griffin/1,accepted,,players/J/Jonathon_Griffin.html,players/J/Jonathon_Griffin.html,unchanged,,
https://www.draftguru.com.au/players/jonathon_marsh/1,accepted,,players/J/Jonathon_Marsh.html,players/J/Jonathon_Marsh.html,unchanged,,
https://www.draftguru.com.au/players/jonathon_mccormick/1,accepted,,players/J/Jonathon_McCormick.html,players/J/Jonathon_McCormick.html,unchanged,,
https://www.draftguru.com.au/players/jonathon_patton/1,accepted,,players/J/Jonathon_Patton.html,players/J/Jonathon_Patton.html,unchanged,,
https://www.draftguru.com.au/players/jonathon_robran/1,accepted,,players/J/Jonathon_Robran.html,players/J/Jonathon_Robran.html,unchanged,,
https://www.draftguru.com.au/players/jonathon_ross/1,accepted,,players/J/Jonathan_Ross.html,players/J/Jonathan_Ross.html,unchanged,,
https://www.draftguru.com.au/players/jonson_clifton/1,withheld,U-no-href,,,unchanged,,
https://www.draftguru.com.au/players/jonty_faull/1,accepted,,players/J/Jonty_Faull.html,players/J/Jonty_Faull.html,unchanged,,
https://www.draftguru.com.au/players/jordan_bannister/1,accepted,,players/J/Jordan_Bannister.html,players/J/Jordan_Bannister.html,unchanged,,
https://www.draftguru.com.au/players/jordan_barham/1,withheld,U-no-href,,,unchanged,,
https://www.draftguru.com.au/players/jordan_boyd/1,accepted,,players/J/Jordan_Boyd.html,players/J/Jordan_Boyd.html,unchanged,,
https://www.draftguru.com.au/players/jordan_clark/1,accepted,,players/J/Jordan_Clark.html,players/J/Jordan_Clark.html,unchanged,,
https://www.draftguru.com.au/players/jordan_croft/1,accepted,,players/J/Jordan_Croft.html,players/J/Jordan_Croft.html,unchanged,,
https://www.draftguru.com.au/players/jordan_cunico/1,accepted,,players/J/Jordan_Cunico.html,players/J/Jordan_Cunico.html,unchanged,,
https://www.draftguru.com.au/players/jordan_dawson/1,accepted,,players/J/Jordan_Dawson.html,players/J/Jordan_Dawson.html,unchanged,,
https://www.draftguru.com.au/players/jordan_de%20goey/1,accepted,,players/J/Jordan_de_Goey.html,players/J/Jordan_de_Goey.html,unchanged,,
https://www.draftguru.com.au/players/jordan_doering/1,accepted,,players/J/Jordan_Doering.html,players/J/Jordan_Doering.html,unchanged,,
https://www.draftguru.com.au/players/jordan_foote/1,accepted,,players/J/Jordan_Foote.html,players/J/Jordan_Foote.html,unchanged,,
https://www.draftguru.com.au/players/jordan_gallucci/1,accepted,,players/J/Jordan_Gallucci.html,players/J/Jordan_Gallucci.html,unchanged,,
https://www.draftguru.com.au/players/jordan_gysberts/1,accepted,,players/J/Jordan_Gysberts.html,players/J/Jordan_Gysberts.html,unchanged,,
https://www.draftguru.com.au/players/jordan_houlahan/1,withheld,U-no-href,,,unchanged,,
https://www.draftguru.com.au/players/jordan_jones/1,accepted,,players/J/Jordan_Jones.html,players/J/Jordan_Jones.html,unchanged,,
https://www.draftguru.com.au/players/jordan_kelly/1,withheld,U-no-href,,,unchanged,,
https://www.draftguru.com.au/players/jordan_lewis/1,accepted,,players/J/Jordan_Lewis.html,players/J/Jordan_Lewis.html,unchanged,,
https://www.draftguru.com.au/players/jordan_lisle/1,accepted,,players/J/Jordan_Lisle.html,players/J/Jordan_Lisle.html,unchanged,,
https://www.draftguru.com.au/players/jordan_lockyer/1,withheld,U-no-href,,,unchanged,,
https://www.draftguru.com.au/players/jordan_mcmahon/1,accepted,,players/J/Jordan_McMahon.html,players/J/Jordan_McMahon.html,unchanged,,
https://www.draftguru.com.au/players/jordan_murdoch/1,accepted,,players/J/Jordan_Murdoch.html,players/J/Jordan_Murdoch.html,unchanged,,
https://www.draftguru.com.au/players/jordan_ridley/1,accepted,,players/J/Jordan_Ridley.html,players/J/Jordan_Ridley.html,unchanged,,
https://www.draftguru.com.au/players/jordan_roughead/1,accepted,,players/J/Jordan_Roughead.html,players/J/Jordan_Roughead.html,unchanged,,
https://www.draftguru.com.au/players/jordan_russell/1,accepted,,players/J/Jordan_Russell.html,players/J/Jordan_Russell.html,unchanged,,
https://www.draftguru.com.au/players/jordan_schroder/1,accepted,,players/J/Jordan_Schroder.html,players/J/Jordan_Schroder.html,unchanged,,
https://www.draftguru.com.au/players/jordan_snadden/1,withheld,U-no-href,,,unchanged,,
https://www.draftguru.com.au/players/jordan_staley/1,withheld,U-no-href,,,unchanged,,
https://www.draftguru.com.au/players/jordan_williams/1,withheld,U-no-href,,,unchanged,,
https://www.draftguru.com.au/players/jordan_wilson-king/1,withheld,U-no-href,,,unchanged,,
https://www.draftguru.com.au/players/jordie_mckenzie/1,accepted,,players/J/Jordie_McKenzie.html,players/J/Jordie_McKenzie.html,unchanged,,
https://www.draftguru.com.au/players/jordon_bourke/1,accepted,,players/J/Jordon_Bourke.html,players/J/Jordon_Bourke.html,unchanged,,
https://www.draftguru.com.au/players/jordon_butts/1,accepted,,players/J/Jordon_Butts.html,players/J/Jordon_Butts.html,unchanged,,
https://www.draftguru.com.au/players/jordon_johns/1,withheld,U-no-href,,,unchanged,,
https://www.draftguru.com.au/players/jordon_sweet/1,accepted,,players/J/Jordon_Sweet.html,players/J/Jordon_Sweet.html,unchanged,,
https://www.draftguru.com.au/players/jordyn_baker/1,withheld,U-no-href,,,unchanged,,
https://www.draftguru.com.au/players/josaia_delana/1,accepted,,players/J/Josaia_Delana.html,players/J/Josaia_Delana.html,unchanged,,
https://www.draftguru.com.au/players/jose_romero/1,accepted,,players/J/Jose_Romero.html,players/J/Jose_Romero.html,unchanged,,
https://www.draftguru.com.au/players/joseph_daye/1,accepted,,players/J/Joseph_Daye.html,players/J/Joseph_Daye.html,unchanged,,
https://www.draftguru.com.au/players/joseph_redfern/1,withheld,U-no-href,,,unchanged,,
https://www.draftguru.com.au/players/josh_battle/1,accepted,,players/J/Josh_Battle.html,players/J/Josh_Battle.html,unchanged,,
https://www.draftguru.com.au/players/josh_begley/1,accepted,,players/J/Josh_Begley.html,players/J/Josh_Begley.html,unchanged,,
https://www.draftguru.com.au/players/josh_bennetts/1,withheld,U-no-href,,,unchanged,,
https://www.draftguru.com.au/players/josh_bootsma/1,accepted,,players/J/Josh_Bootsma.html,players/J/Josh_Bootsma.html,unchanged,,
https://www.draftguru.com.au/players/josh_bruce/1,accepted,,players/J/Josh_Bruce.html,players/J/Josh_Bruce.html,unchanged,,
https://www.draftguru.com.au/players/josh_caddy/1,accepted,,players/J/Josh_Caddy.html,players/J/Josh_Caddy.html,unchanged,,
https://www.draftguru.com.au/players/josh_carmichael/1,accepted,,players/J/Josh_Carmichael.html,players/J/Josh_Carmichael.html,unchanged,,
https://www.draftguru.com.au/players/josh_carr/1,accepted,,players/J/Josh_Carr.html,players/J/Josh_Carr.html,unchanged,,
https://www.draftguru.com.au/players/josh_clayton/1,accepted,,players/J/Josh_Clayton.html,players/J/Josh_Clayton.html,unchanged,,
https://www.draftguru.com.au/players/josh_corbett/1,accepted,,players/J/Josh_Corbett.html,players/J/Josh_Corbett.html,unchanged,,
https://www.draftguru.com.au/players/josh_coulter/1,withheld,U-no-href,,,unchanged,,
https://www.draftguru.com.au/players/josh_cowan/1,accepted,,players/J/Josh_Cowan.html,players/J/Josh_Cowan.html,unchanged,,
https://www.draftguru.com.au/players/josh_daicos/1,accepted,,players/J/Josh_Daicos.html,players/J/Josh_Daicos.html,unchanged,,
https://www.draftguru.com.au/players/josh_deluca/1,accepted,,players/J/Josh_Deluca.html,players/J/Josh_Deluca.html,unchanged,,
https://www.draftguru.com.au/players/josh_dicketts/1,withheld,U-no-href,,,unchanged,,
https://www.draftguru.com.au/players/josh_dolan/1,accepted,,players/J/Josh_Dolan.html,players/J/Josh_Dolan.html,unchanged,,
https://www.draftguru.com.au/players/josh_draper/1,accepted,,players/J/Josh_Draper.html,players/J/Josh_Draper.html,unchanged,,
https://www.draftguru.com.au/players/josh_drummond/1,accepted,,players/J/Josh_Drummond.html,players/J/Josh_Drummond.html,unchanged,,
https://www.draftguru.com.au/players/josh_dunkley/1,accepted,,players/J/Josh_Dunkley.html,players/J/Josh_Dunkley.html,unchanged,,
https://www.draftguru.com.au/players/josh_dyson/1,accepted,,players/J/Josh_Dyson.html,players/J/Josh_Dyson.html,unchanged,,
https://www.draftguru.com.au/players/josh_eyre/1,withheld,U-no-href,,,unchanged,,
https://www.draftguru.com.au/players/josh_fahey/1,accepted,,players/J/Josh_Fahey.html,players/J/Josh_Fahey.html,unchanged,,
https://www.draftguru.com.au/players/josh_francou/1,accepted,,players/J/Josh_Francou.html,players/J/Josh_Francou.html,unchanged,,
https://www.draftguru.com.au/players/josh_fraser/1,accepted,,players/J/Josh_Fraser.html,players/J/Josh_Fraser.html,unchanged,,
https://www.draftguru.com.au/players/josh_gibcus/1,accepted,,players/J/Josh_Gibcus.html,players/J/Josh_Gibcus.html,unchanged,,
https://www.draftguru.com.au/players/josh_gibson/1,accepted,,players/J/Josh_Gibson.html,players/J/Josh_Gibson.html,unchanged,,
https://www.draftguru.com.au/players/josh_glenn/1,accepted,,players/J/Josh_Glenn.html,players/J/Josh_Glenn.html,unchanged,,
https://www.draftguru.com.au/players/josh_goater/1,accepted,,players/J/Josh_Goater.html,players/J/Josh_Goater.html,unchanged,,
https://www.draftguru.com.au/players/josh_green/1,accepted,,players/J/Josh_Green.html,players/J/Josh_Green.html,unchanged,,
https://www.draftguru.com.au/players/josh_growden/1,withheld,U-no-href,,,unchanged,,
https://www.draftguru.com.au/players/josh_hall/1,accepted,,players/J/Josh_Hall.html,players/J/Josh_Hall.html,unchanged,,
https://www.draftguru.com.au/players/josh_head/1,accepted,,players/J/Josh_Head.html,players/J/Josh_Head.html,unchanged,,
https://www.draftguru.com.au/players/josh_hill/1,accepted,,players/J/Josh_Hill.html,players/J/Josh_Hill.html,unchanged,,
https://www.draftguru.com.au/players/josh_honey/1,accepted,,players/J/Josh_Honey.html,players/J/Josh_Honey.html,unchanged,,
https://www.draftguru.com.au/players/josh_houlihan/1,withheld,U-no-href,,,unchanged,,
https://www.draftguru.com.au/players/josh_hunt/1,accepted,,players/J/Josh_Hunt.html,players/J/Josh_Hunt.html,unchanged,,
https://www.draftguru.com.au/players/josh_jenkins/1,accepted,,players/J/Josh_Jenkins.html,players/J/Josh_Jenkins.html,unchanged,,
https://www.draftguru.com.au/players/josh_kelly/1,accepted,,players/J/Josh_Kelly.html,players/J/Josh_Kelly.html,unchanged,,
https://www.draftguru.com.au/players/josh_kennedy/1,accepted,,players/J/Josh_Kennedy0.html,players/J/Josh_Kennedy0.html,unchanged,,
https://www.draftguru.com.au/players/josh_kennedy/2,accepted,,players/J/Josh_Kennedy1.html,players/J/Josh_Kennedy1.html,unchanged,,
https://www.draftguru.com.au/players/josh_lai/1,accepted,,players/J/Josh_Lai.html,players/J/Josh_Lai.html,unchanged,,
https://www.draftguru.com.au/players/josh_lindsay/1,accepted,,players/J/Josh_Lindsay.html,players/J/Josh_Lindsay.html,unchanged,,
https://www.draftguru.com.au/players/josh_mahoney/1,accepted,,players/J/Josh_Mahoney.html,players/J/Josh_Mahoney.html,unchanged,,
https://www.draftguru.com.au/players/josh_mcguinness/1,withheld,U-no-href,,,unchanged,,
https://www.draftguru.com.au/players/josh_mellington/1,accepted,,players/J/Josh_Mellington.html,players/J/Josh_Mellington.html,unchanged,,
https://www.draftguru.com.au/players/josh_morris/1,accepted,,players/J/Josh_Morris.html,players/J/Josh_Morris.html,unchanged,,
https://www.draftguru.com.au/players/josh_prudden/1,accepted,,players/J/Josh_Prudden.html,players/J/Josh_Prudden.html,unchanged,,
https://www.draftguru.com.au/players/josh_rachele/1,accepted,,players/J/Josh_Rachele.html,players/J/Josh_Rachele.html,unchanged,,
https://www.draftguru.com.au/players/josh_robertson/1,withheld,U-no-href,,,unchanged,,
https://www.draftguru.com.au/players/josh_rotham/1,accepted,,players/J/Josh_Rotham.html,players/J/Josh_Rotham.html,unchanged,,
https://www.draftguru.com.au/players/josh_saunders/1,accepted,,players/J/Josh_Saunders.html,players/J/Josh_Saunders.html,unchanged,,
https://www.draftguru.com.au/players/josh_schache/1,accepted,,players/J/Josh_Schache.html,players/J/Josh_Schache.html,unchanged,,
https://www.draftguru.com.au/players/josh_schoenfeld/1,accepted,,players/J/Josh_Schoenfeld.html,players/J/Josh_Schoenfeld.html,unchanged,,
https://www.draftguru.com.au/players/josh_simpson/1,accepted,,players/J/Josh_Simpson.html,players/J/Josh_Simpson.html,unchanged,,
https://www.draftguru.com.au/players/josh_sinn/1,accepted,,players/J/Josh_Sinn.html,players/J/Josh_Sinn.html,unchanged,,
https://www.draftguru.com.au/players/josh_smillie/1,withheld,U-no-href,,,unchanged,,
https://www.draftguru.com.au/players/josh_smith/1,accepted,,players/J/Josh_Smith0.html,players/J/Josh_Smith.html,corrected,approve_manual_curation,discrepancy
https://www.draftguru.com.au/players/josh_smith/2,accepted,,players/J/Josh_Smith1.html,players/J/Josh_Smith1.html,unchanged,,
https://www.draftguru.com.au/players/josh_thewlis/1,accepted,,players/J/Josh_Thewlis.html,players/J/Josh_Thewlis.html,unchanged,,
https://www.draftguru.com.au/players/josh_thomas/1,accepted,,players/J/Josh_Thomas.html,players/J/Josh_Thomas.html,unchanged,,
https://www.draftguru.com.au/players/josh_thurgood/1,accepted,,players/J/Josh_Thurgood.html,players/J/Josh_Thurgood.html,unchanged,,
https://www.draftguru.com.au/players/josh_toy/1,accepted,,players/J/Josh_Toy.html,players/J/Josh_Toy.html,unchanged,,
https://www.draftguru.com.au/players/josh_treacy/1,accepted,,players/J/Josh_Treacy.html,players/J/Josh_Treacy.html,unchanged,,
https://www.draftguru.com.au/players/josh_tynan/1,accepted,,players/J/Josh_Tynan.html,players/J/Josh_Tynan.html,unchanged,,
https://www.draftguru.com.au/players/josh_wagner/1,accepted,,players/J/Josh_Wagner.html,players/J/Josh_Wagner.html,unchanged,,
https://www.draftguru.com.au/players/josh_walker/1,accepted,,players/J/Josh_Walker.html,players/J/Josh_Walker.html,unchanged,,
https://www.draftguru.com.au/players/josh_ward/2,accepted,,players/J/Josh_Ward.html,players/J/Josh_Ward.html,unchanged,,
https://www.draftguru.com.au/players/josh_watts/1,withheld,U-no-href,,,unchanged,,
https://www.draftguru.com.au/players/josh_weddle/1,accepted,,players/J/Josh_Weddle.html,players/J/Josh_Weddle.html,unchanged,,
https://www.draftguru.com.au/players/josh_williams/1,accepted,,players/J/Josh_Williams.html,players/J/Josh_Williams.html,unchanged,,
https://www.draftguru.com.au/players/josh_willoughby/1,withheld,U-no-href,,,unchanged,,
https://www.draftguru.com.au/players/josh_wooden/1,accepted,,players/J/Josh_Wooden.html,players/J/Josh_Wooden.html,confirmed,agree,audit
https://www.draftguru.com.au/players/josh_worrell/1,accepted,,players/J/Josh_Worrell.html,players/J/Josh_Worrell.html,unchanged,,
https://www.draftguru.com.au/players/joshua_donaldson/1,withheld,U-no-href,,,unchanged,,
https://www.draftguru.com.au/players/joshua_jaska/1,withheld,U-no-href,,,unchanged,,
https://www.draftguru.com.au/players/joshua_kitchen/1,accepted,,players/J/Joshua_Kitchen.html,players/J/Joshua_Kitchen.html,unchanged,,
https://www.draftguru.com.au/players/joshua_krueger/1,withheld,U-no-href,,,unchanged,,
https://www.draftguru.com.au/players/joshua_mail/1,accepted,,players/J/Joshua_Mail.html,players/J/Joshua_Mail.html,unchanged,,
https://www.draftguru.com.au/players/josiah_kyle/1,withheld,U-no-href,,,unchanged,,
https://www.draftguru.com.au/players/judd_lalich/1,accepted,,players/J/Judd_Lalich.html,players/J/Judd_Lalich.html,unchanged,,
https://www.draftguru.com.au/players/judd_mcvee/1,accepted,,players/J/Judd_McVee.html,players/J/Judd_McVee.html,unchanged,,
https://www.draftguru.com.au/players/jude_bolton/1,accepted,,players/J/Jude_Bolton.html,players/J/Jude_Bolton.html,unchanged,,
https://www.draftguru.com.au/players/judson_clarke/1,accepted,,players/J/Judson_Clarke.html,players/J/Judson_Clarke.html,unchanged,,
https://www.draftguru.com.au/players/julian_burton/1,withheld,U-no-href,,,unchanged,,
https://www.draftguru.com.au/players/julian_kirzner/1,accepted,,players/J/Julian_Kirzner.html,players/J/Julian_Kirzner.html,unchanged,,
https://www.draftguru.com.au/players/julian_moloney/1,withheld,U-no-href,,,unchanged,,
https://www.draftguru.com.au/players/julian_rowe/1,accepted,,players/J/Julian_Rowe.html,players/J/Julian_Rowe.html,unchanged,,
https://www.draftguru.com.au/players/julian_shanks/1,withheld,U-no-href,,,unchanged,,
https://www.draftguru.com.au/players/julian_wait/1,withheld,U-no-href,,,unchanged,,
https://www.draftguru.com.au/players/justin_berry/1,withheld,U-no-href,,,unchanged,,
https://www.draftguru.com.au/players/justin_blumfield/1,accepted,,players/J/Justin_Blumfield.html,players/J/Justin_Blumfield.html,unchanged,,
https://www.draftguru.com.au/players/justin_bollenhagen/1,accepted,,players/J/Justin_Bollenhagen.html,players/J/Justin_Bollenhagen.html,unchanged,,
https://www.draftguru.com.au/players/justin_charles/1,accepted,,players/J/Justin_Charles.html,players/J/Justin_Charles.html,unchanged,,
https://www.draftguru.com.au/players/justin_cicolella/1,accepted,,players/J/Justin_Cicolella.html,players/J/Justin_Cicolella.html,unchanged,,
https://www.draftguru.com.au/players/justin_clarke/1,accepted,,players/J/Justin_Clarke.html,players/J/Justin_Clarke.html,unchanged,,
https://www.draftguru.com.au/players/justin_clarkson/1,accepted,,players/J/Justin_Clarkson.html,players/J/Justin_Clarkson.html,unchanged,,
https://www.draftguru.com.au/players/justin_crawford/1,accepted,,players/J/Justin_Crawford.html,players/J/Justin_Crawford.html,unchanged,,
https://www.draftguru.com.au/players/justin_crough/1,withheld,U-no-href,,,unchanged,,
https://www.draftguru.com.au/players/justin_crow/1,accepted,,players/J/Justin_Crow.html,players/J/Justin_Crow.html,unchanged,,
https://www.draftguru.com.au/players/justin_davies/1,accepted,,players/J/Justin_Davies.html,players/J/Justin_Davies.html,unchanged,,
https://www.draftguru.com.au/players/justin_hoskin/1,withheld,U-no-href,,,unchanged,,
https://www.draftguru.com.au/players/justin_koschitzke/1,accepted,,players/J/Justin_Koschitzke.html,players/J/Justin_Koschitzke.html,unchanged,,
https://www.draftguru.com.au/players/justin_leppitsch/1,accepted,,players/J/Justin_Leppitsch.html,players/J/Justin_Leppitsch.html,unchanged,,
https://www.draftguru.com.au/players/justin_longmuir/1,accepted,,players/J/Justin_Longmuir.html,players/J/Justin_Longmuir.html,unchanged,,
https://www.draftguru.com.au/players/justin_mallon/1,withheld,U-no-href,,,unchanged,,
https://www.draftguru.com.au/players/justin_mcgrath/1,accepted,,players/J/Justin_McGrath.html,players/J/Justin_McGrath.html,unchanged,,
https://www.draftguru.com.au/players/justin_mcinerney/1,accepted,,players/J/Justin_McInerney.html,players/J/Justin_McInerney.html,unchanged,,
https://www.draftguru.com.au/players/justin_murphy/1,accepted,,players/J/Justin_Murphy.html,players/J/Justin_Murphy.html,unchanged,,
https://www.draftguru.com.au/players/justin_pascoe/1,withheld,U-no-href,,,unchanged,,
https://www.draftguru.com.au/players/justin_paul/1,withheld,U-no-href,,,unchanged,,
https://www.draftguru.com.au/players/justin_peckett/1,accepted,,players/J/Justin_Peckett.html,players/J/Justin_Peckett.html,unchanged,,
https://www.draftguru.com.au/players/justin_perkins/1,accepted,,players/J/Justin_Perkins.html,players/J/Justin_Perkins.html,unchanged,,
https://www.draftguru.com.au/players/justin_pickering/1,accepted,,players/J/Justin_Pickering.html,players/J/Justin_Pickering.html,confirmed,same_person_valid_relisting,relisting
https://www.draftguru.com.au/players/justin_plapp/1,accepted,,players/J/Justin_Plapp.html,players/J/Justin_Plapp.html,unchanged,,
https://www.draftguru.com.au/players/justin_sherman/1,accepted,,players/J/Justin_Sherman.html,players/J/Justin_Sherman.html,unchanged,,
https://www.draftguru.com.au/players/justin_staritski/1,accepted,,players/J/Justin_Staritski.html,players/J/Justin_Staritski.html,unchanged,,
https://www.draftguru.com.au/players/justin_sweeney/1,accepted,,players/J/Justin_Sweeney.html,players/J/Justin_Sweeney.html,unchanged,,
https://www.draftguru.com.au/players/justin_westhoff/1,accepted,,players/J/Justin_Westhoff.html,players/J/Justin_Westhoff.html,unchanged,,
https://www.draftguru.com.au/players/justin_wood/1,accepted,,players/J/Justin_Wood.html,players/J/Justin_Wood.html,unchanged,,
https://www.draftguru.com.au/players/jy_farrar/1,accepted,,players/J/Jy_Farrar.html,players/J/Jy_Farrar.html,unchanged,,
https://www.draftguru.com.au/players/jy_simpkin/1,accepted,,players/J/Jy_Simpkin.html,players/J/Jy_Simpkin.html,unchanged,,
https://www.draftguru.com.au/players/jye_amiss/1,accepted,,players/J/Jye_Amiss.html,players/J/Jye_Amiss.html,unchanged,,
https://www.draftguru.com.au/players/jye_bolton/1,withheld,U-no-href,,,unchanged,,
https://www.draftguru.com.au/players/jye_caldwell/1,accepted,,players/J/Jye_Caldwell.html,players/J/Jye_Caldwell.html,unchanged,,
https://www.draftguru.com.au/players/jye_menzie/1,accepted,,players/J/Jye_Menzie.html,players/J/Jye_Menzie.html,unchanged,,
https://www.draftguru.com.au/players/kade_chandler/1,accepted,,players/K/Kade_Chandler.html,players/K/Kade_Chandler.html,unchanged,,
https://www.draftguru.com.au/players/kade_klemke/1,withheld,U-no-href,,,unchanged,,
https://www.draftguru.com.au/players/kade_kolodjashnij/1,accepted,,players/K/Kade_Kolodjashnij.html,players/K/Kade_Kolodjashnij.html,unchanged,,
https://www.draftguru.com.au/players/kade_simpson/1,accepted,,players/K/Kade_Simpson.html,players/K/Kade_Simpson.html,unchanged,,
https://www.draftguru.com.au/players/kade_stewart/1,accepted,,players/K/Kade_Stewart.html,players/K/Kade_Stewart.html,unchanged,,
https://www.draftguru.com.au/players/kaelan_bradtke/1,withheld,U-no-href,,,unchanged,,
https://www.draftguru.com.au/players/kai_lohmann/1,accepted,,players/K/Kai_Lohmann.html,players/K/Kai_Lohmann.html,unchanged,,
https://www.draftguru.com.au/players/kai_pudney/1,withheld,U-no-href,,,unchanged,,
https://www.draftguru.com.au/players/kaiden_brand/1,accepted,,players/K/Kaiden_Brand.html,players/K/Kaiden_Brand.html,unchanged,,
https://www.draftguru.com.au/players/kaine_baldwin/1,accepted,,players/K/Kaine_Baldwin.html,players/K/Kaine_Baldwin.html,unchanged,,
https://www.draftguru.com.au/players/kaine_marsh/1,withheld,U-no-href,,,unchanged,,
https://www.draftguru.com.au/players/kalani_white/1,withheld,U-no-href,,,unchanged,,
https://www.draftguru.com.au/players/kaleb_smith/1,accepted,,players/K/Kaleb_Smith.html,players/K/Kaleb_Smith.html,unchanged,,
https://www.draftguru.com.au/players/kalin_lane/1,withheld,U-no-href,,,unchanged,,
https://www.draftguru.com.au/players/kallan_dawson/1,accepted,,players/K/Kallan_Dawson.html,players/K/Kallan_Dawson.html,unchanged,,
https://www.draftguru.com.au/players/kamdyn_mcintosh/1,accepted,,players/K/Kamdyn_McIntosh.html,players/K/Kamdyn_McIntosh.html,unchanged,,
https://www.draftguru.com.au/players/kane_batzloff/1,withheld,U-no-href,,,unchanged,,
https://www.draftguru.com.au/players/kane_cornes/1,accepted,,players/K/Kane_Cornes.html,players/K/Kane_Cornes.html,unchanged,,
https://www.draftguru.com.au/players/kane_farrell/1,accepted,,players/K/Kane_Farrell.html,players/K/Kane_Farrell.html,unchanged,,
https://www.draftguru.com.au/players/kane_fraser/1,accepted,,players/K/Kane_Fraser.html,players/K/Kane_Fraser.html,unchanged,,
https://www.draftguru.com.au/players/kane_johnson/1,accepted,,players/K/Kane_Johnson.html,players/K/Kane_Johnson.html,unchanged,,
https://www.draftguru.com.au/players/kane_lambert/1,accepted,,players/K/Kane_Lambert.html,players/K/Kane_Lambert.html,unchanged,,
https://www.draftguru.com.au/players/kane_lucas/1,accepted,,players/K/Kane_Lucas.html,players/K/Kane_Lucas.html,unchanged,,
https://www.draftguru.com.au/players/kane_mcauliffe/1,accepted,,players/K/Kane_McAuliffe.html,players/K/Kane_McAuliffe.html,unchanged,,
https://www.draftguru.com.au/players/kane_mclean/1,withheld,U-no-href,,,unchanged,,
https://www.draftguru.com.au/players/kane_mitchell/1,accepted,,players/K/Kane_Mitchell.html,players/K/Kane_Mitchell.html,unchanged,,
https://www.draftguru.com.au/players/kane_morphett/1,withheld,U-no-href,,,unchanged,,
https://www.draftguru.com.au/players/kane_munro/1,accepted,,players/K/Kane_Munro.html,players/K/Kane_Munro.html,unchanged,,
https://www.draftguru.com.au/players/kane_o'brien/1,withheld,U-no-href,,,unchanged,,
https://www.draftguru.com.au/players/kane_purcell/1,withheld,U-no-href,,,unchanged,,
https://www.draftguru.com.au/players/kane_tenace/1,accepted,,players/K/Kane_Tenace.html,players/K/Kane_Tenace.html,unchanged,,
https://www.draftguru.com.au/players/karl_amon/1,accepted,,players/K/Karl_Amon.html,players/K/Karl_Amon.html,unchanged,,
https://www.draftguru.com.au/players/karl_gallagher/1,withheld,U-no-href,,,unchanged,,
https://www.draftguru.com.au/players/karl_norman/1,accepted,,players/K/Karl_Norman.html,players/K/Karl_Norman.html,unchanged,,
https://www.draftguru.com.au/players/karl_worner/1,accepted,,players/K/Karl_Worner.html,players/K/Karl_Worner.html,unchanged,,
https://www.draftguru.com.au/players/karmichael_hunt/1,accepted,,players/K/Karmichael_Hunt.html,players/K/Karmichael_Hunt.html,unchanged,,
https://www.draftguru.com.au/players/kasey_green/1,accepted,,players/K/Kasey_Green.html,players/K/Kasey_Green.html,unchanged,,
https://www.draftguru.com.au/players/kayle_gerreyn/1,withheld,U-no-href,,,unchanged,,
https://www.draftguru.com.au/players/kayle_kirby/1,accepted,,players/K/Kayle_Kirby.html,players/K/Kayle_Kirby.html,unchanged,,
https://www.draftguru.com.au/players/kayne_pettifer/1,accepted,,players/K/Kayne_Pettifer.html,players/K/Kayne_Pettifer.html,unchanged,,
https://www.draftguru.com.au/players/kayne_turner/1,accepted,,players/K/Kayne_Turner.html,players/K/Kayne_Turner.html,unchanged,,
https://www.draftguru.com.au/players/keegan_brooksby/1,accepted,,players/K/Keegan_Brooksby.html,players/K/Keegan_Brooksby.html,unchanged,,
https://www.draftguru.com.au/players/keenan_ramsey/1,withheld,U-no-href,,,unchanged,,
https://www.draftguru.com.au/players/keenan_reynolds/1,accepted,,players/K/Keenan_Reynolds.html,players/K/Keenan_Reynolds.html,unchanged,,
https://www.draftguru.com.au/players/keidean_coleman/1,accepted,,players/K/Keidean_Coleman.html,players/K/Keidean_Coleman.html,unchanged,,
https://www.draftguru.com.au/players/keighton_matofai-forbes/1,withheld,U-no-href,,,unchanged,,
https://www.draftguru.com.au/players/keith_allan/1,withheld,U-no-href,,,unchanged,,
https://www.draftguru.com.au/players/keith_thomas/2,accepted,,players/K/Keith_Thomas1.html,players/K/Keith_Thomas1.html,unchanged,,
https://www.draftguru.com.au/players/kelsey_rypstra/1,withheld,U-no-href,,,unchanged,,
https://www.draftguru.com.au/players/kelvin_holmes/1,withheld,U-no-href,,,unchanged,,
https://www.draftguru.com.au/players/kelvin_lawrence/1,withheld,U-no-href,,,unchanged,,
https://www.draftguru.com.au/players/kelvin_moore/2,accepted,,players/K/Kelvin_Moore1.html,players/K/Kelvin_Moore1.html,unchanged,,
https://www.draftguru.com.au/players/ken_hall/1,accepted,,players/K/Ken_Hall.html,players/K/Ken_Hall.html,unchanged,,
https://www.draftguru.com.au/players/ken_hinkley/1,accepted,,players/K/Ken_Hinkley.html,players/K/Ken_Hinkley.html,unchanged,,
https://www.draftguru.com.au/players/ken_judge/1,accepted,,players/K/Ken_Judge.html,players/K/Ken_Judge.html,confirmed,agree,audit
https://www.draftguru.com.au/players/ken_mcgregor/1,accepted,,players/K/Ken_McGregor.html,players/K/Ken_McGregor.html,unchanged,,
https://www.draftguru.com.au/players/ken_rainsford/1,withheld,U-no-href,,,unchanged,,
https://www.draftguru.com.au/players/kent_butcher/1,accepted,,players/K/Kent_Butcher.html,players/K/Kent_Butcher.html,unchanged,,
https://www.draftguru.com.au/players/kent_kingsley/1,accepted,,players/K/Kent_Kingsley.html,players/K/Kent_Kingsley.html,unchanged,,
https://www.draftguru.com.au/players/kepler_bradley/1,accepted,,players/K/Kepler_Bradley.html,players/K/Kepler_Bradley.html,unchanged,,
https://www.draftguru.com.au/players/keren_ugle/1,accepted,,players/K/Keren_Ugle.html,players/K/Keren_Ugle.html,unchanged,,
https://www.draftguru.com.au/players/kevin_caton/1,accepted,,players/K/Kevin_Caton.html,players/K/Kevin_Caton.html,unchanged,,
https://www.draftguru.com.au/players/kevin_devine/1,withheld,U-no-href,,,unchanged,,
https://www.draftguru.com.au/players/kevin_dyas/1,withheld,U-no-href,,,unchanged,,
https://www.draftguru.com.au/players/kevin_dyson/1,accepted,,players/K/Kevin_Dyson.html,players/K/Kevin_Dyson.html,unchanged,,
https://www.draftguru.com.au/players/kevin_mitchell/2,withheld,U-no-href,,,unchanged,,
https://www.draftguru.com.au/players/kevin_o'donnell/2,withheld,U-no-href,,,unchanged,,
https://www.draftguru.com.au/players/kevin_tandogac/1,withheld,U-no-href,,,unchanged,,
https://www.draftguru.com.au/players/khan_haretuku/1,withheld,U-no-href,,,unchanged,,
https://www.draftguru.com.au/players/kieran_collins/1,accepted,,players/K/Kieran_Collins.html,players/K/Kieran_Collins.html,unchanged,,
https://www.draftguru.com.au/players/kieran_harper/1,accepted,,players/K/Kieran_Harper.html,players/K/Kieran_Harper.html,unchanged,,
https://www.draftguru.com.au/players/kieran_king/1,withheld,U-no-href,,,unchanged,,
https://www.draftguru.com.au/players/kieran_lovell/1,accepted,,players/K/Kieran_Lovell.html,players/K/Kieran_Lovell.html,unchanged,,
https://www.draftguru.com.au/players/kieran_mcguinness/1,accepted,,players/K/Kieran_McGuinness.html,players/K/Kieran_McGuinness.html,unchanged,,
https://www.draftguru.com.au/players/kieran_murrihy/1,withheld,U-no-href,,,unchanged,,
https://www.draftguru.com.au/players/kieran_o'dwyer/1,withheld,U-no-href,,,unchanged,,
https://www.draftguru.com.au/players/kieran_sporn/1,accepted,,players/K/Kieran_Sporn.html,players/K/Kieran_Sporn.html,unchanged,,
https://www.draftguru.com.au/players/kieran_strachan/1,accepted,,players/K/Kieran_Strachan.html,players/K/Kieran_Strachan.html,unchanged,,
https://www.draftguru.com.au/players/kieren_briggs/1,accepted,,players/K/Kieren_Briggs.html,players/K/Kieren_Briggs.html,unchanged,,
https://www.draftguru.com.au/players/kieren_jack/1,accepted,,players/K/Kieren_Jack.html,players/K/Kieren_Jack.html,unchanged,,
https://www.draftguru.com.au/players/kingsley_hunter/1,accepted,,players/K/Kingsley_Hunter.html,players/K/Kingsley_Hunter.html,unchanged,,
https://www.draftguru.com.au/players/kirk_ugle/1,accepted,,players/K/Kirk_Ugle.html,players/K/Kirk_Ugle.html,unchanged,,
https://www.draftguru.com.au/players/kobe_mutch/1,accepted,,players/K/Kobe_Mutch.html,players/K/Kobe_Mutch.html,unchanged,,
https://www.draftguru.com.au/players/koby_coulson/1,withheld,U-no-href,,,unchanged,,
https://www.draftguru.com.au/players/koby_evans/2,withheld,U-no-href,,,unchanged,,
https://www.draftguru.com.au/players/koby_stevens/1,accepted,,players/K/Koby_Stevens.html,players/K/Koby_Stevens.html,unchanged,,
https://www.draftguru.com.au/players/koltyn_tholstrup/1,accepted,,players/K/Koltyn_Tholstrup.html,players/K/Koltyn_Tholstrup.html,unchanged,,
https://www.draftguru.com.au/players/kris_barlow/1,accepted,,players/K/Kris_Barlow.html,players/K/Kris_Barlow.html,unchanged,,
https://www.draftguru.com.au/players/kris_massie/1,accepted,,players/K/Kris_Massie.html,players/K/Kris_Massie.html,unchanged,,
https://www.draftguru.com.au/players/kris_miller/1,withheld,U-no-href,,,unchanged,,
https://www.draftguru.com.au/players/kris_shore/1,withheld,U-no-href,,,unchanged,,
https://www.draftguru.com.au/players/kristan_height/1,withheld,U-no-href,,,unchanged,,
https://www.draftguru.com.au/players/kristian_bardsley/1,accepted,,players/K/Kristian_Bardsley.html,players/K/Kristian_Bardsley.html,unchanged,,
https://www.draftguru.com.au/players/kristian_de%20pasquale/1,withheld,U-no-href,,,unchanged,,
https://www.draftguru.com.au/players/kristian_jaksch/1,accepted,,players/K/Kristian_Jaksch.html,players/K/Kristian_Jaksch.html,unchanged,,
https://www.draftguru.com.au/players/kristian_pascoe/1,withheld,U-no-href,,,unchanged,,
https://www.draftguru.com.au/players/kristin_thornton/1,accepted,,players/K/Kristin_Thornton.html,players/K/Kristin_Thornton.html,unchanged,,
https://www.draftguru.com.au/players/kurt_aylett/1,accepted,,players/K/Kurt_Aylett.html,players/K/Kurt_Aylett.html,unchanged,,
https://www.draftguru.com.au/players/kurt_heatherley/1,accepted,,players/K/Kurt_Heatherley.html,players/K/Kurt_Heatherley.html,unchanged,,
https://www.draftguru.com.au/players/kurt_heazlewood/1,withheld,U-no-href,,,unchanged,,
https://www.draftguru.com.au/players/kurt_mutimer/1,accepted,,players/K/Kurt_Mutimer.html,players/K/Kurt_Mutimer.html,unchanged,,
https://www.draftguru.com.au/players/kurt_tippett/1,accepted,,players/K/Kurt_Tippett.html,players/K/Kurt_Tippett.html,unchanged,,
https://www.draftguru.com.au/players/kyah_farris-white/1,withheld,U-no-href,,,unchanged,,
https://www.draftguru.com.au/players/kyal_horsley/1,accepted,,players/K/Kyal_Horsley.html,players/K/Kyal_Horsley.html,unchanged,,
https://www.draftguru.com.au/players/kye_annand/1,accepted,,players/K/Kye_Annand.html,players/K/Kye_Annand.html,unchanged,,
https://www.draftguru.com.au/players/kye_declase/1,withheld,U-no-href,,,unchanged,,
https://www.draftguru.com.au/players/kye_fincher/1,withheld,U-no-href,,,unchanged,,
https://www.draftguru.com.au/players/kye_turner/1,withheld,U-no-href,,,unchanged,,
https://www.draftguru.com.au/players/kyle_archibald/1,withheld,U-no-href,,,unchanged,,
https://www.draftguru.com.au/players/kyle_cheney/1,accepted,,players/K/Kyle_Cheney.html,players/K/Kyle_Cheney.html,unchanged,,
https://www.draftguru.com.au/players/kyle_coney/1,withheld,U-no-href,,,unchanged,,
https://www.draftguru.com.au/players/kyle_dunkley/1,accepted,,players/K/Kyle_Dunkley.html,players/K/Kyle_Dunkley.html,unchanged,,
https://www.draftguru.com.au/players/kyle_galloway/1,withheld,U-no-href,,,unchanged,,
https://www.draftguru.com.au/players/kyle_hardingham/1,accepted,,players/K/Kyle_Hardingham.html,players/K/Kyle_Hardingham.html,unchanged,,
https://www.draftguru.com.au/players/kyle_hartigan/1,accepted,,players/K/Kyle_Hartigan.html,players/K/Kyle_Hartigan.html,unchanged,,
https://www.draftguru.com.au/players/kyle_langford/1,accepted,,players/K/Kyle_Langford.html,players/K/Kyle_Langford.html,unchanged,,
https://www.draftguru.com.au/players/kyle_marshall/1,withheld,U-no-href,,,unchanged,,
https://www.draftguru.com.au/players/kyle_martin/1,accepted,,players/K/Kyle_Martin.html,players/K/Kyle_Martin.html,unchanged,,
https://www.draftguru.com.au/players/kyle_reimers/1,accepted,,players/K/Kyle_Reimers.html,players/K/Kyle_Reimers.html,unchanged,,
https://www.draftguru.com.au/players/kym_eyers/1,withheld,U-no-href,,,unchanged,,
https://www.draftguru.com.au/players/kym_koster/1,accepted,,players/K/Kym_Koster.html,players/K/Kym_Koster.html,unchanged,,
https://www.draftguru.com.au/players/kym_lebois/1,withheld,U-no-href,,,unchanged,,
https://www.draftguru.com.au/players/kym_nicholls/1,withheld,U-no-href,,,unchanged,,
https://www.draftguru.com.au/players/kym_russell/1,accepted,,players/K/Kym_Russell.html,players/K/Kym_Russell.html,unchanged,,
https://www.draftguru.com.au/players/kynan_brown/1,accepted,,players/K/Kynan_Brown.html,players/K/Kynan_Brown.html,unchanged,,
https://www.draftguru.com.au/players/kyron_hayden/1,accepted,,players/K/Kyron_Hayden.html,players/K/Kyron_Hayden.html,unchanged,,
https://www.draftguru.com.au/players/kysaiah_pickett/1,accepted,,players/K/Kysaiah_Pickett.html,players/K/Kysaiah_Pickett.html,unchanged,,
https://www.draftguru.com.au/players/lachie_ash/1,accepted,,players/L/Lachie_Ash.html,players/L/Lachie_Ash.html,unchanged,,
https://www.draftguru.com.au/players/lachie_bramble/1,accepted,,players/L/Lachlan_Bramble.html,players/L/Lachlan_Bramble.html,unchanged,,
https://www.draftguru.com.au/players/lachie_cowan/1,accepted,,players/L/Lachlan_Cowan.html,players/L/Lachlan_Cowan.html,unchanged,,
https://www.draftguru.com.au/players/lachie_henderson/1,accepted,,players/L/Lachie_Henderson.html,players/L/Lachie_Henderson.html,unchanged,,
https://www.draftguru.com.au/players/lachie_hill/1,withheld,U-no-href,,,unchanged,,
https://www.draftguru.com.au/players/lachie_hosie/1,accepted,,players/L/Lachlan_Hosie.html,players/L/Lachlan_Hosie.html,unchanged,,
https://www.draftguru.com.au/players/lachie_hunter/1,accepted,,players/L/Lachie_Hunter.html,players/L/Lachie_Hunter.html,unchanged,,
https://www.draftguru.com.au/players/lachie_jaques/1,accepted,,players/L/Lachie_Jaques.html,players/L/Lachie_Jaques.html,unchanged,,
https://www.draftguru.com.au/players/lachie_jones/1,accepted,,players/L/Lachie_Jones.html,players/L/Lachie_Jones.html,unchanged,,
https://www.draftguru.com.au/players/lachie_neale/1,accepted,,players/L/Lachie_Neale.html,players/L/Lachie_Neale.html,unchanged,,
https://www.draftguru.com.au/players/lachie_plowman/1,accepted,,players/L/Lachie_Plowman.html,players/L/Lachie_Plowman.html,unchanged,,
https://www.draftguru.com.au/players/lachie_schultz/1,accepted,,players/L/Lachie_Schultz.html,players/L/Lachie_Schultz.html,unchanged,,
https://www.draftguru.com.au/players/lachie_sullivan/1,accepted,,players/L/Lachlan_Sullivan.html,players/L/Lachlan_Sullivan.html,unchanged,,
https://www.draftguru.com.au/players/lachie_tiziani/1,withheld,U-no-href,,,unchanged,,
https://www.draftguru.com.au/players/lachie_weller/1,accepted,,players/L/Lachie_Weller.html,players/L/Lachie_Weller.html,unchanged,,
https://www.draftguru.com.au/players/lachie_whitfield/1,accepted,,players/L/Lachie_Whitfield.html,players/L/Lachie_Whitfield.html,unchanged,,
https://www.draftguru.com.au/players/lachie_young/1,accepted,,players/L/Lachie_Young.html,players/L/Lachie_Young.html,unchanged,,
https://www.draftguru.com.au/players/lachlan_blakiston/1,accepted,,players/L/Lachlan_Blakiston.html,players/L/Lachlan_Blakiston.html,unchanged,,
https://www.draftguru.com.au/players/lachlan_brown/1,withheld,U-no-href,,,unchanged,,
https://www.draftguru.com.au/players/lachlan_carmichael/1,accepted,,players/L/Lachlan_Carmichael.html,players/L/Lachlan_Carmichael.html,unchanged,,
https://www.draftguru.com.au/players/lachlan_charleson/1,withheld,U-no-href,,,unchanged,,
https://www.draftguru.com.au/players/lachlan_filipovic/1,withheld,U-no-href,,,unchanged,,
https://www.draftguru.com.au/players/lachlan_fogarty/1,accepted,,players/L/Lachie_Fogarty.html,players/L/Lachie_Fogarty.html,unchanged,,
https://www.draftguru.com.au/players/lachlan_gollant/1,accepted,,players/L/Lachlan_Gollant.html,players/L/Lachlan_Gollant.html,unchanged,,
https://www.draftguru.com.au/players/lachlan_gulbin/1,accepted,,players/L/Lachlan_Gulbin.html,players/L/Lachlan_Gulbin.html,unchanged,,
https://www.draftguru.com.au/players/lachlan_hansen/1,accepted,,players/L/Lachlan_Hansen.html,players/L/Lachlan_Hansen.html,unchanged,,
https://www.draftguru.com.au/players/lachlan_johnson/2,withheld,U-no-href,,,unchanged,,
https://www.draftguru.com.au/players/lachlan_keeffe/1,accepted,,players/L/Lachlan_Keeffe.html,players/L/Lachlan_Keeffe.html,unchanged,,
https://www.draftguru.com.au/players/lachlan_langford/1,withheld,U-no-href,,,unchanged,,
https://www.draftguru.com.au/players/lachlan_mcandrew/1,accepted,,players/L/Lachlan_McAndrew.html,players/L/Lachlan_McAndrew.html,unchanged,,
https://www.draftguru.com.au/players/lachlan_mckinnon/1,withheld,U-no-href,,,unchanged,,
https://www.draftguru.com.au/players/lachlan_mclean/1,withheld,U-no-href,,,unchanged,,
https://www.draftguru.com.au/players/lachlan_mcneil/1,accepted,,players/L/Lachlan_McNeil.html,players/L/Lachlan_McNeil.html,unchanged,,
https://www.draftguru.com.au/players/lachlan_murphy/1,accepted,,players/L/Lachlan_Murphy.html,players/L/Lachlan_Murphy.html,unchanged,,
https://www.draftguru.com.au/players/lachlan_oakley/1,withheld,U-no-href,,,unchanged,,
https://www.draftguru.com.au/players/lachlan_rankin/1,withheld,U-no-href,,,unchanged,,
https://www.draftguru.com.au/players/lachlan_roach/1,withheld,U-no-href,,,unchanged,,
https://www.draftguru.com.au/players/lachlan_ross/1,accepted,,players/L/Lachlan_Ross.html,players/L/Lachlan_Ross.html,unchanged,,
https://www.draftguru.com.au/players/lachlan_sholl/1,accepted,,players/L/Lachlan_Sholl.html,players/L/Lachlan_Sholl.html,unchanged,,
https://www.draftguru.com.au/players/lachlan_sim/1,accepted,,players/L/Lachlan_Sim.html,players/L/Lachlan_Sim.html,unchanged,,
https://www.draftguru.com.au/players/lachlan_smith/1,withheld,U-no-href,,,unchanged,,
https://www.draftguru.com.au/players/lachlan_smith/4,accepted,,players/L/Lachlan_Smith.html,players/L/Lachlan_Smith.html,unchanged,,
https://www.draftguru.com.au/players/lachy_dovaston/1,accepted,,players/L/Lachy_Dovaston.html,players/L/Lachy_Dovaston.html,unchanged,,
https://www.draftguru.com.au/players/laitham_vandermeer/1,accepted,,players/L/Laitham_Vandermeer.html,players/L/Laitham_Vandermeer.html,unchanged,,
https://www.draftguru.com.au/players/lance_collard/1,accepted,,players/L/Lance_Collard.html,players/L/Lance_Collard.html,unchanged,,
https://www.draftguru.com.au/players/lance_franklin/1,accepted,,players/L/Lance_Franklin.html,players/L/Lance_Franklin.html,unchanged,,
https://www.draftguru.com.au/players/lance_picioane/1,accepted,,players/L/Lance_Picioane.html,players/L/Lance_Picioane.html,unchanged,,
https://www.draftguru.com.au/players/lance_whitnall/1,accepted,,players/L/Lance_Whitnall.html,players/L/Lance_Whitnall.html,unchanged,,
https://www.draftguru.com.au/players/latrelle_pickett/1,accepted,,players/L/Latrelle_Pickett.html,players/L/Latrelle_Pickett.html,unchanged,,
https://www.draftguru.com.au/players/lauchlan_dalgleish/1,accepted,,players/L/Lauchlan_Dalgleish.html,players/L/Lauchlan_Dalgleish.html,unchanged,,
https://www.draftguru.com.au/players/laurence_angwin/1,accepted,,players/L/Laurence_Angwin.html,players/L/Laurence_Angwin.html,unchanged,,
https://www.draftguru.com.au/players/laurence_schache/1,accepted,,players/L/Laurence_Schache.html,players/L/Laurence_Schache.html,unchanged,,
https://www.draftguru.com.au/players/laurie_bellotti/1,accepted,,players/L/Laurie_Bellotti.html,players/L/Laurie_Bellotti.html,unchanged,,
https://www.draftguru.com.au/players/laurie_menhenut/1,withheld,U-no-href,,,unchanged,,
https://www.draftguru.com.au/players/lawrence_bingham/1,accepted,,players/L/Lawrence_Bingham.html,players/L/Lawrence_Bingham.html,unchanged,,
https://www.draftguru.com.au/players/lawson_humphries/1,accepted,,players/L/Lawson_Humphries.html,players/L/Lawson_Humphries.html,unchanged,,
https://www.draftguru.com.au/players/lazar_vidovic/1,accepted,,players/L/Lazar_Vidovic.html,players/L/Lazar_Vidovic.html,unchanged,,
https://www.draftguru.com.au/players/lee_campbell/1,withheld,U-no-href,,,unchanged,,
https://www.draftguru.com.au/players/lee_fraser/1,withheld,U-no-href,,,unchanged,,
https://www.draftguru.com.au/players/lee_spurr/1,accepted,,players/L/Lee_Spurr.html,players/L/Lee_Spurr.html,unchanged,,
https://www.draftguru.com.au/players/lee_walker/1,accepted,,players/L/Lee_Walker.html,players/L/Lee_Walker.html,unchanged,,
https://www.draftguru.com.au/players/leek_aleer/1,accepted,,players/L/Leek_Aleer.html,players/L/Leek_Aleer.html,unchanged,,
https://www.draftguru.com.au/players/leigh_adams/1,accepted,,players/L/Leigh_Adams.html,players/L/Leigh_Adams.html,unchanged,,
https://www.draftguru.com.au/players/leigh_brockman/1,accepted,,players/L/Leigh_Brockman.html,players/L/Leigh_Brockman.html,unchanged,,
https://www.draftguru.com.au/players/leigh_brown/1,accepted,,players/L/Leigh_Brown.html,players/L/Leigh_Brown.html,unchanged,,
https://www.draftguru.com.au/players/leigh_capsalis/1,accepted,,players/L/Leigh_Capsalis.html,players/L/Leigh_Capsalis.html,unchanged,,
https://www.draftguru.com.au/players/leigh_colbert/1,accepted,,players/L/Leigh_Colbert.html,players/L/Leigh_Colbert.html,unchanged,,
https://www.draftguru.com.au/players/leigh_fisher/1,accepted,,players/L/Leigh_Fisher.html,players/L/Leigh_Fisher.html,unchanged,,
https://www.draftguru.com.au/players/leigh_funcke/1,withheld,U-no-href,,,unchanged,,
https://www.draftguru.com.au/players/leigh_harding/1,accepted,,players/L/Leigh_Harding.html,players/L/Leigh_Harding.html,unchanged,,
https://www.draftguru.com.au/players/leigh_harrison/1,withheld,U-no-href,,,unchanged,,
https://www.draftguru.com.au/players/leigh_marshall/1,withheld,U-no-href,,,unchanged,,
https://www.draftguru.com.au/players/leigh_montagna/1,accepted,,players/L/Leigh_Montagna.html,players/L/Leigh_Montagna.html,unchanged,,
https://www.draftguru.com.au/players/leigh_newton/1,accepted,,players/L/Leigh_Newton.html,players/L/Leigh_Newton.html,unchanged,,
https://www.draftguru.com.au/players/leigh_osborne/1,accepted,,players/L/Leigh_Osborne.html,players/L/Leigh_Osborne.html,unchanged,,
https://www.draftguru.com.au/players/leigh_ryswyk/1,accepted,,players/L/Leigh_Ryswyk.html,players/L/Leigh_Ryswyk.html,unchanged,,
https://www.draftguru.com.au/players/leigh_sheehan/1,withheld,U-no-href,,,unchanged,,
https://www.draftguru.com.au/players/leigh_singline/1,withheld,U-no-href,,,unchanged,,
https://www.draftguru.com.au/players/leigh_snooks/1,withheld,U-no-href,,,unchanged,,
https://www.draftguru.com.au/players/leigh_tudor/1,accepted,,players/L/Leigh_Tudor.html,players/L/Leigh_Tudor.html,unchanged,,
https://www.draftguru.com.au/players/leigh_wardell-johnson/1,accepted,,players/L/Leigh_Wardell-Johnson.html,players/L/Leigh_Wardell-Johnson.html,unchanged,,
https://www.draftguru.com.au/players/leigh_williams/1,withheld,U-no-href,,,unchanged,,
https://www.draftguru.com.au/players/leigh_willison/1,accepted,,players/L/Leigh_Willison.html,players/L/Leigh_Willison.html,unchanged,,
https://www.draftguru.com.au/players/leith_teakle/1,withheld,U-no-href,,,unchanged,,
https://www.draftguru.com.au/players/lennox_hofmann/1,withheld,U-no-href,,,unchanged,,
https://www.draftguru.com.au/players/lenny_hayes/1,accepted,,players/L/Lenny_Hayes.html,players/L/Lenny_Hayes.html,unchanged,,
https://www.draftguru.com.au/players/leno_thomas/1,withheld,U-no-href,,,unchanged,,
https://www.draftguru.com.au/players/leo_barry/1,accepted,,players/L/Leo_Barry.html,players/L/Leo_Barry.html,unchanged,,
https://www.draftguru.com.au/players/leo_connolly/1,accepted,,players/L/Leo_Connolly.html,players/L/Leo_Connolly.html,unchanged,,
https://www.draftguru.com.au/players/leo_lombard/1,accepted,,players/L/Leo_Lombard.html,players/L/Leo_Lombard.html,unchanged,,
https://www.draftguru.com.au/players/leon_cameron/1,accepted,,players/L/Leon_Cameron.html,players/L/Leon_Cameron.html,unchanged,,
https://www.draftguru.com.au/players/leon_davis/1,accepted,,players/L/Leon_Davis.html,players/L/Leon_Davis.html,unchanged,,
https://www.draftguru.com.au/players/leon_higgins/1,accepted,,players/L/Leon_Higgins.html,players/L/Leon_Higgins.html,unchanged,,
https://www.draftguru.com.au/players/leon_kickett/1,withheld,U-no-href,,,unchanged,,
https://www.draftguru.com.au/players/leonard_clark/1,withheld,U-no-href,,,unchanged,,
https://www.draftguru.com.au/players/leroy_jetta/1,accepted,,players/L/Leroy_Jetta.html,players/L/Leroy_Jetta.html,unchanged,,
https://www.draftguru.com.au/players/levi_ashcroft/1,accepted,,players/L/Levi_Ashcroft.html,players/L/Levi_Ashcroft.html,unchanged,,
https://www.draftguru.com.au/players/levi_casboult/1,accepted,,players/L/Levi_Casboult.html,players/L/Levi_Casboult.html,unchanged,,
https://www.draftguru.com.au/players/levi_greenwood/1,accepted,,players/L/Levi_Greenwood.html,players/L/Levi_Greenwood.html,unchanged,,
https://www.draftguru.com.au/players/lewis_broome/1,withheld,U-no-href,,,unchanged,,
https://www.draftguru.com.au/players/lewis_hayes/1,accepted,,players/L/Lewis_Hayes.html,players/L/Lewis_Hayes.html,unchanged,,
https://www.draftguru.com.au/players/lewis_jetta/1,accepted,,players/L/Lewis_Jetta.html,players/L/Lewis_Jetta.html,unchanged,,
https://www.draftguru.com.au/players/lewis_johnston/1,accepted,,players/L/Lewis_Johnston.html,players/L/Lewis_Johnston.html,unchanged,,
https://www.draftguru.com.au/players/lewis_melican/1,accepted,,players/L/Lewis_Melican.html,players/L/Lewis_Melican.html,unchanged,,
https://www.draftguru.com.au/players/lewis_moss/1,withheld,U-no-href,,,unchanged,,
https://www.draftguru.com.au/players/lewis_pierce/1,accepted,,players/L/Lewis_Pierce.html,players/L/Lewis_Pierce.html,unchanged,,
https://www.draftguru.com.au/players/lewis_roberts-thomson/1,accepted,,players/L/Lewis_Roberts-Thomson.html,players/L/Lewis_Roberts-Thomson.html,unchanged,,
https://www.draftguru.com.au/players/lewis_stevenson/1,accepted,,players/L/Lewis_Stevenson.html,players/L/Lewis_Stevenson.html,unchanged,,
https://www.draftguru.com.au/players/lewis_taylor/1,accepted,,players/L/Lewis_Taylor.html,players/L/Lewis_Taylor.html,unchanged,,
https://www.draftguru.com.au/players/lewis_young/1,accepted,,players/L/Lewis_Young.html,players/L/Lewis_Young.html,unchanged,,
https://www.draftguru.com.au/players/liam_anthony/1,accepted,,players/L/Liam_Anthony.html,players/L/Liam_Anthony.html,unchanged,,
https://www.draftguru.com.au/players/liam_baker/1,accepted,,players/L/Liam_Baker.html,players/L/Liam_Baker.html,unchanged,,
https://www.draftguru.com.au/players/liam_bedford/1,withheld,U-no-href,,,unchanged,,
https://www.draftguru.com.au/players/liam_dawson/1,accepted,,players/L/Liam_Dawson.html,players/L/Liam_Dawson.html,unchanged,,
https://www.draftguru.com.au/players/liam_duggan/1,accepted,,players/L/Liam_Duggan.html,players/L/Liam_Duggan.html,unchanged,,
https://www.draftguru.com.au/players/liam_fawcett/1,accepted,,players/L/Liam_Fawcett.html,players/L/Liam_Fawcett.html,unchanged,,
https://www.draftguru.com.au/players/liam_henry/2,accepted,,players/L/Liam_Henry.html,players/L/Liam_Henry.html,unchanged,,
https://www.draftguru.com.au/players/liam_hetherton/1,withheld,U-no-href,,,unchanged,,
https://www.draftguru.com.au/players/liam_hulett/1,withheld,U-no-href,,,unchanged,,
https://www.draftguru.com.au/players/liam_jones/1,accepted,,players/L/Liam_Jones.html,players/L/Liam_Jones.html,unchanged,,
https://www.draftguru.com.au/players/liam_jurrah/1,accepted,,players/L/Liam_Jurrah.html,players/L/Liam_Jurrah.html,unchanged,,
https://www.draftguru.com.au/players/liam_mackie/1,withheld,U-no-href,,,unchanged,,
https://www.draftguru.com.au/players/liam_mcbean/1,accepted,,players/L/Liam_McBean.html,players/L/Liam_McBean.html,unchanged,,
https://www.draftguru.com.au/players/liam_mcmahon/2,accepted,,players/L/Liam_McMahon.html,players/L/Liam_McMahon.html,unchanged,,
https://www.draftguru.com.au/players/liam_o'connell/1,accepted,,players/L/Liam_OConnell.html,players/L/Liam_OConnell.html,unchanged,,
https://www.draftguru.com.au/players/liam_patrick/1,accepted,,players/L/Liam_Patrick.html,players/L/Liam_Patrick.html,unchanged,,
https://www.draftguru.com.au/players/liam_picken/1,accepted,,players/L/Liam_Picken.html,players/L/Liam_Picken.html,unchanged,,
https://www.draftguru.com.au/players/liam_pickering/1,accepted,,players/L/Liam_Pickering.html,players/L/Liam_Pickering.html,unchanged,,
https://www.draftguru.com.au/players/liam_puncher/1,accepted,,players/L/Liam_Puncher.html,players/L/Liam_Puncher.html,unchanged,,
https://www.draftguru.com.au/players/liam_reidy/1,accepted,,players/L/Liam_Reidy.html,players/L/Liam_Reidy.html,unchanged,,
https://www.draftguru.com.au/players/liam_ryan/1,accepted,,players/L/Liam_Ryan.html,players/L/Liam_Ryan.html,unchanged,,
https://www.draftguru.com.au/players/liam_shiels/1,accepted,,players/L/Liam_Shiels.html,players/L/Liam_Shiels.html,unchanged,,
https://www.draftguru.com.au/players/liam_stocker/1,accepted,,players/L/Liam_Stocker.html,players/L/Liam_Stocker.html,unchanged,,
https://www.draftguru.com.au/players/liam_sumner/1,accepted,,players/L/Liam_Sumner.html,players/L/Liam_Sumner.html,unchanged,,
https://www.draftguru.com.au/players/lin_jong/1,accepted,,players/L/Lin_Jong.html,players/L/Lin_Jong.html,unchanged,,
https://www.draftguru.com.au/players/lincoln_mccarthy/1,accepted,,players/L/Lincoln_McCarthy.html,players/L/Lincoln_McCarthy.html,unchanged,,
https://www.draftguru.com.au/players/lincoln_reynolds/1,withheld,U-no-href,,,unchanged,,
https://www.draftguru.com.au/players/linden_stevens/1,accepted,,players/L/Linden_Stevens.html,players/L/Linden_Stevens.html,unchanged,,
https://www.draftguru.com.au/players/lindsay_gilbee/1,accepted,,players/L/Lindsay_Gilbee.html,players/L/Lindsay_Gilbee.html,unchanged,,
https://www.draftguru.com.au/players/lindsay_smith/1,accepted,,players/L/Lindsay_Smith.html,players/L/Lindsay_Smith.html,unchanged,,
https://www.draftguru.com.au/players/lindsay_thomas/2,accepted,,players/L/Lindsay_Thomas1.html,players/L/Lindsay_Thomas1.html,unchanged,,
https://www.draftguru.com.au/players/lionel_proctor/1,accepted,,players/L/Lionel_Proctor.html,players/L/Lionel_Proctor.html,unchanged,,
https://www.draftguru.com.au/players/llane_spaanderman/1,accepted,,players/L/Llane_Spaanderman.html,players/L/Llane_Spaanderman.html,unchanged,,
https://www.draftguru.com.au/players/lloyd_johnston/1,accepted,,players/L/Lloyd_Johnston.html,players/L/Lloyd_Johnston.html,unchanged,,
https://www.draftguru.com.au/players/lloyd_meek/1,accepted,,players/L/Lloyd_Meek.html,players/L/Lloyd_Meek.html,unchanged,,
https://www.draftguru.com.au/players/lloyd_perris/1,withheld,U-no-href,,,unchanged,,
https://www.draftguru.com.au/players/loch_rawlinson/1,accepted,,players/L/Loch_Rawlinson.html,players/L/Loch_Rawlinson.html,unchanged,,
https://www.draftguru.com.au/players/lochie_o'brien/1,accepted,,players/L/Lochie_OBrien.html,players/L/Lochie_OBrien.html,unchanged,,
https://www.draftguru.com.au/players/lochlan_veale/1,withheld,U-no-href,,,unchanged,,
https://www.draftguru.com.au/players/logan_austin/1,accepted,,players/L/Logan_Austin.html,players/L/Logan_Austin.html,unchanged,,
https://www.draftguru.com.au/players/logan_evans/1,accepted,,players/L/Logan_Evans.html,players/L/Logan_Evans.html,unchanged,,
https://www.draftguru.com.au/players/logan_mcdonald/1,accepted,,players/L/Logan_McDonald.html,players/L/Logan_McDonald.html,unchanged,,
https://www.draftguru.com.au/players/logan_morris/1,accepted,,players/L/Logan_Morris.html,players/L/Logan_Morris.html,unchanged,,
https://www.draftguru.com.au/players/logan_smith/1,withheld,U-no-href,,,unchanged,,
https://www.draftguru.com.au/players/louis_butler/1,accepted,,players/L/Louis_Butler.html,players/L/Louis_Butler.html,unchanged,,
https://www.draftguru.com.au/players/louis_emmett/1,accepted,,players/L/Louis_Emmett.html,players/L/Louis_Emmett.html,unchanged,,
https://www.draftguru.com.au/players/louis_herbert/1,accepted,,players/L/Louis_Herbert.html,players/L/Louis_Herbert.html,unchanged,,
https://www.draftguru.com.au/players/luamon_lual/1,accepted,,players/L/Luamon_Lual.html,players/L/Luamon_Lual.html,unchanged,,
https://www.draftguru.com.au/players/luan_morley/1,withheld,U-no-href,,,unchanged,,
https://www.draftguru.com.au/players/lucas_camporeale/1,accepted,,players/L/Lucas_Camporeale.html,players/L/Lucas_Camporeale.html,unchanged,,
https://www.draftguru.com.au/players/lucas_cook/1,withheld,U-no-href,,,unchanged,,
https://www.draftguru.com.au/players/lucas_fleming/1,withheld,U-no-href,,,unchanged,,
https://www.draftguru.com.au/players/lucas_herbert/1,accepted,,players/L/Lucas_Herbert.html,players/L/Lucas_Herbert.html,unchanged,,
https://www.draftguru.com.au/players/lucca_grego/1,accepted,,players/L/Lucca_Grego.html,players/L/Lucca_Grego.html,unchanged,,
https://www.draftguru.com.au/players/lukas_cooke/1,accepted,,players/L/Lukas_Cooke.html,players/L/Lukas_Cooke.html,unchanged,,
https://www.draftguru.com.au/players/lukas_markovic/1,accepted,,players/L/Lukas_Markovic.html,players/L/Lukas_Markovic.html,unchanged,,
https://www.draftguru.com.au/players/lukas_webb/1,accepted,,players/L/Lukas_Webb.html,players/L/Lukas_Webb.html,unchanged,,
https://www.draftguru.com.au/players/luke_ablett/1,accepted,,players/L/Luke_Ablett.html,players/L/Luke_Ablett.html,unchanged,,
https://www.draftguru.com.au/players/luke_ball/1,accepted,,players/L/Luke_Ball.html,players/L/Luke_Ball.html,unchanged,,
https://www.draftguru.com.au/players/luke_beecken/1,accepted,,players/L/Luke_Beecken.html,players/L/Luke_Beecken.html,unchanged,,
https://www.draftguru.com.au/players/luke_beveridge/1,accepted,,players/L/Luke_Beveridge.html,players/L/Luke_Beveridge.html,unchanged,,
https://www.draftguru.com.au/players/luke_blackwell/1,accepted,,players/L/Luke_Blackwell.html,players/L/Luke_Blackwell.html,unchanged,,
https://www.draftguru.com.au/players/luke_brennan/1,accepted,,players/L/Luke_Brennan.html,players/L/Luke_Brennan.html,unchanged,,
https://www.draftguru.com.au/players/luke_breust/1,accepted,,players/L/Luke_Breust.html,players/L/Luke_Breust.html,unchanged,,
https://www.draftguru.com.au/players/luke_brown/2,accepted,,players/L/Luke_Brown1.html,players/L/Luke_Brown1.html,unchanged,,
https://www.draftguru.com.au/players/luke_buckland/1,withheld,U-no-href,,,unchanged,,
https://www.draftguru.com.au/players/luke_casey-leigh/1,withheld,U-no-href,,,unchanged,,
https://www.draftguru.com.au/players/luke_chambers/1,withheld,U-no-href,,,unchanged,,
https://www.draftguru.com.au/players/luke_cleary/1,accepted,,players/L/Luke_Cleary.html,players/L/Luke_Cleary.html,unchanged,,
https://www.draftguru.com.au/players/luke_dahlhaus/1,accepted,,players/L/Luke_Dahlhaus.html,players/L/Luke_Dahlhaus.html,unchanged,,
https://www.draftguru.com.au/players/luke_darcy/1,accepted,,players/L/Luke_Darcy.html,players/L/Luke_Darcy.html,unchanged,,
https://www.draftguru.com.au/players/luke_davies-uniacke/1,accepted,,players/L/Luke_Davies-Uniacke.html,players/L/Luke_Davies-Uniacke.html,unchanged,,
https://www.draftguru.com.au/players/luke_davis/1,withheld,U-no-href,,,unchanged,,
https://www.draftguru.com.au/players/luke_delaney/1,accepted,,players/L/Luke_Delaney.html,players/L/Luke_Delaney.html,unchanged,,
https://www.draftguru.com.au/players/luke_donaldson/1,withheld,U-no-href,,,unchanged,,
https://www.draftguru.com.au/players/luke_dunstan/1,accepted,,players/L/Luke_Dunstan.html,players/L/Luke_Dunstan.html,unchanged,,
https://www.draftguru.com.au/players/luke_edwards/1,accepted,,players/L/Luke_Edwards.html,players/L/Luke_Edwards.html,unchanged,,
https://www.draftguru.com.au/players/luke_english/1,withheld,U-no-href,,,unchanged,,
https://www.draftguru.com.au/players/luke_foley/1,accepted,,players/L/Luke_Foley.html,players/L/Luke_Foley.html,unchanged,,
https://www.draftguru.com.au/players/luke_forsyth/1,withheld,U-no-href,,,unchanged,,
https://www.draftguru.com.au/players/luke_godden/1,accepted,,players/L/Luke_Godden.html,players/L/Luke_Godden.html,unchanged,,
https://www.draftguru.com.au/players/luke_goetz/1,withheld,U-no-href,,,unchanged,,
https://www.draftguru.com.au/players/luke_hammond/1,withheld,U-no-href,,,unchanged,,
https://www.draftguru.com.au/players/luke_hampshire/1,withheld,U-no-href,,,unchanged,,
https://www.draftguru.com.au/players/luke_hodge/1,accepted,,players/L/Luke_Hodge.html,players/L/Luke_Hodge.html,unchanged,,
https://www.draftguru.com.au/players/luke_jackson/1,accepted,,players/L/Luke_Jackson.html,players/L/Luke_Jackson.html,unchanged,,
https://www.draftguru.com.au/players/luke_jarjoura/1,withheld,U-no-href,,,unchanged,,
https://www.draftguru.com.au/players/luke_jericho/1,accepted,,players/L/Luke_Jericho.html,players/L/Luke_Jericho.html,unchanged,,
https://www.draftguru.com.au/players/luke_kennedy/2,accepted,,players/L/Luke_Kennedy.html,players/L/Luke_Kennedy.html,unchanged,,
https://www.draftguru.com.au/players/luke_lavender/1,withheld,U-no-href,,,unchanged,,
https://www.draftguru.com.au/players/luke_livingston/1,accepted,,players/L/Luke_Livingston.html,players/L/Luke_Livingston.html,unchanged,,
https://www.draftguru.com.au/players/luke_lloyd/1,withheld,U-no-href,,,unchanged,,
https://www.draftguru.com.au/players/luke_lowden/1,accepted,,players/L/Luke_Lowden.html,players/L/Luke_Lowden.html,unchanged,,
https://www.draftguru.com.au/players/luke_mccabe/1,accepted,,players/L/Luke_McCabe.html,players/L/Luke_McCabe.html,unchanged,,
https://www.draftguru.com.au/players/luke_mccormick/1,withheld,U-no-href,,,unchanged,,
https://www.draftguru.com.au/players/luke_mcdonald/1,accepted,,players/L/Luke_McDonald.html,players/L/Luke_McDonald.html,unchanged,,
https://www.draftguru.com.au/players/luke_mcentee/1,withheld,U-no-href,,,unchanged,,
https://www.draftguru.com.au/players/luke_mcguane/1,accepted,,players/L/Luke_McGuane.html,players/L/Luke_McGuane.html,unchanged,,
https://www.draftguru.com.au/players/luke_mcpharlin/1,accepted,,players/L/Luke_McPharlin.html,players/L/Luke_McPharlin.html,unchanged,,
https://www.draftguru.com.au/players/luke_miles/1,accepted,,players/L/Luke_Miles.html,players/L/Luke_Miles.html,unchanged,,
https://www.draftguru.com.au/players/luke_mitchell/1,accepted,,players/L/Luke_Mitchell.html,players/L/Luke_Mitchell.html,unchanged,,
https://www.draftguru.com.au/players/luke_molan/1,withheld,U-no-href,,,unchanged,,
https://www.draftguru.com.au/players/luke_mullins/1,accepted,,players/L/Luke_Mullins.html,players/L/Luke_Mullins.html,unchanged,,
https://www.draftguru.com.au/players/luke_nankervis/1,accepted,,players/L/Luke_Nankervis.html,players/L/Luke_Nankervis.html,unchanged,,
https://www.draftguru.com.au/players/luke_newick/1,withheld,U-no-href,,,unchanged,,
https://www.draftguru.com.au/players/luke_norman/1,accepted,,players/L/Luke_Norman.html,players/L/Luke_Norman.html,unchanged,,
https://www.draftguru.com.au/players/luke_ottens/1,accepted,,players/L/Luke_Ottens.html,players/L/Luke_Ottens.html,unchanged,,
https://www.draftguru.com.au/players/luke_parker/1,accepted,,players/L/Luke_Parker.html,players/L/Luke_Parker.html,unchanged,,
https://www.draftguru.com.au/players/luke_parks/1,accepted,,players/L/Luke_Parks.html,players/L/Luke_Parks.html,unchanged,,
https://www.draftguru.com.au/players/luke_partington/1,accepted,,players/L/Luke_Partington.html,players/L/Luke_Partington.html,unchanged,,
https://www.draftguru.com.au/players/luke_pedlar/1,accepted,,players/L/Luke_Pedlar.html,players/L/Luke_Pedlar.html,unchanged,,
https://www.draftguru.com.au/players/luke_peel/1,withheld,U-no-href,,,unchanged,,
https://www.draftguru.com.au/players/luke_penny/1,accepted,,players/L/Luke_Penny.html,players/L/Luke_Penny.html,unchanged,,
https://www.draftguru.com.au/players/luke_power/1,accepted,,players/L/Luke_Power.html,players/L/Luke_Power.html,unchanged,,
https://www.draftguru.com.au/players/luke_pratt/1,accepted,,players/L/Luke_Pratt.html,players/L/Luke_Pratt.html,unchanged,,
https://www.draftguru.com.au/players/luke_rayner/1,withheld,U-no-href,,,unchanged,,
https://www.draftguru.com.au/players/luke_reynolds/1,withheld,U-no-href,,,unchanged,,
https://www.draftguru.com.au/players/luke_rounds/1,accepted,,players/L/Luke_Rounds.html,players/L/Luke_Rounds.html,unchanged,,
https://www.draftguru.com.au/players/luke_russell/1,accepted,,players/L/Luke_Russell.html,players/L/Luke_Russell.html,unchanged,,
https://www.draftguru.com.au/players/luke_ryan/1,accepted,,players/L/Luke_Ryan.html,players/L/Luke_Ryan.html,unchanged,,
https://www.draftguru.com.au/players/luke_shackleton/1,accepted,,players/L/Luke_Shackleton.html,players/L/Luke_Shackleton.html,unchanged,,
https://www.draftguru.com.au/players/luke_shuey/1,accepted,,players/L/Luke_Shuey.html,players/L/Luke_Shuey.html,unchanged,,
https://www.draftguru.com.au/players/luke_speers/1,withheld,U-no-href,,,unchanged,,
https://www.draftguru.com.au/players/luke_stanton/1,withheld,U-no-href,,,unchanged,,
https://www.draftguru.com.au/players/luke_strnadica/1,accepted,,players/L/Luke_Strnadica.html,players/L/Luke_Strnadica.html,unchanged,,
https://www.draftguru.com.au/players/luke_surman/1,withheld,U-no-href,,,unchanged,,
https://www.draftguru.com.au/players/luke_tapscott/1,accepted,,players/L/Luke_Tapscott.html,players/L/Luke_Tapscott.html,unchanged,,
https://www.draftguru.com.au/players/luke_taylor/1,withheld,U-no-href,,,unchanged,,
https://www.draftguru.com.au/players/luke_taylor/2,withheld,U-no-href,,,unchanged,,
https://www.draftguru.com.au/players/luke_thompson/1,accepted,,players/L/Luke_Thompson.html,players/L/Luke_Thompson.html,unchanged,,
https://www.draftguru.com.au/players/luke_toia/1,accepted,,players/L/Luke_Toia.html,players/L/Luke_Toia.html,unchanged,,
https://www.draftguru.com.au/players/luke_towey/1,withheld,U-no-href,,,unchanged,,
https://www.draftguru.com.au/players/luke_trainor/2,accepted,,players/L/Luke_Trainor1.html,players/L/Luke_Trainor1.html,unchanged,,
https://www.draftguru.com.au/players/luke_trew/1,withheld,U-no-href,,,unchanged,,
https://www.draftguru.com.au/players/luke_urquhart/1,withheld,U-no-href,,,unchanged,,
https://www.draftguru.com.au/players/luke_valente/1,withheld,U-no-href,,,unchanged,,
https://www.draftguru.com.au/players/luke_van%20rheenen/1,withheld,U-no-href,,,unchanged,,
https://www.draftguru.com.au/players/luke_vogels/1,accepted,,players/L/Luke_Vogels.html,players/L/Luke_Vogels.html,unchanged,,
https://www.draftguru.com.au/players/luke_webster/1,accepted,,players/L/Luke_Webster.html,players/L/Luke_Webster.html,unchanged,,
https://www.draftguru.com.au/players/luke_weller/1,accepted,,players/L/Luke_Weller.html,players/L/Luke_Weller.html,unchanged,,
https://www.draftguru.com.au/players/luke_williams/1,accepted,,players/L/Luke_Williams.html,players/L/Luke_Williams.html,unchanged,,
https://www.draftguru.com.au/players/luker_kentfield/1,accepted,,players/L/Luker_Kentfield.html,players/L/Luker_Kentfield.html,unchanged,,
https://www.draftguru.com.au/players/lynden_dunn/1,accepted,,players/L/Lynden_Dunn.html,players/L/Lynden_Dunn.html,unchanged,,
https://www.draftguru.com.au/players/lyndon_dakin/1,withheld,U-no-href,,,unchanged,,
https://www.draftguru.com.au/players/lynton_fitzpatrick/1,accepted,,players/L/Lynton_Fitzpatrick.html,players/L/Lynton_Fitzpatrick.html,confirmed,same_person_valid_relisting,relisting
https://www.draftguru.com.au/players/mabior_chol/1,accepted,,players/M/Mabior_Chol.html,players/M/Mabior_Chol.html,unchanged,,
https://www.draftguru.com.au/players/mac_andrew/1,accepted,,players/M/Mac_Andrew.html,players/M/Mac_Andrew.html,unchanged,,
https://www.draftguru.com.au/players/mackenzie_willis/1,accepted,,players/M/Mackenzie_Willis.html,players/M/Mackenzie_Willis.html,unchanged,,
https://www.draftguru.com.au/players/majak_daw/1,accepted,,players/M/Majak_Daw.html,players/M/Majak_Daw.html,unchanged,,
https://www.draftguru.com.au/players/mal_michael/1,accepted,,players/M/Mal_Michael.html,players/M/Mal_Michael.html,unchanged,,
https://www.draftguru.com.au/players/malachy_carruthers/1,withheld,U-no-href,,,unchanged,,
https://www.draftguru.com.au/players/malakai_champion/1,accepted,,players/M/Malakai_Champion.html,players/M/Malakai_Champion.html,unchanged,,
https://www.draftguru.com.au/players/malcolm_karpany/1,accepted,,players/M/Malcolm_Karpany.html,players/M/Malcolm_Karpany.html,unchanged,,
https://www.draftguru.com.au/players/malcolm_lynch/1,accepted,,players/M/Malcolm_Lynch.html,players/M/Malcolm_Lynch.html,unchanged,,
https://www.draftguru.com.au/players/malcolm_rosas/1,accepted,,players/M/Malcolm_Rosas.html,players/M/Malcolm_Rosas.html,unchanged,,
https://www.draftguru.com.au/players/malcolm_shippen/1,withheld,U-no-href,,,unchanged,,
https://www.draftguru.com.au/players/mani_liddy/1,accepted,,players/M/Mani_Liddy.html,players/M/Mani_Liddy.html,unchanged,,
https://www.draftguru.com.au/players/marc_dragicevic/1,accepted,,players/M/Marc_Dragicevic.html,players/M/Marc_Dragicevic.html,unchanged,,
https://www.draftguru.com.au/players/marc_lock/1,accepted,,players/M/Marc_Lock.html,players/M/Marc_Lock.html,unchanged,,
https://www.draftguru.com.au/players/marc_murphy/1,accepted,,players/M/Marc_Murphy.html,players/M/Marc_Murphy.html,unchanged,,
https://www.draftguru.com.au/players/marc_pittonet/1,accepted,,players/M/Marc_Pittonet.html,players/M/Marc_Pittonet.html,unchanged,,
https://www.draftguru.com.au/players/marc_sheather/1,accepted,,players/M/Marc_Sheather.html,players/M/Marc_Sheather.html,unchanged,,
https://www.draftguru.com.au/players/marc_woolnough/1,accepted,,players/M/Marc_Woolnough.html,players/M/Marc_Woolnough.html,unchanged,,
https://www.draftguru.com.au/players/marco_paparone/1,accepted,,players/M/Marco_Paparone.html,players/M/Marco_Paparone.html,unchanged,,
https://www.draftguru.com.au/players/marcus_adams/1,accepted,,players/M/Marcus_Adams.html,players/M/Marcus_Adams.html,unchanged,,
https://www.draftguru.com.au/players/marcus_allan/1,accepted,,players/M/Marcus_Allan.html,players/M/Marcus_Allan.html,unchanged,,
https://www.draftguru.com.au/players/marcus_baldwin/1,accepted,,players/M/Marcus_Baldwin.html,players/M/Marcus_Baldwin.html,unchanged,,
https://www.draftguru.com.au/players/marcus_barham/1,withheld,U-no-href,,,unchanged,,
https://www.draftguru.com.au/players/marcus_bontempelli/1,accepted,,players/M/Marcus_Bontempelli.html,players/M/Marcus_Bontempelli.html,unchanged,,
https://www.draftguru.com.au/players/marcus_bullen/1,accepted,,players/M/Marcus_Bullen.html,players/M/Marcus_Bullen.html,unchanged,,
https://www.draftguru.com.au/players/marcus_davies/1,accepted,,players/M/Marcus_Davies.html,players/M/Marcus_Davies.html,unchanged,,
https://www.draftguru.com.au/players/marcus_drum/1,accepted,,players/M/Marcus_Drum.html,players/M/Marcus_Drum.html,unchanged,,
https://www.draftguru.com.au/players/marcus_herbert/1,accepted,,players/M/Marcus_Herbert.html,players/M/Marcus_Herbert.html,unchanged,,
https://www.draftguru.com.au/players/marcus_kenny/1,withheld,U-no-href,,,unchanged,,
https://www.draftguru.com.au/players/marcus_marigliani/1,accepted,,players/M/Marcus_Marigliani.html,players/M/Marcus_Marigliani.html,unchanged,,
https://www.draftguru.com.au/players/marcus_nalder/1,withheld,U-no-href,,,unchanged,,
https://www.draftguru.com.au/players/marcus_picken/1,accepted,,players/M/Marcus_Picken.html,players/M/Marcus_Picken.html,unchanged,,
https://www.draftguru.com.au/players/marcus_pickett/1,withheld,U-no-href,,,unchanged,,
https://www.draftguru.com.au/players/marcus_seecamp/1,accepted,,players/M/Marcus_Seecamp.html,players/M/Marcus_Seecamp.html,unchanged,,
https://www.draftguru.com.au/players/marcus_white/1,accepted,,players/M/Marcus_White.html,players/M/Marcus_White.html,unchanged,,
https://www.draftguru.com.au/players/marcus_windhager/1,accepted,,players/M/Marcus_Windhager.html,players/M/Marcus_Windhager.html,unchanged,,
https://www.draftguru.com.au/players/mark_ainley/1,withheld,U-no-href,,,unchanged,,
https://www.draftguru.com.au/players/mark_alvey/1,accepted,,players/M/Mark_Alvey.html,players/M/Mark_Alvey.html,unchanged,,
https://www.draftguru.com.au/players/mark_arceri/1,accepted,,players/M/Mark_Arceri.html,players/M/Mark_Arceri.html,unchanged,,
https://www.draftguru.com.au/players/mark_athorn/1,accepted,,players/M/Mark_Athorn.html,players/M/Mark_Athorn.html,unchanged,,
https://www.draftguru.com.au/players/mark_attard/1,accepted,,players/M/Mark_Attard.html,players/M/Mark_Attard.html,unchanged,,
https://www.draftguru.com.au/players/mark_austin/1,accepted,,players/M/Mark_Austin.html,players/M/Mark_Austin.html,unchanged,,
https://www.draftguru.com.au/players/mark_baguley/1,accepted,,players/M/Mark_Baguley.html,players/M/Mark_Baguley.html,unchanged,,
https://www.draftguru.com.au/players/mark_ballan/1,withheld,U-no-href,,,unchanged,,
https://www.draftguru.com.au/players/mark_bayliss/1,accepted,,players/M/Mark_Bayliss.html,players/M/Mark_Bayliss.html,unchanged,,
https://www.draftguru.com.au/players/mark_berts/1,withheld,U-no-href,,,unchanged,,
https://www.draftguru.com.au/players/mark_bickley/1,accepted,,players/M/Mark_Bickley.html,players/M/Mark_Bickley.html,unchanged,,
https://www.draftguru.com.au/players/mark_blake/1,accepted,,players/M/Mark_Blake.html,players/M/Mark_Blake.html,unchanged,,
https://www.draftguru.com.au/players/mark_blicavs/1,accepted,,players/M/Mark_Blicavs.html,players/M/Mark_Blicavs.html,unchanged,,
https://www.draftguru.com.au/players/mark_bolton/1,accepted,,players/M/Mark_Bolton.html,players/M/Mark_Bolton.html,unchanged,,
https://www.draftguru.com.au/players/mark_bouw/1,withheld,U-no-href,,,unchanged,,
https://www.draftguru.com.au/players/mark_bradley/1,withheld,U-no-href,,,unchanged,,
https://www.draftguru.com.au/players/mark_bradly/1,accepted,,players/M/Mark_Bradly.html,players/M/Mark_Bradly.html,unchanged,,
https://www.draftguru.com.au/players/mark_brady/1,withheld,U-no-href,,,unchanged,,
https://www.draftguru.com.au/players/mark_brayshaw/1,accepted,,players/M/Mark_Brayshaw.html,players/M/Mark_Brayshaw.html,unchanged,,
https://www.draftguru.com.au/players/mark_brown/1,withheld,U-no-href,,,unchanged,,
https://www.draftguru.com.au/players/mark_bunn/1,accepted,,players/M/Mark_Bunn.html,players/M/Mark_Bunn.html,unchanged,,
https://www.draftguru.com.au/players/mark_chaffey/1,accepted,,players/M/Mark_Chaffey.html,players/M/Mark_Chaffey.html,unchanged,,
https://www.draftguru.com.au/players/mark_collins/1,withheld,U-no-href,,,unchanged,,
https://www.draftguru.com.au/players/mark_conway/1,accepted,,players/M/Mark_Conway.html,players/M/Mark_Conway.html,unchanged,,
https://www.draftguru.com.au/players/mark_coughlan/1,accepted,,players/M/Mark_Coughlan.html,players/M/Mark_Coughlan.html,unchanged,,
https://www.draftguru.com.au/players/mark_cullen/2,withheld,U-no-href,,,unchanged,,
https://www.draftguru.com.au/players/mark_dubyna/1,withheld,U-no-href,,,unchanged,,
https://www.draftguru.com.au/players/mark_ducker/1,withheld,U-no-href,,,unchanged,,
https://www.draftguru.com.au/players/mark_fraser/2,accepted,,players/M/Mark_Fraser0.html,players/M/Mark_Fraser0.html,unchanged,,
https://www.draftguru.com.au/players/mark_gale/1,accepted,,players/M/Mark_Gale.html,players/M/Mark_Gale.html,unchanged,,
https://www.draftguru.com.au/players/mark_garthwaite/1,withheld,U-no-href,,,unchanged,,
https://www.draftguru.com.au/players/mark_graham/1,accepted,,players/M/Mark_Graham.html,players/M/Mark_Graham.html,unchanged,,
https://www.draftguru.com.au/players/mark_harwood/1,accepted,,players/M/Mark_Harwood.html,players/M/Mark_Harwood.html,unchanged,,
https://www.draftguru.com.au/players/mark_hepburn/1,accepted,,players/M/Mark_Hepburn.html,players/M/Mark_Hepburn.html,unchanged,,
https://www.draftguru.com.au/players/mark_hilton/1,accepted,,players/M/Mark_Hilton.html,players/M/Mark_Hilton.html,unchanged,,
https://www.draftguru.com.au/players/mark_howsley/1,withheld,U-no-href,,,unchanged,,
https://www.draftguru.com.au/players/mark_hutchings/1,accepted,,players/M/Mark_Hutchings.html,players/M/Mark_Hutchings.html,unchanged,,
https://www.draftguru.com.au/players/mark_jamar/1,accepted,,players/M/Mark_Jamar.html,players/M/Mark_Jamar.html,unchanged,,
https://www.draftguru.com.au/players/mark_jenkinson/1,withheld,U-no-href,,,unchanged,,
https://www.draftguru.com.au/players/mark_johnson/1,accepted,,players/M/Mark_Johnson.html,players/M/Mark_Johnson.html,unchanged,,
https://www.draftguru.com.au/players/mark_jones/1,withheld,U-no-href,,,unchanged,,
https://www.draftguru.com.au/players/mark_keane/1,accepted,,players/M/Mark_Keane.html,players/M/Mark_Keane.html,unchanged,,
https://www.draftguru.com.au/players/mark_kennedy/1,accepted,,players/M/Mark_Kennedy.html,players/M/Mark_Kennedy.html,unchanged,,
https://www.draftguru.com.au/players/mark_kinnear/1,accepted,,players/M/Mark_Kinnear.html,players/M/Mark_Kinnear.html,unchanged,,
https://www.draftguru.com.au/players/mark_lecras/1,accepted,,players/M/Mark_LeCras.html,players/M/Mark_LeCras.html,unchanged,,
https://www.draftguru.com.au/players/mark_livy/1,withheld,U-no-href,,,unchanged,,
https://www.draftguru.com.au/players/mark_majerczak/1,accepted,,players/M/Mark_Majerczak.html,players/M/Mark_Majerczak.html,confirmed,same_person_valid_relisting,relisting
https://www.draftguru.com.au/players/mark_matthews/1,withheld,U-no-href,,,unchanged,,
https://www.draftguru.com.au/players/mark_mcgough/1,accepted,,players/M/Mark_McGough.html,players/M/Mark_McGough.html,unchanged,,
https://www.draftguru.com.au/players/mark_mckenzie/1,withheld,U-no-href,,,unchanged,,
https://www.draftguru.com.au/players/mark_mcleod/1,accepted,,players/M/Mark_McLeod.html,players/M/Mark_McLeod.html,confirmed,same_person_valid_relisting,relisting
https://www.draftguru.com.au/players/mark_mcqueen/1,accepted,,players/M/Mark_McQueen.html,players/M/Mark_McQueen.html,unchanged,,
https://www.draftguru.com.au/players/mark_mcveigh/1,accepted,,players/M/Mark_McVeigh.html,players/M/Mark_McVeigh.html,unchanged,,
https://www.draftguru.com.au/players/mark_merenda/1,accepted,,players/M/Mark_Merenda.html,players/M/Mark_Merenda.html,unchanged,,
https://www.draftguru.com.au/players/mark_mickan/1,accepted,,players/M/Mark_Mickan.html,players/M/Mark_Mickan.html,unchanged,,
https://www.draftguru.com.au/players/mark_naley/1,accepted,,players/M/Mark_Naley.html,players/M/Mark_Naley.html,unchanged,,
https://www.draftguru.com.au/players/mark_neeld/1,accepted,,players/M/Mark_Neeld.html,players/M/Mark_Neeld.html,unchanged,,
https://www.draftguru.com.au/players/mark_nicoski/1,accepted,,players/M/Mark_Nicoski.html,players/M/Mark_Nicoski.html,unchanged,,
https://www.draftguru.com.au/players/mark_o'connor/1,accepted,,players/M/Mark_OConnor.html,players/M/Mark_OConnor.html,unchanged,,
https://www.draftguru.com.au/players/mark_o'donoghue/1,accepted,,players/M/Mark_ODonoghue.html,players/M/Mark_ODonoghue.html,confirmed,same_person_valid_relisting,relisting
https://www.draftguru.com.au/players/mark_o'keefe/1,withheld,U-no-href,,,unchanged,,
https://www.draftguru.com.au/players/mark_orchard/1,accepted,,players/M/Mark_Orchard.html,players/M/Mark_Orchard.html,unchanged,,
https://www.draftguru.com.au/players/mark_oxley/1,withheld,U-no-href,,,unchanged,,
https://www.draftguru.com.au/players/mark_passador/1,withheld,U-no-href,,,unchanged,,
https://www.draftguru.com.au/players/mark_pearson/1,withheld,U-no-href,,,unchanged,,
https://www.draftguru.com.au/players/mark_pitura/1,accepted,,players/M/Mark_Pitura.html,players/M/Mark_Pitura.html,confirmed,same_person_valid_relisting,relisting
https://www.draftguru.com.au/players/mark_porter/1,accepted,,players/M/Mark_Porter.html,players/M/Mark_Porter.html,unchanged,,
https://www.draftguru.com.au/players/mark_powell/1,accepted,,players/M/Mark_Powell.html,players/M/Mark_Powell.html,unchanged,,
https://www.draftguru.com.au/players/mark_ricciuto/1,accepted,,players/M/Mark_Ricciuto.html,players/M/Mark_Ricciuto.html,unchanged,,
https://www.draftguru.com.au/players/mark_roberts/1,accepted,,players/M/Mark_Roberts.html,players/M/Mark_Roberts.html,unchanged,,
https://www.draftguru.com.au/players/mark_robinson/1,withheld,U-no-href,,,unchanged,,
https://www.draftguru.com.au/players/mark_seaby/1,accepted,,players/M/Mark_Seaby.html,players/M/Mark_Seaby.html,unchanged,,
https://www.draftguru.com.au/players/mark_stevens/1,accepted,,players/M/Mark_Stevens.html,players/M/Mark_Stevens.html,unchanged,,
https://www.draftguru.com.au/players/mark_stockdale/1,withheld,U-no-href,,,unchanged,,
https://www.draftguru.com.au/players/mark_trewella/1,accepted,,players/M/Mark_Trewella.html,players/M/Mark_Trewella.html,unchanged,,
https://www.draftguru.com.au/players/mark_west/1,accepted,,players/M/Mark_West.html,players/M/Mark_West.html,unchanged,,
https://www.draftguru.com.au/players/mark_whiley/1,accepted,,players/M/Mark_Whiley.html,players/M/Mark_Whiley.html,unchanged,,
https://www.draftguru.com.au/players/mark_williams/3,accepted,,players/M/Mark_Williams3.html,players/M/Mark_Williams3.html,unchanged,,
https://www.draftguru.com.au/players/mark_williams/4,withheld,U-no-href,,,unchanged,,
https://www.draftguru.com.au/players/mark_williams/5,accepted,,players/M/Mark_Williams0.html,players/M/Mark_Williams0.html,unchanged,,
https://www.draftguru.com.au/players/mark_winterton/1,withheld,U-no-href,,,unchanged,,
https://www.draftguru.com.au/players/mark_wittison/1,withheld,U-no-href,,,unchanged,,
https://www.draftguru.com.au/players/mark_zanotti/1,accepted,,players/M/Mark_Zanotti.html,players/M/Mark_Zanotti.html,unchanged,,
https://www.draftguru.com.au/players/marley_williams/1,accepted,,players/M/Marley_Williams.html,players/M/Marley_Williams.html,unchanged,,
https://www.draftguru.com.au/players/marlion_pickett/1,accepted,,players/M/Marlion_Pickett.html,players/M/Marlion_Pickett.html,unchanged,,
https://www.draftguru.com.au/players/marlon_motlop/1,accepted,,players/M/Marlon_Motlop.html,players/M/Marlon_Motlop.html,unchanged,,
https://www.draftguru.com.au/players/martin_cameron/1,withheld,U-no-href,,,unchanged,,
https://www.draftguru.com.au/players/martin_christensen/1,accepted,,players/M/Martin_Christensen.html,players/M/Martin_Christensen.html,unchanged,,
https://www.draftguru.com.au/players/martin_clarke/1,accepted,,players/M/Martin_Clarke.html,players/M/Martin_Clarke.html,unchanged,,
https://www.draftguru.com.au/players/martin_frederick/1,accepted,,players/M/Martin_Frederick.html,players/M/Martin_Frederick.html,unchanged,,
https://www.draftguru.com.au/players/martin_gleeson/1,accepted,,players/M/Martin_Gleeson.html,players/M/Martin_Gleeson.html,unchanged,,
https://www.draftguru.com.au/players/martin_heffernan/1,accepted,,players/M/Martin_Heffernan.html,players/M/Martin_Heffernan.html,unchanged,,
https://www.draftguru.com.au/players/martin_heppell/1,accepted,,players/M/Martin_Heppell.html,players/M/Martin_Heppell.html,unchanged,,
https://www.draftguru.com.au/players/martin_leslie/1,accepted,,players/M/Martin_Leslie.html,players/M/Martin_Leslie.html,unchanged,,
https://www.draftguru.com.au/players/martin_mattner/1,accepted,,players/M/Martin_Mattner.html,players/M/Martin_Mattner.html,unchanged,,
https://www.draftguru.com.au/players/martin_mcgrath/1,accepted,,players/M/Martin_McGrath.html,players/M/Martin_McGrath.html,unchanged,,
https://www.draftguru.com.au/players/martin_mckinnon/1,accepted,,players/M/Martin_McKinnon.html,players/M/Martin_McKinnon.html,unchanged,,
https://www.draftguru.com.au/players/martin_pask/1,accepted,,players/M/Martin_Pask.html,players/M/Martin_Pask.html,unchanged,,
https://www.draftguru.com.au/players/martin_pike/1,accepted,,players/M/Martin_Pike.html,players/M/Martin_Pike.html,unchanged,,
https://www.draftguru.com.au/players/martin_whitelaw/1,accepted,,players/M/Martin_Whitelaw.html,players/M/Martin_Whitelaw.html,unchanged,,
https://www.draftguru.com.au/players/marty_hore/1,accepted,,players/M/Marty_Hore.html,players/M/Marty_Hore.html,unchanged,,
https://www.draftguru.com.au/players/marty_warry/1,accepted,,players/M/Marty_Warry.html,players/M/Marty_Warry.html,unchanged,,
https://www.draftguru.com.au/players/mason_cox/1,accepted,,players/M/Mason_Cox.html,players/M/Mason_Cox.html,unchanged,,
https://www.draftguru.com.au/players/mason_redman/1,accepted,,players/M/Mason_Redman.html,players/M/Mason_Redman.html,unchanged,,
https://www.draftguru.com.au/players/mason_shaw/1,withheld,U-no-href,,,unchanged,,
https://www.draftguru.com.au/players/mason_wood/1,accepted,,players/M/Mason_Wood.html,players/M/Mason_Wood.html,unchanged,,
https://www.draftguru.com.au/players/massimo_d'ambrosio/1,accepted,,players/M/Massimo_DAmbrosio.html,players/M/Massimo_DAmbrosio.html,unchanged,,
https://www.draftguru.com.au/players/mate_colina/1,withheld,U-no-href,,,unchanged,,
https://www.draftguru.com.au/players/mathew_kelly/1,withheld,U-no-href,,,unchanged,,
https://www.draftguru.com.au/players/mathew_mahoney/1,accepted,,players/M/Mathew_Mahoney.html,players/M/Mathew_Mahoney.html,unchanged,,
https://www.draftguru.com.au/players/mathew_stokes/1,accepted,,players/M/Mathew_Stokes.html,players/M/Mathew_Stokes.html,unchanged,,
https://www.draftguru.com.au/players/mathew_walker/1,withheld,U-no-href,,,unchanged,,
https://www.draftguru.com.au/players/matt_allison/1,withheld,U-no-href,,,unchanged,,
https://www.draftguru.com.au/players/matt_armstrong/1,accepted,,players/M/Matt_Armstrong.html,players/M/Matt_Armstrong.html,unchanged,,
https://www.draftguru.com.au/players/matt_arnot/1,accepted,,players/M/Matt_Arnot.html,players/M/Matt_Arnot.html,unchanged,,
https://www.draftguru.com.au/players/matt_austin/1,accepted,,players/M/Matt_Austin.html,players/M/Matt_Austin.html,unchanged,,
https://www.draftguru.com.au/players/matt_buntine/1,accepted,,players/M/Matt_Buntine.html,players/M/Matt_Buntine.html,unchanged,,
https://www.draftguru.com.au/players/matt_campbell/1,accepted,,players/M/Matt_Campbell.html,players/M/Matt_Campbell.html,unchanged,,
https://www.draftguru.com.au/players/matt_carroll/1,accepted,,players/M/Matt_Carroll.html,players/M/Matt_Carroll.html,unchanged,,
https://www.draftguru.com.au/players/matt_clape/1,accepted,,players/M/Matt_Clape.html,players/M/Matt_Clape.html,confirmed,agree,audit
https://www.draftguru.com.au/players/matt_conroy/1,withheld,U-no-href,,,unchanged,,
https://www.draftguru.com.au/players/matt_cottrell/1,accepted,,players/M/Matthew_Cottrell.html,players/M/Matthew_Cottrell.html,unchanged,,
https://www.draftguru.com.au/players/matt_crouch/1,accepted,,players/M/Matt_Crouch.html,players/M/Matt_Crouch.html,unchanged,,
https://www.draftguru.com.au/players/matt_de%20boer/1,accepted,,players/M/Matt_de_Boer.html,players/M/Matt_de_Boer.html,unchanged,,
https://www.draftguru.com.au/players/matt_dea/1,accepted,,players/M/Matt_Dea.html,players/M/Matt_Dea.html,unchanged,,
https://www.draftguru.com.au/players/matt_duffy/1,withheld,U-no-href,,,unchanged,,
https://www.draftguru.com.au/players/matt_eagles/1,accepted,,players/M/Matt_Eagles.html,players/M/Matt_Eagles.html,unchanged,,
https://www.draftguru.com.au/players/matt_fuller/1,withheld,U-no-href,,,unchanged,,
https://www.draftguru.com.au/players/matt_guelfi/1,accepted,,players/M/Matt_Guelfi.html,players/M/Matt_Guelfi.html,unchanged,,
https://www.draftguru.com.au/players/matt_hill/1,accepted,,players/M/Matt_Hill.html,players/M/Matt_Hill.html,unchanged,,
https://www.draftguru.com.au/players/matt_johnson/2,accepted,,players/M/Matthew_Johnson.html,players/M/Matthew_Johnson.html,unchanged,,
https://www.draftguru.com.au/players/matt_jones/1,accepted,,players/M/Matt_Jones.html,players/M/Matt_Jones.html,unchanged,,
https://www.draftguru.com.au/players/matt_king/1,withheld,U-no-href,,,unchanged,,
https://www.draftguru.com.au/players/matt_korcheck/1,withheld,U-no-href,,,unchanged,,
https://www.draftguru.com.au/players/matt_ling/1,accepted,,players/M/Matt_Ling.html,players/M/Matt_Ling.html,unchanged,,
https://www.draftguru.com.au/players/matt_maguire/1,accepted,,players/M/Matt_Maguire.html,players/M/Matt_Maguire.html,unchanged,,
https://www.draftguru.com.au/players/matt_mcdonough/1,accepted,,players/M/Matt_McDonough.html,players/M/Matt_McDonough.html,unchanged,,
https://www.draftguru.com.au/players/matt_mcguinness/1,withheld,U-no-href,,,unchanged,,
https://www.draftguru.com.au/players/matt_owies/1,accepted,,players/M/Matthew_Owies.html,players/M/Matthew_Owies.html,unchanged,,
https://www.draftguru.com.au/players/matt_pardew/1,withheld,U-no-href,,,unchanged,,
https://www.draftguru.com.au/players/matt_priddis/1,accepted,,players/M/Matt_Priddis.html,players/M/Matt_Priddis.html,unchanged,,
https://www.draftguru.com.au/players/matt_rendell/1,accepted,,players/M/Matthew_Rendell.html,players/M/Matthew_Rendell.html,unchanged,,
https://www.draftguru.com.au/players/matt_richardson/1,withheld,U-no-href,,,unchanged,,
https://www.draftguru.com.au/players/matt_riggio/1,accepted,,players/M/Matt_Riggio.html,players/M/Matt_Riggio.html,unchanged,,
https://www.draftguru.com.au/players/matt_roberts/1,accepted,,players/M/Matt_Roberts.html,players/M/Matt_Roberts.html,unchanged,,
https://www.draftguru.com.au/players/matt_rosa/1,accepted,,players/M/Matt_Rosa.html,players/M/Matt_Rosa.html,unchanged,,
https://www.draftguru.com.au/players/matt_rowell/1,accepted,,players/M/Matt_Rowell.html,players/M/Matt_Rowell.html,unchanged,,
https://www.draftguru.com.au/players/matt_shaw/1,accepted,,players/M/Matt_Shaw.html,players/M/Matt_Shaw.html,unchanged,,
https://www.draftguru.com.au/players/matt_signorello/1,withheld,U-no-href,,,unchanged,,
https://www.draftguru.com.au/players/matt_suckling/1,accepted,,players/M/Matt_Suckling.html,players/M/Matt_Suckling.html,unchanged,,
https://www.draftguru.com.au/players/matt_thomas/1,accepted,,players/M/Matt_Thomas.html,players/M/Matt_Thomas.html,unchanged,,
https://www.draftguru.com.au/players/matt_tyler/1,withheld,U-no-href,,,unchanged,,
https://www.draftguru.com.au/players/matt_white/1,accepted,,players/M/Matt_White.html,players/M/Matt_White.html,unchanged,,
https://www.draftguru.com.au/players/matt_whitlock/1,accepted,,players/M/Matt_Whitlock.html,players/M/Matt_Whitlock.html,unchanged,,
https://www.draftguru.com.au/players/mattaes_phillipou/1,accepted,,players/M/Mattaes_Phillipou.html,players/M/Mattaes_Phillipou.html,unchanged,,
https://www.draftguru.com.au/players/matthew_ahmat/1,accepted,,players/M/Matthew_AhMat.html,players/M/Matthew_AhMat.html,unchanged,,
https://www.draftguru.com.au/players/matthew_allan/1,accepted,,players/M/Matthew_Allan.html,players/M/Matthew_Allan.html,unchanged,,
https://www.draftguru.com.au/players/matthew_allen/1,withheld,U-no-href,,,unchanged,,
https://www.draftguru.com.au/players/matthew_aston/1,withheld,U-no-href,,,unchanged,,
https://www.draftguru.com.au/players/matthew_ball/1,accepted,,players/M/Matthew_Ball.html,players/M/Matthew_Ball.html,unchanged,,
https://www.draftguru.com.au/players/matthew_banks/1,accepted,,players/M/Matthew_Banks.html,players/M/Matthew_Banks.html,unchanged,,
https://www.draftguru.com.au/players/matthew_bate/1,accepted,,players/M/Matthew_Bate.html,players/M/Matthew_Bate.html,unchanged,,
https://www.draftguru.com.au/players/matthew_beckmans/1,withheld,U-no-href,,,unchanged,,
https://www.draftguru.com.au/players/matthew_bell/1,withheld,U-no-href,,,unchanged,,
https://www.draftguru.com.au/players/matthew_belleville/1,withheld,U-no-href,,,unchanged,,
https://www.draftguru.com.au/players/matthew_bishop/1,accepted,,players/M/Matthew_Bishop.html,players/M/Matthew_Bishop.html,unchanged,,
https://www.draftguru.com.au/players/matthew_blagrove/1,withheld,U-no-href,,,unchanged,,
https://www.draftguru.com.au/players/matthew_blake/1,withheld,U-no-href,,,unchanged,,
https://www.draftguru.com.au/players/matthew_bode/1,accepted,,players/M/Matthew_Bode.html,players/M/Matthew_Bode.html,unchanged,,
https://www.draftguru.com.au/players/matthew_bourke/1,accepted,,players/M/Matthew_Bourke.html,players/M/Matthew_Bourke.html,unchanged,,
https://www.draftguru.com.au/players/matthew_boyd/1,accepted,,players/M/Matthew_Boyd.html,players/M/Matthew_Boyd.html,unchanged,,
https://www.draftguru.com.au/players/matthew_broadbent/1,accepted,,players/M/Matthew_Broadbent.html,players/M/Matthew_Broadbent.html,unchanged,,
https://www.draftguru.com.au/players/matthew_burton/1,accepted,,players/M/Matthew_Burton.html,players/M/Matthew_Burton.html,unchanged,,
https://www.draftguru.com.au/players/matthew_campbell/1,accepted,,players/M/Matthew_Campbell.html,players/M/Matthew_Campbell.html,unchanged,,
https://www.draftguru.com.au/players/matthew_capuano/1,accepted,,players/M/Matthew_Capuano.html,players/M/Matthew_Capuano.html,unchanged,,
https://www.draftguru.com.au/players/matthew_carr/1,accepted,,players/M/Matthew_Carr.html,players/M/Matthew_Carr.html,unchanged,,
https://www.draftguru.com.au/players/matthew_clarke/1,accepted,,players/M/Matthew_Clarke.html,players/M/Matthew_Clarke.html,unchanged,,
https://www.draftguru.com.au/players/matthew_clucas/1,accepted,,players/M/Matthew_Clucas.html,players/M/Matthew_Clucas.html,unchanged,,
https://www.draftguru.com.au/players/matthew_collins/1,accepted,,players/M/Matthew_Collins.html,players/M/Matthew_Collins.html,unchanged,,
https://www.draftguru.com.au/players/matthew_connell/1,accepted,,players/M/Matthew_Connell.html,players/M/Matthew_Connell.html,unchanged,,
https://www.draftguru.com.au/players/matthew_coulthard/1,accepted,,players/M/Matthew_Coulthard.html,players/M/Matthew_Coulthard.html,unchanged,,
https://www.draftguru.com.au/players/matthew_croft/1,accepted,,players/M/Matthew_Croft.html,players/M/Matthew_Croft.html,unchanged,,
https://www.draftguru.com.au/players/matthew_davis/1,withheld,U-no-href,,,unchanged,,
https://www.draftguru.com.au/players/matthew_dennis/1,accepted,,players/M/Matthew_Dennis.html,players/M/Matthew_Dennis.html,unchanged,,
https://www.draftguru.com.au/players/matthew_dent/1,accepted,,players/M/Matthew_Dent.html,players/M/Matthew_Dent.html,unchanged,,
https://www.draftguru.com.au/players/matthew_dick/1,accepted,,players/M/Matthew_Dick.html,players/M/Matthew_Dick.html,unchanged,,
https://www.draftguru.com.au/players/matthew_dickson/1,withheld,U-no-href,,,unchanged,,
https://www.draftguru.com.au/players/matthew_dundas/1,accepted,,players/M/Matthew_Dundas.html,players/M/Matthew_Dundas.html,unchanged,,
https://www.draftguru.com.au/players/matthew_egan/1,accepted,,players/M/Matthew_Egan.html,players/M/Matthew_Egan.html,unchanged,,
https://www.draftguru.com.au/players/matthew_febey/1,accepted,,players/M/Matthew_Febey.html,players/M/Matthew_Febey.html,unchanged,,
https://www.draftguru.com.au/players/matthew_ferguson/1,accepted,,players/M/Matthew_Ferguson.html,players/M/Matthew_Ferguson.html,unchanged,,
https://www.draftguru.com.au/players/matthew_firman/1,withheld,U-no-href,,,unchanged,,
https://www.draftguru.com.au/players/matthew_flynn/1,accepted,,players/M/Matt_Flynn.html,players/M/Matt_Flynn.html,unchanged,,
https://www.draftguru.com.au/players/matthew_francis/1,accepted,,players/M/Matthew_Francis.html,players/M/Matthew_Francis.html,unchanged,,
https://www.draftguru.com.au/players/matthew_golding/1,accepted,,players/M/Matthew_Golding.html,players/M/Matthew_Golding.html,unchanged,,
https://www.draftguru.com.au/players/matthew_goodyear/1,accepted,,players/M/Matthew_Goodyear.html,players/M/Matthew_Goodyear.html,unchanged,,
https://www.draftguru.com.au/players/matthew_greig/1,withheld,U-no-href,,,unchanged,,
https://www.draftguru.com.au/players/matthew_hammelmann/1,accepted,,players/M/Matthew_Hammelmann.html,players/M/Matthew_Hammelmann.html,unchanged,,
https://www.draftguru.com.au/players/matthew_hanrahan/1,withheld,U-no-href,,,unchanged,,
https://www.draftguru.com.au/players/matthew_hayball/1,withheld,U-no-href,,,unchanged,,
https://www.draftguru.com.au/players/matthew_henderson/1,withheld,U-no-href,,,unchanged,,
https://www.draftguru.com.au/players/matthew_hogg/1,accepted,,players/M/Matthew_Hogg.html,players/M/Matthew_Hogg.html,unchanged,,
https://www.draftguru.com.au/players/matthew_hopkins/1,withheld,U-no-href,,,unchanged,,
https://www.draftguru.com.au/players/matthew_jackson/1,accepted,,players/M/Matthew_Jackson.html,players/M/Matthew_Jackson.html,unchanged,,
https://www.draftguru.com.au/players/matthew_jaensch/1,accepted,,players/M/Matthew_Jaensch.html,players/M/Matthew_Jaensch.html,unchanged,,
https://www.draftguru.com.au/players/matthew_jefferson/1,accepted,,players/M/Matthew_Jefferson.html,players/M/Matthew_Jefferson.html,unchanged,,
https://www.draftguru.com.au/players/matthew_joy/1,withheld,U-no-href,,,unchanged,,
https://www.draftguru.com.au/players/matthew_kelly/1,accepted,,players/M/Matthew_Kelly.html,players/M/Matthew_Kelly.html,unchanged,,
https://www.draftguru.com.au/players/matthew_kennedy/2,accepted,,players/M/Matthew_Kennedy1.html,players/M/Matthew_Kennedy1.html,unchanged,,
https://www.draftguru.com.au/players/matthew_kluzek/1,accepted,,players/M/Matthew_Kluzek.html,players/M/Matthew_Kluzek.html,unchanged,,
https://www.draftguru.com.au/players/matthew_kreuzer/1,accepted,,players/M/Matthew_Kreuzer.html,players/M/Matthew_Kreuzer.html,confirmed,agree,audit
https://www.draftguru.com.au/players/matthew_laidlaw/1,accepted,,players/M/Matthew_Laidlaw.html,players/M/Matthew_Laidlaw.html,unchanged,,
https://www.draftguru.com.au/players/matthew_lappin/1,accepted,,players/M/Matthew_Lappin.html,players/M/Matthew_Lappin.html,unchanged,,
https://www.draftguru.com.au/players/matthew_leray/1,withheld,U-no-href,,,unchanged,,
https://www.draftguru.com.au/players/matthew_leuenberger/1,accepted,,players/M/Matthew_Leuenberger.html,players/M/Matthew_Leuenberger.html,unchanged,,
https://www.draftguru.com.au/players/matthew_liptak/1,accepted,,players/M/Matthew_Liptak.html,players/M/Matthew_Liptak.html,unchanged,,
https://www.draftguru.com.au/players/matthew_little/1,accepted,,players/M/Matthew_Little.html,players/M/Matthew_Little.html,unchanged,,
https://www.draftguru.com.au/players/matthew_lloyd/2,accepted,,players/M/Matthew_Lloyd0.html,players/M/Matthew_Lloyd0.html,unchanged,,
https://www.draftguru.com.au/players/matthew_lobbe/1,accepted,,players/M/Matthew_Lobbe.html,players/M/Matthew_Lobbe.html,unchanged,,
https://www.draftguru.com.au/players/matthew_lodge/1,withheld,U-no-href,,,unchanged,,
https://www.draftguru.com.au/players/matthew_lokan/1,accepted,,players/M/Matthew_Lokan.html,players/M/Matthew_Lokan.html,unchanged,,
https://www.draftguru.com.au/players/matthew_mackay/1,withheld,U-no-href,,,unchanged,,
https://www.draftguru.com.au/players/matthew_manfield/1,accepted,,players/M/Matthew_Manfield.html,players/M/Matthew_Manfield.html,unchanged,,
https://www.draftguru.com.au/players/matthew_mansfield/1,accepted,,players/M/Matthew_Mansfield.html,players/M/Matthew_Mansfield.html,unchanged,,
https://www.draftguru.com.au/players/matthew_martin/1,withheld,U-no-href,,,unchanged,,
https://www.draftguru.com.au/players/matthew_mccarthy/1,accepted,,players/M/Matthew_McCarthy.html,players/M/Matthew_McCarthy.html,unchanged,,
https://www.draftguru.com.au/players/matthew_mccartin/1,withheld,U-no-href,,,unchanged,,
https://www.draftguru.com.au/players/matthew_mcmurray/1,withheld,U-no-href,,,unchanged,,
https://www.draftguru.com.au/players/matthew_medew/1,withheld,U-no-href,,,unchanged,,
https://www.draftguru.com.au/players/matthew_moody/1,accepted,,players/M/Matthew_Moody.html,players/M/Matthew_Moody.html,unchanged,,
https://www.draftguru.com.au/players/matthew_moon/1,withheld,U-no-href,,,unchanged,,
https://www.draftguru.com.au/players/matthew_moylan/1,withheld,U-no-href,,,unchanged,,
https://www.draftguru.com.au/players/matthew_nicks/1,accepted,,players/M/Matthew_Nicks.html,players/M/Matthew_Nicks.html,unchanged,,
https://www.draftguru.com.au/players/matthew_o'dwyer/1,accepted,,players/M/Matthew_ODwyer.html,players/M/Matthew_ODwyer.html,unchanged,,
https://www.draftguru.com.au/players/matthew_panos/1,withheld,U-no-href,,,unchanged,,
https://www.draftguru.com.au/players/matthew_parker/1,accepted,,players/M/Matthew_Parker.html,players/M/Matthew_Parker.html,unchanged,,
https://www.draftguru.com.au/players/matthew_pavlich/1,accepted,,players/M/Matthew_Pavlich.html,players/M/Matthew_Pavlich.html,unchanged,,
https://www.draftguru.com.au/players/matthew_pearce/1,withheld,U-no-href,,,unchanged,,
https://www.draftguru.com.au/players/matthew_penny/1,withheld,U-no-href,,,unchanged,,
https://www.draftguru.com.au/players/matthew_powell/1,accepted,,players/M/Matthew_Powell.html,players/M/Matthew_Powell.html,unchanged,,
https://www.draftguru.com.au/players/matthew_primus/1,accepted,,players/M/Matthew_Primus.html,players/M/Matthew_Primus.html,unchanged,,
https://www.draftguru.com.au/players/matthew_queen/1,withheld,U-no-href,,,unchanged,,
https://www.draftguru.com.au/players/matthew_richardson/1,accepted,,players/M/Matthew_Richardson.html,players/M/Matthew_Richardson.html,unchanged,,
https://www.draftguru.com.au/players/matthew_richter/1,withheld,U-no-href,,,unchanged,,
https://www.draftguru.com.au/players/matthew_robbins/1,accepted,,players/M/Matthew_Robbins.html,players/M/Matthew_Robbins.html,unchanged,,
https://www.draftguru.com.au/players/matthew_robran/1,accepted,,players/M/Matthew_Robran.html,players/M/Matthew_Robran.html,unchanged,,
https://www.draftguru.com.au/players/matthew_rogers/1,accepted,,players/M/Matthew_Rogers.html,players/M/Matthew_Rogers.html,unchanged,,
https://www.draftguru.com.au/players/matthew_ryan/1,accepted,,players/M/Matthew_Ryan.html,players/M/Matthew_Ryan.html,unchanged,,
https://www.draftguru.com.au/players/matthew_scarlett/1,accepted,,players/M/Matthew_Scarlett.html,players/M/Matthew_Scarlett.html,unchanged,,
https://www.draftguru.com.au/players/matthew_scharenberg/1,accepted,,players/M/Matt_Scharenberg.html,players/M/Matt_Scharenberg.html,unchanged,,
https://www.draftguru.com.au/players/matthew_scott/1,withheld,U-no-href,,,unchanged,,
https://www.draftguru.com.au/players/matthew_sexton/1,withheld,U-no-href,,,unchanged,,
https://www.draftguru.com.au/players/matthew_shinners/1,withheld,U-no-href,,,unchanged,,
https://www.draftguru.com.au/players/matthew_shir/1,accepted,,players/M/Matthew_Shir.html,players/M/Matthew_Shir.html,unchanged,,
https://www.draftguru.com.au/players/matthew_smith/1,withheld,U-no-href,,,unchanged,,
https://www.draftguru.com.au/players/matthew_spangher/1,accepted,,players/M/Matthew_Spangher.html,players/M/Matthew_Spangher.html,unchanged,,
https://www.draftguru.com.au/players/matthew_spencer/1,accepted,,players/M/Matthew_Spencer.html,players/M/Matthew_Spencer.html,unchanged,,
https://www.draftguru.com.au/players/matthew_taberner/1,accepted,,players/M/Matthew_Taberner.html,players/M/Matthew_Taberner.html,unchanged,,
https://www.draftguru.com.au/players/matthew_taylor/1,withheld,U-no-href,,,unchanged,,
https://www.draftguru.com.au/players/matthew_uebergang/1,withheld,U-no-href,,,unchanged,,
https://www.draftguru.com.au/players/matthew_wadewitz/1,withheld,U-no-href,,,unchanged,,
https://www.draftguru.com.au/players/matthew_warnock/1,accepted,,players/M/Matthew_Warnock.html,players/M/Matthew_Warnock.html,unchanged,,
https://www.draftguru.com.au/players/matthew_waters/1,withheld,U-no-href,,,unchanged,,
https://www.draftguru.com.au/players/matthew_watson/1,accepted,,players/M/Matthew_Watson0.html,players/M/Matthew_Watson0.html,unchanged,,
https://www.draftguru.com.au/players/matthew_watson/2,accepted,,players/M/Matthew_Watson1.html,players/M/Matthew_Watson1.html,unchanged,,
https://www.draftguru.com.au/players/matthew_westhoff/1,accepted,,players/M/Matthew_Westhoff.html,players/M/Matthew_Westhoff.html,unchanged,,
https://www.draftguru.com.au/players/matthew_whelan/1,accepted,,players/M/Matthew_Whelan.html,players/M/Matthew_Whelan.html,unchanged,,
https://www.draftguru.com.au/players/matthew_wright/1,accepted,,players/M/Matthew_Wright.html,players/M/Matthew_Wright.html,unchanged,,
https://www.draftguru.com.au/players/matthew_young/1,accepted,,players/M/Matthew_Young.html,players/M/Matthew_Young.html,unchanged,,
https://www.draftguru.com.au/players/matthieu_lucas/1,withheld,U-no-href,,,unchanged,,
https://www.draftguru.com.au/players/maurice_rioli/2,accepted,,players/M/Maurice_Rioli1.html,players/M/Maurice_Rioli1.html,unchanged,,
https://www.draftguru.com.au/players/maverick_weller/1,accepted,,players/M/Maverick_Weller.html,players/M/Maverick_Weller.html,unchanged,,
https://www.draftguru.com.au/players/max_bailey/1,accepted,,players/M/Max_Bailey.html,players/M/Max_Bailey.html,unchanged,,
https://www.draftguru.com.au/players/max_beattie/1,accepted,,players/M/Max_Beattie.html,players/M/Max_Beattie.html,unchanged,,
https://www.draftguru.com.au/players/max_duffy/1,accepted,,players/M/Max_Duffy.html,players/M/Max_Duffy.html,unchanged,,
https://www.draftguru.com.au/players/max_gawn/1,accepted,,players/M/Max_Gawn.html,players/M/Max_Gawn.html,unchanged,,
https://www.draftguru.com.au/players/max_gruzewski/1,accepted,,players/M/Max_Gruzewski.html,players/M/Max_Gruzewski.html,unchanged,,
https://www.draftguru.com.au/players/max_hall/1,accepted,,players/M/Max_Hall.html,players/M/Max_Hall.html,unchanged,,
https://www.draftguru.com.au/players/max_heath/1,accepted,,players/M/Max_Heath.html,players/M/Max_Heath.html,unchanged,,
https://www.draftguru.com.au/players/max_holmes/1,accepted,,players/M/Max_Holmes.html,players/M/Max_Holmes.html,unchanged,,
https://www.draftguru.com.au/players/max_hudghton/1,accepted,,players/M/Max_Hudghton.html,players/M/Max_Hudghton.html,unchanged,,
https://www.draftguru.com.au/players/max_king/1,withheld,U-no-href,,,unchanged,,
https://www.draftguru.com.au/players/max_king/2,accepted,,players/M/Max_King.html,players/M/Max_King.html,unchanged,,
https://www.draftguru.com.au/players/max_king/3,withheld,U-no-href,,,unchanged,,
https://www.draftguru.com.au/players/max_knobel/1,withheld,U-no-href,,,unchanged,,
https://www.draftguru.com.au/players/max_kondogiannis/1,accepted,,players/M/Max_Kondogiannis.html,players/M/Max_Kondogiannis.html,unchanged,,
https://www.draftguru.com.au/players/max_lynch/1,accepted,,players/M/Max_Lynch.html,players/M/Max_Lynch.html,unchanged,,
https://www.draftguru.com.au/players/max_mapley/1,withheld,U-no-href,,,unchanged,,
https://www.draftguru.com.au/players/max_michalanney/1,accepted,,players/M/Max_Michalanney.html,players/M/Max_Michalanney.html,unchanged,,
https://www.draftguru.com.au/players/max_otten/1,withheld,U-no-href,,,unchanged,,
https://www.draftguru.com.au/players/max_ramsden/1,accepted,,players/M/Max_Ramsden.html,players/M/Max_Ramsden.html,unchanged,,
https://www.draftguru.com.au/players/max_rooke/1,accepted,,players/M/Max_Rooke.html,players/M/Max_Rooke.html,unchanged,,
https://www.draftguru.com.au/players/max_spencer/1,accepted,,players/M/Max_Spencer.html,players/M/Max_Spencer.html,unchanged,,
https://www.draftguru.com.au/players/max_warren/1,accepted,,players/M/Max_Warren.html,players/M/Max_Warren.html,unchanged,,
https://www.draftguru.com.au/players/micah_berry/1,withheld,U-no-href,,,unchanged,,
https://www.draftguru.com.au/players/michael_ablett/1,withheld,U-no-href,,,unchanged,,
https://www.draftguru.com.au/players/michael_addison/1,withheld,U-no-href,,,unchanged,,
https://www.draftguru.com.au/players/michael_agnello/1,withheld,U-no-href,,,unchanged,,
https://www.draftguru.com.au/players/michael_apeness/1,accepted,,players/M/Michael_Apeness.html,players/M/Michael_Apeness.html,unchanged,,
https://www.draftguru.com.au/players/michael_atkins/1,withheld,U-no-href,,,unchanged,,
https://www.draftguru.com.au/players/michael_barker/1,withheld,U-no-href,,,unchanged,,
https://www.draftguru.com.au/players/michael_barlow/1,accepted,,players/M/Michael_Barlow.html,players/M/Michael_Barlow.html,unchanged,,
https://www.draftguru.com.au/players/michael_barrett/1,withheld,U-no-href,,,unchanged,,
https://www.draftguru.com.au/players/michael_bawden/1,withheld,U-no-href,,,unchanged,,
https://www.draftguru.com.au/players/michael_billman/1,withheld,U-no-href,,,unchanged,,
https://www.draftguru.com.au/players/michael_blood/2,withheld,U-no-href,,,unchanged,,
https://www.draftguru.com.au/players/michael_bratton/1,withheld,U-no-href,,,unchanged,,
https://www.draftguru.com.au/players/michael_braun/1,accepted,,players/M/Michael_Braun.html,players/M/Michael_Braun.html,unchanged,,
https://www.draftguru.com.au/players/michael_brown/1,accepted,,players/M/Michael_Brown.html,players/M/Michael_Brown.html,unchanged,,
https://www.draftguru.com.au/players/michael_brown/2,withheld,U-no-href,,,unchanged,,
https://www.draftguru.com.au/players/michael_clark/1,accepted,,players/M/Michael_Clark1.html,players/M/Michael_Clark1.html,unchanged,,
https://www.draftguru.com.au/players/michael_clark/2,accepted,,players/M/Michael_Clark0.html,players/M/Michael_Clark0.html,unchanged,,
https://www.draftguru.com.au/players/michael_close/1,accepted,,players/M/Michael_Close.html,players/M/Michael_Close.html,unchanged,,
https://www.draftguru.com.au/players/michael_coad/1,accepted,,players/M/Michael_Coad.html,players/M/Michael_Coad.html,unchanged,,
https://www.draftguru.com.au/players/michael_collica/1,accepted,,players/M/Michael_Collica.html,players/M/Michael_Collica.html,unchanged,,
https://www.draftguru.com.au/players/michael_davis/2,withheld,U-no-href,,,unchanged,,
https://www.draftguru.com.au/players/michael_doughty/1,accepted,,players/M/Michael_Doughty.html,players/M/Michael_Doughty.html,unchanged,,
https://www.draftguru.com.au/players/michael_dunstan/1,accepted,,players/M/Michael_Dunstan.html,players/M/Michael_Dunstan.html,unchanged,,
https://www.draftguru.com.au/players/michael_embley/1,withheld,U-no-href,,,unchanged,,
https://www.draftguru.com.au/players/michael_evans/1,accepted,,players/M/Michael_Evans.html,players/M/Michael_Evans.html,unchanged,,
https://www.draftguru.com.au/players/michael_firrito/1,accepted,,players/M/Michael_Firrito.html,players/M/Michael_Firrito.html,unchanged,,
https://www.draftguru.com.au/players/michael_ford/1,accepted,,players/M/Michael_Ford.html,players/M/Michael_Ford.html,unchanged,,
https://www.draftguru.com.au/players/michael_frederick/1,accepted,,players/M/Michael_Frederick.html,players/M/Michael_Frederick.html,unchanged,,
https://www.draftguru.com.au/players/michael_frost/1,accepted,,players/M/Michael_Frost.html,players/M/Michael_Frost.html,unchanged,,
https://www.draftguru.com.au/players/michael_gaffney/1,withheld,U-no-href,,,unchanged,,
https://www.draftguru.com.au/players/michael_gale/1,accepted,,players/M/Michael_Gale.html,players/M/Michael_Gale.html,unchanged,,
https://www.draftguru.com.au/players/michael_gallagher/1,accepted,,players/M/Michael_Gallagher.html,players/M/Michael_Gallagher.html,unchanged,,
https://www.draftguru.com.au/players/michael_gardiner/1,accepted,,players/M/Michael_Gardiner1.html,players/M/Michael_Gardiner1.html,unchanged,,
https://www.draftguru.com.au/players/michael_gardiner/2,accepted,,players/M/Michael_Gardiner0.html,players/M/Michael_Gardiner0.html,unchanged,,
https://www.draftguru.com.au/players/michael_garvey/1,accepted,,players/M/Michael_Garvey.html,players/M/Michael_Garvey.html,confirmed,same_person_valid_relisting,relisting
https://www.draftguru.com.au/players/michael_georgiadis/1,withheld,U-no-href,,,unchanged,,
https://www.draftguru.com.au/players/michael_gibbons/1,accepted,,players/M/Michael_Gibbons.html,players/M/Michael_Gibbons.html,unchanged,,
https://www.draftguru.com.au/players/michael_godden/1,withheld,U-no-href,,,unchanged,,
https://www.draftguru.com.au/players/michael_handby/1,withheld,U-no-href,,,unchanged,,
https://www.draftguru.com.au/players/michael_hartley/1,accepted,,players/M/Michael_Hartley.html,players/M/Michael_Hartley.html,unchanged,,
https://www.draftguru.com.au/players/michael_hibberd/1,accepted,,players/M/Michael_Hibberd.html,players/M/Michael_Hibberd.html,unchanged,,
https://www.draftguru.com.au/players/michael_hobbes/1,withheld,U-no-href,,,unchanged,,
https://www.draftguru.com.au/players/michael_hurley/1,accepted,,players/M/Michael_Hurley.html,players/M/Michael_Hurley.html,unchanged,,
https://www.draftguru.com.au/players/michael_james/1,accepted,,players/M/Michael_James.html,players/M/Michael_James.html,unchanged,,
https://www.draftguru.com.au/players/michael_jamison/1,accepted,,players/M/Michael_Jamison.html,players/M/Michael_Jamison.html,unchanged,,
https://www.draftguru.com.au/players/michael_johnson/1,accepted,,players/M/Michael_Johnson.html,players/M/Michael_Johnson.html,unchanged,,
https://www.draftguru.com.au/players/michael_johnston/1,accepted,,players/M/Michael_Johnston.html,players/M/Michael_Johnston.html,unchanged,,
https://www.draftguru.com.au/players/michael_johnston/2,withheld,U-no-href,,,unchanged,,
https://www.draftguru.com.au/players/michael_kennedy/1,accepted,,players/M/Michael_Kennedy1.html,players/M/Michael_Kennedy1.html,unchanged,,
https://www.draftguru.com.au/players/michael_kennedy/2,accepted,,players/M/Michael_Kennedy0.html,players/M/Michael_Kennedy0.html,unchanged,,
https://www.draftguru.com.au/players/michael_knoll/1,withheld,U-no-href,,,unchanged,,
https://www.draftguru.com.au/players/michael_long/1,accepted,,players/M/Michael_Long.html,players/M/Michael_Long.html,unchanged,,
https://www.draftguru.com.au/players/michael_luxford/1,accepted,,players/M/Michael_Luxford.html,players/M/Michael_Luxford.html,unchanged,,
https://www.draftguru.com.au/players/michael_mansfield/1,accepted,,players/M/Michael_Mansfield.html,players/M/Michael_Mansfield.html,unchanged,,
https://www.draftguru.com.au/players/michael_manteit/1,withheld,U-no-href,,,unchanged,,
https://www.draftguru.com.au/players/michael_martin/1,accepted,,players/M/Michael_Martin.html,players/M/Michael_Martin.html,unchanged,,
https://www.draftguru.com.au/players/michael_mascoulis/1,withheld,U-no-href,,,unchanged,,
https://www.draftguru.com.au/players/michael_mclean/1,accepted,,players/M/Michael_McLean.html,players/M/Michael_McLean.html,unchanged,,
https://www.draftguru.com.au/players/michael_murphy/1,accepted,,players/M/Michael_Murphy.html,players/M/Michael_Murphy.html,unchanged,,
https://www.draftguru.com.au/players/michael_newton/1,accepted,,players/M/Michael_Newton.html,players/M/Michael_Newton.html,unchanged,,
https://www.draftguru.com.au/players/michael_o'brien/1,accepted,,players/M/Michael_OBrien.html,players/M/Michael_OBrien.html,unchanged,,
https://www.draftguru.com.au/players/michael_o'loughlin/1,accepted,,players/M/Michael_OLoughlin.html,players/M/Michael_OLoughlin.html,unchanged,,
https://www.draftguru.com.au/players/michael_osborne/1,accepted,,players/M/Michael_Osborne.html,players/M/Michael_Osborne.html,unchanged,,
https://www.draftguru.com.au/players/michael_parsons/1,accepted,,players/M/Michael_Parsons.html,players/M/Michael_Parsons.html,unchanged,,
https://www.draftguru.com.au/players/michael_pettigrew/1,accepted,,players/M/Michael_Pettigrew.html,players/M/Michael_Pettigrew.html,unchanged,,
https://www.draftguru.com.au/players/michael_pickering/2,accepted,,players/M/Michael_Pickering0.html,players/M/Michael_Pickering0.html,unchanged,,
https://www.draftguru.com.au/players/michael_polley/1,accepted,,players/M/Michael_Polley.html,players/M/Michael_Polley.html,unchanged,,
https://www.draftguru.com.au/players/michael_prentice/1,withheld,U-no-href,,,unchanged,,
https://www.draftguru.com.au/players/michael_prior/1,accepted,,players/M/Michael_Prior.html,players/M/Michael_Prior.html,unchanged,,
https://www.draftguru.com.au/players/michael_quinn/1,accepted,,players/M/Michael_Quinn.html,players/M/Michael_Quinn.html,unchanged,,
https://www.draftguru.com.au/players/michael_quirk/1,withheld,U-no-href,,,unchanged,,
https://www.draftguru.com.au/players/michael_raidis/1,withheld,U-no-href,,,unchanged,,
https://www.draftguru.com.au/players/michael_rischitelli/1,accepted,,players/M/Michael_Rischitelli.html,players/M/Michael_Rischitelli.html,unchanged,,
https://www.draftguru.com.au/players/michael_rix/1,accepted,,players/M/Michael_Rix.html,players/M/Michael_Rix.html,unchanged,,
https://www.draftguru.com.au/players/michael_ross/1,accepted,,players/M/Michael_Ross.html,players/M/Michael_Ross.html,unchanged,,
https://www.draftguru.com.au/players/michael_ryan/1,withheld,U-no-href,,,unchanged,,
https://www.draftguru.com.au/players/michael_scoon/1,withheld,U-no-href,,,unchanged,,
https://www.draftguru.com.au/players/michael_scott/1,withheld,U-no-href,,,unchanged,,
https://www.draftguru.com.au/players/michael_sellwood/1,accepted,,players/M/Michael_Sellwood.html,players/M/Michael_Sellwood.html,unchanged,,
https://www.draftguru.com.au/players/michael_sexton/1,accepted,,players/M/Michael_Sexton.html,players/M/Michael_Sexton.html,unchanged,,
https://www.draftguru.com.au/players/michael_shields/1,withheld,U-no-href,,,unchanged,,
https://www.draftguru.com.au/players/michael_shields/2,withheld,U-no-href,,,unchanged,,
https://www.draftguru.com.au/players/michael_smith/2,withheld,U-no-href,,,unchanged,,
https://www.draftguru.com.au/players/michael_stevens/1,accepted,,players/M/Michael_Stevens.html,players/M/Michael_Stevens.html,unchanged,,
https://www.draftguru.com.au/players/michael_still/1,withheld,U-no-href,,,unchanged,,
https://www.draftguru.com.au/players/michael_stinear/1,withheld,U-no-href,,,unchanged,,
https://www.draftguru.com.au/players/michael_strickland/1,withheld,U-no-href,,,unchanged,,
https://www.draftguru.com.au/players/michael_styles/1,withheld,U-no-href,,,unchanged,,
https://www.draftguru.com.au/players/michael_swan/1,withheld,U-no-href,,,unchanged,,
https://www.draftguru.com.au/players/michael_symons/1,accepted,,players/M/Michael_Symons.html,players/M/Michael_Symons.html,unchanged,,
https://www.draftguru.com.au/players/michael_talia/1,accepted,,players/M/Michael_Talia.html,players/M/Michael_Talia.html,unchanged,,
https://www.draftguru.com.au/players/michael_taylor/2,withheld,U-no-href,,,unchanged,,
https://www.draftguru.com.au/players/michael_templeton/1,withheld,U-no-href,,,unchanged,,
https://www.draftguru.com.au/players/michael_thomson/1,accepted,,players/M/Michael_Thomson.html,players/M/Michael_Thomson.html,unchanged,,
https://www.draftguru.com.au/players/michael_walters/1,accepted,,players/M/Michael_Walters.html,players/M/Michael_Walters.html,unchanged,,
https://www.draftguru.com.au/players/michael_warren/1,accepted,,players/M/Michael_Warren.html,players/M/Michael_Warren.html,unchanged,,
https://www.draftguru.com.au/players/michael_werner/1,accepted,,players/M/Michael_Werner.html,players/M/Michael_Werner.html,unchanged,,
https://www.draftguru.com.au/players/michael_west/1,withheld,U-no-href,,,unchanged,,
https://www.draftguru.com.au/players/michael_wilson/1,accepted,,players/M/Michael_Wilson.html,players/M/Michael_Wilson.html,unchanged,,
https://www.draftguru.com.au/players/michael_wood/1,withheld,U-no-href,,,unchanged,,
https://www.draftguru.com.au/players/michael_wundke/1,withheld,U-no-href,,,unchanged,,
https://www.draftguru.com.au/players/mick_dwyer/1,accepted,,players/M/Mick_Dwyer.html,players/M/Mick_Dwyer.html,unchanged,,
https://www.draftguru.com.au/players/mick_martyn/1,accepted,,players/M/Mick_Martyn.html,players/M/Mick_Martyn.html,unchanged,,
https://www.draftguru.com.au/players/mick_mcguane/1,accepted,,players/M/Mick_McGuane.html,players/M/Mick_McGuane.html,unchanged,,
https://www.draftguru.com.au/players/mike_pyke/1,accepted,,players/M/Mike_Pyke.html,players/M/Mike_Pyke.html,unchanged,,
https://www.draftguru.com.au/players/milan_murdock/1,accepted,,players/M/Milan_Murdock.html,players/M/Milan_Murdock.html,unchanged,,
https://www.draftguru.com.au/players/miles_bergman/1,accepted,,players/M/Miles_Bergman.html,players/M/Miles_Bergman.html,unchanged,,
https://www.draftguru.com.au/players/miller_bergman/1,accepted,,players/M/Miller_Bergman.html,players/M/Miller_Bergman.html,unchanged,,
https://www.draftguru.com.au/players/mitch_brown/1,accepted,,players/M/Mitch_Brown0.html,players/M/Mitch_Brown0.html,unchanged,,
https://www.draftguru.com.au/players/mitch_brown/2,accepted,,players/M/Mitch_Brown1.html,players/M/Mitch_Brown1.html,unchanged,,
https://www.draftguru.com.au/players/mitch_clark/1,accepted,,players/M/Mitch_Clark.html,players/M/Mitch_Clark.html,unchanged,,
https://www.draftguru.com.au/players/mitch_clisby/1,accepted,,players/M/Mitch_Clisby.html,players/M/Mitch_Clisby.html,unchanged,,
https://www.draftguru.com.au/players/mitch_cox/1,withheld,U-no-href,,,unchanged,,
https://www.draftguru.com.au/players/mitch_crowden/1,accepted,,players/M/Mitch_Crowden.html,players/M/Mitch_Crowden.html,unchanged,,
https://www.draftguru.com.au/players/mitch_duncan/1,accepted,,players/M/Mitch_Duncan.html,players/M/Mitch_Duncan.html,unchanged,,
https://www.draftguru.com.au/players/mitch_edwards/1,accepted,,players/M/Mitchell_Edwards.html,players/M/Mitchell_Edwards.html,unchanged,,
https://www.draftguru.com.au/players/mitch_farmer/1,accepted,,players/M/Mitch_Farmer.html,players/M/Mitch_Farmer.html,unchanged,,
https://www.draftguru.com.au/players/mitch_georgiades/1,accepted,,players/M/Mitch_Georgiades.html,players/M/Mitch_Georgiades.html,unchanged,,
https://www.draftguru.com.au/players/mitch_golby/1,accepted,,players/M/Mitch_Golby.html,players/M/Mitch_Golby.html,unchanged,,
https://www.draftguru.com.au/players/mitch_grigg/1,accepted,,players/M/Mitch_Grigg.html,players/M/Mitch_Grigg.html,unchanged,,
https://www.draftguru.com.au/players/mitch_hahn/1,accepted,,players/M/Mitch_Hahn.html,players/M/Mitch_Hahn.html,unchanged,,
https://www.draftguru.com.au/players/mitch_hallahan/1,accepted,,players/M/Mitch_Hallahan.html,players/M/Mitch_Hallahan.html,unchanged,,
https://www.draftguru.com.au/players/mitch_hannan/1,accepted,,players/M/Mitch_Hannan.html,players/M/Mitch_Hannan.html,unchanged,,
https://www.draftguru.com.au/players/mitch_hardie/1,withheld,U-no-href,,,unchanged,,
https://www.draftguru.com.au/players/mitch_hibberd/1,accepted,,players/M/Mitchell_Hibberd.html,players/M/Mitchell_Hibberd.html,unchanged,,
https://www.draftguru.com.au/players/mitch_hinge/1,accepted,,players/M/Mitch_Hinge.html,players/M/Mitch_Hinge.html,unchanged,,
https://www.draftguru.com.au/players/mitch_honeychurch/1,accepted,,players/M/Mitch_Honeychurch.html,players/M/Mitch_Honeychurch.html,unchanged,,
https://www.draftguru.com.au/players/mitch_king/1,withheld,U-no-href,,,unchanged,,
https://www.draftguru.com.au/players/mitch_knevitt/1,accepted,,players/M/Mitch_Knevitt.html,players/M/Mitch_Knevitt.html,unchanged,,
https://www.draftguru.com.au/players/mitch_lewis/1,accepted,,players/M/Mitch_Lewis.html,players/M/Mitch_Lewis.html,unchanged,,
https://www.draftguru.com.au/players/mitch_mccarthy/1,withheld,U-no-href,,,unchanged,,
https://www.draftguru.com.au/players/mitch_mcgovern/1,accepted,,players/M/Mitch_McGovern.html,players/M/Mitch_McGovern.html,unchanged,,
https://www.draftguru.com.au/players/mitch_morton/1,accepted,,players/M/Mitch_Morton.html,players/M/Mitch_Morton.html,unchanged,,
https://www.draftguru.com.au/players/mitch_o'neill/1,withheld,U-no-href,,,unchanged,,
https://www.draftguru.com.au/players/mitch_owens/1,accepted,,players/M/Mitch_Owens.html,players/M/Mitch_Owens.html,unchanged,,
https://www.draftguru.com.au/players/mitch_podhajski/1,accepted,,players/M/Mitch_Podhajski.html,players/M/Mitch_Podhajski.html,unchanged,,
https://www.draftguru.com.au/players/mitch_riordan/1,withheld,U-no-href,,,unchanged,,
https://www.draftguru.com.au/players/mitch_robinson/1,accepted,,players/M/Mitch_Robinson.html,players/M/Mitch_Robinson.html,unchanged,,
https://www.draftguru.com.au/players/mitch_thorp/1,accepted,,players/M/Mitch_Thorp.html,players/M/Mitch_Thorp.html,unchanged,,
https://www.draftguru.com.au/players/mitch_wallis/1,accepted,,players/M/Mitch_Wallis.html,players/M/Mitch_Wallis.html,unchanged,,
https://www.draftguru.com.au/players/mitch_white/1,accepted,,players/M/Mitch_White.html,players/M/Mitch_White.html,unchanged,,
https://www.draftguru.com.au/players/mitch_zadow/1,accepted,,players/M/Mitch_Zadow.html,players/M/Mitch_Zadow.html,unchanged,,
https://www.draftguru.com.au/players/mitchell_banner/1,accepted,,players/M/Mitchell_Banner.html,players/M/Mitchell_Banner.html,unchanged,,
https://www.draftguru.com.au/players/mitchell_carter/1,withheld,U-no-href,,,unchanged,,
https://www.draftguru.com.au/players/mitchell_craig/1,withheld,U-no-href,,,unchanged,,
https://www.draftguru.com.au/players/mitchell_curnow/1,withheld,U-no-href,,,unchanged,,
https://www.draftguru.com.au/players/mitchell_harvey/1,withheld,U-no-href,,,unchanged,,
https://www.draftguru.com.au/players/mitchell_marsh/1,withheld,U-no-href,,,unchanged,,
https://www.draftguru.com.au/players/mitchell_white/1,accepted,,players/M/Mitchell_White.html,players/M/Mitchell_White.html,unchanged,,
https://www.draftguru.com.au/players/mitchell_wilkins/1,withheld,U-no-href,,,unchanged,,
https://www.draftguru.com.au/players/murphy_reid/1,accepted,,players/M/Murphy_Reid.html,players/M/Murphy_Reid.html,unchanged,,
https://www.draftguru.com.au/players/murray_boyd/1,withheld,U-no-href,,,unchanged,,
https://www.draftguru.com.au/players/murray_newman/1,accepted,,players/M/Murray_Newman.html,players/M/Murray_Newman.html,unchanged,,
https://www.draftguru.com.au/players/murray_pitts/1,withheld,U-no-href,,,unchanged,,
https://www.draftguru.com.au/players/murray_vance/1,accepted,,players/M/Murray_Vance.html,players/M/Murray_Vance.html,unchanged,,
https://www.draftguru.com.au/players/murray_wrensted/1,accepted,,players/M/Murray_Wrensted.html,players/M/Murray_Wrensted.html,unchanged,,
https://www.draftguru.com.au/players/myke_cook/1,accepted,,players/M/Myke_Cook.html,players/M/Myke_Cook.html,unchanged,,
https://www.draftguru.com.au/players/mykelti_lefau/1,accepted,,players/M/Mykelti_Lefau.html,players/M/Mykelti_Lefau.html,unchanged,,
https://www.draftguru.com.au/players/myles_poholke/1,accepted,,players/M/Myles_Poholke.html,players/M/Myles_Poholke.html,unchanged,,
https://www.draftguru.com.au/players/nakia_cockatoo/1,accepted,,players/N/Nakia_Cockatoo.html,players/N/Nakia_Cockatoo.html,unchanged,,
https://www.draftguru.com.au/players/nasiah_wanganeen-milera/1,accepted,,players/N/Nasiah_Wanganeen-Milera.html,players/N/Nasiah_Wanganeen-Milera.html,unchanged,,
https://www.draftguru.com.au/players/nate_caddy/1,accepted,,players/N/Nate_Caddy.html,players/N/Nate_Caddy.html,unchanged,,
https://www.draftguru.com.au/players/nathan_ablett/1,accepted,,players/N/Nathan_Ablett.html,players/N/Nathan_Ablett.html,unchanged,,
https://www.draftguru.com.au/players/nathan_barkla/1,withheld,U-no-href,,,unchanged,,
https://www.draftguru.com.au/players/nathan_bassett/1,accepted,,players/N/Nathan_Bassett.html,players/N/Nathan_Bassett.html,unchanged,,
https://www.draftguru.com.au/players/nathan_batsanis/1,withheld,U-no-href,,,unchanged,,
https://www.draftguru.com.au/players/nathan_blee/1,accepted,,players/N/Nathan_Blee.html,players/N/Nathan_Blee.html,unchanged,,
https://www.draftguru.com.au/players/nathan_bock/1,accepted,,players/N/Nathan_Bock.html,players/N/Nathan_Bock.html,unchanged,,
https://www.draftguru.com.au/players/nathan_bower/1,accepted,,players/N/Nathan_Bower.html,players/N/Nathan_Bower.html,unchanged,,
https://www.draftguru.com.au/players/nathan_broad/1,accepted,,players/N/Nathan_Broad.html,players/N/Nathan_Broad.html,unchanged,,
https://www.draftguru.com.au/players/nathan_brown/1,accepted,,players/N/Nathan_Brown0.html,players/N/Nathan_Brown0.html,unchanged,,
https://www.draftguru.com.au/players/nathan_brown/2,accepted,,players/N/Nathan_Brown1.html,players/N/Nathan_Brown1.html,unchanged,,
https://www.draftguru.com.au/players/nathan_brown/3,accepted,,players/N/Nathan_Brown2.html,players/N/Nathan_Brown2.html,unchanged,,
https://www.draftguru.com.au/players/nathan_buckley/1,accepted,,players/N/Nathan_Buckley.html,players/N/Nathan_Buckley.html,unchanged,,
https://www.draftguru.com.au/players/nathan_carroll/1,accepted,,players/N/Nathan_Carroll.html,players/N/Nathan_Carroll.html,unchanged,,
https://www.draftguru.com.au/players/nathan_chapman/1,accepted,,players/N/Nathan_Chapman.html,players/N/Nathan_Chapman.html,unchanged,,
https://www.draftguru.com.au/players/nathan_clarke/1,accepted,,players/N/Nathan_Clarke.html,players/N/Nathan_Clarke.html,unchanged,,
https://www.draftguru.com.au/players/nathan_djerrkura/1,accepted,,players/N/Nathan_Djerrkura.html,players/N/Nathan_Djerrkura.html,unchanged,,
https://www.draftguru.com.au/players/nathan_drummond/1,accepted,,players/N/Nathan_Drummond.html,players/N/Nathan_Drummond.html,unchanged,,
https://www.draftguru.com.au/players/nathan_eagleton/1,accepted,,players/N/Nathan_Eagleton.html,players/N/Nathan_Eagleton.html,unchanged,,
https://www.draftguru.com.au/players/nathan_foley/1,accepted,,players/N/Nathan_Foley.html,players/N/Nathan_Foley.html,unchanged,,
https://www.draftguru.com.au/players/nathan_freeman/1,accepted,,players/N/Nathan_Freeman.html,players/N/Nathan_Freeman.html,unchanged,,
https://www.draftguru.com.au/players/nathan_fyfe/1,accepted,,players/N/Nat_Fyfe.html,players/N/Nat_Fyfe.html,unchanged,,
https://www.draftguru.com.au/players/nathan_gordon/1,accepted,,players/N/Nathan_Gordon.html,players/N/Nathan_Gordon.html,unchanged,,
https://www.draftguru.com.au/players/nathan_grima/1,accepted,,players/N/Nathan_Grima.html,players/N/Nathan_Grima.html,unchanged,,
https://www.draftguru.com.au/players/nathan_hrovat/1,accepted,,players/N/Nathan_Hrovat.html,players/N/Nathan_Hrovat.html,unchanged,,
https://www.draftguru.com.au/players/nathan_irvin/1,accepted,,players/N/Nathan_Irvin.html,players/N/Nathan_Irvin.html,confirmed,same_person_valid_relisting,relisting
https://www.draftguru.com.au/players/nathan_jones/1,accepted,,players/N/Nathan_Jones.html,players/N/Nathan_Jones.html,unchanged,,
https://www.draftguru.com.au/players/nathan_krakouer/1,accepted,,players/N/Nathan_Krakouer.html,players/N/Nathan_Krakouer.html,unchanged,,
https://www.draftguru.com.au/players/nathan_kreuger/1,accepted,,players/N/Nathan_Kreuger.html,players/N/Nathan_Kreuger.html,unchanged,,
https://www.draftguru.com.au/players/nathan_lonie/1,accepted,,players/N/Nathan_Lonie.html,players/N/Nathan_Lonie.html,unchanged,,
https://www.draftguru.com.au/players/nathan_lovett-murray/1,accepted,,players/N/Nathan_Lovett-Murray.html,players/N/Nathan_Lovett-Murray.html,unchanged,,
https://www.draftguru.com.au/players/nathan_mcintosh/1,withheld,U-no-href,,,unchanged,,
https://www.draftguru.com.au/players/nathan_mourish/1,withheld,U-no-href,,,unchanged,,
https://www.draftguru.com.au/players/nathan_mullenger-mchugh/1,withheld,U-no-href,,,unchanged,,
https://www.draftguru.com.au/players/nathan_murphy/1,accepted,,players/N/Nathan_Murphy.html,players/N/Nathan_Murphy.html,unchanged,,
https://www.draftguru.com.au/players/nathan_o'driscoll/1,accepted,,players/N/Nathan_ODriscoll.html,players/N/Nathan_ODriscoll.html,unchanged,,
https://www.draftguru.com.au/players/nathan_o'keefe/1,accepted,,players/N/Nathan_OKeefe.html,players/N/Nathan_OKeefe.html,unchanged,,
https://www.draftguru.com.au/players/nathan_saunders/1,accepted,,players/N/Nathan_Saunders.html,players/N/Nathan_Saunders.html,unchanged,,
https://www.draftguru.com.au/players/nathan_stark/1,withheld,U-no-href,,,unchanged,,
https://www.draftguru.com.au/players/nathan_steinberner/1,accepted,,players/N/Nathan_Steinberner.html,players/N/Nathan_Steinberner.html,unchanged,,
https://www.draftguru.com.au/players/nathan_thompson/1,accepted,,players/N/Nathan_Thompson.html,players/N/Nathan_Thompson.html,unchanged,,
https://www.draftguru.com.au/players/nathan_tresize/1,withheld,U-no-href,,,unchanged,,
https://www.draftguru.com.au/players/nathan_turvey/1,accepted,,players/N/Nathan_Turvey.html,players/N/Nathan_Turvey.html,unchanged,,
https://www.draftguru.com.au/players/nathan_van%20berlo/1,accepted,,players/N/Nathan_van_Berlo.html,players/N/Nathan_van_Berlo.html,unchanged,,
https://www.draftguru.com.au/players/nathan_vardy/1,accepted,,players/N/Nathan_Vardy.html,players/N/Nathan_Vardy.html,unchanged,,
https://www.draftguru.com.au/players/nathan_wardius/1,withheld,U-no-href,,,unchanged,,
https://www.draftguru.com.au/players/nathan_wilson/1,accepted,,players/N/Nathan_Wilson.html,players/N/Nathan_Wilson.html,unchanged,,
https://www.draftguru.com.au/players/nathan_wright/1,accepted,,players/N/Nathan_Wright.html,players/N/Nathan_Wright.html,unchanged,,
https://www.draftguru.com.au/players/ned_bowman/1,withheld,U-no-href,,,unchanged,,
https://www.draftguru.com.au/players/ned_cahill/1,accepted,,players/N/Ned_Cahill.html,players/N/Ned_Cahill.html,unchanged,,
https://www.draftguru.com.au/players/ned_long/1,accepted,,players/N/Ned_Long.html,players/N/Ned_Long.html,unchanged,,
https://www.draftguru.com.au/players/ned_mchenry/1,accepted,,players/N/Ned_McHenry.html,players/N/Ned_McHenry.html,unchanged,,
https://www.draftguru.com.au/players/ned_moyle/1,accepted,,players/N/Ned_Moyle.html,players/N/Ned_Moyle.html,unchanged,,
https://www.draftguru.com.au/players/ned_reeves/1,accepted,,players/N/Ned_Reeves.html,players/N/Ned_Reeves.html,unchanged,,
https://www.draftguru.com.au/players/neil_craig/1,withheld,U-no-href,,,unchanged,,
https://www.draftguru.com.au/players/neil_erasmus/1,accepted,,players/N/Neil_Erasmus.html,players/N/Neil_Erasmus.html,unchanged,,
https://www.draftguru.com.au/players/neil_hein/1,accepted,,players/N/Neil_Hein.html,players/N/Neil_Hein.html,unchanged,,
https://www.draftguru.com.au/players/neil_marshall/1,accepted,,players/N/Neil_Marshall.html,players/N/Neil_Marshall.html,unchanged,,
https://www.draftguru.com.au/players/neil_mildenhall/1,accepted,,players/N/Neil_Mildenhall.html,players/N/Neil_Mildenhall.html,unchanged,,
https://www.draftguru.com.au/players/neville_jetta/1,accepted,,players/N/Neville_Jetta.html,players/N/Neville_Jetta.html,unchanged,,
https://www.draftguru.com.au/players/niall_buckley/1,withheld,U-no-href,,,unchanged,,
https://www.draftguru.com.au/players/niall_mckeever/1,accepted,,players/N/Niall_McKeever.html,players/N/Niall_McKeever.html,unchanged,,
https://www.draftguru.com.au/players/nic_fosdike/1,accepted,,players/N/Nic_Fosdike.html,players/N/Nic_Fosdike.html,unchanged,,
https://www.draftguru.com.au/players/nic_martin/1,accepted,,players/N/Nic_Martin.html,players/N/Nic_Martin.html,unchanged,,
https://www.draftguru.com.au/players/nic_naitanui/1,accepted,,players/N/Nic_Naitanui.html,players/N/Nic_Naitanui.html,unchanged,,
https://www.draftguru.com.au/players/nic_newman/1,accepted,,players/N/Nic_Newman.html,players/N/Nic_Newman.html,unchanged,,
https://www.draftguru.com.au/players/nic_reid/1,accepted,,players/N/Nic_Reid.html,players/N/Nic_Reid.html,unchanged,,
https://www.draftguru.com.au/players/nicholas_beardsley/1,accepted,,players/N/Nicholas_Beardsley.html,players/N/Nicholas_Beardsley.html,unchanged,,
https://www.draftguru.com.au/players/nicholas_bruton/1,accepted,,players/N/Nicholas_Bruton.html,players/N/Nicholas_Bruton.html,unchanged,,
https://www.draftguru.com.au/players/nicholas_coughlan/1,withheld,U-no-href,,,unchanged,,
https://www.draftguru.com.au/players/nicholas_hayes/1,withheld,U-no-href,,,unchanged,,
https://www.draftguru.com.au/players/nicholas_stone/1,accepted,,players/N/Nicholas_Stone.html,players/N/Nicholas_Stone.html,unchanged,,
https://www.draftguru.com.au/players/nicholas_walsh/1,withheld,U-no-href,,,unchanged,,
https://www.draftguru.com.au/players/nicholas_westhoff/1,withheld,U-no-href,,,unchanged,,
https://www.draftguru.com.au/players/nick_batchelor/1,withheld,U-no-href,,,unchanged,,
https://www.draftguru.com.au/players/nick_becker/1,withheld,U-no-href,,,unchanged,,
https://www.draftguru.com.au/players/nick_blakey/1,accepted,,players/N/Nick_Blakey.html,players/N/Nick_Blakey.html,unchanged,,
https://www.draftguru.com.au/players/nick_bourke/1,withheld,U-no-href,,,unchanged,,
https://www.draftguru.com.au/players/nick_bryan/1,accepted,,players/N/Nick_Bryan.html,players/N/Nick_Bryan.html,unchanged,,
https://www.draftguru.com.au/players/nick_carter/1,accepted,,players/N/Nick_Carter.html,players/N/Nick_Carter.html,unchanged,,
https://www.draftguru.com.au/players/nick_chigwidden/1,withheld,U-no-href,,,unchanged,,
https://www.draftguru.com.au/players/nick_coffield/1,accepted,,players/N/Nick_Coffield.html,players/N/Nick_Coffield.html,unchanged,,
https://www.draftguru.com.au/players/nick_daffy/1,accepted,,players/N/Nick_Daffy.html,players/N/Nick_Daffy.html,unchanged,,
https://www.draftguru.com.au/players/nick_daicos/1,accepted,,players/N/Nick_Daicos.html,players/N/Nick_Daicos.html,unchanged,,
https://www.draftguru.com.au/players/nick_dal%20santo/1,accepted,,players/N/Nick_Dal_Santo.html,players/N/Nick_Dal_Santo.html,unchanged,,
https://www.draftguru.com.au/players/nick_davis/1,accepted,,players/N/Nick_Davis.html,players/N/Nick_Davis.html,unchanged,,
https://www.draftguru.com.au/players/nick_driscoll/1,withheld,U-no-href,,,unchanged,,
https://www.draftguru.com.au/players/nick_duigan/1,accepted,,players/N/Nick_Duigan.html,players/N/Nick_Duigan.html,unchanged,,
https://www.draftguru.com.au/players/nick_faull/1,withheld,U-no-href,,,unchanged,,
https://www.draftguru.com.au/players/nick_foley/1,withheld,U-no-href,,,unchanged,,
https://www.draftguru.com.au/players/nick_gill/1,accepted,,players/N/Nick_Gill.html,players/N/Nick_Gill.html,unchanged,,
https://www.draftguru.com.au/players/nick_graham/1,accepted,,players/N/Nick_Graham.html,players/N/Nick_Graham.html,unchanged,,
https://www.draftguru.com.au/players/nick_greenwood/1,withheld,U-no-href,,,unchanged,,
https://www.draftguru.com.au/players/nick_hanson/1,accepted,,players/N/Nick_Hanson.html,players/N/Nick_Hanson.html,unchanged,,
https://www.draftguru.com.au/players/nick_haynes/1,accepted,,players/N/Nick_Haynes.html,players/N/Nick_Haynes.html,unchanged,,
https://www.draftguru.com.au/players/nick_heyne/1,accepted,,players/N/Nick_Heyne.html,players/N/Nick_Heyne.html,unchanged,,
https://www.draftguru.com.au/players/nick_hider/1,accepted,,players/N/Nick_Hider.html,players/N/Nick_Hider.html,unchanged,,
https://www.draftguru.com.au/players/nick_hind/1,accepted,,players/N/Nick_Hind.html,players/N/Nick_Hind.html,unchanged,,
https://www.draftguru.com.au/players/nick_holland/1,accepted,,players/N/Nick_Holland.html,players/N/Nick_Holland.html,unchanged,,
https://www.draftguru.com.au/players/nick_holman/1,accepted,,players/N/Nick_Holman.html,players/N/Nick_Holman.html,unchanged,,
https://www.draftguru.com.au/players/nick_jackman/1,withheld,U-no-href,,,unchanged,,
https://www.draftguru.com.au/players/nick_jewell/1,accepted,,players/N/Nick_Jewell.html,players/N/Nick_Jewell.html,unchanged,,
https://www.draftguru.com.au/players/nick_joyce/1,withheld,U-no-href,,,unchanged,,
https://www.draftguru.com.au/players/nick_kommer/1,accepted,,players/N/Nick_Kommer.html,players/N/Nick_Kommer.html,unchanged,,
https://www.draftguru.com.au/players/nick_laidlaw/1,withheld,U-no-href,,,unchanged,,
https://www.draftguru.com.au/players/nick_larkey/1,accepted,,players/N/Nick_Larkey.html,players/N/Nick_Larkey.html,unchanged,,
https://www.draftguru.com.au/players/nick_lower/1,accepted,,players/N/Nick_Lower.html,players/N/Nick_Lower.html,unchanged,,
https://www.draftguru.com.au/players/nick_lowther/1,withheld,U-no-href,,,unchanged,,
https://www.draftguru.com.au/players/nick_madden/1,accepted,,players/N/Nick_Madden.html,players/N/Nick_Madden.html,unchanged,,
https://www.draftguru.com.au/players/nick_malceski/1,accepted,,players/N/Nick_Malceski.html,players/N/Nick_Malceski.html,unchanged,,
https://www.draftguru.com.au/players/nick_maxwell/1,accepted,,players/N/Nick_Maxwell.html,players/N/Nick_Maxwell.html,unchanged,,
https://www.draftguru.com.au/players/nick_mitchell/1,accepted,,players/N/Nick_Mitchell.html,players/N/Nick_Mitchell.html,confirmed,agree,audit
https://www.draftguru.com.au/players/nick_murray/1,accepted,,players/N/Nick_Murray.html,players/N/Nick_Murray.html,unchanged,,
https://www.draftguru.com.au/players/nick_o'brien/1,accepted,,players/N/Nick_OBrien.html,players/N/Nick_OBrien.html,unchanged,,
https://www.draftguru.com.au/players/nick_o'kearney/1,withheld,U-no-href,,,unchanged,,
https://www.draftguru.com.au/players/nick_pesch/1,accepted,,players/N/Nick_Pesch.html,players/N/Nick_Pesch.html,unchanged,,
https://www.draftguru.com.au/players/nick_potter/1,withheld,U-no-href,,,unchanged,,
https://www.draftguru.com.au/players/nick_price/1,withheld,U-no-href,,,unchanged,,
https://www.draftguru.com.au/players/nick_probert/1,withheld,U-no-href,,,unchanged,,
https://www.draftguru.com.au/players/nick_raines/1,withheld,U-no-href,,,unchanged,,
https://www.draftguru.com.au/players/nick_ries/1,accepted,,players/N/Nick_Ries.html,players/N/Nick_Ries.html,unchanged,,
https://www.draftguru.com.au/players/nick_riewoldt/1,accepted,,players/N/Nick_Riewoldt.html,players/N/Nick_Riewoldt.html,unchanged,,
https://www.draftguru.com.au/players/nick_robertson/1,accepted,,players/N/Nick_Robertson.html,players/N/Nick_Robertson.html,unchanged,,
https://www.draftguru.com.au/players/nick_roney/1,withheld,U-no-href,,,unchanged,,
https://www.draftguru.com.au/players/nick_salter/1,accepted,,players/N/Nick_Salter.html,players/N/Nick_Salter.html,unchanged,,
https://www.draftguru.com.au/players/nick_sebo/1,withheld,U-no-href,,,unchanged,,
https://www.draftguru.com.au/players/nick_shipley/1,accepted,,players/N/Nick_Shipley.html,players/N/Nick_Shipley.html,unchanged,,
https://www.draftguru.com.au/players/nick_smith/1,accepted,,players/N/Nick_Smith0.html,players/N/Nick_Smith0.html,unchanged,,
https://www.draftguru.com.au/players/nick_smith/2,accepted,,players/N/Nick_Smith1.html,players/N/Nick_Smith1.html,unchanged,,
https://www.draftguru.com.au/players/nick_stevens/1,accepted,,players/N/Nick_Stevens.html,players/N/Nick_Stevens.html,unchanged,,
https://www.draftguru.com.au/players/nick_stevens/2,withheld,U-no-href,,,unchanged,,
https://www.draftguru.com.au/players/nick_stone/1,accepted,,players/N/Nick_Stone.html,players/N/Nick_Stone.html,unchanged,,
https://www.draftguru.com.au/players/nick_suban/1,accepted,,players/N/Nick_Suban.html,players/N/Nick_Suban.html,unchanged,,
https://www.draftguru.com.au/players/nick_trask/1,accepted,,players/N/Nick_Trask.html,players/N/Nick_Trask.html,unchanged,,
https://www.draftguru.com.au/players/nick_tsiotinas/1,withheld,U-no-href,,,unchanged,,
https://www.draftguru.com.au/players/nick_vlastuin/1,accepted,,players/N/Nick_Vlastuin.html,players/N/Nick_Vlastuin.html,unchanged,,
https://www.draftguru.com.au/players/nick_watson/1,accepted,,players/N/Nick_Watson.html,players/N/Nick_Watson.html,unchanged,,
https://www.draftguru.com.au/players/nick_white/1,withheld,U-no-href,,,unchanged,,
https://www.draftguru.com.au/players/nick_winmar/1,accepted,,players/N/Nick_Winmar.html,players/N/Nick_Winmar.html,unchanged,,
https://www.draftguru.com.au/players/nicky_winmar/1,accepted,,players/N/Nicky_Winmar.html,players/N/Nicky_Winmar.html,unchanged,,
https://www.draftguru.com.au/players/nigel_credlin/1,withheld,U-no-href,,,unchanged,,
https://www.draftguru.com.au/players/nigel_fiegert/1,accepted,,players/N/Nigel_Fiegert.html,players/N/Nigel_Fiegert.html,unchanged,,
https://www.draftguru.com.au/players/nigel_lappin/1,accepted,,players/N/Nigel_Lappin.html,players/N/Nigel_Lappin.html,unchanged,,
https://www.draftguru.com.au/players/nigel_palfreyman/1,accepted,,players/N/Nigel_Palfreyman.html,players/N/Nigel_Palfreyman.html,unchanged,,
https://www.draftguru.com.au/players/nigel_smart/1,accepted,,players/N/Nigel_Smart.html,players/N/Nigel_Smart.html,unchanged,,
https://www.draftguru.com.au/players/nik_cox/1,accepted,,players/N/Nik_Cox.html,players/N/Nik_Cox.html,unchanged,,
https://www.draftguru.com.au/players/noah_anderson/1,accepted,,players/N/Noah_Anderson.html,players/N/Noah_Anderson.html,unchanged,,
https://www.draftguru.com.au/players/noah_answerth/1,accepted,,players/N/Noah_Answerth.html,players/N/Noah_Answerth.html,unchanged,,
https://www.draftguru.com.au/players/noah_balta/1,accepted,,players/N/Noah_Balta.html,players/N/Noah_Balta.html,unchanged,,
https://www.draftguru.com.au/players/noah_chamberlain/1,withheld,U-no-href,,,unchanged,,
https://www.draftguru.com.au/players/noah_cumberland/1,accepted,,players/N/Noah_Cumberland.html,players/N/Noah_Cumberland.html,unchanged,,
https://www.draftguru.com.au/players/noah_gown/1,withheld,U-no-href,,,unchanged,,
https://www.draftguru.com.au/players/noah_howes/1,accepted,,players/N/Noah_Howes.html,players/N/Noah_Howes.html,unchanged,,
https://www.draftguru.com.au/players/noah_long/1,accepted,,players/N/Noah_Long.html,players/N/Noah_Long.html,unchanged,,
https://www.draftguru.com.au/players/noah_mraz/1,accepted,,players/N/Noah_Mraz.html,players/N/Noah_Mraz.html,unchanged,,
https://www.draftguru.com.au/players/noah_roberts-thomson/1,accepted,,players/N/Noah_Roberts-Thomson.html,players/N/Noah_Roberts-Thomson.html,unchanged,,
https://www.draftguru.com.au/players/odin_jones/1,withheld,U-no-href,,,unchanged,,
https://www.draftguru.com.au/players/oisin_mullin/1,accepted,,players/O/Oisin_Mullin.html,players/O/Oisin_Mullin.html,unchanged,,
https://www.draftguru.com.au/players/oleg_markov/1,accepted,,players/O/Oleg_Markov.html,players/O/Oleg_Markov.html,unchanged,,
https://www.draftguru.com.au/players/oli_wiltshire/1,accepted,,players/O/Oliver_Wiltshire.html,players/O/Oliver_Wiltshire.html,unchanged,,
https://www.draftguru.com.au/players/oliver_dempsey/1,accepted,,players/O/Oliver_Dempsey.html,players/O/Oliver_Dempsey.html,unchanged,,
https://www.draftguru.com.au/players/oliver_florent/1,accepted,,players/O/Oliver_Florent.html,players/O/Oliver_Florent.html,unchanged,,
https://www.draftguru.com.au/players/oliver_francou/1,accepted,,players/O/Oliver_Francou.html,players/O/Oliver_Francou.html,unchanged,,
https://www.draftguru.com.au/players/oliver_griffin/1,withheld,U-no-href,,,unchanged,,
https://www.draftguru.com.au/players/oliver_hayes-brown/1,accepted,,players/O/Oliver_Hayes-Brown.html,players/O/Oliver_Hayes-Brown.html,unchanged,,
https://www.draftguru.com.au/players/oliver_henry/1,accepted,,players/O/Oliver_Henry.html,players/O/Oliver_Henry.html,unchanged,,
https://www.draftguru.com.au/players/oliver_hollands/1,accepted,,players/O/Oliver_Hollands.html,players/O/Oliver_Hollands.html,unchanged,,
https://www.draftguru.com.au/players/oliver_sestan/1,withheld,U-no-href,,,unchanged,,
https://www.draftguru.com.au/players/olli_hotton/1,withheld,U-no-href,,,unchanged,,
https://www.draftguru.com.au/players/ollie_greeves/1,accepted,,players/O/Ollie_Greeves.html,players/O/Ollie_Greeves.html,unchanged,,
https://www.draftguru.com.au/players/ollie_hannaford/1,accepted,,players/O/Oliver_Hannaford.html,players/O/Oliver_Hannaford.html,unchanged,,
https://www.draftguru.com.au/players/ollie_hanrahan/1,accepted,,players/O/Oliver_Hanrahan.html,players/O/Oliver_Hanrahan.html,unchanged,,
https://www.draftguru.com.au/players/ollie_lord/1,accepted,,players/O/Ollie_Lord.html,players/O/Ollie_Lord.html,unchanged,,
https://www.draftguru.com.au/players/ollie_murphy/1,withheld,U-no-href,,,unchanged,,
https://www.draftguru.com.au/players/ollie_wines/1,accepted,,players/O/Ollie_Wines.html,players/O/Ollie_Wines.html,unchanged,,
https://www.draftguru.com.au/players/olly_trand/1,withheld,U-no-href,,,unchanged,,
https://www.draftguru.com.au/players/orazio_fantasia/1,accepted,,players/O/Orazio_Fantasia.html,players/O/Orazio_Fantasia.html,unchanged,,
https://www.draftguru.com.au/players/orren_stephenson/1,accepted,,players/O/Orren_Stephenson.html,players/O/Orren_Stephenson.html,unchanged,,
https://www.draftguru.com.au/players/osca_riccardi/1,withheld,U-no-href,,,unchanged,,
https://www.draftguru.com.au/players/oscar_adams/1,accepted,,players/O/Oscar_Adams.html,players/O/Oscar_Adams.html,unchanged,,
https://www.draftguru.com.au/players/oscar_allen/1,accepted,,players/O/Oscar_Allen.html,players/O/Oscar_Allen.html,unchanged,,
https://www.draftguru.com.au/players/oscar_brownless/1,withheld,U-no-href,,,unchanged,,
https://www.draftguru.com.au/players/oscar_clavarino/1,accepted,,players/O/Oscar_Clavarino.html,players/O/Oscar_Clavarino.html,unchanged,,
https://www.draftguru.com.au/players/oscar_faulkhead/1,withheld,U-no-href,,,unchanged,,
https://www.draftguru.com.au/players/oscar_junker/1,withheld,U-no-href,,,unchanged,,
https://www.draftguru.com.au/players/oscar_mcdonald/1,accepted,,players/O/Oscar_McDonald.html,players/O/Oscar_McDonald.html,unchanged,,
https://www.draftguru.com.au/players/oscar_mcinerney/1,accepted,,players/O/Oscar_McInerney.html,players/O/Oscar_McInerney.html,unchanged,,
https://www.draftguru.com.au/players/oscar_murdoch/1,withheld,U-no-href,,,unchanged,,
https://www.draftguru.com.au/players/oscar_ryan/1,accepted,,players/O/Oscar_Ryan.html,players/O/Oscar_Ryan.html,unchanged,,
https://www.draftguru.com.au/players/oscar_steene/1,accepted,,players/O/Oscar_Steene.html,players/O/Oscar_Steene.html,unchanged,,
https://www.draftguru.com.au/players/oskar_baker/1,accepted,,players/O/Oskar_Baker.html,players/O/Oskar_Baker.html,unchanged,,
https://www.draftguru.com.au/players/oskar_smartt/1,accepted,,players/O/Oskar_Smartt.html,players/O/Oskar_Smartt.html,unchanged,,
https://www.draftguru.com.au/players/oskar_taylor/1,withheld,U-no-href,,,unchanged,,
https://www.draftguru.com.au/players/paddy_brophy/1,withheld,U-no-href,,,unchanged,,
https://www.draftguru.com.au/players/paddy_cross/1,accepted,,players/P/Paddy_Cross.html,players/P/Paddy_Cross.html,unchanged,,
https://www.draftguru.com.au/players/paddy_dow/1,accepted,,players/P/Paddy_Dow.html,players/P/Paddy_Dow.html,unchanged,,
https://www.draftguru.com.au/players/paddy_mccartin/1,accepted,,players/P/Paddy_McCartin.html,players/P/Paddy_McCartin.html,unchanged,,
https://www.draftguru.com.au/players/paddy_ryder/1,accepted,,players/P/Paddy_Ryder.html,players/P/Paddy_Ryder.html,confirmed,agree,audit
https://www.draftguru.com.au/players/paddy_steinfort/1,withheld,U-no-href,,,unchanged,,
https://www.draftguru.com.au/players/padraig_lucey/1,withheld,U-no-href,,,unchanged,,
https://www.draftguru.com.au/players/pat_contin/1,withheld,U-no-href,,,unchanged,,
https://www.draftguru.com.au/players/pat_garner/1,withheld,U-no-href,,,unchanged,,
https://www.draftguru.com.au/players/pat_gribble/1,withheld,U-no-href,,,unchanged,,
https://www.draftguru.com.au/players/pat_lambert/1,withheld,U-no-href,,,unchanged,,
https://www.draftguru.com.au/players/pat_mccarthy/1,accepted,,players/P/Pat_McCarthy.html,players/P/Pat_McCarthy.html,unchanged,,
https://www.draftguru.com.au/players/patrick_ambrose/1,accepted,,players/P/Patrick_Ambrose.html,players/P/Patrick_Ambrose.html,unchanged,,
https://www.draftguru.com.au/players/patrick_bines/1,withheld,U-no-href,,,unchanged,,
https://www.draftguru.com.au/players/patrick_bowden/1,accepted,,players/P/Patrick_Bowden.html,players/P/Patrick_Bowden.html,unchanged,,
https://www.draftguru.com.au/players/patrick_browne/1,withheld,U-no-href,,,unchanged,,
https://www.draftguru.com.au/players/patrick_cripps/1,accepted,,players/P/Patrick_Cripps.html,players/P/Patrick_Cripps.html,unchanged,,
https://www.draftguru.com.au/players/patrick_dangerfield/1,accepted,,players/P/Patrick_Dangerfield.html,players/P/Patrick_Dangerfield.html,unchanged,,
https://www.draftguru.com.au/players/patrick_karnezis/1,accepted,,players/P/Patrick_Karnezis.html,players/P/Patrick_Karnezis.html,unchanged,,
https://www.draftguru.com.au/players/patrick_kerr/1,accepted,,players/P/Pat_Kerr.html,players/P/Pat_Kerr.html,unchanged,,
https://www.draftguru.com.au/players/patrick_lipinski/1,accepted,,players/P/Patrick_Lipinski.html,players/P/Patrick_Lipinski.html,unchanged,,
https://www.draftguru.com.au/players/patrick_mcginnity/1,accepted,,players/P/Patrick_McGinnity.html,players/P/Patrick_McGinnity.html,unchanged,,
https://www.draftguru.com.au/players/patrick_mckenna/1,withheld,U-no-href,,,unchanged,,
https://www.draftguru.com.au/players/patrick_mitchell/1,withheld,U-no-href,,,unchanged,,
https://www.draftguru.com.au/players/patrick_murtagh/1,withheld,U-no-href,,,unchanged,,
https://www.draftguru.com.au/players/patrick_naish/1,accepted,,players/P/Patrick_Naish.html,players/P/Patrick_Naish.html,unchanged,,
https://www.draftguru.com.au/players/patrick_parnell/1,accepted,,players/P/Patrick_Parnell.html,players/P/Patrick_Parnell.html,unchanged,,
https://www.draftguru.com.au/players/patrick_retschko/1,accepted,,players/P/Patrick_Retschko.html,players/P/Patrick_Retschko.html,unchanged,,
https://www.draftguru.com.au/players/patrick_rose/1,withheld,U-no-href,,,unchanged,,
https://www.draftguru.com.au/players/patrick_said/1,withheld,U-no-href,,,unchanged,,
https://www.draftguru.com.au/players/patrick_snell/1,withheld,U-no-href,,,unchanged,,
https://www.draftguru.com.au/players/patrick_veszpremi/1,accepted,,players/P/Patrick_Veszpremi.html,players/P/Patrick_Veszpremi.html,unchanged,,
https://www.draftguru.com.au/players/patrick_voss/1,accepted,,players/P/Patrick_Voss.html,players/P/Patrick_Voss.html,unchanged,,
https://www.draftguru.com.au/players/patrick_walker/1,withheld,U-no-href,,,unchanged,,
https://www.draftguru.com.au/players/patrick_wearden/1,withheld,U-no-href,,,unchanged,,
https://www.draftguru.com.au/players/patrick_wiggins/1,accepted,,players/P/Patrick_Wiggins.html,players/P/Patrick_Wiggins.html,unchanged,,
https://www.draftguru.com.au/players/patrick_wilson/1,accepted,,players/P/Patrick_Wilson.html,players/P/Patrick_Wilson.html,unchanged,,
https://www.draftguru.com.au/players/paul_abbott/1,accepted,,players/P/Paul_Abbott.html,players/P/Paul_Abbott.html,unchanged,,
https://www.draftguru.com.au/players/paul_ahern/1,accepted,,players/P/Paul_Ahern.html,players/P/Paul_Ahern.html,unchanged,,
https://www.draftguru.com.au/players/paul_allison/1,withheld,U-no-href,,,unchanged,,
https://www.draftguru.com.au/players/paul_atkins/1,accepted,,players/P/Paul_Atkins.html,players/P/Paul_Atkins.html,unchanged,,
https://www.draftguru.com.au/players/paul_barnard/1,accepted,,players/P/Paul_Barnard.html,players/P/Paul_Barnard.html,unchanged,,
https://www.draftguru.com.au/players/paul_bevan/1,accepted,,players/P/Paul_Bevan.html,players/P/Paul_Bevan.html,unchanged,,
https://www.draftguru.com.au/players/paul_blair/1,withheld,U-no-href,,,unchanged,,
https://www.draftguru.com.au/players/paul_bower/1,accepted,,players/P/Paul_Bower.html,players/P/Paul_Bower.html,unchanged,,
https://www.draftguru.com.au/players/paul_broderick/1,accepted,,players/P/Paul_Broderick.html,players/P/Paul_Broderick.html,unchanged,,
https://www.draftguru.com.au/players/paul_brown/2,withheld,U-no-href,,,unchanged,,
https://www.draftguru.com.au/players/paul_bryce/1,accepted,,players/P/Paul_Bryce.html,players/P/Paul_Bryce.html,unchanged,,
https://www.draftguru.com.au/players/paul_bulluss/1,accepted,,players/P/Paul_Bulluss.html,players/P/Paul_Bulluss.html,unchanged,,
https://www.draftguru.com.au/players/paul_burton/1,withheld,U-no-href,,,unchanged,,
https://www.draftguru.com.au/players/paul_cahill/1,withheld,U-no-href,,,unchanged,,
https://www.draftguru.com.au/players/paul_campbell/1,withheld,U-no-href,,,unchanged,,
https://www.draftguru.com.au/players/paul_chambers/1,accepted,,players/P/Paul_Chambers.html,players/P/Paul_Chambers.html,unchanged,,
https://www.draftguru.com.au/players/paul_chapman/1,accepted,,players/P/Paul_Chapman.html,players/P/Paul_Chapman.html,unchanged,,
https://www.draftguru.com.au/players/paul_corrigan/1,accepted,,players/P/Paul_Corrigan.html,players/P/Paul_Corrigan.html,unchanged,,
https://www.draftguru.com.au/players/paul_cribbin/1,withheld,U-no-href,,,unchanged,,
https://www.draftguru.com.au/players/paul_currie/1,withheld,U-no-href,,,unchanged,,
https://www.draftguru.com.au/players/paul_curtis/1,accepted,,players/P/Paul_Curtis.html,players/P/Paul_Curtis.html,unchanged,,
https://www.draftguru.com.au/players/paul_digiovine/1,withheld,U-no-href,,,unchanged,,
https://www.draftguru.com.au/players/paul_dimattina/1,accepted,,players/P/Paul_Dimattina.html,players/P/Paul_Dimattina.html,unchanged,,
https://www.draftguru.com.au/players/paul_docherty/1,withheld,U-no-href,,,unchanged,,
https://www.draftguru.com.au/players/paul_dooley/1,accepted,,players/P/Paul_Dooley.html,players/P/Paul_Dooley.html,unchanged,,
https://www.draftguru.com.au/players/paul_duffield/1,accepted,,players/P/Paul_Duffield.html,players/P/Paul_Duffield.html,unchanged,,
https://www.draftguru.com.au/players/paul_evans/1,accepted,,players/P/Paul_Evans.html,players/P/Paul_Evans.html,unchanged,,
https://www.draftguru.com.au/players/paul_geister/1,accepted,,players/P/Paul_Geister.html,players/P/Paul_Geister.html,unchanged,,
https://www.draftguru.com.au/players/paul_gow/1,accepted,,players/P/Paul_Gow.html,players/P/Paul_Gow.html,unchanged,,
https://www.draftguru.com.au/players/paul_greenham/1,withheld,U-no-href,,,unchanged,,
https://www.draftguru.com.au/players/paul_harding/1,accepted,,players/P/Paul_Harding.html,players/P/Paul_Harding.html,unchanged,,
https://www.draftguru.com.au/players/paul_hasleby/1,accepted,,players/P/Paul_Hasleby.html,players/P/Paul_Hasleby.html,unchanged,,
https://www.draftguru.com.au/players/paul_hawke/1,accepted,,players/P/Paul_Hawke.html,players/P/Paul_Hawke.html,unchanged,,
https://www.draftguru.com.au/players/paul_hills/1,accepted,,players/P/Paul_Hills.html,players/P/Paul_Hills.html,unchanged,,
https://www.draftguru.com.au/players/paul_hogarth/1,withheld,U-no-href,,,unchanged,,
https://www.draftguru.com.au/players/paul_holdsworth/1,accepted,,players/P/Paul_Holdsworth.html,players/P/Paul_Holdsworth.html,unchanged,,
https://www.draftguru.com.au/players/paul_hudson/1,accepted,,players/P/Paul_Hudson.html,players/P/Paul_Hudson.html,unchanged,,
https://www.draftguru.com.au/players/paul_hunter/1,accepted,,players/P/Paul_Hunter.html,players/P/Paul_Hunter.html,unchanged,,
https://www.draftguru.com.au/players/paul_johnson/2,accepted,,players/P/Paul_Johnson0.html,players/P/Paul_Johnson0.html,unchanged,,
https://www.draftguru.com.au/players/paul_koulouriotis/1,accepted,,players/P/Paul_Koulouriotis.html,players/P/Paul_Koulouriotis.html,unchanged,,
https://www.draftguru.com.au/players/paul_lewis/1,withheld,U-no-href,,,unchanged,,
https://www.draftguru.com.au/players/paul_licuria/1,accepted,,players/P/Paul_Licuria.html,players/P/Paul_Licuria.html,unchanged,,
https://www.draftguru.com.au/players/paul_lindsay/1,accepted,,players/P/Paul_Lindsay.html,players/P/Paul_Lindsay.html,unchanged,,
https://www.draftguru.com.au/players/paul_maher/1,accepted,,players/P/Paul_Maher.html,players/P/Paul_Maher.html,unchanged,,
https://www.draftguru.com.au/players/paul_mcconville/1,withheld,U-no-href,,,unchanged,,
https://www.draftguru.com.au/players/paul_mccormack/1,accepted,,players/P/Paul_McCormack.html,players/P/Paul_McCormack.html,unchanged,,
https://www.draftguru.com.au/players/paul_mcmahon/1,withheld,U-no-href,,,unchanged,,
https://www.draftguru.com.au/players/paul_mcmaster/1,withheld,U-no-href,,,unchanged,,
https://www.draftguru.com.au/players/paul_mcwilliam/1,withheld,U-no-href,,,unchanged,,
https://www.draftguru.com.au/players/paul_medhurst/1,accepted,,players/P/Paul_Medhurst.html,players/P/Paul_Medhurst.html,unchanged,,
https://www.draftguru.com.au/players/paul_mifka/1,accepted,,players/P/Paul_Mifka.html,players/P/Paul_Mifka.html,confirmed,same_person_valid_relisting,relisting
https://www.draftguru.com.au/players/paul_morrish/1,accepted,,players/P/Paul_Morrish.html,players/P/Paul_Morrish.html,unchanged,,
https://www.draftguru.com.au/players/paul_mullarvey/1,withheld,U-no-href,,,unchanged,,
https://www.draftguru.com.au/players/paul_newman/1,withheld,U-no-href,,,unchanged,,
https://www.draftguru.com.au/players/paul_o'shea/1,withheld,U-no-href,,,unchanged,,
https://www.draftguru.com.au/players/paul_page/1,withheld,U-no-href,,,unchanged,,
https://www.draftguru.com.au/players/paul_patterson/1,accepted,,players/P/Paul_Patterson.html,players/P/Paul_Patterson.html,unchanged,,
https://www.draftguru.com.au/players/paul_payne/1,accepted,,players/P/Paul_Payne.html,players/P/Paul_Payne.html,unchanged,,
https://www.draftguru.com.au/players/paul_peos/1,accepted,,players/P/Paul_Peos.html,players/P/Paul_Peos.html,unchanged,,
https://www.draftguru.com.au/players/paul_prymke/1,accepted,,players/P/Paul_Prymke.html,players/P/Paul_Prymke.html,unchanged,,
https://www.draftguru.com.au/players/paul_puopolo/1,accepted,,players/P/Paul_Puopolo.html,players/P/Paul_Puopolo.html,unchanged,,
https://www.draftguru.com.au/players/paul_ridley/1,withheld,U-no-href,,,unchanged,,
https://www.draftguru.com.au/players/paul_roos/1,accepted,,players/P/Paul_Roos.html,players/P/Paul_Roos.html,unchanged,,
https://www.draftguru.com.au/players/paul_rouvray/1,accepted,,players/P/Paul_Rouvray.html,players/P/Paul_Rouvray.html,unchanged,,
https://www.draftguru.com.au/players/paul_salmon/1,accepted,,players/P/Paul_Salmon.html,players/P/Paul_Salmon.html,unchanged,,
https://www.draftguru.com.au/players/paul_satterley/1,withheld,U-no-href,,,unchanged,,
https://www.draftguru.com.au/players/paul_seedsman/1,accepted,,players/P/Paul_Seedsman.html,players/P/Paul_Seedsman.html,unchanged,,
https://www.draftguru.com.au/players/paul_sharkey/1,accepted,,players/P/Paul_Sharkey.html,players/P/Paul_Sharkey.html,unchanged,,
https://www.draftguru.com.au/players/paul_shelton/1,withheld,U-no-href,,,unchanged,,
https://www.draftguru.com.au/players/paul_smit/1,withheld,U-no-href,,,unchanged,,
https://www.draftguru.com.au/players/paul_spargo/1,accepted,,players/P/Paul_Spargo.html,players/P/Paul_Spargo.html,unchanged,,
https://www.draftguru.com.au/players/paul_starbuck/1,accepted,,players/P/Paul_Starbuck.html,players/P/Paul_Starbuck.html,unchanged,,
https://www.draftguru.com.au/players/paul_stewart/1,accepted,,players/P/Paul_Stewart.html,players/P/Paul_Stewart.html,unchanged,,
https://www.draftguru.com.au/players/paul_symmons/1,accepted,,players/P/Paul_Symmons.html,players/P/Paul_Symmons.html,unchanged,,
https://www.draftguru.com.au/players/paul_thomas/1,accepted,,players/P/Paul_Thomas.html,players/P/Paul_Thomas.html,unchanged,,
https://www.draftguru.com.au/players/paul_tsapatolis/1,withheld,U-no-href,,,unchanged,,
https://www.draftguru.com.au/players/paul_tuddenham/1,accepted,,players/P/Paul_Tuddenham.html,players/P/Paul_Tuddenham.html,confirmed,same_person_valid_relisting,relisting
https://www.draftguru.com.au/players/paul_wheatley/1,accepted,,players/P/Paul_Wheatley.html,players/P/Paul_Wheatley.html,unchanged,,
https://www.draftguru.com.au/players/paul_whelan/1,withheld,U-no-href,,,unchanged,,
https://www.draftguru.com.au/players/paul_whitelaw/1,withheld,U-no-href,,,unchanged,,
https://www.draftguru.com.au/players/paul_williams/1,withheld,U-no-href,,,unchanged,,
https://www.draftguru.com.au/players/paul_williams/2,accepted,,players/P/Paul_Williams.html,players/P/Paul_Williams.html,unchanged,,
https://www.draftguru.com.au/players/pearce_hanley/1,accepted,,players/P/Pearce_Hanley.html,players/P/Pearce_Hanley.html,unchanged,,
https://www.draftguru.com.au/players/perry_meka/1,withheld,U-no-href,,,unchanged,,
https://www.draftguru.com.au/players/peter_baldwin/1,accepted,,players/P/Peter_Baldwin.html,players/P/Peter_Baldwin.html,confirmed,same_person_valid_relisting,relisting
https://www.draftguru.com.au/players/peter_bell/2,accepted,,players/P/Peter_Bell0.html,players/P/Peter_Bell0.html,unchanged,,
https://www.draftguru.com.au/players/peter_bennett/3,withheld,U-no-href,,,unchanged,,
https://www.draftguru.com.au/players/peter_berbakov/1,accepted,,players/P/Peter_Berbakov.html,players/P/Peter_Berbakov.html,unchanged,,
https://www.draftguru.com.au/players/peter_bird/1,accepted,,players/P/Peter_Bird.html,players/P/Peter_Bird.html,unchanged,,
https://www.draftguru.com.au/players/peter_bourke/2,accepted,,players/P/Peter_Bourke1.html,players/P/Peter_Bourke1.html,unchanged,,
https://www.draftguru.com.au/players/peter_bubner/1,withheld,U-no-href,,,unchanged,,
https://www.draftguru.com.au/players/peter_burgoyne/1,accepted,,players/P/Peter_Burgoyne.html,players/P/Peter_Burgoyne.html,unchanged,,
https://www.draftguru.com.au/players/peter_caven/1,accepted,,players/P/Peter_Caven.html,players/P/Peter_Caven.html,unchanged,,
https://www.draftguru.com.au/players/peter_cransberg/1,accepted,,players/P/Peter_Cransberg.html,players/P/Peter_Cransberg.html,unchanged,,
https://www.draftguru.com.au/players/peter_curran/1,accepted,,players/P/Peter_Curran.html,players/P/Peter_Curran.html,unchanged,,
https://www.draftguru.com.au/players/peter_davidson/1,accepted,,players/P/Peter_Davidson.html,players/P/Peter_Davidson.html,unchanged,,
https://www.draftguru.com.au/players/peter_divenuto/1,withheld,U-no-href,,,unchanged,,
https://www.draftguru.com.au/players/peter_doyle/2,accepted,,players/P/Peter_Doyle0.html,players/P/Peter_Doyle0.html,unchanged,,
https://www.draftguru.com.au/players/peter_everitt/1,accepted,,players/P/Peter_Everitt.html,players/P/Peter_Everitt.html,unchanged,,
https://www.draftguru.com.au/players/peter_faulks/1,accepted,,players/P/Peter_Faulks.html,players/P/Peter_Faulks.html,unchanged,,
https://www.draftguru.com.au/players/peter_filandia/1,accepted,,players/P/Peter_Filandia.html,players/P/Peter_Filandia.html,unchanged,,
https://www.draftguru.com.au/players/peter_freeman/1,accepted,,players/P/Peter_Freeman.html,players/P/Peter_Freeman.html,confirmed,same_person_valid_relisting,relisting
https://www.draftguru.com.au/players/peter_green/1,accepted,,players/P/Peter_Green.html,players/P/Peter_Green.html,unchanged,,
https://www.draftguru.com.au/players/peter_hardy/1,withheld,U-no-href,,,unchanged,,
https://www.draftguru.com.au/players/peter_higgins/1,accepted,,players/P/Peter_Higgins.html,players/P/Peter_Higgins.html,unchanged,,
https://www.draftguru.com.au/players/peter_hofner/1,withheld,U-no-href,,,unchanged,,
https://www.draftguru.com.au/players/peter_jacks/1,withheld,U-no-href,,,unchanged,,
https://www.draftguru.com.au/players/peter_ladhams/1,accepted,,players/P/Peter_Ladhams.html,players/P/Peter_Ladhams.html,unchanged,,
https://www.draftguru.com.au/players/peter_lodge/1,withheld,U-no-href,,,unchanged,,
https://www.draftguru.com.au/players/peter_maclean/1,withheld,U-no-href,,,unchanged,,
https://www.draftguru.com.au/players/peter_mann/1,accepted,,players/P/Peter_Mann.html,players/P/Peter_Mann.html,unchanged,,
https://www.draftguru.com.au/players/peter_matera/1,accepted,,players/P/Peter_Matera.html,players/P/Peter_Matera.html,confirmed,agree,audit
https://www.draftguru.com.au/players/peter_mcgrath/1,withheld,U-no-href,,,unchanged,,
https://www.draftguru.com.au/players/peter_mcintyre/1,accepted,,players/P/Peter_McIntyre.html,players/P/Peter_McIntyre.html,unchanged,,
https://www.draftguru.com.au/players/peter_melesso/1,accepted,,players/P/Peter_Melesso.html,players/P/Peter_Melesso.html,unchanged,,
https://www.draftguru.com.au/players/peter_miller/1,accepted,,players/P/Peter_Miller.html,players/P/Peter_Miller.html,unchanged,,
https://www.draftguru.com.au/players/peter_motley/1,accepted,,players/P/Peter_Motley.html,players/P/Peter_Motley.html,unchanged,,
https://www.draftguru.com.au/players/peter_nunn/1,withheld,U-no-href,,,unchanged,,
https://www.draftguru.com.au/players/peter_o'brien/1,withheld,U-no-href,,,unchanged,,
https://www.draftguru.com.au/players/peter_quill/1,accepted,,players/P/Peter_Quill.html,players/P/Peter_Quill.html,unchanged,,
https://www.draftguru.com.au/players/peter_reid/1,withheld,U-no-href,,,unchanged,,
https://www.draftguru.com.au/players/peter_russo/1,accepted,,players/P/Peter_Russo.html,players/P/Peter_Russo.html,unchanged,,
https://www.draftguru.com.au/players/peter_sartori/1,accepted,,players/P/Peter_Sartori.html,players/P/Peter_Sartori.html,unchanged,,
https://www.draftguru.com.au/players/peter_street/1,accepted,,players/P/Peter_Street.html,players/P/Peter_Street.html,unchanged,,
https://www.draftguru.com.au/players/peter_sumich/1,accepted,,players/P/Peter_Sumich.html,players/P/Peter_Sumich.html,unchanged,,
https://www.draftguru.com.au/players/peter_summers/1,withheld,U-no-href,,,unchanged,,
https://www.draftguru.com.au/players/peter_turner/1,accepted,,players/P/Peter_Turner.html,players/P/Peter_Turner.html,unchanged,,
https://www.draftguru.com.au/players/peter_vandermeer/1,withheld,U-no-href,,,unchanged,,
https://www.draftguru.com.au/players/peter_vardy/1,accepted,,players/P/Peter_Vardy.html,players/P/Peter_Vardy.html,unchanged,,
https://www.draftguru.com.au/players/peter_walker/2,withheld,U-no-href,,,unchanged,,
https://www.draftguru.com.au/players/peter_walsh/1,accepted,,players/P/Peter_Walsh.html,players/P/Peter_Walsh.html,unchanged,,
https://www.draftguru.com.au/players/peter_whyte/1,accepted,,players/P/Peter_Whyte.html,players/P/Peter_Whyte.html,confirmed,same_person_valid_relisting,relisting
https://www.draftguru.com.au/players/peter_wilson/1,accepted,,players/P/Peter_Wilson.html,players/P/Peter_Wilson.html,unchanged,,
https://www.draftguru.com.au/players/peter_winter/1,withheld,U-no-href,,,unchanged,,
https://www.draftguru.com.au/players/peter_worsfold/1,accepted,,players/P/Peter_Worsfold.html,players/P/Peter_Worsfold.html,unchanged,,
https://www.draftguru.com.au/players/peter_wright/1,accepted,,players/P/Peter_Wright.html,players/P/Peter_Wright.html,unchanged,,
https://www.draftguru.com.au/players/peter_yagmoor/1,accepted,,players/P/Peter_Yagmoor.html,players/P/Peter_Yagmoor.html,unchanged,,
https://www.draftguru.com.au/players/phil_brooksby/1,withheld,U-no-href,,,unchanged,,
https://www.draftguru.com.au/players/phil_davis/1,accepted,,players/P/Phil_Davis.html,players/P/Phil_Davis.html,unchanged,,
https://www.draftguru.com.au/players/phil_egan/1,accepted,,players/P/Phil_Egan.html,players/P/Phil_Egan.html,unchanged,,
https://www.draftguru.com.au/players/phil_gilbert/1,accepted,,players/P/Phil_Gilbert.html,players/P/Phil_Gilbert.html,unchanged,,
https://www.draftguru.com.au/players/phil_krakouer/1,accepted,,players/P/Phil_Krakouer.html,players/P/Phil_Krakouer.html,unchanged,,
https://www.draftguru.com.au/players/phil_narkle/1,accepted,,players/P/Phil_Narkle.html,players/P/Phil_Narkle.html,unchanged,,
https://www.draftguru.com.au/players/phil_smith/2,withheld,U-no-href,,,unchanged,,
https://www.draftguru.com.au/players/phillip_matera/1,accepted,,players/P/Phillip_Matera.html,players/P/Phillip_Matera.html,unchanged,,
https://www.draftguru.com.au/players/phillip_raymond/1,withheld,U-no-href,,,unchanged,,
https://www.draftguru.com.au/players/phillip_read/1,accepted,,players/P/Phillip_Read.html,players/P/Phillip_Read.html,unchanged,,
https://www.draftguru.com.au/players/phillip_rowston/1,withheld,U-no-href,,,unchanged,,
https://www.draftguru.com.au/players/phillip_smith/1,withheld,U-no-href,,,unchanged,,
https://www.draftguru.com.au/players/phoenix_foster/1,withheld,U-no-href,,,unchanged,,
https://www.draftguru.com.au/players/phoenix_gothard/1,accepted,,players/P/Phoenix_Gothard.html,players/P/Phoenix_Gothard.html,unchanged,,
https://www.draftguru.com.au/players/phoenix_spicer/1,accepted,,players/P/Phoenix_Spicer.html,players/P/Phoenix_Spicer.html,unchanged,,
https://www.draftguru.com.au/players/piers_flanagan/1,accepted,,players/P/Piers_Flanagan.html,players/P/Piers_Flanagan.html,unchanged,,
https://www.draftguru.com.au/players/piva_wright/1,withheld,U-no-href,,,unchanged,,
https://www.draftguru.com.au/players/quenton_leach/1,accepted,,players/Q/Quenton_Leach.html,players/Q/Quenton_Leach.html,unchanged,,
https://www.draftguru.com.au/players/quinten_lynch/1,accepted,,players/Q/Quinten_Lynch.html,players/Q/Quinten_Lynch.html,unchanged,,
https://www.draftguru.com.au/players/quinton_narkle/1,accepted,,players/Q/Quinton_Narkle.html,players/Q/Quinton_Narkle.html,unchanged,,
https://www.draftguru.com.au/players/randall_bone/1,accepted,,players/R/Randall_Bone.html,players/R/Randall_Bone.html,unchanged,,
https://www.draftguru.com.au/players/ranga_ediriwickrama/1,withheld,U-no-href,,,unchanged,,
https://www.draftguru.com.au/players/raphael_clarke/1,accepted,,players/R/Raphael_Clarke.html,players/R/Raphael_Clarke.html,unchanged,,
https://www.draftguru.com.au/players/ray_connellan/1,withheld,U-no-href,,,unchanged,,
https://www.draftguru.com.au/players/ray_hall/1,accepted,,players/R/Ray_Hall.html,players/R/Ray_Hall.html,unchanged,,
https://www.draftguru.com.au/players/ray_holden/1,accepted,,players/R/Ray_Holden.html,players/R/Ray_Holden.html,unchanged,,
https://www.draftguru.com.au/players/ray_sterrett/1,accepted,,players/R/Ray_Sterrett.html,players/R/Ray_Sterrett.html,unchanged,,
https://www.draftguru.com.au/players/rayden_tallis/1,accepted,,players/R/Rayden_Tallis.html,players/R/Rayden_Tallis.html,unchanged,,
https://www.draftguru.com.au/players/red%20%C3%B3g_murphy/1,withheld,U-no-href,,,unchanged,,
https://www.draftguru.com.au/players/reece_conca/1,accepted,,players/R/Reece_Conca.html,players/R/Reece_Conca.html,unchanged,,
https://www.draftguru.com.au/players/reece_mckenzie/1,withheld,U-no-href,,,unchanged,,
https://www.draftguru.com.au/players/reece_torrent/1,withheld,U-no-href,,,unchanged,,
https://www.draftguru.com.au/players/reef_mcinnes/1,accepted,,players/R/Reef_McInnes.html,players/R/Reef_McInnes.html,unchanged,,
https://www.draftguru.com.au/players/reilly_o'brien/1,accepted,,players/R/Reilly_OBrien.html,players/R/Reilly_OBrien.html,unchanged,,
https://www.draftguru.com.au/players/relton_roberts/1,accepted,,players/R/Relton_Roberts.html,players/R/Relton_Roberts.html,unchanged,,
https://www.draftguru.com.au/players/reuben_ginbey/1,accepted,,players/R/Reuben_Ginbey.html,players/R/Reuben_Ginbey.html,unchanged,,
https://www.draftguru.com.au/players/reuben_william/1,accepted,,players/R/Reuben_William.html,players/R/Reuben_William.html,unchanged,,
https://www.draftguru.com.au/players/rex_liddy/1,accepted,,players/R/Rex_Liddy.html,players/R/Rex_Liddy.html,unchanged,,
https://www.draftguru.com.au/players/rhan_hooper/1,accepted,,players/R/Rhan_Hooper.html,players/R/Rhan_Hooper.html,unchanged,,
https://www.draftguru.com.au/players/rhett_bazzo/1,accepted,,players/R/Rhett_Bazzo.html,players/R/Rhett_Bazzo.html,unchanged,,
https://www.draftguru.com.au/players/rhett_biglands/1,accepted,,players/R/Rhett_Biglands.html,players/R/Rhett_Biglands.html,unchanged,,
https://www.draftguru.com.au/players/rhett_montgomerie/1,withheld,U-no-href,,,unchanged,,
https://www.draftguru.com.au/players/rhyan_mansell/1,accepted,,players/R/Rhyan_Mansell.html,players/R/Rhyan_Mansell.html,unchanged,,
https://www.draftguru.com.au/players/rhyce_shaw/1,accepted,,players/R/Rhyce_Shaw.html,players/R/Rhyce_Shaw.html,unchanged,,
https://www.draftguru.com.au/players/rhylee_west/1,accepted,,players/R/Rhylee_West.html,players/R/Rhylee_West.html,unchanged,,
https://www.draftguru.com.au/players/rhys_archard/1,withheld,U-no-href,,,unchanged,,
https://www.draftguru.com.au/players/rhys_cooyou/1,accepted,,players/R/Rhys_Cooyou.html,players/R/Rhys_Cooyou.html,unchanged,,
https://www.draftguru.com.au/players/rhys_croxford/1,withheld,U-no-href,,,unchanged,,
https://www.draftguru.com.au/players/rhys_healey/1,withheld,U-no-href,,,unchanged,,
https://www.draftguru.com.au/players/rhys_magin/1,accepted,,players/R/Rhys_Magin.html,players/R/Rhys_Magin.html,unchanged,,
https://www.draftguru.com.au/players/rhys_mathieson/1,accepted,,players/R/Rhys_Mathieson.html,players/R/Rhys_Mathieson.html,unchanged,,
https://www.draftguru.com.au/players/rhys_nicholls/1,withheld,U-no-href,,,unchanged,,
https://www.draftguru.com.au/players/rhys_o'keeffe/1,accepted,,players/R/Rhys_OKeeffe.html,players/R/Rhys_OKeeffe.html,unchanged,,
https://www.draftguru.com.au/players/rhys_palmer/1,accepted,,players/R/Rhys_Palmer.html,players/R/Rhys_Palmer.html,unchanged,,
https://www.draftguru.com.au/players/rhys_stanley/1,accepted,,players/R/Rhys_Stanley.html,players/R/Rhys_Stanley.html,unchanged,,
https://www.draftguru.com.au/players/rhys_unwin/1,accepted,,players/R/Rhys_Unwin.html,players/R/Rhys_Unwin.html,unchanged,,
https://www.draftguru.com.au/players/riak_andrew/1,withheld,U-no-href,,,unchanged,,
https://www.draftguru.com.au/players/richard_ambrose/1,accepted,,players/R/Richard_Ambrose.html,players/R/Richard_Ambrose.html,unchanged,,
https://www.draftguru.com.au/players/richard_anderson/1,withheld,U-no-href,,,unchanged,,
https://www.draftguru.com.au/players/richard_champion/1,accepted,,players/R/Richard_Champion.html,players/R/Richard_Champion.html,unchanged,,
https://www.draftguru.com.au/players/richard_cole/1,accepted,,players/R/Richard_Cole.html,players/R/Richard_Cole.html,unchanged,,
https://www.draftguru.com.au/players/richard_cousins/1,accepted,,players/R/Richard_Cousins.html,players/R/Richard_Cousins.html,unchanged,,
https://www.draftguru.com.au/players/richard_dennis/1,accepted,,players/R/Richard_Dennis.html,players/R/Richard_Dennis.html,unchanged,,
https://www.draftguru.com.au/players/richard_douglas/1,accepted,,players/R/Richard_Douglas.html,players/R/Richard_Douglas.html,unchanged,,
https://www.draftguru.com.au/players/richard_geary/1,accepted,,players/R/Richard_Geary.html,players/R/Richard_Geary.html,unchanged,,
https://www.draftguru.com.au/players/richard_hadley/1,accepted,,players/R/Richard_Hadley.html,players/R/Richard_Hadley.html,unchanged,,
https://www.draftguru.com.au/players/richard_harrison/1,withheld,U-no-href,,,unchanged,,
https://www.draftguru.com.au/players/richard_kelly/1,withheld,U-no-href,,,unchanged,,
https://www.draftguru.com.au/players/richard_lounder/1,accepted,,players/R/Richard_Lounder.html,players/R/Richard_Lounder.html,unchanged,,
https://www.draftguru.com.au/players/richard_marr/1,withheld,U-no-href,,,unchanged,,
https://www.draftguru.com.au/players/richard_newell/1,withheld,U-no-href,,,unchanged,,
https://www.draftguru.com.au/players/richard_osborne/1,accepted,,players/R/Richard_Osborne.html,players/R/Richard_Osborne.html,unchanged,,
https://www.draftguru.com.au/players/richard_peck/1,withheld,U-no-href,,,unchanged,,
https://www.draftguru.com.au/players/richard_tambling/1,accepted,,players/R/Richard_Tambling.html,players/R/Richard_Tambling.html,unchanged,,
https://www.draftguru.com.au/players/richard_taylor/1,accepted,,players/R/Richard_Taylor.html,players/R/Richard_Taylor.html,unchanged,,
https://www.draftguru.com.au/players/richard_umbers/1,accepted,,players/R/Richard_Umbers.html,players/R/Richard_Umbers.html,unchanged,,
https://www.draftguru.com.au/players/richie_vandenberg/1,accepted,,players/R/Richard_Vandenberg.html,players/R/Richard_Vandenberg.html,unchanged,,
https://www.draftguru.com.au/players/rick_ladson/1,accepted,,players/R/Rick_Ladson.html,players/R/Rick_Ladson.html,unchanged,,
https://www.draftguru.com.au/players/ricky_dyson/1,accepted,,players/R/Ricky_Dyson.html,players/R/Ricky_Dyson.html,unchanged,,
https://www.draftguru.com.au/players/ricky_gerke/1,withheld,U-no-href,,,unchanged,,
https://www.draftguru.com.au/players/ricky_henderson/1,accepted,,players/R/Ricky_Henderson.html,players/R/Ricky_Henderson.html,unchanged,,
https://www.draftguru.com.au/players/ricky_jackson/1,accepted,,players/R/Ricky_Jackson.html,players/R/Ricky_Jackson.html,confirmed,same_person_valid_relisting,relisting
https://www.draftguru.com.au/players/ricky_mentha/1,withheld,U-no-href,,,unchanged,,
https://www.draftguru.com.au/players/ricky_mott/1,accepted,,players/R/Ricky_Mott.html,players/R/Ricky_Mott.html,unchanged,,
https://www.draftguru.com.au/players/ricky_nixon/1,accepted,,players/R/Ricky_Nixon.html,players/R/Ricky_Nixon.html,unchanged,,
https://www.draftguru.com.au/players/ricky_o'loughlin/1,accepted,,players/R/Ricky_OLoughlin.html,players/R/Ricky_OLoughlin.html,unchanged,,
https://www.draftguru.com.au/players/ricky_olarenshaw/1,accepted,,players/R/Ricky_Olarenshaw.html,players/R/Ricky_Olarenshaw.html,unchanged,,
https://www.draftguru.com.au/players/ricky_petterd/1,accepted,,players/R/Ricky_Petterd.html,players/R/Ricky_Petterd.html,unchanged,,
https://www.draftguru.com.au/players/ricky_symes/1,withheld,U-no-href,,,unchanged,,
https://www.draftguru.com.au/players/riley_bice/1,accepted,,players/R/Riley_Bice.html,players/R/Riley_Bice.html,unchanged,,
https://www.draftguru.com.au/players/riley_bonner/1,accepted,,players/R/Riley_Bonner.html,players/R/Riley_Bonner.html,unchanged,,
https://www.draftguru.com.au/players/riley_collier-dawkins/1,accepted,,players/R/Riley_Collier-Dawkins.html,players/R/Riley_Collier-Dawkins.html,unchanged,,
https://www.draftguru.com.au/players/riley_garcia/1,accepted,,players/R/Riley_Garcia.html,players/R/Riley_Garcia.html,unchanged,,
https://www.draftguru.com.au/players/riley_grundy/1,withheld,U-no-href,,,unchanged,,
https://www.draftguru.com.au/players/riley_hamilton/1,accepted,,players/R/Riley_Hamilton.html,players/R/Riley_Hamilton.html,unchanged,,
https://www.draftguru.com.au/players/riley_hardeman/1,accepted,,players/R/Riley_Hardeman.html,players/R/Riley_Hardeman.html,unchanged,,
https://www.draftguru.com.au/players/riley_knight/1,accepted,,players/R/Riley_Knight.html,players/R/Riley_Knight.html,unchanged,,
https://www.draftguru.com.au/players/riley_milne/1,accepted,,players/R/Riley_Milne.html,players/R/Riley_Milne.html,unchanged,,
https://www.draftguru.com.au/players/riley_onley/1,withheld,U-no-href,,,unchanged,,
https://www.draftguru.com.au/players/riley_thilthorpe/1,accepted,,players/R/Riley_Thilthorpe.html,players/R/Riley_Thilthorpe.html,unchanged,,
https://www.draftguru.com.au/players/river_stevens/1,withheld,U-no-href,,,unchanged,,
https://www.draftguru.com.au/players/roan_steele/1,accepted,,players/R/Roan_Steele.html,players/R/Roan_Steele.html,unchanged,,
https://www.draftguru.com.au/players/roarke_smith/1,accepted,,players/R/Roarke_Smith.html,players/R/Roarke_Smith.html,unchanged,,
https://www.draftguru.com.au/players/rob_gilbert/1,withheld,U-no-href,,,unchanged,,
https://www.draftguru.com.au/players/rob_malone/1,withheld,U-no-href,,,unchanged,,
https://www.draftguru.com.au/players/rob_monahan/1,withheld,U-no-href,,,unchanged,,
https://www.draftguru.com.au/players/robbie_fox/1,accepted,,players/R/Robbie_Fox.html,players/R/Robbie_Fox.html,unchanged,,
https://www.draftguru.com.au/players/robbie_gray/1,accepted,,players/R/Robbie_Gray.html,players/R/Robbie_Gray.html,unchanged,,
https://www.draftguru.com.au/players/robbie_mccomb/1,accepted,,players/R/Robbie_McComb.html,players/R/Robbie_McComb.html,unchanged,,
https://www.draftguru.com.au/players/robbie_tarrant/1,accepted,,players/R/Robbie_Tarrant.html,players/R/Robbie_Tarrant.html,unchanged,,
https://www.draftguru.com.au/players/robbie_taylor/1,withheld,U-no-href,,,unchanged,,
https://www.draftguru.com.au/players/robbie_young/2,accepted,,players/R/Robbie_Young.html,players/R/Robbie_Young.html,unchanged,,
https://www.draftguru.com.au/players/robert_ahmat/1,accepted,,players/R/Robert_AhMat.html,players/R/Robert_AhMat.html,unchanged,,
https://www.draftguru.com.au/players/robert_bloom/1,withheld,U-no-href,,,unchanged,,
https://www.draftguru.com.au/players/robert_bowden/1,withheld,U-no-href,,,unchanged,,
https://www.draftguru.com.au/players/robert_campbell/1,accepted,,players/R/Robert_Campbell.html,players/R/Robert_Campbell.html,unchanged,,
https://www.draftguru.com.au/players/robert_copeland/1,accepted,,players/R/Robert_Copeland.html,players/R/Robert_Copeland.html,unchanged,,
https://www.draftguru.com.au/players/robert_cummings/1,accepted,,players/R/Robert_Cummings.html,players/R/Robert_Cummings.html,unchanged,,
https://www.draftguru.com.au/players/robert_di%20rosa/1,accepted,,players/R/Robert_Di_Rosa.html,players/R/Robert_Di_Rosa.html,unchanged,,
https://www.draftguru.com.au/players/robert_dickson/1,accepted,,players/R/Robert_Dickson.html,players/R/Robert_Dickson.html,unchanged,,
https://www.draftguru.com.au/players/robert_eddy/1,accepted,,players/R/Robert_Eddy.html,players/R/Robert_Eddy.html,unchanged,,
https://www.draftguru.com.au/players/robert_forster-knight/1,accepted,,players/R/Robert_Forster-Knight.html,players/R/Robert_Forster-Knight.html,unchanged,,
https://www.draftguru.com.au/players/robert_haddrill/1,accepted,,players/R/Robert_Haddrill.html,players/R/Robert_Haddrill.html,unchanged,,
https://www.draftguru.com.au/players/robert_handley/1,accepted,,players/R/Robert_Handley.html,players/R/Robert_Handley.html,unchanged,,
https://www.draftguru.com.au/players/robert_hansen/2,accepted,,players/R/Robert_Hansen.html,players/R/Robert_Hansen.html,unchanged,,
https://www.draftguru.com.au/players/robert_hickmott/1,accepted,,players/R/Robert_Hickmott.html,players/R/Robert_Hickmott.html,unchanged,,
https://www.draftguru.com.au/players/robert_hicks/1,accepted,,players/R/Robert_Hicks.html,players/R/Robert_Hicks.html,unchanged,,
https://www.draftguru.com.au/players/robert_kerr/1,accepted,,players/R/Robert_Kerr.html,players/R/Robert_Kerr.html,unchanged,,
https://www.draftguru.com.au/players/robert_mcmahon/1,accepted,,players/R/Robert_McMahon.html,players/R/Robert_McMahon.html,unchanged,,
https://www.draftguru.com.au/players/robert_murphy/1,accepted,,players/R/Robert_Murphy.html,players/R/Robert_Murphy.html,unchanged,,
https://www.draftguru.com.au/players/robert_neill/1,accepted,,players/R/Robert_Neill.html,players/R/Robert_Neill.html,unchanged,,
https://www.draftguru.com.au/players/robert_panozzo/1,withheld,U-no-href,,,unchanged,,
https://www.draftguru.com.au/players/robert_powell/1,accepted,,players/R/Robert_Powell.html,players/R/Robert_Powell.html,unchanged,,
https://www.draftguru.com.au/players/robert_pyman/1,accepted,,players/R/Robert_Pyman.html,players/R/Robert_Pyman.html,unchanged,,
https://www.draftguru.com.au/players/robert_schaefer/1,accepted,,players/R/Robert_Schaefer.html,players/R/Robert_Schaefer.html,unchanged,,
https://www.draftguru.com.au/players/robert_scott/1,accepted,,players/R/Robert_Scott.html,players/R/Robert_Scott.html,unchanged,,
https://www.draftguru.com.au/players/robert_shirley/1,accepted,,players/R/Robert_Shirley.html,players/R/Robert_Shirley.html,unchanged,,
https://www.draftguru.com.au/players/robert_stevenson/1,accepted,,players/R/Robert_Stevenson.html,players/R/Robert_Stevenson.html,unchanged,,
https://www.draftguru.com.au/players/robert_teal/1,accepted,,players/R/Robert_Teal.html,players/R/Robert_Teal.html,unchanged,,
https://www.draftguru.com.au/players/robert_thompson/2,accepted,,players/R/Robert_Thompson0.html,players/R/Robert_Thompson0.html,unchanged,,
https://www.draftguru.com.au/players/robert_walker/1,accepted,,players/R/Robert_Walker.html,players/R/Robert_Walker.html,confirmed,same_person_valid_relisting,relisting
https://www.draftguru.com.au/players/robert_warnock/1,accepted,,players/R/Robert_Warnock.html,players/R/Robert_Warnock.html,unchanged,,
https://www.draftguru.com.au/players/robert_west/1,accepted,,players/R/Robert_West.html,players/R/Robert_West.html,unchanged,,
https://www.draftguru.com.au/players/robert_wren/1,withheld,U-no-href,,,unchanged,,
https://www.draftguru.com.au/players/robin_mckinnon/1,withheld,U-no-href,,,unchanged,,
https://www.draftguru.com.au/players/robin_nahas/1,accepted,,players/R/Robin_Nahas.html,players/R/Robin_Nahas.html,unchanged,,
https://www.draftguru.com.au/players/rod_crowe/1,withheld,U-no-href,,,unchanged,,
https://www.draftguru.com.au/players/rod_gunn/1,withheld,U-no-href,,,unchanged,,
https://www.draftguru.com.au/players/rod_jameson/1,accepted,,players/R/Rod_Jameson.html,players/R/Rod_Jameson.html,unchanged,,
https://www.draftguru.com.au/players/rod_keogh/1,accepted,,players/R/Rod_Keogh.html,players/R/Rod_Keogh.html,unchanged,,
https://www.draftguru.com.au/players/rod_lester-smith/1,accepted,,players/R/Rod_Lester-Smith.html,players/R/Rod_Lester-Smith.html,unchanged,,
https://www.draftguru.com.au/players/rod_owen/1,accepted,,players/R/Rod_Owen.html,players/R/Rod_Owen.html,unchanged,,
https://www.draftguru.com.au/players/rod_saunders/1,withheld,U-no-href,,,unchanged,,
https://www.draftguru.com.au/players/rod_tregenza/1,withheld,U-no-href,,,unchanged,,
https://www.draftguru.com.au/players/rodney_gladman/1,accepted,,players/R/Rodney_Gladman.html,players/R/Rodney_Gladman.html,confirmed,same_person_valid_relisting,relisting
https://www.draftguru.com.au/players/rodney_harvey/1,withheld,U-no-href,,,unchanged,,
https://www.draftguru.com.au/players/rodney_lawson/1,withheld,U-no-href,,,unchanged,,
https://www.draftguru.com.au/players/rodney_maynard/1,accepted,,players/R/Rodney_Maynard.html,players/R/Rodney_Maynard.html,unchanged,,
https://www.draftguru.com.au/players/rodney_mckay/1,withheld,U-no-href,,,unchanged,,
https://www.draftguru.com.au/players/roger_delaney/1,accepted,,players/R/Roger_Delaney.html,players/R/Roger_Delaney.html,unchanged,,
https://www.draftguru.com.au/players/roger_hayden/1,accepted,,players/R/Roger_Hayden.html,players/R/Roger_Hayden.html,unchanged,,
https://www.draftguru.com.au/players/roger_james/1,accepted,,players/R/Roger_James.html,players/R/Roger_James.html,unchanged,,
https://www.draftguru.com.au/players/roger_smith/1,withheld,U-no-href,,,unchanged,,
https://www.draftguru.com.au/players/rohan_bail/1,accepted,,players/R/Rohan_Bail.html,players/R/Rohan_Bail.html,unchanged,,
https://www.draftguru.com.au/players/rohan_bewick/1,accepted,,players/R/Rohan_Bewick.html,players/R/Rohan_Bewick.html,unchanged,,
https://www.draftguru.com.au/players/rohan_kerr/1,withheld,U-no-href,,,unchanged,,
https://www.draftguru.com.au/players/rohan_smith/1,accepted,,players/R/Rohan_Smith1.html,players/R/Rohan_Smith1.html,unchanged,,
https://www.draftguru.com.au/players/rohan_welsh/1,accepted,,players/R/Rohan_Welsh.html,players/R/Rohan_Welsh.html,unchanged,,
https://www.draftguru.com.au/players/roland_ah%20chee/1,withheld,U-no-href,,,unchanged,,
https://www.draftguru.com.au/players/romano_negri/1,accepted,,players/R/Romano_Negri.html,players/R/Romano_Negri.html,unchanged,,
https://www.draftguru.com.au/players/ron_de%20iulio/1,accepted,,players/R/Ron_De_Iulio.html,players/R/Ron_De_Iulio.html,unchanged,,
https://www.draftguru.com.au/players/ronin_o'connor/1,accepted,,players/R/Ronin_OConnor.html,players/R/Ronin_OConnor.html,unchanged,,
https://www.draftguru.com.au/players/ronnie_burns/1,accepted,,players/R/Ronnie_Burns.html,players/R/Ronnie_Burns.html,unchanged,,
https://www.draftguru.com.au/players/rory_atkins/1,accepted,,players/R/Rory_Atkins.html,players/R/Rory_Atkins.html,unchanged,,
https://www.draftguru.com.au/players/rory_hilton/1,accepted,,players/R/Rory_Hilton.html,players/R/Rory_Hilton.html,unchanged,,
https://www.draftguru.com.au/players/rory_laird/1,accepted,,players/R/Rory_Laird.html,players/R/Rory_Laird.html,unchanged,,
https://www.draftguru.com.au/players/rory_lobb/1,accepted,,players/R/Rory_Lobb.html,players/R/Rory_Lobb.html,unchanged,,
https://www.draftguru.com.au/players/rory_sloane/1,accepted,,players/R/Rory_Sloane.html,players/R/Rory_Sloane.html,unchanged,,
https://www.draftguru.com.au/players/rory_taggert/1,withheld,U-no-href,,,unchanged,,
https://www.draftguru.com.au/players/rory_thompson/1,accepted,,players/R/Rory_Thompson.html,players/R/Rory_Thompson.html,unchanged,,
https://www.draftguru.com.au/players/ross_ditchburn/1,accepted,,players/R/Ross_Ditchburn.html,players/R/Ross_Ditchburn.html,unchanged,,
https://www.draftguru.com.au/players/ross_duffy/1,withheld,U-no-href,,,unchanged,,
https://www.draftguru.com.au/players/ross_funcke/1,accepted,,players/R/Ross_Funcke.html,players/R/Ross_Funcke.html,unchanged,,
https://www.draftguru.com.au/players/ross_hart/1,withheld,U-no-href,,,unchanged,,
https://www.draftguru.com.au/players/ross_johns/1,withheld,U-no-href,,,unchanged,,
https://www.draftguru.com.au/players/ross_lyon/1,accepted,,players/R/Ross_Lyon.html,players/R/Ross_Lyon.html,unchanged,,
https://www.draftguru.com.au/players/ross_mcquillan/1,withheld,U-no-href,,,unchanged,,
https://www.draftguru.com.au/players/ross_napoli/1,withheld,U-no-href,,,unchanged,,
https://www.draftguru.com.au/players/ross_tungatalum/1,withheld,U-no-href,,,unchanged,,
https://www.draftguru.com.au/players/ross_young/1,accepted,,players/R/Ross_Young.html,players/R/Ross_Young.html,unchanged,,
https://www.draftguru.com.au/players/rowan_andrews/1,withheld,U-no-href,,,unchanged,,
https://www.draftguru.com.au/players/rowan_jones/1,accepted,,players/R/Rowan_Jones.html,players/R/Rowan_Jones.html,unchanged,,
https://www.draftguru.com.au/players/rowan_marshall/1,accepted,,players/R/Rowan_Marshall.html,players/R/Rowan_Marshall.html,unchanged,,
https://www.draftguru.com.au/players/rowan_nayna/1,withheld,U-no-href,,,unchanged,,
https://www.draftguru.com.au/players/rowan_warfe/1,accepted,,players/R/Rowan_Warfe.html,players/R/Rowan_Warfe.html,unchanged,,
https://www.draftguru.com.au/players/rowen_powell/1,withheld,U-no-href,,,unchanged,,
https://www.draftguru.com.au/players/royce_vardy/1,accepted,,players/R/Royce_Vardy.html,players/R/Royce_Vardy.html,unchanged,,
https://www.draftguru.com.au/players/rudi_mandemaker/1,withheld,U-no-href,,,unchanged,,
https://www.draftguru.com.au/players/ruory_kirkby/1,withheld,U-no-href,,,unchanged,,
https://www.draftguru.com.au/players/rupert_betheras/1,accepted,,players/R/Rupert_Betheras.html,players/R/Rupert_Betheras.html,unchanged,,
https://www.draftguru.com.au/players/rupert_wills/1,accepted,,players/R/Rupert_Wills.html,players/R/Rupert_Wills.html,unchanged,,
https://www.draftguru.com.au/players/russell_evans/1,withheld,U-no-href,,,unchanged,,
https://www.draftguru.com.au/players/russell_jeffrey/1,accepted,,players/R/Russell_Jeffrey.html,players/R/Russell_Jeffrey.html,unchanged,,
https://www.draftguru.com.au/players/russell_merriman/1,accepted,,players/R/Russell_Merriman.html,players/R/Russell_Merriman.html,unchanged,,
https://www.draftguru.com.au/players/russell_morris/1,accepted,,players/R/Russell_Morris.html,players/R/Russell_Morris.html,unchanged,,
https://www.draftguru.com.au/players/russell_robertson/1,accepted,,players/R/Russell_Robertson.html,players/R/Russell_Robertson.html,unchanged,,
https://www.draftguru.com.au/players/russell_wilding/1,withheld,U-no-href,,,unchanged,,
https://www.draftguru.com.au/players/russell_williams/1,accepted,,players/R/Russell_Williams.html,players/R/Russell_Williams.html,unchanged,,
https://www.draftguru.com.au/players/ryan_abbott/1,accepted,,players/R/Ryan_Abbott.html,players/R/Ryan_Abbott.html,unchanged,,
https://www.draftguru.com.au/players/ryan_ablett/1,withheld,U-no-href,,,unchanged,,
https://www.draftguru.com.au/players/ryan_aitken/1,withheld,U-no-href,,,unchanged,,
https://www.draftguru.com.au/players/ryan_angwin/1,accepted,,players/R/Ryan_Angwin.html,players/R/Ryan_Angwin.html,unchanged,,
https://www.draftguru.com.au/players/ryan_ayres/1,withheld,U-no-href,,,unchanged,,
https://www.draftguru.com.au/players/ryan_bain/1,withheld,U-no-href,,,unchanged,,
https://www.draftguru.com.au/players/ryan_bastinac/1,accepted,,players/R/Ryan_Bastinac.html,players/R/Ryan_Bastinac.html,unchanged,,
https://www.draftguru.com.au/players/ryan_bathie/1,withheld,U-no-href,,,unchanged,,
https://www.draftguru.com.au/players/ryan_brabazon/1,accepted,,players/R/Ryan_Brabazon.html,players/R/Ryan_Brabazon.html,unchanged,,
https://www.draftguru.com.au/players/ryan_burrows/1,withheld,U-no-href,,,unchanged,,
https://www.draftguru.com.au/players/ryan_burton/1,accepted,,players/R/Ryan_Burton.html,players/R/Ryan_Burton.html,unchanged,,
https://www.draftguru.com.au/players/ryan_byrnes/1,accepted,,players/R/Ryan_Byrnes.html,players/R/Ryan_Byrnes.html,unchanged,,
https://www.draftguru.com.au/players/ryan_clarke/1,accepted,,players/R/Ryan_Clarke.html,players/R/Ryan_Clarke.html,unchanged,,
https://www.draftguru.com.au/players/ryan_cook/1,accepted,,players/R/Ryan_Cook.html,players/R/Ryan_Cook.html,unchanged,,
https://www.draftguru.com.au/players/ryan_crawford/1,withheld,U-no-href,,,unchanged,,
https://www.draftguru.com.au/players/ryan_crowley/1,accepted,,players/R/Ryan_Crowley.html,players/R/Ryan_Crowley.html,unchanged,,
https://www.draftguru.com.au/players/ryan_davis/1,accepted,,players/R/Ryan_Davis.html,players/R/Ryan_Davis.html,unchanged,,
https://www.draftguru.com.au/players/ryan_ferguson/1,accepted,,players/R/Ryan_Ferguson.html,players/R/Ryan_Ferguson.html,unchanged,,
https://www.draftguru.com.au/players/ryan_fitzgerald/1,accepted,,players/R/Ryan_Fitzgerald.html,players/R/Ryan_Fitzgerald.html,unchanged,,
https://www.draftguru.com.au/players/ryan_gamble/1,accepted,,players/R/Ryan_Gamble.html,players/R/Ryan_Gamble.html,unchanged,,
https://www.draftguru.com.au/players/ryan_gardner/1,accepted,,players/R/Ryan_Gardner.html,players/R/Ryan_Gardner.html,unchanged,,
https://www.draftguru.com.au/players/ryan_garthwaite/1,accepted,,players/R/Ryan_Garthwaite.html,players/R/Ryan_Garthwaite.html,unchanged,,
https://www.draftguru.com.au/players/ryan_griffen/1,accepted,,players/R/Ryan_Griffen.html,players/R/Ryan_Griffen.html,unchanged,,
https://www.draftguru.com.au/players/ryan_grinter/1,withheld,U-no-href,,,unchanged,,
https://www.draftguru.com.au/players/ryan_hargrave/1,accepted,,players/R/Ryan_Hargrave.html,players/R/Ryan_Hargrave.html,unchanged,,
https://www.draftguru.com.au/players/ryan_harwood/1,accepted,,players/R/Ryan_Harwood.html,players/R/Ryan_Harwood.html,unchanged,,
https://www.draftguru.com.au/players/ryan_houlihan/1,accepted,,players/R/Ryan_Houlihan.html,players/R/Ryan_Houlihan.html,unchanged,,
https://www.draftguru.com.au/players/ryan_humphreys/1,withheld,U-no-href,,,unchanged,,
https://www.draftguru.com.au/players/ryan_jackson/1,accepted,,players/R/Ryan_Jackson.html,players/R/Ryan_Jackson.html,unchanged,,
https://www.draftguru.com.au/players/ryan_lester/1,accepted,,players/R/Ryan_Lester.html,players/R/Ryan_Lester.html,unchanged,,
https://www.draftguru.com.au/players/ryan_lonie/1,accepted,,players/R/Ryan_Lonie.html,players/R/Ryan_Lonie.html,unchanged,,
https://www.draftguru.com.au/players/ryan_maric/1,accepted,,players/R/Ryan_Maric.html,players/R/Ryan_Maric.html,unchanged,,
https://www.draftguru.com.au/players/ryan_murphy/1,accepted,,players/R/Ryan_Murphy.html,players/R/Ryan_Murphy.html,unchanged,,
https://www.draftguru.com.au/players/ryan_neates/1,accepted,,players/R/Ryan_Neates.html,players/R/Ryan_Neates.html,unchanged,,
https://www.draftguru.com.au/players/ryan_nye/1,withheld,U-no-href,,,unchanged,,
https://www.draftguru.com.au/players/ryan_nyhuis/1,accepted,,players/R/Ryan_Nyhuis.html,players/R/Ryan_Nyhuis.html,unchanged,,
https://www.draftguru.com.au/players/ryan_o'connor/1,accepted,,players/R/Ryan_OConnor.html,players/R/Ryan_OConnor.html,unchanged,,
https://www.draftguru.com.au/players/ryan_o'keefe/1,accepted,,players/R/Ryan_OKeefe.html,players/R/Ryan_OKeefe.html,unchanged,,
https://www.draftguru.com.au/players/ryan_pagan/1,accepted,,players/R/Ryan_Pagan.html,players/R/Ryan_Pagan.html,unchanged,,
https://www.draftguru.com.au/players/ryan_schoenmakers/1,accepted,,players/R/Ryan_Schoenmakers.html,players/R/Ryan_Schoenmakers.html,unchanged,,
https://www.draftguru.com.au/players/ryan_smith/1,withheld,U-no-href,,,unchanged,,
https://www.draftguru.com.au/players/ryan_turnbull/1,accepted,,players/R/Ryan_Turnbull.html,players/R/Ryan_Turnbull.html,unchanged,,
https://www.draftguru.com.au/players/ryan_webb/1,withheld,U-no-href,,,unchanged,,
https://www.draftguru.com.au/players/ryan_williams/1,accepted,,players/R/Ryan_Williams.html,players/R/Ryan_Williams.html,unchanged,,
https://www.draftguru.com.au/players/ryan_willits/1,accepted,,players/R/Ryan_Willits.html,players/R/Ryan_Willits.html,unchanged,,
https://www.draftguru.com.au/players/ryda_luke/1,withheld,U-no-href,,,unchanged,,
https://www.draftguru.com.au/players/ryley_dunn/1,accepted,,players/R/Ryley_Dunn.html,players/R/Ryley_Dunn.html,unchanged,,
https://www.draftguru.com.au/players/ryley_sanders/1,accepted,,players/R/Ryley_Sanders.html,players/R/Ryley_Sanders.html,unchanged,,
https://www.draftguru.com.au/players/ryley_stoddart/1,accepted,,players/R/Ryley_Stoddart.html,players/R/Ryley_Stoddart.html,unchanged,,
https://www.draftguru.com.au/players/saad_el-hawli/1,accepted,,players/S/Saad_El-Hawli.html,players/S/Saad_El-Hawli.html,unchanged,,
https://www.draftguru.com.au/players/saade_ghazi/1,withheld,U-no-href,,,unchanged,,
https://www.draftguru.com.au/players/salim_hassan/1,withheld,U-no-href,,,unchanged,,
https://www.draftguru.com.au/players/sam_alabakis/1,withheld,U-no-href,,,unchanged,,
https://www.draftguru.com.au/players/sam_allen/1,withheld,U-no-href,,,unchanged,,
https://www.draftguru.com.au/players/sam_banks/1,accepted,,players/S/Sam_Banks.html,players/S/Sam_Banks.html,unchanged,,
https://www.draftguru.com.au/players/sam_berry/1,accepted,,players/S/Sam_Berry.html,players/S/Sam_Berry.html,unchanged,,
https://www.draftguru.com.au/players/sam_blease/1,accepted,,players/S/Sam_Blease.html,players/S/Sam_Blease.html,unchanged,,
https://www.draftguru.com.au/players/sam_butler/1,accepted,,players/S/Sam_Butler0.html,players/S/Sam_Butler.html,corrected,approve_manual_curation,discrepancy
https://www.draftguru.com.au/players/sam_butler/2,accepted,,players/S/Sam_Butler1.html,players/S/Sam_Butler1.html,unchanged,,
https://www.draftguru.com.au/players/sam_chapman/2,withheld,U-no-href,,,unchanged,,
https://www.draftguru.com.au/players/sam_clohesy/1,accepted,,players/S/Sam_Clohesy.html,players/S/Sam_Clohesy.html,unchanged,,
https://www.draftguru.com.au/players/sam_collins/1,accepted,,players/S/Sam_Collins.html,players/S/Sam_Collins.html,unchanged,,
https://www.draftguru.com.au/players/sam_colquhoun/1,accepted,,players/S/Sam_Colquhoun.html,players/S/Sam_Colquhoun.html,unchanged,,
https://www.draftguru.com.au/players/sam_cranage/1,accepted,,players/S/Sam_Cranage.html,players/S/Sam_Cranage.html,unchanged,,
https://www.draftguru.com.au/players/sam_crocker/1,withheld,U-no-href,,,unchanged,,
https://www.draftguru.com.au/players/sam_cumming/1,accepted,,players/S/Sam_Cumming.html,players/S/Sam_Cumming.html,unchanged,,
https://www.draftguru.com.au/players/sam_darcy/1,accepted,,players/S/Sam_Darcy.html,players/S/Sam_Darcy.html,unchanged,,
https://www.draftguru.com.au/players/sam_darley/1,accepted,,players/S/Sam_Darley.html,players/S/Sam_Darley.html,unchanged,,
https://www.draftguru.com.au/players/sam_davidson/2,accepted,,players/S/Sam_Davidson.html,players/S/Sam_Davidson.html,unchanged,,
https://www.draftguru.com.au/players/sam_day/1,accepted,,players/S/Sam_Day.html,players/S/Sam_Day.html,unchanged,,
https://www.draftguru.com.au/players/sam_de%20koning/1,accepted,,players/S/Sam_De_Koning.html,players/S/Sam_De_Koning.html,unchanged,,
https://www.draftguru.com.au/players/sam_docherty/1,accepted,,players/S/Sam_Docherty.html,players/S/Sam_Docherty.html,unchanged,,
https://www.draftguru.com.au/players/sam_draper/1,accepted,,players/S/Sam_Draper.html,players/S/Sam_Draper.html,unchanged,,
https://www.draftguru.com.au/players/sam_dunell/1,accepted,,players/S/Sam_Dunell.html,players/S/Sam_Dunell.html,unchanged,,
https://www.draftguru.com.au/players/sam_durdin/1,accepted,,players/S/Sam_Durdin.html,players/S/Sam_Durdin.html,unchanged,,
https://www.draftguru.com.au/players/sam_durham/1,accepted,,players/S/Sam_Durham.html,players/S/Sam_Durham.html,unchanged,,
https://www.draftguru.com.au/players/sam_dwyer/1,accepted,,players/S/Sam_Dwyer.html,players/S/Sam_Dwyer.html,unchanged,,
https://www.draftguru.com.au/players/sam_elliott/1,withheld,U-no-href,,,unchanged,,
https://www.draftguru.com.au/players/sam_fisher/1,accepted,,players/S/Sam_Fisher.html,players/S/Sam_Fisher.html,unchanged,,
https://www.draftguru.com.au/players/sam_fisher/2,withheld,U-no-href,,,unchanged,,
https://www.draftguru.com.au/players/sam_flanders/1,accepted,,players/S/Sam_Flanders.html,players/S/Sam_Flanders.html,unchanged,,
https://www.draftguru.com.au/players/sam_fletcher/1,withheld,U-no-href,,,unchanged,,
https://www.draftguru.com.au/players/sam_frost/1,accepted,,players/S/Sam_Frost.html,players/S/Sam_Frost.html,unchanged,,
https://www.draftguru.com.au/players/sam_gibson/1,accepted,,players/S/Sam_Gibson.html,players/S/Sam_Gibson.html,unchanged,,
https://www.draftguru.com.au/players/sam_gilbert/1,accepted,,players/S/Sam_Gilbert.html,players/S/Sam_Gilbert.html,unchanged,,
https://www.draftguru.com.au/players/sam_gray/2,accepted,,players/S/Sam_Gray1.html,players/S/Sam_Gray1.html,unchanged,,
https://www.draftguru.com.au/players/sam_grimley/1,accepted,,players/S/Sam_Grimley.html,players/S/Sam_Grimley.html,unchanged,,
https://www.draftguru.com.au/players/sam_grlj/1,accepted,,players/S/Sam_Grlj.html,players/S/Sam_Grlj.html,unchanged,,
https://www.draftguru.com.au/players/sam_gross/1,withheld,U-no-href,,,unchanged,,
https://www.draftguru.com.au/players/sam_hayes/1,accepted,,players/S/Sam_Hayes.html,players/S/Sam_Hayes.html,unchanged,,
https://www.draftguru.com.au/players/sam_hunt/1,accepted,,players/S/Sam_Hunt.html,players/S/Sam_Hunt.html,unchanged,,
https://www.draftguru.com.au/players/sam_iles/1,accepted,,players/S/Sam_Iles.html,players/S/Sam_Iles.html,unchanged,,
https://www.draftguru.com.au/players/sam_jacobs/1,accepted,,players/S/Sam_Jacobs.html,players/S/Sam_Jacobs.html,unchanged,,
https://www.draftguru.com.au/players/sam_jones/1,accepted,,players/S/Sam_Jones.html,players/S/Sam_Jones.html,unchanged,,
https://www.draftguru.com.au/players/sam_kerridge/1,accepted,,players/S/Sam_Kerridge.html,players/S/Sam_Kerridge.html,unchanged,,
https://www.draftguru.com.au/players/sam_lalor/1,accepted,,players/S/Sam_Lalor.html,players/S/Sam_Lalor.html,unchanged,,
https://www.draftguru.com.au/players/sam_lloyd/1,accepted,,players/S/Sam_Lloyd.html,players/S/Sam_Lloyd.html,unchanged,,
https://www.draftguru.com.au/players/sam_lonergan/1,accepted,,players/S/Sam_Lonergan.html,players/S/Sam_Lonergan.html,unchanged,,
https://www.draftguru.com.au/players/sam_marshall/2,accepted,,players/S/Sam_Marshall.html,players/S/Sam_Marshall.html,unchanged,,
https://www.draftguru.com.au/players/sam_martyn/1,withheld,U-no-href,,,unchanged,,
https://www.draftguru.com.au/players/sam_mayes/1,accepted,,players/S/Sam_Mayes.html,players/S/Sam_Mayes.html,unchanged,,
https://www.draftguru.com.au/players/sam_mcfarlane/1,accepted,,players/S/Sam_McFarlane.html,players/S/Sam_McFarlane.html,unchanged,,
https://www.draftguru.com.au/players/sam_mclarty/1,withheld,U-no-href,,,unchanged,,
https://www.draftguru.com.au/players/sam_menegola/1,accepted,,players/S/Sam_Menegola.html,players/S/Sam_Menegola.html,unchanged,,
https://www.draftguru.com.au/players/sam_michael/1,accepted,,players/S/Sam_Michael.html,players/S/Sam_Michael.html,unchanged,,
https://www.draftguru.com.au/players/sam_mitchell/1,accepted,,players/S/Sam_Mitchell.html,players/S/Sam_Mitchell.html,unchanged,,
https://www.draftguru.com.au/players/sam_murray/1,accepted,,players/S/Sam_Murray.html,players/S/Sam_Murray.html,unchanged,,
https://www.draftguru.com.au/players/sam_naismith/1,accepted,,players/S/Sam_Naismith.html,players/S/Sam_Naismith.html,unchanged,,
https://www.draftguru.com.au/players/sam_petrevski-seton/1,accepted,,players/S/Sam_Petrevski-Seton.html,players/S/Sam_Petrevski-Seton.html,unchanged,,
https://www.draftguru.com.au/players/sam_phillipou/1,accepted,,players/S/Sam_Phillipou.html,players/S/Sam_Phillipou.html,unchanged,,
https://www.draftguru.com.au/players/sam_philp/1,accepted,,players/S/Sam_Philp.html,players/S/Sam_Philp.html,unchanged,,
https://www.draftguru.com.au/players/sam_pleming/1,withheld,U-no-href,,,unchanged,,
https://www.draftguru.com.au/players/sam_powell-pepper/1,accepted,,players/S/Sam_Powell-Pepper.html,players/S/Sam_Powell-Pepper.html,unchanged,,
https://www.draftguru.com.au/players/sam_power/1,accepted,,players/S/Sam_Power.html,players/S/Sam_Power.html,unchanged,,
https://www.draftguru.com.au/players/sam_ramsay/1,withheld,U-no-href,,,unchanged,,
https://www.draftguru.com.au/players/sam_reid/2,accepted,,players/S/Sam_Reid1.html,players/S/Sam_Reid1.html,unchanged,,
https://www.draftguru.com.au/players/sam_reid/3,accepted,,players/S/Sam_Reid2.html,players/S/Sam_Reid2.html,unchanged,,
https://www.draftguru.com.au/players/sam_rowe/1,accepted,,players/S/Sam_Rowe.html,players/S/Sam_Rowe.html,unchanged,,
https://www.draftguru.com.au/players/sam_russell/1,withheld,U-no-href,,,unchanged,,
https://www.draftguru.com.au/players/sam_schulz/1,accepted,,players/S/Sam_Schulz.html,players/S/Sam_Schulz.html,unchanged,,
https://www.draftguru.com.au/players/sam_shaw/1,accepted,,players/S/Sam_Shaw.html,players/S/Sam_Shaw.html,unchanged,,
https://www.draftguru.com.au/players/sam_sheldon/1,accepted,,players/S/Sam_Sheldon.html,players/S/Sam_Sheldon.html,unchanged,,
https://www.draftguru.com.au/players/sam_siggins/1,withheld,U-no-href,,,unchanged,,
https://www.draftguru.com.au/players/sam_simpson/1,accepted,,players/S/Sam_Simpson.html,players/S/Sam_Simpson.html,unchanged,,
https://www.draftguru.com.au/players/sam_skinner/1,accepted,,players/S/Sam_Skinner.html,players/S/Sam_Skinner.html,unchanged,,
https://www.draftguru.com.au/players/sam_smart/1,accepted,,players/S/Sam_Smart.html,players/S/Sam_Smart.html,unchanged,,
https://www.draftguru.com.au/players/sam_sturt/1,accepted,,players/S/Sam_Sturt.html,players/S/Sam_Sturt.html,unchanged,,
https://www.draftguru.com.au/players/sam_swadling/1,accepted,,players/S/Sam_Swadling.html,players/S/Sam_Swadling.html,unchanged,,
https://www.draftguru.com.au/players/sam_switkowski/1,accepted,,players/S/Sam_Switkowski.html,players/S/Sam_Switkowski.html,unchanged,,
https://www.draftguru.com.au/players/sam_taylor/1,accepted,,players/S/Sam_Taylor.html,players/S/Sam_Taylor.html,unchanged,,
https://www.draftguru.com.au/players/sam_walsh/1,accepted,,players/S/Sam_Walsh.html,players/S/Sam_Walsh.html,unchanged,,
https://www.draftguru.com.au/players/sam_weideman/1,accepted,,players/S/Sam_Weideman.html,players/S/Sam_Weideman.html,unchanged,,
https://www.draftguru.com.au/players/sam_wicks/1,accepted,,players/S/Sam_Wicks.html,players/S/Sam_Wicks.html,unchanged,,
https://www.draftguru.com.au/players/sam_wright/1,accepted,,players/S/Sam_Wright.html,players/S/Sam_Wright.html,unchanged,,
https://www.draftguru.com.au/players/samson_ryan/1,accepted,,players/S/Samson_Ryan.html,players/S/Samson_Ryan.html,unchanged,,
https://www.draftguru.com.au/players/samuel_mcgarry/1,withheld,U-no-href,,,unchanged,,
https://www.draftguru.com.au/players/sandy_brock/1,accepted,,players/S/Sandy_Brock.html,players/S/Sandy_Brock.html,unchanged,,
https://www.draftguru.com.au/players/sasha_dyson-holland/1,withheld,U-no-href,,,unchanged,,
https://www.draftguru.com.au/players/saverio_rocca/1,accepted,,players/S/Saverio_Rocca.html,players/S/Saverio_Rocca.html,unchanged,,
https://www.draftguru.com.au/players/scott_adams/1,withheld,U-no-href,,,unchanged,,
https://www.draftguru.com.au/players/scott_allen/1,accepted,,players/S/Scott_Allen.html,players/S/Scott_Allen.html,unchanged,,
https://www.draftguru.com.au/players/scott_bamford/1,accepted,,players/S/Scott_Bamford.html,players/S/Scott_Bamford.html,unchanged,,
https://www.draftguru.com.au/players/scott_bassett/1,accepted,,players/S/Scott_Bassett.html,players/S/Scott_Bassett.html,unchanged,,
https://www.draftguru.com.au/players/scott_bennett/1,accepted,,players/S/Scott_Bennett.html,players/S/Scott_Bennett.html,unchanged,,
https://www.draftguru.com.au/players/scott_borlace/1,withheld,U-no-href,,,unchanged,,
https://www.draftguru.com.au/players/scott_burns/1,accepted,,players/S/Scott_Burns.html,players/S/Scott_Burns.html,unchanged,,
https://www.draftguru.com.au/players/scott_camporeale/1,accepted,,players/S/Scott_Camporeale.html,players/S/Scott_Camporeale.html,unchanged,,
https://www.draftguru.com.au/players/scott_chisholm/1,accepted,,players/S/Scott_Chisholm.html,players/S/Scott_Chisholm.html,unchanged,,
https://www.draftguru.com.au/players/scott_christie/1,withheld,U-no-href,,,unchanged,,
https://www.draftguru.com.au/players/scott_clouston/1,accepted,,players/S/Scott_Clouston.html,players/S/Scott_Clouston.html,unchanged,,
https://www.draftguru.com.au/players/scott_crow/1,accepted,,players/S/Scott_Crow.html,players/S/Scott_Crow.html,unchanged,,
https://www.draftguru.com.au/players/scott_cummings/1,accepted,,players/S/Scott_Cummings.html,players/S/Scott_Cummings.html,unchanged,,
https://www.draftguru.com.au/players/scott_davies/1,withheld,U-no-href,,,unchanged,,
https://www.draftguru.com.au/players/scott_direen/1,accepted,,players/S/Scott_Direen.html,players/S/Scott_Direen.html,unchanged,,
https://www.draftguru.com.au/players/scott_edwards/1,accepted,,players/S/Scott_Edwards.html,players/S/Scott_Edwards.html,unchanged,,
https://www.draftguru.com.au/players/scott_freeborn/1,accepted,,players/S/Scott_Freeborn.html,players/S/Scott_Freeborn.html,unchanged,,
https://www.draftguru.com.au/players/scott_gooch/1,withheld,U-no-href,,,unchanged,,
https://www.draftguru.com.au/players/scott_grainger/1,withheld,U-no-href,,,unchanged,,
https://www.draftguru.com.au/players/scott_gumbleton/1,accepted,,players/S/Scott_Gumbleton.html,players/S/Scott_Gumbleton.html,unchanged,,
https://www.draftguru.com.au/players/scott_hahn/1,withheld,U-no-href,,,unchanged,,
https://www.draftguru.com.au/players/scott_harding/1,accepted,,players/S/Scott_Harding.html,players/S/Scott_Harding.html,unchanged,,
https://www.draftguru.com.au/players/scott_hodges/1,accepted,,players/S/Scott_Hodges.html,players/S/Scott_Hodges.html,unchanged,,
https://www.draftguru.com.au/players/scott_homewood/1,withheld,U-no-href,,,unchanged,,
https://www.draftguru.com.au/players/scott_howard/1,withheld,U-no-href,,,unchanged,,
https://www.draftguru.com.au/players/scott_jones/1,accepted,,players/S/Scott_Jones.html,players/S/Scott_Jones.html,unchanged,,
https://www.draftguru.com.au/players/scott_jordan/1,withheld,U-no-href,,,unchanged,,
https://www.draftguru.com.au/players/scott_knight/1,accepted,,players/S/Scott_Knight.html,players/S/Scott_Knight.html,unchanged,,
https://www.draftguru.com.au/players/scott_lawton/1,withheld,U-no-href,,,unchanged,,
https://www.draftguru.com.au/players/scott_lee/1,accepted,,players/S/Scott_Lee.html,players/S/Scott_Lee.html,unchanged,,
https://www.draftguru.com.au/players/scott_lucas/1,accepted,,players/S/Scott_Lucas.html,players/S/Scott_Lucas.html,unchanged,,
https://www.draftguru.com.au/players/scott_lycett/1,accepted,,players/S/Scott_Lycett.html,players/S/Scott_Lycett.html,unchanged,,
https://www.draftguru.com.au/players/scott_mathews/1,withheld,U-no-href,,,unchanged,,
https://www.draftguru.com.au/players/scott_mcdonald/1,withheld,U-no-href,,,unchanged,,
https://www.draftguru.com.au/players/scott_mcglone/1,withheld,U-no-href,,,unchanged,,
https://www.draftguru.com.au/players/scott_mcmahon/1,accepted,,players/S/Scott_McMahon.html,players/S/Scott_McMahon.html,unchanged,,
https://www.draftguru.com.au/players/scott_mollard/1,withheld,U-no-href,,,unchanged,,
https://www.draftguru.com.au/players/scott_morrison/1,withheld,U-no-href,,,unchanged,,
https://www.draftguru.com.au/players/scott_muller/1,withheld,U-no-href,,,unchanged,,
https://www.draftguru.com.au/players/scott_o'donohue/1,withheld,U-no-href,,,unchanged,,
https://www.draftguru.com.au/players/scott_pendlebury/1,accepted,,players/S/Scott_Pendlebury.html,players/S/Scott_Pendlebury.html,unchanged,,
https://www.draftguru.com.au/players/scott_ralph/1,withheld,U-no-href,,,unchanged,,
https://www.draftguru.com.au/players/scott_reed/1,withheld,U-no-href,,,unchanged,,
https://www.draftguru.com.au/players/scott_robinson/1,withheld,U-no-href,,,unchanged,,
https://www.draftguru.com.au/players/scott_russell/1,accepted,,players/S/Scott_Russell.html,players/S/Scott_Russell.html,unchanged,,
https://www.draftguru.com.au/players/scott_salisbury/1,withheld,U-no-href,,,unchanged,,
https://www.draftguru.com.au/players/scott_selwood/1,accepted,,players/S/Scott_Selwood.html,players/S/Scott_Selwood.html,unchanged,,
https://www.draftguru.com.au/players/scott_simister/1,accepted,,players/S/Scott_Simister.html,players/S/Scott_Simister.html,unchanged,,
https://www.draftguru.com.au/players/scott_simpson/1,withheld,U-no-href,,,unchanged,,
https://www.draftguru.com.au/players/scott_spalding/1,accepted,,players/S/Scott_Spalding.html,players/S/Scott_Spalding.html,unchanged,,
https://www.draftguru.com.au/players/scott_stevens/1,accepted,,players/S/Scott_Stevens.html,players/S/Scott_Stevens.html,unchanged,,
https://www.draftguru.com.au/players/scott_taylor/1,accepted,,players/S/Scott_Taylor.html,players/S/Scott_Taylor.html,unchanged,,
https://www.draftguru.com.au/players/scott_thompson/1,withheld,U-no-href,,,unchanged,,
https://www.draftguru.com.au/players/scott_thompson/2,accepted,,players/S/Scott_Thompson0.html,players/S/Scott_Thompson0.html,unchanged,,
https://www.draftguru.com.au/players/scott_thompson/3,accepted,,players/S/Scott_Thompson1.html,players/S/Scott_Thompson1.html,unchanged,,
https://www.draftguru.com.au/players/scott_thomson/1,withheld,U-no-href,,,unchanged,,
https://www.draftguru.com.au/players/scott_thornton/1,accepted,,players/S/Scott_Thornton.html,players/S/Scott_Thornton.html,unchanged,,
https://www.draftguru.com.au/players/scott_tomlinson/1,withheld,U-no-href,,,unchanged,,
https://www.draftguru.com.au/players/scott_turner/1,accepted,,players/S/Scott_Turner.html,players/S/Scott_Turner.html,unchanged,,
https://www.draftguru.com.au/players/scott_walker/1,withheld,U-no-href,,,unchanged,,
https://www.draftguru.com.au/players/scott_watters/1,accepted,,players/S/Scott_Watters.html,players/S/Scott_Watters.html,unchanged,,
https://www.draftguru.com.au/players/scott_welsh/1,accepted,,players/S/Scott_Welsh.html,players/S/Scott_Welsh.html,unchanged,,
https://www.draftguru.com.au/players/scott_whiston/1,withheld,U-no-href,,,unchanged,,
https://www.draftguru.com.au/players/scott_williamson/1,withheld,U-no-href,,,unchanged,,
https://www.draftguru.com.au/players/seamus_mitchell/1,accepted,,players/S/Seamus_Mitchell.html,players/S/Seamus_Mitchell.html,unchanged,,
https://www.draftguru.com.au/players/sean_bowden/1,accepted,,players/S/Sean_Bowden.html,players/S/Sean_Bowden.html,unchanged,,
https://www.draftguru.com.au/players/sean_charles/1,accepted,,players/S/Sean_Charles.html,players/S/Sean_Charles.html,unchanged,,
https://www.draftguru.com.au/players/sean_darcy/1,accepted,,players/S/Sean_Darcy.html,players/S/Sean_Darcy.html,unchanged,,
https://www.draftguru.com.au/players/sean_dempster/1,accepted,,players/S/Sean_Dempster.html,players/S/Sean_Dempster.html,unchanged,,
https://www.draftguru.com.au/players/sean_denham/1,accepted,,players/S/Sean_Denham.html,players/S/Sean_Denham.html,confirmed,agree,audit
https://www.draftguru.com.au/players/sean_gregory/1,withheld,U-no-href,,,unchanged,,
https://www.draftguru.com.au/players/sean_hurley/1,withheld,U-no-href,,,unchanged,,
https://www.draftguru.com.au/players/sean_lemmens/1,accepted,,players/S/Sean_Lemmens.html,players/S/Sean_Lemmens.html,unchanged,,
https://www.draftguru.com.au/players/sean_mclaren/1,withheld,U-no-href,,,unchanged,,
https://www.draftguru.com.au/players/sean_o'keeffe/1,accepted,,players/S/Sean_OKeeffe.html,players/S/Sean_OKeeffe.html,unchanged,,
https://www.draftguru.com.au/players/sean_ralphsmith/1,accepted,,players/S/Sean_Ralphsmith.html,players/S/Sean_Ralphsmith.html,unchanged,,
https://www.draftguru.com.au/players/sean_rusling/1,accepted,,players/S/Sean_Rusling.html,players/S/Sean_Rusling.html,unchanged,,
https://www.draftguru.com.au/players/sean_simpson/1,accepted,,players/S/Sean_Simpson.html,players/S/Sean_Simpson.html,unchanged,,
https://www.draftguru.com.au/players/sean_tasker/1,accepted,,players/S/Sean_Tasker.html,players/S/Sean_Tasker.html,unchanged,,
https://www.draftguru.com.au/players/sean_valenta/1,withheld,U-no-href,,,unchanged,,
https://www.draftguru.com.au/players/sean_wellman/1,accepted,,players/S/Sean_Wellman.html,players/S/Sean_Wellman.html,unchanged,,
https://www.draftguru.com.au/players/sean_yoshiura/1,withheld,U-no-href,,,unchanged,,
https://www.draftguru.com.au/players/seb_tape/1,accepted,,players/S/Seb_Tape.html,players/S/Seb_Tape.html,unchanged,,
https://www.draftguru.com.au/players/sebastian_ross/1,accepted,,players/S/Sebastian_Ross.html,players/S/Sebastian_Ross.html,unchanged,,
https://www.draftguru.com.au/players/sebit_kuek/1,withheld,U-no-href,,,unchanged,,
https://www.draftguru.com.au/players/sedat_sir/1,accepted,,players/S/Sedat_Sir.html,players/S/Sedat_Sir.html,unchanged,,
https://www.draftguru.com.au/players/setanta_%C3%B3%20hailp%C3%ADn/1,accepted,,players/S/Setanta_OhAilpin.html,players/S/Setanta_OhAilpin.html,confirmed,same_person_valid_href,tokenisation
https://www.draftguru.com.au/players/seth_campbell/1,accepted,,players/S/Seth_Campbell.html,players/S/Seth_Campbell.html,unchanged,,
https://www.draftguru.com.au/players/shadeau_brain/1,accepted,,players/S/Shadeau_Brain.html,players/S/Shadeau_Brain.html,unchanged,,
https://www.draftguru.com.au/players/shae_mcnamara/1,withheld,U-no-href,,,unchanged,,
https://www.draftguru.com.au/players/shai_bolton/1,accepted,,players/S/Shai_Bolton.html,players/S/Shai_Bolton.html,unchanged,,
https://www.draftguru.com.au/players/shane_biggs/1,accepted,,players/S/Shane_Biggs.html,players/S/Shane_Biggs.html,unchanged,,
https://www.draftguru.com.au/players/shane_birss/1,accepted,,players/S/Shane_Birss.html,players/S/Shane_Birss.html,unchanged,,
https://www.draftguru.com.au/players/shane_bond/2,accepted,,players/S/Shane_Bond0.html,players/S/Shane_Bond0.html,unchanged,,
https://www.draftguru.com.au/players/shane_cable/1,accepted,,players/S/Shane_Cable.html,players/S/Shane_Cable.html,unchanged,,
https://www.draftguru.com.au/players/shane_clayton/1,accepted,,players/S/Shane_Clayton.html,players/S/Shane_Clayton.html,unchanged,,
https://www.draftguru.com.au/players/shane_crawford/1,accepted,,players/S/Shane_Crawford.html,players/S/Shane_Crawford.html,unchanged,,
https://www.draftguru.com.au/players/shane_crothers/1,accepted,,players/S/Shane_Crothers.html,players/S/Shane_Crothers.html,unchanged,,
https://www.draftguru.com.au/players/shane_edwards/1,accepted,,players/S/Shane_Edwards.html,players/S/Shane_Edwards.html,unchanged,,
https://www.draftguru.com.au/players/shane_ellen/1,accepted,,players/S/Shane_Ellen.html,players/S/Shane_Ellen.html,unchanged,,
https://www.draftguru.com.au/players/shane_ellis/1,accepted,,players/S/Shane_Ellis.html,players/S/Shane_Ellis.html,unchanged,,
https://www.draftguru.com.au/players/shane_fell/1,accepted,,players/S/Shane_Fell.html,players/S/Shane_Fell.html,unchanged,,
https://www.draftguru.com.au/players/shane_flynn/1,withheld,U-no-href,,,unchanged,,
https://www.draftguru.com.au/players/shane_hamilton/1,accepted,,players/S/Shane_Hamilton.html,players/S/Shane_Hamilton.html,unchanged,,
https://www.draftguru.com.au/players/shane_harvey/1,accepted,,players/S/Shane_Harvey.html,players/S/Shane_Harvey.html,unchanged,,
https://www.draftguru.com.au/players/shane_heard/1,accepted,,players/S/Shane_Heard.html,players/S/Shane_Heard.html,unchanged,,
https://www.draftguru.com.au/players/shane_hodges/1,accepted,,players/S/Shane_Hodges.html,players/S/Shane_Hodges.html,unchanged,,
https://www.draftguru.com.au/players/shane_kersten/1,accepted,,players/S/Shane_Kersten.html,players/S/Shane_Kersten.html,unchanged,,
https://www.draftguru.com.au/players/shane_korth/1,withheld,U-no-href,,,unchanged,,
https://www.draftguru.com.au/players/shane_mcadam/1,accepted,,players/S/Shane_McAdam.html,players/S/Shane_McAdam.html,unchanged,,
https://www.draftguru.com.au/players/shane_morrison/1,accepted,,players/S/Shane_Morrison.html,players/S/Shane_Morrison.html,unchanged,,
https://www.draftguru.com.au/players/shane_mumford/1,accepted,,players/S/Shane_Mumford.html,players/S/Shane_Mumford.html,unchanged,,
https://www.draftguru.com.au/players/shane_neaves/1,withheld,U-no-href,,,unchanged,,
https://www.draftguru.com.au/players/shane_o'bree/1,accepted,,players/S/Shane_OBree.html,players/S/Shane_OBree.html,unchanged,,
https://www.draftguru.com.au/players/shane_parker/1,accepted,,players/S/Shane_Parker.html,players/S/Shane_Parker.html,unchanged,,
https://www.draftguru.com.au/players/shane_porter/1,withheld,U-no-href,,,unchanged,,
https://www.draftguru.com.au/players/shane_radbone/1,withheld,U-no-href,,,unchanged,,
https://www.draftguru.com.au/players/shane_ryan/1,withheld,U-no-href,,,unchanged,,
https://www.draftguru.com.au/players/shane_savage/1,accepted,,players/S/Shane_Savage.html,players/S/Shane_Savage.html,unchanged,,
https://www.draftguru.com.au/players/shane_sikora/1,accepted,,players/S/Shane_Sikora.html,players/S/Shane_Sikora.html,unchanged,,
https://www.draftguru.com.au/players/shane_strempel/1,accepted,,players/S/Shane_Strempel.html,players/S/Shane_Strempel.html,unchanged,,
https://www.draftguru.com.au/players/shane_thorne/1,withheld,U-no-href,,,unchanged,,
https://www.draftguru.com.au/players/shane_tongerie/1,accepted,,players/S/Shane_Tongerie.html,players/S/Shane_Tongerie.html,unchanged,,
https://www.draftguru.com.au/players/shane_tuck/1,accepted,,players/S/Shane_Tuck.html,players/S/Shane_Tuck.html,unchanged,,
https://www.draftguru.com.au/players/shane_valenti/1,accepted,,players/S/Shane_Valenti.html,players/S/Shane_Valenti.html,unchanged,,
https://www.draftguru.com.au/players/shane_wakelin/1,accepted,,players/S/Shane_Wakelin.html,players/S/Shane_Wakelin.html,unchanged,,
https://www.draftguru.com.au/players/shane_woewodin/1,accepted,,players/S/Shane_Woewodin.html,players/S/Shane_Woewodin.html,unchanged,,
https://www.draftguru.com.au/players/shane_yarran/1,accepted,,players/S/Shane_Yarran.html,players/S/Shane_Yarran.html,unchanged,,
https://www.draftguru.com.au/players/shannon_bergmann/1,withheld,U-no-href,,,unchanged,,
https://www.draftguru.com.au/players/shannon_byrnes/1,accepted,,players/S/Shannon_Byrnes.html,players/S/Shannon_Byrnes.html,unchanged,,
https://www.draftguru.com.au/players/shannon_corcoran/1,accepted,,players/S/Shannon_Corcoran.html,players/S/Shannon_Corcoran.html,unchanged,,
https://www.draftguru.com.au/players/shannon_cox/1,accepted,,players/S/Shannon_Cox.html,players/S/Shannon_Cox.html,unchanged,,
https://www.draftguru.com.au/players/shannon_gibson/1,accepted,,players/S/Shannon_Gibson.html,players/S/Shannon_Gibson.html,unchanged,,
https://www.draftguru.com.au/players/shannon_grant/1,accepted,,players/S/Shannon_Grant.html,players/S/Shannon_Grant.html,unchanged,,
https://www.draftguru.com.au/players/shannon_hurn/1,accepted,,players/S/Shannon_Hurn.html,players/S/Shannon_Hurn.html,unchanged,,
https://www.draftguru.com.au/players/shannon_motlop/1,accepted,,players/S/Shannon_Motlop.html,players/S/Shannon_Motlop.html,unchanged,,
https://www.draftguru.com.au/players/shannon_neale/1,accepted,,players/S/Shannon_Neale.html,players/S/Shannon_Neale.html,unchanged,,
https://www.draftguru.com.au/players/shannon_o'brien/1,withheld,U-no-href,,,unchanged,,
https://www.draftguru.com.au/players/shannon_rusca/1,accepted,,players/S/Shannon_Rusca.html,players/S/Shannon_Rusca.html,unchanged,,
https://www.draftguru.com.au/players/shannon_watt/1,accepted,,players/S/Shannon_Watt.html,players/S/Shannon_Watt.html,unchanged,,
https://www.draftguru.com.au/players/sharrod_wellingham/1,accepted,,players/S/Sharrod_Wellingham.html,players/S/Sharrod_Wellingham.html,unchanged,,
https://www.draftguru.com.au/players/shaun_atley/1,accepted,,players/S/Shaun_Atley.html,players/S/Shaun_Atley.html,unchanged,,
https://www.draftguru.com.au/players/shaun_ballans/1,withheld,U-no-href,,,unchanged,,
https://www.draftguru.com.au/players/shaun_baxter/1,withheld,U-no-href,,,unchanged,,
https://www.draftguru.com.au/players/shaun_bergin/1,withheld,U-no-href,,,unchanged,,
https://www.draftguru.com.au/players/shaun_brooker/1,withheld,U-no-href,,,unchanged,,
https://www.draftguru.com.au/players/shaun_burgoyne/1,accepted,,players/S/Shaun_Burgoyne.html,players/S/Shaun_Burgoyne.html,unchanged,,
https://www.draftguru.com.au/players/shaun_edwards/1,accepted,,players/S/Shaun_Edwards.html,players/S/Shaun_Edwards.html,unchanged,,
https://www.draftguru.com.au/players/shaun_gordon/1,withheld,U-no-href,,,unchanged,,
https://www.draftguru.com.au/players/shaun_grigg/1,accepted,,players/S/Shaun_Grigg.html,players/S/Shaun_Grigg.html,unchanged,,
https://www.draftguru.com.au/players/shaun_hampson/1,accepted,,players/S/Shaun_Hampson.html,players/S/Shaun_Hampson.html,unchanged,,
https://www.draftguru.com.au/players/shaun_hart/1,accepted,,players/S/Shaun_Hart.html,players/S/Shaun_Hart.html,unchanged,,
https://www.draftguru.com.au/players/shaun_higgins/1,accepted,,players/S/Shaun_Higgins.html,players/S/Shaun_Higgins.html,unchanged,,
https://www.draftguru.com.au/players/shaun_holloway/1,withheld,U-no-href,,,unchanged,,
https://www.draftguru.com.au/players/shaun_mannagh/1,accepted,,players/S/Shaun_Mannagh.html,players/S/Shaun_Mannagh.html,unchanged,,
https://www.draftguru.com.au/players/shaun_mckernan/1,accepted,,players/S/Shaun_McKernan.html,players/S/Shaun_McKernan.html,unchanged,,
https://www.draftguru.com.au/players/shaun_mcmanus/1,accepted,,players/S/Shaun_McManus.html,players/S/Shaun_McManus.html,unchanged,,
https://www.draftguru.com.au/players/shaun_rehn/1,accepted,,players/S/Shaun_Rehn.html,players/S/Shaun_Rehn.html,unchanged,,
https://www.draftguru.com.au/players/shaun_slater/1,withheld,U-no-href,,,unchanged,,
https://www.draftguru.com.au/players/shaun_smith/1,accepted,,players/S/Shaun_Smith.html,players/S/Shaun_Smith.html,unchanged,,
https://www.draftguru.com.au/players/shaun_tinsley/1,withheld,U-no-href,,,unchanged,,
https://www.draftguru.com.au/players/shawn_lewfatt/1,accepted,,players/S/Shawn_Lewfatt.html,players/S/Shawn_Lewfatt.html,unchanged,,
https://www.draftguru.com.au/players/shayne_bennett/1,withheld,U-no-href,,,unchanged,,
https://www.draftguru.com.au/players/shayne_breuer/1,accepted,,players/S/Shayne_Breuer.html,players/S/Shayne_Breuer.html,unchanged,,
https://www.draftguru.com.au/players/shayne_smith/1,accepted,,players/S/Shayne_Smith.html,players/S/Shayne_Smith.html,unchanged,,
https://www.draftguru.com.au/players/shayne_stevenson/1,accepted,,players/S/Shayne_Stevenson.html,players/S/Shayne_Stevenson.html,unchanged,,
https://www.draftguru.com.au/players/shayne_ward/1,withheld,U-no-href,,,unchanged,,
https://www.draftguru.com.au/players/shem_tatupu/1,withheld,U-no-href,,,unchanged,,
https://www.draftguru.com.au/players/sid_draper/1,accepted,,players/S/Sid_Draper.html,players/S/Sid_Draper.html,unchanged,,
https://www.draftguru.com.au/players/simon_arnott/1,accepted,,players/S/Simon_Arnott.html,players/S/Simon_Arnott.html,unchanged,,
https://www.draftguru.com.au/players/simon_atkins/1,accepted,,players/S/Simon_Atkins.html,players/S/Simon_Atkins.html,unchanged,,
https://www.draftguru.com.au/players/simon_beaumont/1,accepted,,players/S/Simon_Beaumont.html,players/S/Simon_Beaumont.html,unchanged,,
https://www.draftguru.com.au/players/simon_black/1,accepted,,players/S/Simon_Black.html,players/S/Simon_Black.html,unchanged,,
https://www.draftguru.com.au/players/simon_buckley/1,accepted,,players/S/Simon_Buckley.html,players/S/Simon_Buckley.html,unchanged,,
https://www.draftguru.com.au/players/simon_cox/1,accepted,,players/S/Simon_Cox.html,players/S/Simon_Cox.html,unchanged,,
https://www.draftguru.com.au/players/simon_crawshay/1,accepted,,players/S/Simon_Crawshay.html,players/S/Simon_Crawshay.html,unchanged,,
https://www.draftguru.com.au/players/simon_dennis/1,accepted,,players/S/Simon_Dennis.html,players/S/Simon_Dennis.html,unchanged,,
https://www.draftguru.com.au/players/simon_duckworth/1,withheld,U-no-href,,,unchanged,,
https://www.draftguru.com.au/players/simon_eastaugh/1,accepted,,players/S/Simon_Eastaugh.html,players/S/Simon_Eastaugh.html,unchanged,,
https://www.draftguru.com.au/players/simon_eishold/1,accepted,,players/S/Simon_Eishold.html,players/S/Simon_Eishold.html,unchanged,,
https://www.draftguru.com.au/players/simon_farrer/1,withheld,U-no-href,,,unchanged,,
https://www.draftguru.com.au/players/simon_feast/1,accepted,,players/S/Simon_Feast.html,players/S/Simon_Feast.html,unchanged,,
https://www.draftguru.com.au/players/simon_fletcher/1,accepted,,players/S/Simon_Fletcher.html,players/S/Simon_Fletcher.html,unchanged,,
https://www.draftguru.com.au/players/simon_garlick/1,accepted,,players/S/Simon_Garlick.html,players/S/Simon_Garlick.html,unchanged,,
https://www.draftguru.com.au/players/simon_godfrey/1,accepted,,players/S/Simon_Godfrey.html,players/S/Simon_Godfrey.html,unchanged,,
https://www.draftguru.com.au/players/simon_goodwin/1,accepted,,players/S/Simon_Goodwin.html,players/S/Simon_Goodwin.html,unchanged,,
https://www.draftguru.com.au/players/simon_goosey/1,withheld,U-no-href,,,unchanged,,
https://www.draftguru.com.au/players/simon_hart/1,withheld,U-no-href,,,unchanged,,
https://www.draftguru.com.au/players/simon_hawking/1,accepted,,players/S/Simon_Hawking.html,players/S/Simon_Hawking.html,confirmed,same_person_valid_relisting,relisting
https://www.draftguru.com.au/players/simon_hogan/1,accepted,,players/S/Simon_Hogan.html,players/S/Simon_Hogan.html,unchanged,,
https://www.draftguru.com.au/players/simon_hose/1,accepted,,players/S/Simon_Hose.html,players/S/Simon_Hose.html,unchanged,,
https://www.draftguru.com.au/players/simon_jorgenson/1,withheld,U-no-href,,,unchanged,,
https://www.draftguru.com.au/players/simon_kenny/1,withheld,U-no-href,,,unchanged,,
https://www.draftguru.com.au/players/simon_lethlean/1,withheld,U-no-href,,,unchanged,,
https://www.draftguru.com.au/players/simon_luhrs/1,accepted,,players/S/Simon_Luhrs.html,players/S/Simon_Luhrs.html,confirmed,same_person_valid_relisting,relisting
https://www.draftguru.com.au/players/simon_mccarty/1,withheld,U-no-href,,,unchanged,,
https://www.draftguru.com.au/players/simon_minton-connell/1,accepted,,players/S/Simon_Minton-Connell.html,players/S/Simon_Minton-Connell.html,unchanged,,
https://www.draftguru.com.au/players/simon_o'keefe/1,withheld,U-no-href,,,unchanged,,
https://www.draftguru.com.au/players/simon_palmer/1,withheld,U-no-href,,,unchanged,,
https://www.draftguru.com.au/players/simon_pedler/1,withheld,U-no-href,,,unchanged,,
https://www.draftguru.com.au/players/simon_phillips/1,accepted,,players/S/Simon_Phillips.html,players/S/Simon_Phillips.html,unchanged,,
https://www.draftguru.com.au/players/simon_prestigiacomo/1,accepted,,players/S/Simon_Prestigiacomo.html,players/S/Simon_Prestigiacomo.html,unchanged,,
https://www.draftguru.com.au/players/simon_taylor/1,accepted,,players/S/Simon_Taylor0.html,players/S/Simon_Taylor0.html,confirmed,same_person_valid_relisting,relisting
https://www.draftguru.com.au/players/simon_taylor/2,accepted,,players/S/Simon_Taylor1.html,players/S/Simon_Taylor1.html,unchanged,,
https://www.draftguru.com.au/players/simon_tregenza/1,accepted,,players/S/Simon_Tregenza.html,players/S/Simon_Tregenza.html,unchanged,,
https://www.draftguru.com.au/players/simon_tunbridge/1,accepted,,players/S/Simon_Tunbridge.html,players/S/Simon_Tunbridge.html,unchanged,,
https://www.draftguru.com.au/players/simon_verbeek/1,accepted,,players/S/Simon_Verbeek.html,players/S/Simon_Verbeek.html,unchanged,,
https://www.draftguru.com.au/players/simon_white/1,accepted,,players/S/Simon_White.html,players/S/Simon_White.html,unchanged,,
https://www.draftguru.com.au/players/simon_wiggins/1,accepted,,players/S/Simon_Wiggins.html,players/S/Simon_Wiggins.html,unchanged,,
https://www.draftguru.com.au/players/simon_wood/1,withheld,U-no-href,,,unchanged,,
https://www.draftguru.com.au/players/spencer_white/1,accepted,,players/S/Spencer_White.html,players/S/Spencer_White.html,unchanged,,
https://www.draftguru.com.au/players/spiro_malakellis/1,accepted,,players/S/Spiro_Malakellis.html,players/S/Spiro_Malakellis.html,unchanged,,
https://www.draftguru.com.au/players/steele_sidebottom/1,accepted,,players/S/Steele_Sidebottom.html,players/S/Steele_Sidebottom.html,unchanged,,
https://www.draftguru.com.au/players/steely_green/1,accepted,,players/S/Steely_Green.html,players/S/Steely_Green.html,unchanged,,
https://www.draftguru.com.au/players/stefan_carey/1,accepted,,players/S/Stefan_Carey.html,players/S/Stefan_Carey.html,unchanged,,
https://www.draftguru.com.au/players/stefan_garrubba/1,withheld,U-no-href,,,unchanged,,
https://www.draftguru.com.au/players/stefan_giro/1,accepted,,players/S/Stefan_Giro.html,players/S/Stefan_Giro.html,unchanged,,
https://www.draftguru.com.au/players/stefan_martin/1,accepted,,players/S/Stefan_Martin.html,players/S/Stefan_Martin.html,unchanged,,
https://www.draftguru.com.au/players/stefan_okunbor/1,withheld,U-no-href,,,unchanged,,
https://www.draftguru.com.au/players/stephen_anderson/1,accepted,,players/S/Stephen_Anderson.html,players/S/Stephen_Anderson.html,unchanged,,
https://www.draftguru.com.au/players/stephen_carter/1,accepted,,players/S/Stephen_Carter.html,players/S/Stephen_Carter.html,unchanged,,
https://www.draftguru.com.au/players/stephen_cochrane/1,withheld,U-no-href,,,unchanged,,
https://www.draftguru.com.au/players/stephen_coniglio/1,accepted,,players/S/Stephen_Coniglio.html,players/S/Stephen_Coniglio.html,confirmed,agree,audit
https://www.draftguru.com.au/players/stephen_connelly/1,withheld,U-no-href,,,unchanged,,
https://www.draftguru.com.au/players/stephen_copping/1,accepted,,players/S/Stephen_Copping.html,players/S/Stephen_Copping.html,unchanged,,
https://www.draftguru.com.au/players/stephen_daniels/1,accepted,,players/S/Stephen_Daniels.html,players/S/Stephen_Daniels.html,unchanged,,
https://www.draftguru.com.au/players/stephen_doyle/1,accepted,,players/S/Stephen_Doyle.html,players/S/Stephen_Doyle.html,unchanged,,
https://www.draftguru.com.au/players/stephen_edgar/1,accepted,,players/S/Stephen_Edgar.html,players/S/Stephen_Edgar.html,unchanged,,
https://www.draftguru.com.au/players/stephen_gemmill/1,withheld,U-no-href,,,unchanged,,
https://www.draftguru.com.au/players/stephen_gilham/1,accepted,,players/S/Stephen_Gilham.html,players/S/Stephen_Gilham.html,unchanged,,
https://www.draftguru.com.au/players/stephen_hill/1,accepted,,players/S/Stephen_Hill.html,players/S/Stephen_Hill.html,unchanged,,
https://www.draftguru.com.au/players/stephen_hooper/1,accepted,,players/S/Stephen_Hooper.html,players/S/Stephen_Hooper.html,unchanged,,
https://www.draftguru.com.au/players/stephen_jurica/1,accepted,,players/S/Stephen_Jurica.html,players/S/Stephen_Jurica.html,unchanged,,
https://www.draftguru.com.au/players/stephen_kenna/1,accepted,,players/S/Stephen_Kenna.html,players/S/Stephen_Kenna.html,unchanged,,
https://www.draftguru.com.au/players/stephen_milne/1,accepted,,players/S/Stephen_Milne.html,players/S/Stephen_Milne.html,unchanged,,
https://www.draftguru.com.au/players/stephen_moloney/1,withheld,U-no-href,,,unchanged,,
https://www.draftguru.com.au/players/stephen_newport/1,accepted,,players/S/Stephen_Newport.html,players/S/Stephen_Newport.html,unchanged,,
https://www.draftguru.com.au/players/stephen_o'reilly/1,accepted,,players/S/Stephen_OReilly.html,players/S/Stephen_OReilly.html,unchanged,,
https://www.draftguru.com.au/players/stephen_oliver/1,accepted,,players/S/Stephen_Oliver.html,players/S/Stephen_Oliver.html,unchanged,,
https://www.draftguru.com.au/players/stephen_owen/1,withheld,U-no-href,,,unchanged,,
https://www.draftguru.com.au/players/stephen_patterson/1,accepted,,players/S/Stephen_Patterson.html,players/S/Stephen_Patterson.html,unchanged,,
https://www.draftguru.com.au/players/stephen_paxman/1,accepted,,players/S/Stephen_Paxman.html,players/S/Stephen_Paxman.html,unchanged,,
https://www.draftguru.com.au/players/stephen_pearce/1,withheld,U-no-href,,,unchanged,,
https://www.draftguru.com.au/players/stephen_pears/1,withheld,U-no-href,,,unchanged,,
https://www.draftguru.com.au/players/stephen_powell/1,accepted,,players/S/Stephen_Powell.html,players/S/Stephen_Powell.html,unchanged,,
https://www.draftguru.com.au/players/stephen_riley/1,withheld,U-no-href,,,unchanged,,
https://www.draftguru.com.au/players/stephen_rowe/1,accepted,,players/S/Stephen_Rowe.html,players/S/Stephen_Rowe.html,unchanged,,
https://www.draftguru.com.au/players/stephen_ryan/1,accepted,,players/S/Stephen_Ryan.html,players/S/Stephen_Ryan.html,unchanged,,
https://www.draftguru.com.au/players/stephen_schwerdt/1,accepted,,players/S/Stephen_Schwerdt.html,players/S/Steven_Schwerdt.html,corrected,approve_manual_curation,discrepancy
https://www.draftguru.com.au/players/stephen_tiller/1,accepted,,players/S/Stephen_Tiller.html,players/S/Stephen_Tiller.html,unchanged,,
https://www.draftguru.com.au/players/stephen_tingay/1,accepted,,players/S/Stephen_Tingay.html,players/S/Stephen_Tingay.html,unchanged,,
https://www.draftguru.com.au/players/stephen_wearne/1,accepted,,players/S/Stephen_Wearne.html,players/S/Stephen_Wearne.html,unchanged,,
https://www.draftguru.com.au/players/stephen_williams/1,accepted,,players/S/Stephen_Williams.html,players/S/Stephen_Williams.html,unchanged,,
https://www.draftguru.com.au/players/stephen_wrigley/1,accepted,,players/S/Stephen_Wrigley.html,players/S/Stephen_Wrigley.html,unchanged,,
https://www.draftguru.com.au/players/stephen_zamykal/1,withheld,U-no-href,,,unchanged,,
https://www.draftguru.com.au/players/stephen_zavalas/1,withheld,U-no-href,,,unchanged,,
https://www.draftguru.com.au/players/stevan_jackson/1,accepted,,players/S/Stevan_Jackson.html,players/S/Stevan_Jackson.html,unchanged,,
https://www.draftguru.com.au/players/steve_clifton/1,accepted,,players/S/Steve_Clifton.html,players/S/Steve_Clifton.html,unchanged,,
https://www.draftguru.com.au/players/steve_johnson/1,accepted,,players/S/Steve_Johnson.html,players/S/Steve_Johnson.html,unchanged,,
https://www.draftguru.com.au/players/steven_armstrong/1,accepted,,players/S/Steven_Armstrong.html,players/S/Steven_Armstrong.html,unchanged,,
https://www.draftguru.com.au/players/steven_baker/1,accepted,,players/S/Steven_Baker.html,players/S/Steven_Baker.html,unchanged,,
https://www.draftguru.com.au/players/steven_bozicevic/1,withheld,U-no-href,,,unchanged,,
https://www.draftguru.com.au/players/steven_brosnan/1,accepted,,players/S/Steven_Brosnan.html,players/S/Steven_Brosnan.html,unchanged,,
https://www.draftguru.com.au/players/steven_browne/1,accepted,,players/S/Steven_Browne.html,players/S/Steven_Browne.html,unchanged,,
https://www.draftguru.com.au/players/steven_byers/1,withheld,U-no-href,,,unchanged,,
https://www.draftguru.com.au/players/steven_clark/1,accepted,,players/S/Steven_Clark.html,players/S/Steven_Clark.html,unchanged,,
https://www.draftguru.com.au/players/steven_coghill/1,withheld,U-no-href,,,unchanged,,
https://www.draftguru.com.au/players/steven_cummings/1,accepted,,players/S/Steven_Cummings.html,players/S/Steven_Cummings.html,unchanged,,
https://www.draftguru.com.au/players/steven_davies/1,withheld,U-no-href,,,unchanged,,
https://www.draftguru.com.au/players/steven_dodd/1,accepted,,players/S/Steven_Dodd.html,players/S/Steven_Dodd.html,unchanged,,
https://www.draftguru.com.au/players/steven_eichner/1,withheld,U-no-href,,,unchanged,,
https://www.draftguru.com.au/players/steven_febey/1,accepted,,players/S/Steven_Febey.html,players/S/Steven_Febey.html,unchanged,,
https://www.draftguru.com.au/players/steven_fry/1,withheld,U-no-href,,,unchanged,,
https://www.draftguru.com.au/players/steven_gaertner/1,withheld,U-no-href,,,unchanged,,
https://www.draftguru.com.au/players/steven_greene/1,accepted,,players/S/Steven_Greene.html,players/S/Steven_Greene.html,unchanged,,
https://www.draftguru.com.au/players/steven_hall/1,withheld,U-no-href,,,unchanged,,
https://www.draftguru.com.au/players/steven_hamilton/1,accepted,,players/S/Steven_Hamilton.html,players/S/Steven_Hamilton.html,unchanged,,
https://www.draftguru.com.au/players/steven_handley/1,accepted,,players/S/Steven_Handley.html,players/S/Steven_Handley.html,unchanged,,
https://www.draftguru.com.au/players/steven_hewitt/1,withheld,U-no-href,,,unchanged,,
https://www.draftguru.com.au/players/steven_jankowicz/1,withheld,U-no-href,,,unchanged,,
https://www.draftguru.com.au/players/steven_king/1,accepted,,players/S/Steven_King.html,players/S/Steven_King.html,unchanged,,
https://www.draftguru.com.au/players/steven_koops/1,accepted,,players/S/Steven_Koops.html,players/S/Steven_Koops.html,unchanged,,
https://www.draftguru.com.au/players/steven_lawrence/1,accepted,,players/S/Steven_Lawrence.html,players/S/Steven_Lawrence.html,unchanged,,
https://www.draftguru.com.au/players/steven_mahar/1,withheld,U-no-href,,,unchanged,,
https://www.draftguru.com.au/players/steven_may/1,accepted,,players/S/Steven_May.html,players/S/Steven_May.html,unchanged,,
https://www.draftguru.com.au/players/steven_mckee/1,accepted,,players/S/Steven_McKee.html,players/S/Steven_McKee.html,unchanged,,
https://www.draftguru.com.au/players/steven_mcqueen/1,withheld,U-no-href,,,unchanged,,
https://www.draftguru.com.au/players/steven_morris/1,accepted,,players/S/Steven_Morris.html,players/S/Steven_Morris.html,unchanged,,
https://www.draftguru.com.au/players/steven_motlop/1,accepted,,players/S/Steven_Motlop.html,players/S/Steven_Motlop.html,unchanged,,
https://www.draftguru.com.au/players/steven_o'dwyer/1,accepted,,players/S/Steven_ODwyer.html,players/S/Steven_ODwyer.html,unchanged,,
https://www.draftguru.com.au/players/steven_pitt/1,accepted,,players/S/Steven_Pitt.html,players/S/Steven_Pitt.html,unchanged,,
https://www.draftguru.com.au/players/steven_rode/1,accepted,,players/S/Steven_Rode.html,players/S/Steven_Rode.html,unchanged,,
https://www.draftguru.com.au/players/steven_salopek/1,accepted,,players/S/Steven_Salopek.html,players/S/Steven_Salopek.html,unchanged,,
https://www.draftguru.com.au/players/steven_sims/1,withheld,U-no-href,,,unchanged,,
https://www.draftguru.com.au/players/steven_stretch/1,accepted,,players/S/Steven_Stretch.html,players/S/Steven_Stretch.html,unchanged,,
https://www.draftguru.com.au/players/steven_sziller/1,accepted,,players/S/Steven_Sziller.html,players/S/Steven_Sziller.html,unchanged,,
https://www.draftguru.com.au/players/steven_verrier/1,withheld,U-no-href,,,unchanged,,
https://www.draftguru.com.au/players/steven_vizy/1,withheld,U-no-href,,,unchanged,,
https://www.draftguru.com.au/players/stewart_crameri/1,accepted,,players/S/Stewart_Crameri.html,players/S/Stewart_Crameri.html,unchanged,,
https://www.draftguru.com.au/players/stewart_devlin/1,withheld,U-no-href,,,unchanged,,
https://www.draftguru.com.au/players/stuart_anderson/1,accepted,,players/S/Stuart_Anderson.html,players/S/Stuart_Anderson.html,unchanged,,
https://www.draftguru.com.au/players/stuart_annand/1,withheld,U-no-href,,,unchanged,,
https://www.draftguru.com.au/players/stuart_bown/1,accepted,,players/S/Stuart_Bown.html,players/S/Stuart_Bown.html,unchanged,,
https://www.draftguru.com.au/players/stuart_cameron/1,accepted,,players/S/Stuart_Cameron.html,players/S/Stuart_Cameron.html,unchanged,,
https://www.draftguru.com.au/players/stuart_cochrane/1,accepted,,players/S/Stuart_Cochrane.html,players/S/Stuart_Cochrane.html,unchanged,,
https://www.draftguru.com.au/players/stuart_cooper/1,withheld,U-no-href,,,unchanged,,
https://www.draftguru.com.au/players/stuart_dew/1,accepted,,players/S/Stuart_Dew.html,players/S/Stuart_Dew.html,unchanged,,
https://www.draftguru.com.au/players/stuart_griffiths/1,accepted,,players/S/Stuart_Griffiths.html,players/S/Stuart_Griffiths.html,unchanged,,
https://www.draftguru.com.au/players/stuart_johnstone/1,withheld,U-no-href,,,unchanged,,
https://www.draftguru.com.au/players/stuart_lamond/1,withheld,U-no-href,,,unchanged,,
https://www.draftguru.com.au/players/stuart_mangin/1,accepted,,players/S/Stuart_Mangin.html,players/S/Stuart_Mangin.html,unchanged,,
https://www.draftguru.com.au/players/stuart_maxfield/1,accepted,,players/S/Stuart_Maxfield.html,players/S/Stuart_Maxfield.html,unchanged,,
https://www.draftguru.com.au/players/stuart_steele/1,accepted,,players/S/Stuart_Steele.html,players/S/Stuart_Steele.html,unchanged,,
https://www.draftguru.com.au/players/stuart_wigney/1,accepted,,players/S/Stuart_Wigney.html,players/S/Stuart_Wigney.html,unchanged,,
https://www.draftguru.com.au/players/sudjai_cook/1,accepted,,players/S/Sudjai_Cook.html,players/S/Sudjai_Cook.html,unchanged,,
https://www.draftguru.com.au/players/sullivan_robey/1,accepted,,players/S/Sullivan_Robey.html,players/S/Sullivan_Robey.html,unchanged,,
https://www.draftguru.com.au/players/sydney_stack/1,accepted,,players/S/Sydney_Stack.html,players/S/Sydney_Stack.html,unchanged,,
https://www.draftguru.com.au/players/tadhg_kennelly/1,accepted,,players/T/Tadhg_Kennelly.html,players/T/Tadhg_Kennelly.html,unchanged,,
https://www.draftguru.com.au/players/tai_hayes/1,withheld,U-no-href,,,unchanged,,
https://www.draftguru.com.au/players/taite_silverlock/1,withheld,U-no-href,,,unchanged,,
https://www.draftguru.com.au/players/taj_hotton/1,accepted,,players/T/Taj_Hotton.html,players/T/Taj_Hotton.html,unchanged,,
https://www.draftguru.com.au/players/taj_schofield/1,withheld,U-no-href,,,unchanged,,
https://www.draftguru.com.au/players/taj_woewodin/1,accepted,,players/T/Taj_Woewodin.html,players/T/Taj_Woewodin.html,unchanged,,
https://www.draftguru.com.au/players/talor_byrne/1,accepted,,players/T/Talor_Byrne.html,players/T/Talor_Byrne.html,unchanged,,
https://www.draftguru.com.au/players/tanner_bruhn/1,accepted,,players/T/Tanner_Bruhn.html,players/T/Tanner_Bruhn.html,unchanged,,
https://www.draftguru.com.au/players/tanner_smith/1,accepted,,players/T/Tanner_Smith.html,players/T/Tanner_Smith.html,unchanged,,
https://www.draftguru.com.au/players/tariek_newchurch/1,withheld,U-no-href,,,unchanged,,
https://www.draftguru.com.au/players/tarir_bayok/1,withheld,U-no-href,,,unchanged,,
https://www.draftguru.com.au/players/tarkyn_lockyer/1,accepted,,players/T/Tarkyn_Lockyer.html,players/T/Tarkyn_Lockyer.html,unchanged,,
https://www.draftguru.com.au/players/tarryn_thomas/1,accepted,,players/T/Tarryn_Thomas.html,players/T/Tarryn_Thomas.html,unchanged,,
https://www.draftguru.com.au/players/tasman_clingan/1,withheld,U-no-href,,,unchanged,,
https://www.draftguru.com.au/players/tate_day/1,withheld,U-no-href,,,unchanged,,
https://www.draftguru.com.au/players/taylin_duman/1,accepted,,players/T/Taylin_Duman.html,players/T/Taylin_Duman.html,unchanged,,
https://www.draftguru.com.au/players/taylor_adams/1,accepted,,players/T/Taylor_Adams.html,players/T/Taylor_Adams.html,unchanged,,
https://www.draftguru.com.au/players/taylor_duryea/1,accepted,,players/T/Taylor_Duryea.html,players/T/Taylor_Duryea.html,unchanged,,
https://www.draftguru.com.au/players/taylor_garner/1,accepted,,players/T/Taylor_Garner.html,players/T/Taylor_Garner.html,unchanged,,
https://www.draftguru.com.au/players/taylor_gilchrist/1,withheld,U-no-href,,,unchanged,,
https://www.draftguru.com.au/players/taylor_goad/1,accepted,,players/T/Taylor_Goad.html,players/T/Taylor_Goad.html,unchanged,,
https://www.draftguru.com.au/players/taylor_hine/1,accepted,,players/T/Taylor_Hine.html,players/T/Taylor_Hine.html,unchanged,,
https://www.draftguru.com.au/players/taylor_hunt/1,accepted,,players/T/Taylor_Hunt.html,players/T/Taylor_Hunt.html,unchanged,,
https://www.draftguru.com.au/players/taylor_walker/1,accepted,,players/T/Taylor_Walker.html,players/T/Taylor_Walker.html,unchanged,,
https://www.draftguru.com.au/players/tayte_pears/1,accepted,,players/T/Tayte_Pears.html,players/T/Tayte_Pears.html,unchanged,,
https://www.draftguru.com.au/players/ted_clohesy/1,accepted,,players/T/Ted_Clohesy.html,players/T/Ted_Clohesy.html,unchanged,,
https://www.draftguru.com.au/players/ted_richards/1,accepted,,players/T/Ted_Richards.html,players/T/Ted_Richards.html,unchanged,,
https://www.draftguru.com.au/players/teghan_henderson/1,withheld,U-no-href,,,unchanged,,
https://www.draftguru.com.au/players/teia_miles/1,accepted,,players/T/Teia_Miles.html,players/T/Teia_Miles.html,unchanged,,
https://www.draftguru.com.au/players/tendai_mzungu/1,accepted,,players/T/Tendai_Mzungu.html,players/T/Tendai_Mzungu.html,unchanged,,
https://www.draftguru.com.au/players/terry_board/2,accepted,,players/T/Terry_Board0.html,players/T/Terry_Board0.html,unchanged,,
https://www.draftguru.com.au/players/terry_keays/1,accepted,,players/T/Terry_Keays.html,players/T/Terry_Keays.html,unchanged,,
https://www.draftguru.com.au/players/terry_milera/1,accepted,,players/T/Terry_Milera.html,players/T/Terry_Milera.html,unchanged,,
https://www.draftguru.com.au/players/tew_jiath/1,accepted,,players/T/Tew_Jiath.html,players/T/Tew_Jiath.html,unchanged,,
https://www.draftguru.com.au/players/tex_wanganeen/1,accepted,,players/T/Tex_Wanganeen.html,players/T/Tex_Wanganeen.html,unchanged,,
https://www.draftguru.com.au/players/thomas_german/1,withheld,U-no-href,,,unchanged,,
https://www.draftguru.com.au/players/thomas_gordon/1,withheld,U-no-href,,,unchanged,,
https://www.draftguru.com.au/players/thomas_hunter/1,withheld,U-no-href,,,unchanged,,
https://www.draftguru.com.au/players/thomas_joyce/1,withheld,U-no-href,,,unchanged,,
https://www.draftguru.com.au/players/thomas_matthews/2,withheld,U-no-href,,,unchanged,,
https://www.draftguru.com.au/players/thomas_schneider/1,withheld,U-no-href,,,unchanged,,
https://www.draftguru.com.au/players/thomas_scully/1,withheld,U-no-href,,,unchanged,,
https://www.draftguru.com.au/players/thomas_vandeleur/1,withheld,U-no-href,,,unchanged,,
https://www.draftguru.com.au/players/thomas_willday/1,withheld,U-no-href,,,unchanged,,
https://www.draftguru.com.au/players/thomson_dow/1,accepted,,players/T/Thomson_Dow.html,players/T/Thomson_Dow.html,unchanged,,
https://www.draftguru.com.au/players/tim_allen/1,accepted,,players/T/Tim_Allen.html,players/T/Tim_Allen.html,unchanged,,
https://www.draftguru.com.au/players/tim_birthisel/1,withheld,U-no-href,,,unchanged,,
https://www.draftguru.com.au/players/tim_bourke/1,accepted,,players/T/Tim_Bourke.html,players/T/Tim_Bourke.html,confirmed,same_person_valid_relisting,relisting
https://www.draftguru.com.au/players/tim_boyle/1,accepted,,players/T/Tim_Boyle.html,players/T/Tim_Boyle.html,unchanged,,
https://www.draftguru.com.au/players/tim_britt/1,withheld,U-no-href,,,unchanged,,
https://www.draftguru.com.au/players/tim_broomhead/1,accepted,,players/T/Tim_Broomhead.html,players/T/Tim_Broomhead.html,unchanged,,
https://www.draftguru.com.au/players/tim_callan/1,accepted,,players/T/Tim_Callan.html,players/T/Tim_Callan.html,unchanged,,
https://www.draftguru.com.au/players/tim_clark/1,withheld,U-no-href,,,unchanged,,
https://www.draftguru.com.au/players/tim_clarke/1,accepted,,players/T/Tim_Clarke.html,players/T/Tim_Clarke.html,unchanged,,
https://www.draftguru.com.au/players/tim_cook/1,accepted,,players/T/Tim_Cook.html,players/T/Tim_Cook.html,unchanged,,
https://www.draftguru.com.au/players/tim_darcy/1,accepted,,players/T/Tim_Darcy.html,players/T/Tim_Darcy.html,unchanged,,
https://www.draftguru.com.au/players/tim_davis/1,withheld,U-no-href,,,unchanged,,
https://www.draftguru.com.au/players/tim_elliott/1,accepted,,players/T/Tim_Elliott.html,players/T/Tim_Elliott.html,unchanged,,
https://www.draftguru.com.au/players/tim_english/1,accepted,,players/T/Tim_English.html,players/T/Tim_English.html,unchanged,,
https://www.draftguru.com.au/players/tim_finocchiaro/1,accepted,,players/T/Tim_Finocchiaro.html,players/T/Tim_Finocchiaro.html,unchanged,,
https://www.draftguru.com.au/players/tim_fleming/1,accepted,,players/T/Tim_Fleming.html,players/T/Tim_Fleming.html,unchanged,,
https://www.draftguru.com.au/players/tim_golds/1,accepted,,players/T/Tim_Golds.html,players/T/Tim_Golds.html,unchanged,,
https://www.draftguru.com.au/players/tim_hargreaves/1,accepted,,players/T/Tim_Hargreaves.html,players/T/Tim_Hargreaves.html,unchanged,,
https://www.draftguru.com.au/players/tim_harrington/1,accepted,,players/T/Tim_Harrington.html,players/T/Tim_Harrington.html,unchanged,,
https://www.draftguru.com.au/players/tim_hazell/1,accepted,,players/T/Tim_Hazell.html,players/T/Tim_Hazell.html,unchanged,,
https://www.draftguru.com.au/players/tim_houlihan/1,accepted,,players/T/Tim_Houlihan.html,players/T/Tim_Houlihan.html,unchanged,,
https://www.draftguru.com.au/players/tim_hutchison/1,withheld,U-no-href,,,unchanged,,
https://www.draftguru.com.au/players/tim_kelly/1,accepted,,players/T/Tim_Kelly.html,players/T/Tim_Kelly.html,unchanged,,
https://www.draftguru.com.au/players/tim_klaosen/1,withheld,U-no-href,,,unchanged,,
https://www.draftguru.com.au/players/tim_leng/1,withheld,U-no-href,,,unchanged,,
https://www.draftguru.com.au/players/tim_livingstone/1,accepted,,players/T/Tim_Livingstone.html,players/T/Tim_Livingstone.html,unchanged,,
https://www.draftguru.com.au/players/tim_looby/1,withheld,U-no-href,,,unchanged,,
https://www.draftguru.com.au/players/tim_masierowski/1,withheld,U-no-href,,,unchanged,,
https://www.draftguru.com.au/players/tim_mcgenniss/1,withheld,U-no-href,,,unchanged,,
https://www.draftguru.com.au/players/tim_mcgrath/1,accepted,,players/T/Tim_McGrath.html,players/T/Tim_McGrath.html,unchanged,,
https://www.draftguru.com.au/players/tim_mcintyre/1,accepted,,players/T/Tim_McIntyre.html,players/T/Tim_McIntyre.html,unchanged,,
https://www.draftguru.com.au/players/tim_mcneil/1,withheld,U-no-href,,,unchanged,,
https://www.draftguru.com.au/players/tim_membrey/1,accepted,,players/T/Tim_Membrey.html,players/T/Tim_Membrey.html,unchanged,,
https://www.draftguru.com.au/players/tim_mohr/1,accepted,,players/T/Tim_Mohr.html,players/T/Tim_Mohr.html,unchanged,,
https://www.draftguru.com.au/players/tim_moreland/1,withheld,U-no-href,,,unchanged,,
https://www.draftguru.com.au/players/tim_notting/1,accepted,,players/T/Tim_Notting.html,players/T/Tim_Notting.html,unchanged,,
https://www.draftguru.com.au/players/tim_o'brien/1,accepted,,players/T/Tim_OBrien.html,players/T/Tim_OBrien.html,unchanged,,
https://www.draftguru.com.au/players/tim_o'keefe/1,withheld,U-no-href,,,unchanged,,
https://www.draftguru.com.au/players/tim_pekin/1,accepted,,players/T/Tim_Pekin.html,players/T/Tim_Pekin.html,unchanged,,
https://www.draftguru.com.au/players/tim_perkins/1,withheld,U-no-href,,,unchanged,,
https://www.draftguru.com.au/players/tim_powell/1,accepted,,players/T/Tim_Powell.html,players/T/Tim_Powell.html,unchanged,,
https://www.draftguru.com.au/players/tim_rieniets/1,accepted,,players/T/Tim_Rieniets.html,players/T/Tim_Rieniets.html,unchanged,,
https://www.draftguru.com.au/players/tim_ruffles/1,accepted,,players/T/Tim_Ruffles.html,players/T/Tim_Ruffles.html,unchanged,,
https://www.draftguru.com.au/players/tim_schmidt/1,accepted,,players/T/Tim_Schmidt.html,players/T/Tim_Schmidt.html,unchanged,,
https://www.draftguru.com.au/players/tim_scott-branagan/1,withheld,U-no-href,,,unchanged,,
https://www.draftguru.com.au/players/tim_scott/1,accepted,,players/T/Tim_Scott.html,players/T/Tim_Scott.html,unchanged,,
https://www.draftguru.com.au/players/tim_segrave/1,withheld,U-no-href,,,unchanged,,
https://www.draftguru.com.au/players/tim_sheringham/1,withheld,U-no-href,,,unchanged,,
https://www.draftguru.com.au/players/tim_sherman/1,withheld,U-no-href,,,unchanged,,
https://www.draftguru.com.au/players/tim_smith/1,accepted,,players/T/Tim_Smith.html,players/T/Tim_Smith.html,unchanged,,
https://www.draftguru.com.au/players/tim_symes/1,withheld,U-no-href,,,unchanged,,
https://www.draftguru.com.au/players/tim_taranto/1,accepted,,players/T/Tim_Taranto.html,players/T/Tim_Taranto.html,confirmed,agree,audit
https://www.draftguru.com.au/players/tim_taylor/1,withheld,U-no-href,,,unchanged,,
https://www.draftguru.com.au/players/tim_van%20der%20klooster/1,withheld,U-no-href,,,unchanged,,
https://www.draftguru.com.au/players/tim_walsh/1,accepted,,players/T/Tim_Walsh.html,players/T/Tim_Walsh.html,unchanged,,
https://www.draftguru.com.au/players/tim_watson/1,accepted,,players/T/Tim_Watson.html,players/T/Tim_Watson.html,unchanged,,
https://www.draftguru.com.au/players/tim_williams/1,withheld,U-no-href,,,unchanged,,
https://www.draftguru.com.au/players/tim_williamson/1,withheld,U-no-href,,,unchanged,,
https://www.draftguru.com.au/players/tim_wilson/1,withheld,U-no-href,,,unchanged,,
https://www.draftguru.com.au/players/timm_house/1,withheld,U-no-href,,,unchanged,,
https://www.draftguru.com.au/players/timmy_sumner/1,accepted,,players/T/Timmy_Sumner.html,players/T/Timmy_Sumner.html,unchanged,,
https://www.draftguru.com.au/players/timothy_malseed/1,withheld,U-no-href,,,unchanged,,
https://www.draftguru.com.au/players/timothy_milera/1,withheld,U-no-href,,,unchanged,,
https://www.draftguru.com.au/players/timothy_walsh/1,withheld,U-no-href,,,unchanged,,
https://www.draftguru.com.au/players/tobe_watson/1,accepted,,players/T/Tobe_Watson.html,players/T/Tobe_Watson.html,unchanged,,
https://www.draftguru.com.au/players/tobias_thoolen/1,withheld,U-no-href,,,unchanged,,
https://www.draftguru.com.au/players/tobie_travaglia/1,accepted,,players/T/Tobie_Travaglia.html,players/T/Tobie_Travaglia.html,unchanged,,
https://www.draftguru.com.au/players/tobin_cox/1,withheld,U-no-href,,,unchanged,,
https://www.draftguru.com.au/players/toby_bedford/1,accepted,,players/T/Toby_Bedford.html,players/T/Toby_Bedford.html,unchanged,,
https://www.draftguru.com.au/players/toby_conway/1,accepted,,players/T/Toby_Conway.html,players/T/Toby_Conway.html,unchanged,,
https://www.draftguru.com.au/players/toby_greene/1,accepted,,players/T/Toby_Greene.html,players/T/Toby_Greene.html,unchanged,,
https://www.draftguru.com.au/players/toby_kennett/1,withheld,U-no-href,,,unchanged,,
https://www.draftguru.com.au/players/toby_mcgrath/1,withheld,U-no-href,,,unchanged,,
https://www.draftguru.com.au/players/toby_mclean/1,accepted,,players/T/Toby_McLean.html,players/T/Toby_McLean.html,unchanged,,
https://www.draftguru.com.au/players/toby_mcmullin/1,accepted,,players/T/Toby_McMullin.html,players/T/Toby_McMullin.html,unchanged,,
https://www.draftguru.com.au/players/toby_murray/1,accepted,,players/T/Toby_Murray.html,players/T/Toby_Murray.html,unchanged,,
https://www.draftguru.com.au/players/toby_nankervis/1,accepted,,players/T/Toby_Nankervis.html,players/T/Toby_Nankervis.html,unchanged,,
https://www.draftguru.com.au/players/toby_pink/1,accepted,,players/T/Toby_Pink.html,players/T/Toby_Pink.html,unchanged,,
https://www.draftguru.com.au/players/toby_stribling/1,withheld,U-no-href,,,unchanged,,
https://www.draftguru.com.au/players/toby_thurstans/1,accepted,,players/T/Toby_Thurstans.html,players/T/Toby_Thurstans.html,unchanged,,
https://www.draftguru.com.au/players/toby_whan/1,withheld,U-no-href,,,unchanged,,
https://www.draftguru.com.au/players/toby_wooller/1,withheld,U-no-href,,,unchanged,,
https://www.draftguru.com.au/players/tobyn_murray/1,accepted,,players/T/Tobyn_Murray.html,players/T/Tobyn_Murray.html,unchanged,,
https://www.draftguru.com.au/players/todd_banfield/1,accepted,,players/T/Todd_Banfield.html,players/T/Todd_Banfield.html,unchanged,,
https://www.draftguru.com.au/players/todd_breman/1,accepted,,players/T/Todd_Breman.html,players/T/Todd_Breman.html,unchanged,,
https://www.draftguru.com.au/players/todd_curley/1,accepted,,players/T/Todd_Curley.html,players/T/Todd_Curley.html,unchanged,,
https://www.draftguru.com.au/players/todd_elton/1,accepted,,players/T/Todd_Elton.html,players/T/Todd_Elton.html,unchanged,,
https://www.draftguru.com.au/players/todd_goldstein/1,accepted,,players/T/Todd_Goldstein.html,players/T/Todd_Goldstein.html,unchanged,,
https://www.draftguru.com.au/players/todd_grima/1,withheld,U-no-href,,,unchanged,,
https://www.draftguru.com.au/players/todd_hawes/1,withheld,U-no-href,,,unchanged,,
https://www.draftguru.com.au/players/todd_holmes/1,accepted,,players/T/Todd_Holmes.html,players/T/Todd_Holmes.html,unchanged,,
https://www.draftguru.com.au/players/todd_marshall/1,accepted,,players/T/Todd_Marshall.html,players/T/Todd_Marshall.html,unchanged,,
https://www.draftguru.com.au/players/todd_mchardy/1,accepted,,players/T/Todd_McHardy.html,players/T/Todd_McHardy.html,unchanged,,
https://www.draftguru.com.au/players/todd_menegola/1,accepted,,players/T/Todd_Menegola.html,players/T/Todd_Menegola.html,unchanged,,
https://www.draftguru.com.au/players/todd_nener/1,withheld,U-no-href,,,unchanged,,
https://www.draftguru.com.au/players/todd_ridley/1,accepted,,players/T/Todd_Ridley.html,players/T/Todd_Ridley.html,unchanged,,
https://www.draftguru.com.au/players/tom_allwright/1,withheld,U-no-href,,,unchanged,,
https://www.draftguru.com.au/players/tom_anastasopoulos/1,accepted,,players/T/Tom_Anastasopoulos.html,players/T/Tom_Anastasopoulos.html,unchanged,,
https://www.draftguru.com.au/players/tom_atkins/1,accepted,,players/T/Tom_Atkins.html,players/T/Tom_Atkins.html,unchanged,,
https://www.draftguru.com.au/players/tom_barrass/1,accepted,,players/T/Tom_Barrass.html,players/T/Tom_Barrass.html,unchanged,,
https://www.draftguru.com.au/players/tom_bell/1,accepted,,players/T/Tom_Bell.html,players/T/Tom_Bell.html,unchanged,,
https://www.draftguru.com.au/players/tom_bellchambers/1,accepted,,players/T/Tom_Bellchambers.html,players/T/Tom_Bellchambers.html,unchanged,,
https://www.draftguru.com.au/players/tom_berry/1,accepted,,players/T/Tom_Berry.html,players/T/Tom_Berry.html,unchanged,,
https://www.draftguru.com.au/players/tom_blamires/1,accepted,,players/T/Tom_Blamires.html,players/T/Tom_Blamires.html,unchanged,,
https://www.draftguru.com.au/players/tom_boyd/1,accepted,,players/T/Tom_Boyd.html,players/T/Tom_Boyd.html,unchanged,,
https://www.draftguru.com.au/players/tom_brown/1,accepted,,players/T/Tom_Brown.html,players/T/Tom_Brown.html,unchanged,,
https://www.draftguru.com.au/players/tom_burton/1,accepted,,players/T/Tom_Burton.html,players/T/Tom_Burton.html,unchanged,,
https://www.draftguru.com.au/players/tom_campbell/2,accepted,,players/T/Tom_Campbell1.html,players/T/Tom_Campbell1.html,unchanged,,
https://www.draftguru.com.au/players/tom_carr/1,accepted,,players/T/Tom_Carr.html,players/T/Tom_Carr.html,unchanged,,
https://www.draftguru.com.au/players/tom_clurey/1,accepted,,players/T/Tom_Clurey.html,players/T/Tom_Clurey.html,unchanged,,
https://www.draftguru.com.au/players/tom_cochrane/1,accepted,,players/T/Tom_Cochrane.html,players/T/Tom_Cochrane.html,unchanged,,
https://www.draftguru.com.au/players/tom_cole/1,accepted,,players/T/Tom_Cole.html,players/T/Tom_Cole.html,unchanged,,
https://www.draftguru.com.au/players/tom_collier/1,accepted,,players/T/Tom_Collier.html,players/T/Tom_Collier.html,unchanged,,
https://www.draftguru.com.au/players/tom_couch/1,accepted,,players/T/Tom_Couch.html,players/T/Tom_Couch.html,unchanged,,
https://www.draftguru.com.au/players/tom_curran/1,withheld,U-no-href,,,unchanged,,
https://www.draftguru.com.au/players/tom_curren/1,accepted,,players/T/Tom_Curren.html,players/T/Tom_Curren.html,unchanged,,
https://www.draftguru.com.au/players/tom_cutler/1,accepted,,players/T/Tom_Cutler.html,players/T/Tom_Cutler.html,unchanged,,
https://www.draftguru.com.au/players/tom_davidson/1,accepted,,players/T/Tom_Davidson.html,players/T/Tom_Davidson.html,unchanged,,
https://www.draftguru.com.au/players/tom_de%20koning/1,accepted,,players/T/Tom_De_Koning.html,players/T/Tom_De_Koning.html,unchanged,,
https://www.draftguru.com.au/players/tom_derickx/1,accepted,,players/T/Tom_Derickx.html,players/T/Tom_Derickx.html,unchanged,,
https://www.draftguru.com.au/players/tom_doedee/1,accepted,,players/T/Tom_Doedee.html,players/T/Tom_Doedee.html,unchanged,,
https://www.draftguru.com.au/players/tom_downie/1,accepted,,players/T/Tom_Downie.html,players/T/Tom_Downie.html,unchanged,,
https://www.draftguru.com.au/players/tom_edwards/1,accepted,,players/T/Tom_Edwards.html,players/T/Tom_Edwards.html,unchanged,,
https://www.draftguru.com.au/players/tom_emmett/1,accepted,,players/T/Tom_Emmett.html,players/T/Tom_Emmett.html,unchanged,,
https://www.draftguru.com.au/players/tom_fields/1,accepted,,players/T/Tom_Fields.html,players/T/Tom_Fields.html,unchanged,,
https://www.draftguru.com.au/players/tom_fullarton/1,accepted,,players/T/Tom_Fullarton.html,players/T/Tom_Fullarton.html,unchanged,,
https://www.draftguru.com.au/players/tom_gillies/1,accepted,,players/T/Tom_Gillies.html,players/T/Tom_Gillies.html,unchanged,,
https://www.draftguru.com.au/players/tom_gilligan/2,accepted,,players/T/Tom_Gilligan0.html,players/T/Tom_Gilligan0.html,unchanged,,
https://www.draftguru.com.au/players/tom_gorter/1,withheld,U-no-href,,,unchanged,,
https://www.draftguru.com.au/players/tom_green/1,accepted,,players/T/Tom_Green1.html,players/T/Tom_Green1.html,unchanged,,
https://www.draftguru.com.au/players/tom_grehan/1,withheld,U-no-href,,,unchanged,,
https://www.draftguru.com.au/players/tom_gross/1,accepted,,players/T/Tom_Gross.html,players/T/Tom_Gross.html,unchanged,,
https://www.draftguru.com.au/players/tom_hanily/1,accepted,,players/T/Tom_Hanily.html,players/T/Tom_Hanily.html,unchanged,,
https://www.draftguru.com.au/players/tom_harley/1,accepted,,players/T/Tom_Harley.html,players/T/Tom_Harley.html,unchanged,,
https://www.draftguru.com.au/players/tom_hawkins/2,accepted,,players/T/Tom_Hawkins.html,players/T/Tom_Hawkins.html,unchanged,,
https://www.draftguru.com.au/players/tom_hedge/1,withheld,U-no-href,,,unchanged,,
https://www.draftguru.com.au/players/tom_hickey/2,accepted,,players/T/Tom_Hickey1.html,players/T/Tom_Hickey1.html,unchanged,,
https://www.draftguru.com.au/players/tom_highmore/1,accepted,,players/T/Tom_Highmore.html,players/T/Tom_Highmore.html,unchanged,,
https://www.draftguru.com.au/players/tom_hill/1,withheld,U-no-href,,,unchanged,,
https://www.draftguru.com.au/players/tom_hill/2,withheld,U-no-href,,,unchanged,,
https://www.draftguru.com.au/players/tom_hird/1,withheld,U-no-href,,,unchanged,,
https://www.draftguru.com.au/players/tom_hislop/1,accepted,,players/T/Tom_Hislop.html,players/T/Tom_Hislop.html,unchanged,,
https://www.draftguru.com.au/players/tom_hooker/1,withheld,U-no-href,,,unchanged,,
https://www.draftguru.com.au/players/tom_hutchesson/1,accepted,,players/T/Tom_Hutchesson.html,players/T/Tom_Hutchesson.html,unchanged,,
https://www.draftguru.com.au/players/tom_jeffries/1,withheld,U-no-href,,,unchanged,,
https://www.draftguru.com.au/players/tom_jok/1,accepted,,players/T/Tom_Jok.html,players/T/Tom_Jok.html,unchanged,,
https://www.draftguru.com.au/players/tom_jonas/1,accepted,,players/T/Tom_Jonas.html,players/T/Tom_Jonas.html,unchanged,,
https://www.draftguru.com.au/players/tom_kavanagh/1,accepted,,players/T/Tom_Kavanagh.html,players/T/Tom_Kavanagh.html,unchanged,,
https://www.draftguru.com.au/players/tom_keough/1,withheld,U-no-href,,,unchanged,,
https://www.draftguru.com.au/players/tom_lamb/1,accepted,,players/T/Tom_Lamb.html,players/T/Tom_Lamb.html,unchanged,,
https://www.draftguru.com.au/players/tom_langdon/1,accepted,,players/T/Tom_Langdon.html,players/T/Tom_Langdon.html,unchanged,,
https://www.draftguru.com.au/players/tom_ledger/1,accepted,,players/T/Tom_Ledger.html,players/T/Tom_Ledger.html,unchanged,,
https://www.draftguru.com.au/players/tom_lee/2,accepted,,players/T/Tom_Lee1.html,players/T/Tom_Lee1.html,unchanged,,
https://www.draftguru.com.au/players/tom_liberatore/1,accepted,,players/T/Tom_Liberatore.html,players/T/Tom_Liberatore.html,unchanged,,
https://www.draftguru.com.au/players/tom_logan/1,accepted,,players/T/Tom_Logan.html,players/T/Tom_Logan.html,unchanged,,
https://www.draftguru.com.au/players/tom_lonergan/1,accepted,,players/T/Tom_Lonergan.html,players/T/Tom_Lonergan.html,unchanged,,
https://www.draftguru.com.au/players/tom_lynch/1,accepted,,players/T/Tom_Lynch0.html,players/T/Tom_Lynch0.html,unchanged,,
https://www.draftguru.com.au/players/tom_lynch/2,accepted,,players/T/Tom_Lynch1.html,players/T/Tom_Lynch1.html,unchanged,,
https://www.draftguru.com.au/players/tom_marshall/1,withheld,U-no-href,,,unchanged,,
https://www.draftguru.com.au/players/tom_mccallum/1,withheld,U-no-href,,,unchanged,,
https://www.draftguru.com.au/players/tom_mccarthy/1,accepted,,players/T/Tom_McCarthy.html,players/T/Tom_McCarthy.html,unchanged,,
https://www.draftguru.com.au/players/tom_mccartin/1,accepted,,players/T/Tom_McCartin.html,players/T/Tom_McCartin.html,unchanged,,
https://www.draftguru.com.au/players/tom_mcdonald/1,accepted,,players/T/Tom_McDonald.html,players/T/Tom_McDonald.html,unchanged,,
https://www.draftguru.com.au/players/tom_mckenzie/1,withheld,U-no-href,,,unchanged,,
https://www.draftguru.com.au/players/tom_mcnamara/2,accepted,,players/T/Tom_McNamara1.html,players/T/Tom_McNamara1.html,unchanged,,
https://www.draftguru.com.au/players/tom_mitchell/1,accepted,,players/T/Tom_Mitchell.html,players/T/Tom_Mitchell.html,unchanged,,
https://www.draftguru.com.au/players/tom_murphy/1,accepted,,players/T/Tom_Murphy0.html,players/T/Tom_Murphy.html,corrected,approve_manual_curation,discrepancy
https://www.draftguru.com.au/players/tom_murphy/2,accepted,,players/T/Tom_Murphy1.html,players/T/Tom_Murphy1.html,unchanged,,
https://www.draftguru.com.au/players/tom_nicholls/1,accepted,,players/T/Tom_Nicholls.html,players/T/Tom_Nicholls.html,unchanged,,
https://www.draftguru.com.au/players/tom_north/1,withheld,U-no-href,,,unchanged,,
https://www.draftguru.com.au/players/tom_papley/1,accepted,,players/T/Tom_Papley.html,players/T/Tom_Papley.html,unchanged,,
https://www.draftguru.com.au/players/tom_phillips/1,accepted,,players/T/Tom_Phillips.html,players/T/Tom_Phillips.html,unchanged,,
https://www.draftguru.com.au/players/tom_powell/1,accepted,,players/T/Tom_Powell.html,players/T/Tom_Powell.html,unchanged,,
https://www.draftguru.com.au/players/tom_read/1,withheld,U-no-href,,,unchanged,,
https://www.draftguru.com.au/players/tom_redden/1,withheld,U-no-href,,,unchanged,,
https://www.draftguru.com.au/players/tom_rischbieth/1,withheld,U-no-href,,,unchanged,,
https://www.draftguru.com.au/players/tom_roach/1,accepted,,players/T/Tom_Roach.html,players/T/Tom_Roach.html,unchanged,,
https://www.draftguru.com.au/players/tom_rockliff/1,accepted,,players/T/Tom_Rockliff.html,players/T/Tom_Rockliff.html,unchanged,,
https://www.draftguru.com.au/players/tom_ruggles/1,accepted,,players/T/Tom_Ruggles.html,players/T/Tom_Ruggles.html,unchanged,,
https://www.draftguru.com.au/players/tom_scully/1,accepted,,players/T/Tom_Scully.html,players/T/Tom_Scully.html,unchanged,,
https://www.draftguru.com.au/players/tom_sheridan/1,accepted,,players/T/Tom_Sheridan.html,players/T/Tom_Sheridan.html,unchanged,,
https://www.draftguru.com.au/players/tom_simpkin/1,accepted,,players/T/Tom_Simpkin.html,players/T/Tom_Simpkin.html,unchanged,,
https://www.draftguru.com.au/players/tom_sims/1,accepted,,players/T/Tom_Sims.html,players/T/Tom_Sims.html,unchanged,,
https://www.draftguru.com.au/players/tom_sparrow/1,accepted,,players/T/Tom_Sparrow.html,players/T/Tom_Sparrow.html,unchanged,,
https://www.draftguru.com.au/players/tom_stewart/1,accepted,,players/T/Tom_Stewart.html,players/T/Tom_Stewart.html,unchanged,,
https://www.draftguru.com.au/players/tom_swift/1,accepted,,players/T/Tom_Swift.html,players/T/Tom_Swift.html,unchanged,,
https://www.draftguru.com.au/players/tom_tarrant/2,withheld,U-no-href,,,unchanged,,
https://www.draftguru.com.au/players/tom_temay/1,withheld,U-no-href,,,unchanged,,
https://www.draftguru.com.au/players/tom_wallis/2,withheld,U-no-href,,,unchanged,,
https://www.draftguru.com.au/players/tom_warhurst/1,accepted,,players/T/Tom_Warhurst.html,players/T/Tom_Warhurst.html,unchanged,,
https://www.draftguru.com.au/players/tom_wilkinson/2,withheld,U-no-href,,,unchanged,,
https://www.draftguru.com.au/players/tom_williams/2,accepted,,players/T/Tom_Williams1.html,players/T/Tom_Williams1.html,unchanged,,
https://www.draftguru.com.au/players/tom_williamson/1,accepted,,players/T/Tom_Williamson.html,players/T/Tom_Williamson.html,unchanged,,
https://www.draftguru.com.au/players/tom_wilson/1,accepted,,players/T/Tom_Wilson.html,players/T/Tom_Wilson.html,unchanged,,
https://www.draftguru.com.au/players/tom_young/1,accepted,,players/T/Tom_Young.html,players/T/Tom_Young.html,unchanged,,
https://www.draftguru.com.au/players/tomas_bugg/1,accepted,,players/T/Tomas_Bugg.html,players/T/Tomas_Bugg.html,unchanged,,
https://www.draftguru.com.au/players/tommy_walsh/1,accepted,,players/T/Tommy_Walsh.html,players/T/Tommy_Walsh.html,unchanged,,
https://www.draftguru.com.au/players/tony_antrobus/1,accepted,,players/T/Tony_Antrobus.html,players/T/Tony_Antrobus.html,unchanged,,
https://www.draftguru.com.au/players/tony_armstrong/1,accepted,,players/T/Tony_Armstrong.html,players/T/Tony_Armstrong.html,unchanged,,
https://www.draftguru.com.au/players/tony_begovich/1,accepted,,players/T/Tony_Begovich.html,players/T/Tony_Begovich.html,unchanged,,
https://www.draftguru.com.au/players/tony_bourke/1,accepted,,players/T/Tony_Bourke.html,players/T/Tony_Bourke.html,unchanged,,
https://www.draftguru.com.au/players/tony_brown/1,accepted,,players/T/Tony_Brown.html,players/T/Tony_Brown.html,unchanged,,
https://www.draftguru.com.au/players/tony_campbell/1,accepted,,players/T/Tony_Campbell.html,players/T/Tony_Campbell.html,unchanged,,
https://www.draftguru.com.au/players/tony_delaney/1,accepted,,players/T/Tony_Delaney.html,players/T/Tony_Delaney.html,unchanged,,
https://www.draftguru.com.au/players/tony_elshaug/1,accepted,,players/T/Tony_Elshaug.html,players/T/Tony_Elshaug.html,confirmed,same_person_valid_relisting,relisting
https://www.draftguru.com.au/players/tony_evans/1,accepted,,players/T/Tony_Evans1.html,players/T/Tony_Evans1.html,unchanged,,
https://www.draftguru.com.au/players/tony_evans/2,accepted,,players/T/Tony_Evans0.html,players/T/Tony_Evans0.html,unchanged,,
https://www.draftguru.com.au/players/tony_francis/1,accepted,,players/T/Tony_Francis.html,players/T/Tony_Francis.html,unchanged,,
https://www.draftguru.com.au/players/tony_furey/1,accepted,,players/T/Tony_Furey.html,players/T/Tony_Furey.html,confirmed,same_person_valid_relisting,relisting
https://www.draftguru.com.au/players/tony_godden/1,accepted,,players/T/Tony_Godden.html,players/T/Tony_Godden.html,unchanged,,
https://www.draftguru.com.au/players/tony_hall/1,accepted,,players/T/Tony_Hall.html,players/T/Tony_Hall.html,unchanged,,
https://www.draftguru.com.au/players/tony_lithgow/1,withheld,U-no-href,,,unchanged,,
https://www.draftguru.com.au/players/tony_lockett/1,accepted,,players/T/Tony_Lockett.html,players/T/Tony_Lockett.html,unchanged,,
https://www.draftguru.com.au/players/tony_lynn/1,accepted,,players/T/Tony_Lynn.html,players/T/Tony_Lynn.html,unchanged,,
https://www.draftguru.com.au/players/tony_malakellis/1,accepted,,players/T/Tony_Malakellis.html,players/T/Tony_Malakellis.html,unchanged,,
https://www.draftguru.com.au/players/tony_mcguinness/1,accepted,,players/T/Tony_McGuinness.html,players/T/Tony_McGuinness.html,unchanged,,
https://www.draftguru.com.au/players/tony_modra/1,accepted,,players/T/Tony_Modra.html,players/T/Tony_Modra.html,unchanged,,
https://www.draftguru.com.au/players/tony_notte/1,accepted,,players/T/Tony_Notte.html,players/T/Tony_Notte.html,unchanged,,
https://www.draftguru.com.au/players/tony_olango/1,withheld,U-no-href,,,unchanged,,
https://www.draftguru.com.au/players/tony_paynter/1,withheld,U-no-href,,,unchanged,,
https://www.draftguru.com.au/players/tony_plim/1,withheld,U-no-href,,,unchanged,,
https://www.draftguru.com.au/players/tony_symonds/1,accepted,,players/T/Tony_Symonds.html,players/T/Tony_Symonds.html,unchanged,,
https://www.draftguru.com.au/players/tony_trigg/1,withheld,U-no-href,,,unchanged,,
https://www.draftguru.com.au/players/tony_vigona/1,withheld,U-no-href,,,unchanged,,
https://www.draftguru.com.au/players/tony_woods/1,accepted,,players/T/Tony_Woods.html,players/T/Tony_Woods.html,unchanged,,
https://www.draftguru.com.au/players/tory_dickson/1,accepted,,players/T/Tory_Dickson.html,players/T/Tory_Dickson.html,unchanged,,
https://www.draftguru.com.au/players/touk_miller/1,accepted,,players/T/Touk_Miller.html,players/T/Touk_Miller.html,unchanged,,
https://www.draftguru.com.au/players/travis_baird/1,accepted,,players/T/Travis_Baird.html,players/T/Travis_Baird.html,unchanged,,
https://www.draftguru.com.au/players/travis_boak/1,accepted,,players/T/Travis_Boak.html,players/T/Travis_Boak.html,unchanged,,
https://www.draftguru.com.au/players/travis_burton/1,withheld,U-no-href,,,unchanged,,
https://www.draftguru.com.au/players/travis_casserly/1,withheld,U-no-href,,,unchanged,,
https://www.draftguru.com.au/players/travis_cloke/1,accepted,,players/T/Travis_Cloke.html,players/T/Travis_Cloke.html,unchanged,,
https://www.draftguru.com.au/players/travis_colyer/1,accepted,,players/T/Travis_Colyer.html,players/T/Travis_Colyer.html,unchanged,,
https://www.draftguru.com.au/players/travis_edmonds/1,accepted,,players/T/Travis_Edmonds.html,players/T/Travis_Edmonds.html,unchanged,,
https://www.draftguru.com.au/players/travis_gaspar/1,accepted,,players/T/Travis_Gaspar.html,players/T/Travis_Gaspar.html,unchanged,,
https://www.draftguru.com.au/players/travis_johnstone/1,accepted,,players/T/Travis_Johnstone.html,players/T/Travis_Johnstone.html,unchanged,,
https://www.draftguru.com.au/players/travis_jorgensen/1,withheld,U-no-href,,,unchanged,,
https://www.draftguru.com.au/players/travis_martin-beynon/1,withheld,U-no-href,,,unchanged,,
https://www.draftguru.com.au/players/travis_miller/1,withheld,U-no-href,,,unchanged,,
https://www.draftguru.com.au/players/travis_st%20clair/1,withheld,U-no-href,,,unchanged,,
https://www.draftguru.com.au/players/travis_tuck/1,accepted,,players/T/Travis_Tuck.html,players/T/Travis_Tuck.html,unchanged,,
https://www.draftguru.com.au/players/travis_varcoe/1,accepted,,players/T/Travis_Varcoe.html,players/T/Travis_Varcoe.html,unchanged,,
https://www.draftguru.com.au/players/trent_bartlett/1,accepted,,players/T/Trent_Bartlett.html,players/T/Trent_Bartlett.html,unchanged,,
https://www.draftguru.com.au/players/trent_bianco/1,accepted,,players/T/Trent_Bianco.html,players/T/Trent_Bianco.html,unchanged,,
https://www.draftguru.com.au/players/trent_burgoyne/1,withheld,U-no-href,,,unchanged,,
https://www.draftguru.com.au/players/trent_carroll/1,accepted,,players/T/Trent_Carroll.html,players/T/Trent_Carroll.html,unchanged,,
https://www.draftguru.com.au/players/trent_churchill/1,withheld,U-no-href,,,unchanged,,
https://www.draftguru.com.au/players/trent_cotchin/1,accepted,,players/T/Trent_Cotchin.html,players/T/Trent_Cotchin.html,unchanged,,
https://www.draftguru.com.au/players/trent_croad/1,accepted,,players/T/Trent_Croad.html,players/T/Trent_Croad.html,unchanged,,
https://www.draftguru.com.au/players/trent_cummings/1,accepted,,players/T/Trent_Cummings.html,players/T/Trent_Cummings.html,unchanged,,
https://www.draftguru.com.au/players/trent_dennis-lane/1,accepted,,players/T/Trent_Dennis-Lane.html,players/T/Trent_Dennis-Lane.html,unchanged,,
https://www.draftguru.com.au/players/trent_dumont/1,accepted,,players/T/Trent_Dumont.html,players/T/Trent_Dumont.html,unchanged,,
https://www.draftguru.com.au/players/trent_hentschel/1,accepted,,players/T/Trent_Hentschel.html,players/T/Trent_Hentschel.html,unchanged,,
https://www.draftguru.com.au/players/trent_hoppner/1,accepted,,players/T/Trent_Hoppner.html,players/T/Trent_Hoppner.html,unchanged,,
https://www.draftguru.com.au/players/trent_hotton/1,accepted,,players/T/Trent_Hotton.html,players/T/Trent_Hotton.html,unchanged,,
https://www.draftguru.com.au/players/trent_knobel/1,accepted,,players/T/Trent_Knobel.html,players/T/Trent_Knobel.html,unchanged,,
https://www.draftguru.com.au/players/trent_mckenzie/1,accepted,,players/T/Trent_McKenzie.html,players/T/Trent_McKenzie.html,unchanged,,
https://www.draftguru.com.au/players/trent_mills/1,withheld,U-no-href,,,unchanged,,
https://www.draftguru.com.au/players/trent_mynott/1,withheld,U-no-href,,,unchanged,,
https://www.draftguru.com.au/players/trent_nichols/1,accepted,,players/T/Trent_Nichols.html,players/T/Trent_Nichols.html,unchanged,,
https://www.draftguru.com.au/players/trent_ormond-allen/1,accepted,,players/T/Trent_Ormond-Allen.html,players/T/Trent_Ormond-Allen.html,unchanged,,
https://www.draftguru.com.au/players/trent_rivers/1,accepted,,players/T/Trent_Rivers.html,players/T/Trent_Rivers.html,unchanged,,
https://www.draftguru.com.au/players/trent_simpson/1,withheld,U-no-href,,,unchanged,,
https://www.draftguru.com.au/players/trent_sporn/1,accepted,,players/T/Trent_Sporn.html,players/T/Trent_Sporn.html,unchanged,,
https://www.draftguru.com.au/players/trent_stubbs/1,withheld,U-no-href,,,unchanged,,
https://www.draftguru.com.au/players/trent_west/1,accepted,,players/T/Trent_West.html,players/T/Trent_West.html,unchanged,,
https://www.draftguru.com.au/players/trent_zomer/1,withheld,U-no-href,,,unchanged,,
https://www.draftguru.com.au/players/trevor_clisby/1,withheld,U-no-href,,,unchanged,,
https://www.draftguru.com.au/players/trevor_poole/1,accepted,,players/T/Trevor_Poole.html,players/T/Trevor_Poole.html,unchanged,,
https://www.draftguru.com.au/players/trevor_robinson/1,withheld,U-no-href,,,unchanged,,
https://www.draftguru.com.au/players/trevor_spencer/1,accepted,,players/T/Trevor_Spencer.html,players/T/Trevor_Spencer.html,unchanged,,
https://www.draftguru.com.au/players/trey_ruscoe/1,accepted,,players/T/Trey_Ruscoe.html,players/T/Trey_Ruscoe.html,unchanged,,
https://www.draftguru.com.au/players/tristan_cartledge/1,accepted,,players/T/Tristan_Cartledge.html,players/T/Tristan_Cartledge.html,unchanged,,
https://www.draftguru.com.au/players/tristan_francis/1,withheld,U-no-href,,,unchanged,,
https://www.draftguru.com.au/players/tristan_lynch/1,accepted,,players/T/Tristan_Lynch.html,players/T/Tristan_Lynch.html,unchanged,,
https://www.draftguru.com.au/players/tristan_tweedie/1,withheld,U-no-href,,,unchanged,,
https://www.draftguru.com.au/players/tristan_xerri/1,accepted,,players/T/Tristan_Xerri.html,players/T/Tristan_Xerri.html,unchanged,,
https://www.draftguru.com.au/players/tristen_walker/1,accepted,,players/T/Tristen_Walker.html,players/T/Tristen_Walker.html,unchanged,,
https://www.draftguru.com.au/players/troy_bond/1,accepted,,players/T/Troy_Bond.html,players/T/Troy_Bond.html,unchanged,,
https://www.draftguru.com.au/players/troy_broadbridge/1,accepted,,players/T/Troy_Broadbridge.html,players/T/Troy_Broadbridge.html,unchanged,,
https://www.draftguru.com.au/players/troy_chaplin/1,accepted,,players/T/Troy_Chaplin.html,players/T/Troy_Chaplin.html,unchanged,,
https://www.draftguru.com.au/players/troy_cook/1,accepted,,players/T/Troy_Cook.html,players/T/Troy_Cook.html,unchanged,,
https://www.draftguru.com.au/players/troy_davies/1,withheld,U-no-href,,,unchanged,,
https://www.draftguru.com.au/players/troy_davis/1,accepted,,players/T/Troy_Davis.html,players/T/Troy_Davis.html,unchanged,,
https://www.draftguru.com.au/players/troy_gray/1,accepted,,players/T/Troy_Gray.html,players/T/Troy_Gray.html,unchanged,,
https://www.draftguru.com.au/players/troy_hull/1,withheld,U-no-href,,,unchanged,,
https://www.draftguru.com.au/players/troy_johnson/1,accepted,,players/T/Troy_Johnson.html,players/T/Troy_Johnson.html,unchanged,,
https://www.draftguru.com.au/players/troy_kirwen/1,withheld,U-no-href,,,unchanged,,
https://www.draftguru.com.au/players/troy_lehmann/1,accepted,,players/T/Troy_Lehmann.html,players/T/Troy_Lehmann.html,unchanged,,
https://www.draftguru.com.au/players/troy_longmuir/1,accepted,,players/T/Troy_Longmuir.html,players/T/Troy_Longmuir.html,unchanged,,
https://www.draftguru.com.au/players/troy_makepeace/1,accepted,,players/T/Troy_Makepeace.html,players/T/Troy_Makepeace.html,unchanged,,
https://www.draftguru.com.au/players/troy_menzel/1,accepted,,players/T/Troy_Menzel.html,players/T/Troy_Menzel.html,unchanged,,
https://www.draftguru.com.au/players/troy_olsen/1,withheld,U-no-href,,,unchanged,,
https://www.draftguru.com.au/players/troy_polak/1,withheld,U-no-href,,,unchanged,,
https://www.draftguru.com.au/players/troy_reid/1,withheld,U-no-href,,,unchanged,,
https://www.draftguru.com.au/players/troy_schwarze/1,accepted,,players/T/Troy_Schwarze.html,players/T/Troy_Schwarze.html,unchanged,,
https://www.draftguru.com.au/players/troy_selwood/1,accepted,,players/T/Troy_Selwood.html,players/T/Troy_Selwood.html,unchanged,,
https://www.draftguru.com.au/players/troy_simmonds/1,accepted,,players/T/Troy_Simmonds.html,players/T/Troy_Simmonds.html,unchanged,,
https://www.draftguru.com.au/players/troy_taylor/1,accepted,,players/T/Troy_Taylor.html,players/T/Troy_Taylor.html,unchanged,,
https://www.draftguru.com.au/players/troy_wilson/1,accepted,,players/T/Troy_Wilson.html,players/T/Troy_Wilson.html,unchanged,,
https://www.draftguru.com.au/players/ty_esler/1,accepted,,players/T/Ty_Esler.html,players/T/Ty_Esler.html,unchanged,,
https://www.draftguru.com.au/players/ty_gallop/1,accepted,,players/T/Ty_Gallop.html,players/T/Ty_Gallop.html,unchanged,,
https://www.draftguru.com.au/players/ty_vickery/1,accepted,,players/T/Ty_Vickery.html,players/T/Ty_Vickery.html,unchanged,,
https://www.draftguru.com.au/players/ty_zantuck/1,accepted,,players/T/Ty_Zantuck.html,players/T/Ty_Zantuck.html,confirmed,agree,audit
https://www.draftguru.com.au/players/tyan_prindable/1,withheld,U-no-href,,,unchanged,,
https://www.draftguru.com.au/players/tylah_williams/1,withheld,U-no-href,,,unchanged,,
https://www.draftguru.com.au/players/tylar_young/1,accepted,,players/T/Tylar_Young.html,players/T/Tylar_Young.html,unchanged,,
https://www.draftguru.com.au/players/tyler_brockman/1,accepted,,players/T/Tyler_Brockman.html,players/T/Tyler_Brockman.html,unchanged,,
https://www.draftguru.com.au/players/tyler_brown/1,accepted,,players/T/Tyler_Brown.html,players/T/Tyler_Brown.html,unchanged,,
https://www.draftguru.com.au/players/tyler_sellers/1,accepted,,players/T/Tyler_Sellers.html,players/T/Tyler_Sellers.html,unchanged,,
https://www.draftguru.com.au/players/tyler_sonsie/1,accepted,,players/T/Tyler_Sonsie.html,players/T/Tyler_Sonsie.html,unchanged,,
https://www.draftguru.com.au/players/tyler_welsh/1,withheld,U-no-href,,,unchanged,,
https://www.draftguru.com.au/players/tyrell_dewar/1,accepted,,players/T/Tyrell_Dewar.html,players/T/Tyrell_Dewar.html,unchanged,,
https://www.draftguru.com.au/players/tyrone_downie/1,withheld,U-no-href,,,unchanged,,
https://www.draftguru.com.au/players/tyrone_leonardis/1,withheld,U-no-href,,,unchanged,,
https://www.draftguru.com.au/players/tyson_edwards/1,accepted,,players/T/Tyson_Edwards.html,players/T/Tyson_Edwards.html,unchanged,,
https://www.draftguru.com.au/players/tyson_goldsack/1,accepted,,players/T/Tyson_Goldsack.html,players/T/Tyson_Goldsack.html,unchanged,,
https://www.draftguru.com.au/players/tyson_lane/1,accepted,,players/T/Tyson_Lane.html,players/T/Tyson_Lane.html,unchanged,,
https://www.draftguru.com.au/players/tyson_slattery/1,accepted,,players/T/Tyson_Slattery.html,players/T/Tyson_Slattery.html,unchanged,,
https://www.draftguru.com.au/players/tyson_stengle/1,accepted,,players/T/Tyson_Stengle.html,players/T/Tyson_Stengle.html,unchanged,,
https://www.draftguru.com.au/players/tyson_stenglein/1,accepted,,players/T/Tyson_Stenglein.html,players/T/Tyson_Stenglein.html,unchanged,,
https://www.draftguru.com.au/players/vigo_visentini/1,accepted,,players/V/Vigo_Visentini.html,players/V/Vigo_Visentini.html,unchanged,,
https://www.draftguru.com.au/players/vince_cappadona/1,withheld,U-no-href,,,unchanged,,
https://www.draftguru.com.au/players/viv_michie/1,accepted,,players/V/Viv_Michie.html,players/V/Viv_Michie.html,unchanged,,
https://www.draftguru.com.au/players/wade_champion/1,withheld,U-no-href,,,unchanged,,
https://www.draftguru.com.au/players/wade_chapman/1,accepted,,players/W/Wade_Chapman.html,players/W/Wade_Chapman.html,unchanged,,
https://www.draftguru.com.au/players/wade_derksen/1,accepted,,players/W/Wade_Derksen.html,players/W/Wade_Derksen.html,unchanged,,
https://www.draftguru.com.au/players/wade_kingsley/1,withheld,U-no-href,,,unchanged,,
https://www.draftguru.com.au/players/wade_thompson/1,accepted,,players/W/Wade_Thompson.html,players/W/Wade_Thompson.html,unchanged,,
https://www.draftguru.com.au/players/wally_matera/1,accepted,,players/W/Wally_Matera.html,players/W/Wally_Matera.html,unchanged,,
https://www.draftguru.com.au/players/warren_benjamin/1,withheld,U-no-href,,,unchanged,,
https://www.draftguru.com.au/players/warren_campbell/1,accepted,,players/W/Warren_Campbell.html,players/W/Warren_Campbell.html,unchanged,,
https://www.draftguru.com.au/players/warren_dean/1,accepted,,players/W/Warren_Dean.html,players/W/Warren_Dean.html,confirmed,same_person_valid_relisting,relisting
https://www.draftguru.com.au/players/warren_mckenzie/1,accepted,,players/W/Warren_McKenzie.html,players/W/Warren_McKenzie.html,unchanged,,
https://www.draftguru.com.au/players/warren_tredrea/1,accepted,,players/W/Warren_Tredrea.html,players/W/Warren_Tredrea.html,unchanged,,
https://www.draftguru.com.au/players/warrick_andreoli/1,withheld,U-no-href,,,unchanged,,
https://www.draftguru.com.au/players/warwick_capper/1,accepted,,players/W/Warwick_Capper.html,players/W/Warwick_Capper.html,unchanged,,
https://www.draftguru.com.au/players/wayde_mills/1,accepted,,players/W/Wayde_Mills.html,players/W/Wayde_Mills.html,unchanged,,
https://www.draftguru.com.au/players/wayde_skipper/1,accepted,,players/W/Wayde_Skipper.html,players/W/Wayde_Skipper.html,unchanged,,
https://www.draftguru.com.au/players/wayde_twomey/1,accepted,,players/W/Wayde_Twomey.html,players/W/Wayde_Twomey.html,unchanged,,
https://www.draftguru.com.au/players/wayne_campbell/1,accepted,,players/W/Wayne_Campbell.html,players/W/Wayne_Campbell.html,unchanged,,
https://www.draftguru.com.au/players/wayne_carey/1,accepted,,players/W/Wayne_Carey.html,players/W/Wayne_Carey.html,unchanged,,
https://www.draftguru.com.au/players/wayne_henwood/1,accepted,,players/W/Wayne_Henwood.html,players/W/Wayne_Henwood.html,unchanged,,
https://www.draftguru.com.au/players/wayne_hernaman/1,accepted,,players/W/Wayne_Hernaman.html,players/W/Wayne_Hernaman.html,confirmed,agree,audit
https://www.draftguru.com.au/players/wayne_lamb/1,accepted,,players/W/Wayne_Lamb.html,players/W/Wayne_Lamb.html,unchanged,,
https://www.draftguru.com.au/players/wayne_mahney/1,withheld,U-no-href,,,unchanged,,
https://www.draftguru.com.au/players/wayne_milera/1,accepted,,players/W/Wayne_Milera.html,players/W/Wayne_Milera.html,unchanged,,
https://www.draftguru.com.au/players/wayne_morrissey/1,withheld,U-no-href,,,unchanged,,
https://www.draftguru.com.au/players/wayne_otway/1,accepted,,players/W/Wayne_Otway.html,players/W/Wayne_Otway.html,unchanged,,
https://www.draftguru.com.au/players/wayne_peters/1,accepted,,players/W/Wayne_Peters.html,players/W/Wayne_Peters.html,unchanged,,
https://www.draftguru.com.au/players/wayne_schwass/1,accepted,,players/W/Wayne_Schwass.html,players/W/Wayne_Schwass.html,unchanged,,
https://www.draftguru.com.au/players/wayne_tanner/1,withheld,U-no-href,,,unchanged,,
https://www.draftguru.com.au/players/wayne_thornborrow/1,accepted,,players/W/Wayne_Thornborrow.html,players/W/Wayne_Thornborrow.html,unchanged,,
https://www.draftguru.com.au/players/wayne_weidemann/1,accepted,,players/W/Wayne_Weidemann.html,players/W/Wayne_Weidemann.html,unchanged,,
https://www.draftguru.com.au/players/wil_dawson/1,accepted,,players/W/Wil_Dawson.html,players/W/Wil_Dawson.html,unchanged,,
https://www.draftguru.com.au/players/wil_powell/1,accepted,,players/W/Wil_Powell.html,players/W/Wil_Powell.html,unchanged,,
https://www.draftguru.com.au/players/will_ashcroft/1,accepted,,players/W/Will_Ashcroft.html,players/W/Will_Ashcroft.html,unchanged,,
https://www.draftguru.com.au/players/will_brodie/1,accepted,,players/W/Will_Brodie.html,players/W/Will_Brodie.html,unchanged,,
https://www.draftguru.com.au/players/will_collins/1,withheld,U-no-href,,,unchanged,,
https://www.draftguru.com.au/players/will_darcy/1,withheld,U-no-href,,,unchanged,,
https://www.draftguru.com.au/players/will_day/1,accepted,,players/W/Will_Day.html,players/W/Will_Day.html,unchanged,,
https://www.draftguru.com.au/players/will_edwards/1,accepted,,players/W/Will_Edwards.html,players/W/Will_Edwards.html,unchanged,,
https://www.draftguru.com.au/players/will_fordham/1,withheld,U-no-href,,,unchanged,,
https://www.draftguru.com.au/players/will_gould/1,accepted,,players/W/Will_Gould.html,players/W/Will_Gould.html,unchanged,,
https://www.draftguru.com.au/players/will_graham/1,accepted,,players/W/Will_Graham.html,players/W/Will_Graham.html,unchanged,,
https://www.draftguru.com.au/players/will_green/1,accepted,,players/W/Will_Green.html,players/W/Will_Green.html,unchanged,,
https://www.draftguru.com.au/players/will_hamill/1,accepted,,players/W/Will_Hamill0.html,players/W/Will_Hamill0.html,unchanged,,
https://www.draftguru.com.au/players/will_hamill/2,accepted,,players/W/Will_Hamill1.html,players/W/Will_Hamill1.html,unchanged,,
https://www.draftguru.com.au/players/will_hams/1,accepted,,players/W/Will_Hams.html,players/W/Will_Hams.html,confirmed,agree,audit
https://www.draftguru.com.au/players/will_hayes/1,accepted,,players/W/Will_Hayes.html,players/W/Will_Hayes.html,unchanged,,
https://www.draftguru.com.au/players/will_hayes/2,accepted,,players/W/Will_Hayes1.html,players/W/Will_Hayes1.html,unchanged,,
https://www.draftguru.com.au/players/will_hayward/1,accepted,,players/W/Will_Hayward.html,players/W/Will_Hayward.html,unchanged,,
https://www.draftguru.com.au/players/will_hoskin-elliott/1,accepted,,players/W/Will_Hoskin-Elliott.html,players/W/Will_Hoskin-Elliott.html,unchanged,,
https://www.draftguru.com.au/players/will_johnson/1,accepted,,players/W/Will_Johnson.html,players/W/Will_Johnson.html,unchanged,,
https://www.draftguru.com.au/players/will_kelly/1,accepted,,players/W/Will_Kelly.html,players/W/Will_Kelly.html,unchanged,,
https://www.draftguru.com.au/players/will_langford/1,accepted,,players/W/Will_Langford.html,players/W/Will_Langford.html,unchanged,,
https://www.draftguru.com.au/players/will_lewis/1,accepted,,players/W/Will_Lewis.html,players/W/Will_Lewis.html,unchanged,,
https://www.draftguru.com.au/players/will_lorenz/1,accepted,,players/W/Will_Lorenz.html,players/W/Will_Lorenz.html,unchanged,,
https://www.draftguru.com.au/players/will_maginness/1,withheld,U-no-href,,,unchanged,,
https://www.draftguru.com.au/players/will_martyn/1,accepted,,players/W/Will_Martyn.html,players/W/Will_Martyn.html,unchanged,,
https://www.draftguru.com.au/players/will_mccabe/1,accepted,,players/W/Will_McCabe.html,players/W/Will_McCabe.html,unchanged,,
https://www.draftguru.com.au/players/will_mclachlan/1,accepted,,players/W/Will_McLachlan.html,players/W/Will_McLachlan.html,unchanged,,
https://www.draftguru.com.au/players/will_minson/1,accepted,,players/W/Will_Minson.html,players/W/Will_Minson.html,unchanged,,
https://www.draftguru.com.au/players/will_phillips/1,accepted,,players/W/Will_Phillips.html,players/W/Will_Phillips.html,unchanged,,
https://www.draftguru.com.au/players/will_rowlands/1,withheld,U-no-href,,,unchanged,,
https://www.draftguru.com.au/players/will_sangster/1,accepted,,players/W/Will_Sangster.html,players/W/Will_Sangster.html,unchanged,,
https://www.draftguru.com.au/players/will_schofield/1,accepted,,players/W/Will_Schofield.html,players/W/Will_Schofield.html,confirmed,agree,audit
https://www.draftguru.com.au/players/will_setterfield/1,accepted,,players/W/Will_Setterfield.html,players/W/Will_Setterfield.html,unchanged,,
https://www.draftguru.com.au/players/will_shaw/1,withheld,U-no-href,,,unchanged,,
https://www.draftguru.com.au/players/will_sierakowski/1,accepted,,players/W/Will_Sierakowski.html,players/W/Will_Sierakowski.html,unchanged,,
https://www.draftguru.com.au/players/will_slade/1,accepted,,players/W/Will_Slade.html,players/W/Will_Slade.html,unchanged,,
https://www.draftguru.com.au/players/will_snelling/1,accepted,,players/W/Will_Snelling.html,players/W/Will_Snelling.html,unchanged,,
https://www.draftguru.com.au/players/will_sullivan/1,withheld,U-no-href,,,unchanged,,
https://www.draftguru.com.au/players/will_thursfield/1,accepted,,players/W/Will_Thursfield.html,players/W/Will_Thursfield.html,unchanged,,
https://www.draftguru.com.au/players/will_verrall/1,withheld,U-no-href,,,unchanged,,
https://www.draftguru.com.au/players/will_walker/1,accepted,,players/W/Will_Walker.html,players/W/Will_Walker.html,unchanged,,
https://www.draftguru.com.au/players/will_white/1,accepted,,players/W/Will_White.html,players/W/Will_White.html,unchanged,,
https://www.draftguru.com.au/players/will_young/1,accepted,,players/W/Will_Young.html,players/W/Will_Young.html,unchanged,,
https://www.draftguru.com.au/players/willem_drew/1,accepted,,players/W/Willem_Drew.html,players/W/Willem_Drew.html,unchanged,,
https://www.draftguru.com.au/players/willem_duursma/1,accepted,,players/W/Willem_Duursma.html,players/W/Willem_Duursma.html,unchanged,,
https://www.draftguru.com.au/players/william_golds/1,withheld,U-no-href,,,unchanged,,
https://www.draftguru.com.au/players/willie_dick/1,accepted,,players/W/Willie_Dick.html,players/W/Willie_Dick.html,unchanged,,
https://www.draftguru.com.au/players/willie_rioli/1,withheld,U-no-href,,,unchanged,,
https://www.draftguru.com.au/players/willie_rioli/2,accepted,,players/W/Willie_Rioli.html,players/W/Willie_Rioli.html,unchanged,,
https://www.draftguru.com.au/players/winis_imbi/1,withheld,U-no-href,,,unchanged,,
https://www.draftguru.com.au/players/winston_abraham/1,accepted,,players/W/Winston_Abraham.html,players/W/Winston_Abraham.html,unchanged,,
https://www.draftguru.com.au/players/wylie_buzza/1,accepted,,players/W/Wylie_Buzza.html,players/W/Wylie_Buzza.html,unchanged,,
https://www.draftguru.com.au/players/xavier_bamert/1,accepted,,players/X/Xavier_Bamert.html,players/X/Xavier_Bamert.html,unchanged,,
https://www.draftguru.com.au/players/xavier_clarke/1,accepted,,players/X/Xavier_Clarke.html,players/X/Xavier_Clarke.html,unchanged,,
https://www.draftguru.com.au/players/xavier_duursma/1,accepted,,players/X/Xavier_Duursma.html,players/X/Xavier_Duursma.html,unchanged,,
https://www.draftguru.com.au/players/xavier_ellis/1,accepted,,players/X/Xavier_Ellis.html,players/X/Xavier_Ellis.html,unchanged,,
https://www.draftguru.com.au/players/xavier_ivisic/1,withheld,U-no-href,,,unchanged,,
https://www.draftguru.com.au/players/xavier_lindsay/1,accepted,,players/X/Xavier_Lindsay.html,players/X/Xavier_Lindsay.html,unchanged,,
https://www.draftguru.com.au/players/xavier_o'halloran/1,accepted,,players/X/Xavier_OHalloran.html,players/X/Xavier_OHalloran.html,unchanged,,
https://www.draftguru.com.au/players/xavier_o'neill/1,accepted,,players/X/Xavier_ONeill.html,players/X/Xavier_ONeill.html,unchanged,,
https://www.draftguru.com.au/players/xavier_richards/1,accepted,,players/X/Xavier_Richards.html,players/X/Xavier_Richards.html,unchanged,,
https://www.draftguru.com.au/players/xavier_taylor/1,accepted,,players/X/Xavier_Taylor.html,players/X/Xavier_Taylor.html,unchanged,,
https://www.draftguru.com.au/players/xavier_walsh/1,withheld,U-no-href,,,unchanged,,
https://www.draftguru.com.au/players/yestin_eades/1,withheld,U-no-href,,,unchanged,,
https://www.draftguru.com.au/players/zac_bailey/1,accepted,,players/Z/Zac_Bailey.html,players/Z/Zac_Bailey.html,unchanged,,
https://www.draftguru.com.au/players/zac_banch/1,accepted,,players/Z/Zac_Banch.html,players/Z/Zac_Banch.html,unchanged,,
https://www.draftguru.com.au/players/zac_bates/1,withheld,U-no-href,,,unchanged,,
https://www.draftguru.com.au/players/zac_clarke/1,accepted,,players/Z/Zac_Clarke.html,players/Z/Zac_Clarke.html,unchanged,,
https://www.draftguru.com.au/players/zac_dawson/1,accepted,,players/Z/Zac_Dawson.html,players/Z/Zac_Dawson.html,unchanged,,
https://www.draftguru.com.au/players/zac_fisher/1,accepted,,players/Z/Zac_Fisher.html,players/Z/Zac_Fisher.html,unchanged,,
https://www.draftguru.com.au/players/zac_foot/1,accepted,,players/Z/Zac_Foot.html,players/Z/Zac_Foot.html,unchanged,,
https://www.draftguru.com.au/players/zac_langdon/1,accepted,,players/Z/Zac_Langdon.html,players/Z/Zac_Langdon.html,unchanged,,
https://www.draftguru.com.au/players/zac_mccarthy/1,withheld,U-no-href,,,unchanged,,
https://www.draftguru.com.au/players/zac_o'brien/1,accepted,,players/Z/Zac_OBrien.html,players/Z/Zac_OBrien.html,unchanged,,
https://www.draftguru.com.au/players/zac_smith/1,accepted,,players/Z/Zac_Smith.html,players/Z/Zac_Smith.html,unchanged,,
https://www.draftguru.com.au/players/zac_taylor/1,accepted,,players/Z/Zac_Taylor.html,players/Z/Zac_Taylor.html,unchanged,,
https://www.draftguru.com.au/players/zac_walker/1,withheld,U-no-href,,,unchanged,,
https://www.draftguru.com.au/players/zac_webster/1,withheld,U-no-href,,,unchanged,,
https://www.draftguru.com.au/players/zac_williams/1,accepted,,players/Z/Zac_Williams.html,players/Z/Zac_Williams.html,unchanged,,
https://www.draftguru.com.au/players/zach_beeck/1,accepted,,players/Z/Zach_Beeck.html,players/Z/Zach_Beeck.html,unchanged,,
https://www.draftguru.com.au/players/zach_guthrie/1,accepted,,players/Z/Zach_Guthrie.html,players/Z/Zach_Guthrie.html,unchanged,,
https://www.draftguru.com.au/players/zach_merrett/1,accepted,,players/Z/Zach_Merrett.html,players/Z/Zach_Merrett.html,unchanged,,
https://www.draftguru.com.au/players/zach_reid/1,accepted,,players/Z/Zach_Reid.html,players/Z/Zach_Reid.html,confirmed,agree,audit
https://www.draftguru.com.au/players/zach_sproule/1,accepted,,players/Z/Zach_Sproule.html,players/Z/Zach_Sproule.html,unchanged,,
https://www.draftguru.com.au/players/zach_tuohy/1,accepted,,players/Z/Zach_Tuohy.html,players/Z/Zach_Tuohy.html,unchanged,,
https://www.draftguru.com.au/players/zaine_cordy/1,accepted,,players/Z/Zaine_Cordy.html,players/Z/Zaine_Cordy.html,unchanged,,
https://www.draftguru.com.au/players/zak_butters/1,accepted,,players/Z/Zak_Butters.html,players/Z/Zak_Butters.html,unchanged,,
https://www.draftguru.com.au/players/zak_evans/1,withheld,U-no-href,,,unchanged,,
https://www.draftguru.com.au/players/zak_johnson/1,accepted,,players/Z/Zak_Johnson.html,players/Z/Zak_Johnson.html,unchanged,,
https://www.draftguru.com.au/players/zak_jones/1,accepted,,players/Z/Zak_Jones.html,players/Z/Zak_Jones.html,unchanged,,
https://www.draftguru.com.au/players/zane_duursma/1,accepted,,players/Z/Zane_Duursma.html,players/Z/Zane_Duursma.html,unchanged,,
https://www.draftguru.com.au/players/zane_leonard/1,withheld,U-no-href,,,unchanged,,
https://www.draftguru.com.au/players/zane_peucker/1,accepted,,players/Z/Zane_Peucker.html,players/Z/Zane_Peucker.html,unchanged,,
https://www.draftguru.com.au/players/zane_trew/1,accepted,,players/Z/Zane_Trew.html,players/Z/Zane_Trew.html,unchanged,,
https://www.draftguru.com.au/players/zane_williams/1,withheld,U-no-href,,,unchanged,,
https://www.draftguru.com.au/players/zane_zakostelsky/1,accepted,,players/Z/Zane_Zakostelsky.html,players/Z/Zane_Zakostelsky.html,unchanged,,
https://www.draftguru.com.au/players/zeke_uwland/1,accepted,,players/Z/Zeke_Uwland.html,players/Z/Zeke_Uwland.html,unchanged,,
https://www.draftguru.com.au/players/zephaniah_skinner/1,accepted,,players/Z/Zephaniah_Skinner.html,players/Z/Zephaniah_Skinner.html,unchanged,,
